{
"type": "FeatureCollection",
"name": "geo_26_通所介護",
"crs": { "type": "name", "properties": { "name": "urn:ogc:def:crs:OGC:1.3:CRS84" } },
"features": [
{ "type": "Feature", "properties": { "内容": "絆デイサービス衣笠【通所介護】京都市北区衣笠東御所ノ内町55番地", "url": "https://www.kaigokensaku.mhlw.go.jp/26/index.php?action_kouhyou_detail_004_kani=true&JigyosyoCd=2670101787-00&ServiceCd=150&Type=search", "url2": "http://care-net.biz/26/kizuna" }, "geometry": { "type": "Point", "coordinates": [ 135.7353531, 35.0397579 ] } },
{ "type": "Feature", "properties": { "内容": "医療法人誠心会　ウェルネス北山【通所介護】京都府京都市北区上賀茂壱町口町27番地", "url": "https://www.kaigokensaku.mhlw.go.jp/26/index.php?action_kouhyou_detail_004_kani=true&JigyosyoCd=2670101860-00&ServiceCd=150&Type=search", "url2": "https://i-seishin.or.jp/" }, "geometry": { "type": "Point", "coordinates": [ 135.753060237614619, 35.069838191544505 ] } },
{ "type": "Feature", "properties": { "内容": "リハビリ特化型デイサービス　スマイル西賀茂【通所介護】大宮東総門口町40", "url": "https://www.kaigokensaku.mhlw.go.jp/26/index.php?action_kouhyou_detail_004_kani=true&JigyosyoCd=2670101480-00&ServiceCd=150&Type=search", "url2": null }, "geometry": { "type": "Point", "coordinates": [ 135.746204700000021, 35.0571792 ] } },
{ "type": "Feature", "properties": { "内容": "デイサービス夢楽西賀茂【通所介護】西賀茂榿ノ木町78番地", "url": "https://www.kaigokensaku.mhlw.go.jp/26/index.php?action_kouhyou_detail_004_kani=true&JigyosyoCd=2670101373-00&ServiceCd=150&Type=search", "url2": null }, "geometry": { "type": "Point", "coordinates": [ 135.747557699999987, 35.0596986 ] } },
{ "type": "Feature", "properties": { "内容": "家族応援団　すずめのお宿【通所介護】京都市北区大北山原谷乾町199-2", "url": "https://www.kaigokensaku.mhlw.go.jp/26/index.php?action_kouhyou_detail_004_kani=true&JigyosyoCd=2670100227-00&ServiceCd=150&Type=search", "url2": "http://nihon-caresupprt.jimdofree.com" }, "geometry": { "type": "Point", "coordinates": [ 135.719188499999973, 35.0456961 ] } },
{ "type": "Feature", "properties": { "内容": "あやとりデイサービス【通所介護】京都市北区衣笠天神森町34番地の4", "url": "https://www.kaigokensaku.mhlw.go.jp/26/index.php?action_kouhyou_detail_004_kani=true&JigyosyoCd=2670100409-00&ServiceCd=150&Type=search", "url2": "http://www.ayatorikaigo.jp/" }, "geometry": { "type": "Point", "coordinates": [ 135.73259280000002, 35.0360279 ] } },
{ "type": "Feature", "properties": { "内容": "デイサービスセンター虹【通所介護】西賀茂柿ノ木町99", "url": "https://www.kaigokensaku.mhlw.go.jp/26/index.php?action_kouhyou_detail_004_kani=true&JigyosyoCd=2670101050-00&ServiceCd=150&Type=search", "url2": "http://www.iris-group.co.jp/" }, "geometry": { "type": "Point", "coordinates": [ 135.745563089549222, 35.063224877619263 ] } },
{ "type": "Feature", "properties": { "内容": "京都市柊野老人デイサービスセンター【通所介護】京都市北区上賀茂馬ノ目町10-1", "url": "https://www.kaigokensaku.mhlw.go.jp/26/index.php?action_kouhyou_detail_004_kani=true&JigyosyoCd=2670100037-00&ServiceCd=150&Type=search", "url2": "http://www.hiragino.or.jp" }, "geometry": { "type": "Point", "coordinates": [ 135.747552600000063, 35.0668888 ] } },
{ "type": "Feature", "properties": { "内容": "原谷こぶしの里デイサービスセンター【通所介護】京都市北区大北山長谷町5-36", "url": "https://www.kaigokensaku.mhlw.go.jp/26/index.php?action_kouhyou_detail_004_kani=true&JigyosyoCd=2670100060-00&ServiceCd=150&Type=search", "url2": "http://www.nananokai.com/" }, "geometry": { "type": "Point", "coordinates": [ 135.719349599999987, 35.0451156 ] } },
{ "type": "Feature", "properties": { "内容": "京都市鳳徳老人デイサービスセンター【通所介護】京都市北区紫野上鳥田町30", "url": "https://www.kaigokensaku.mhlw.go.jp/26/index.php?action_kouhyou_detail_004_kani=true&JigyosyoCd=2670100136-00&ServiceCd=150&Type=search", "url2": "http://www.hiragino.or.jp" }, "geometry": { "type": "Point", "coordinates": [ 135.752304900000013, 35.0452108 ] } },
{ "type": "Feature", "properties": { "内容": "医療法人社団　行陵会　こうやまデイサービスセンター【通所介護】京都市北区上賀茂西上之段町11", "url": "https://www.kaigokensaku.mhlw.go.jp/26/index.php?action_kouhyou_detail_004_kani=true&JigyosyoCd=2670100425-00&ServiceCd=150&Type=search", "url2": "http://www.kouryoukai.jp/" }, "geometry": { "type": "Point", "coordinates": [ 135.748308100000031, 35.0711244 ] } },
{ "type": "Feature", "properties": { "内容": "医療法人社団　行陵会　平野デイサービスセンター【通所介護】京都市北区小松原南町10", "url": "https://www.kaigokensaku.mhlw.go.jp/26/index.php?action_kouhyou_detail_004_kani=true&JigyosyoCd=2670100599-00&ServiceCd=150&Type=search", "url2": "http://www.kouryoukai.jp" }, "geometry": { "type": "Point", "coordinates": [ 135.729396100000031, 35.0299978 ] } },
{ "type": "Feature", "properties": { "内容": "京都市衣笠老人デイサービスセンター【通所介護】京都市北区平野上柳町28-24京都市衣笠老人デイサービスセンター", "url": "https://www.kaigokensaku.mhlw.go.jp/26/index.php?action_kouhyou_detail_004_kani=true&JigyosyoCd=2670100094-00&ServiceCd=150&Type=search", "url2": "http://www.syakyo-kyoto.net/" }, "geometry": { "type": "Point", "coordinates": [ 135.727435934034929, 35.036014266569993 ] } },
{ "type": "Feature", "properties": { "内容": "デイサービスセンターつるさん【通所介護】京都府京都市北区大宮南田尻町59番地", "url": "https://www.kaigokensaku.mhlw.go.jp/26/index.php?action_kouhyou_detail_004_kani=true&JigyosyoCd=2670101597-00&ServiceCd=150&Type=search", "url2": "http://www.miyakokai-kyouto.com" }, "geometry": { "type": "Point", "coordinates": [ 135.7496183, 35.0571744 ] } },
{ "type": "Feature", "properties": { "内容": "ジョイリハSPA京都北大路【通所介護】京都府京都市北区小山初音町69‐1グレース新町1階", "url": "https://www.kaigokensaku.mhlw.go.jp/26/index.php?action_kouhyou_detail_004_kani=true&JigyosyoCd=2670101704-00&ServiceCd=150&Type=search", "url2": "https://joyreha.co.jp/shop/%E3%82%B8%E3%83%A7%E3%82%A4%E3%83%AA%E3%83%8F%E4%BA%AC%E9%83%BD%E5%8C%97%E5%A4%A7%E8%B7%AF/" }, "geometry": { "type": "Point", "coordinates": [ 135.7547971, 35.0456557 ] } },
{ "type": "Feature", "properties": { "内容": "社会福祉法人　京都福祉サービス協会　紫野老人デイサービスセンター【通所介護】京都市北区紫野西野町15番地", "url": "https://www.kaigokensaku.mhlw.go.jp/26/index.php?action_kouhyou_detail_004_kani=true&JigyosyoCd=2670100433-00&ServiceCd=150&Type=search", "url2": "http://www.e-caretown.com/26/kyoto-murasakino/index.html" }, "geometry": { "type": "Point", "coordinates": [ 135.741475300000047, 35.0413687 ] } },
{ "type": "Feature", "properties": { "内容": "医療法人葵会　総合ケアステーションデイサービス【通所介護】京都市北区大宮南山ノ前町36-1", "url": "https://www.kaigokensaku.mhlw.go.jp/26/index.php?action_kouhyou_detail_004_kani=true&JigyosyoCd=2670100490-00&ServiceCd=150&Type=search", "url2": "http://aoikai.net/" }, "geometry": { "type": "Point", "coordinates": [ 135.741203199999973, 35.0556039 ] } },
{ "type": "Feature", "properties": { "内容": "春うららデイサービスセンター【通所介護】京都府京都市北区西賀茂山ノ森町１番地", "url": "https://www.kaigokensaku.mhlw.go.jp/26/index.php?action_kouhyou_detail_004_kani=true&JigyosyoCd=2670101126-00&ServiceCd=150&Type=search", "url2": null }, "geometry": { "type": "Point", "coordinates": [ 135.744750100000033, 35.0646418 ] } },
{ "type": "Feature", "properties": { "内容": "洛和デイセンター北野白梅町【通所介護】京都府京都市北区大将軍川端町４０番地ホームライフ北野白梅町", "url": "https://www.kaigokensaku.mhlw.go.jp/26/index.php?action_kouhyou_detail_004_kani=true&JigyosyoCd=2670101191-00&ServiceCd=150&Type=search", "url2": "http://www.rakuwa.or.jp/kaigo/dc/dc-hakubaicho/index.html" }, "geometry": { "type": "Point", "coordinates": [ 135.732707300000015, 35.0251332 ] } },
{ "type": "Feature", "properties": { "内容": "デイサービスセンター　春らんまん【通所介護】西賀茂大道口町32", "url": "https://www.kaigokensaku.mhlw.go.jp/26/index.php?action_kouhyou_detail_004_kani=true&JigyosyoCd=2670101555-00&ServiceCd=150&Type=search", "url2": null }, "geometry": { "type": "Point", "coordinates": [ 135.7435109, 35.0634331 ] } },
{ "type": "Feature", "properties": { "内容": "ユーカリの里デイサービスセンター【通所介護】京都市北区上賀茂ケシ山１－４３", "url": "https://www.kaigokensaku.mhlw.go.jp/26/index.php?action_kouhyou_detail_004_kani=true&JigyosyoCd=2670100219-00&ServiceCd=150&Type=search", "url2": "https://www.kyoto-jinkeikai.com/" }, "geometry": { "type": "Point", "coordinates": [ 135.769589600000018, 35.0603618 ] } },
{ "type": "Feature", "properties": { "内容": "西賀茂デイサービスセンター【通所介護】京都市北区西賀茂鹿ノ下町48番地", "url": "https://www.kaigokensaku.mhlw.go.jp/26/index.php?action_kouhyou_detail_004_kani=true&JigyosyoCd=2670100334-00&ServiceCd=150&Type=search", "url2": "http://www.miyakokai.or.jp/" }, "geometry": { "type": "Point", "coordinates": [ 135.748294200000032, 35.061395 ] } },
{ "type": "Feature", "properties": { "内容": "シニアフィットネスデイ　スマイル上賀茂【通所介護】上賀茂豊田町32番地", "url": "https://www.kaigokensaku.mhlw.go.jp/26/index.php?action_kouhyou_detail_004_kani=true&JigyosyoCd=2670101878-00&ServiceCd=150&Type=search", "url2": null }, "geometry": { "type": "Point", "coordinates": [ 135.7648347, 35.057098 ] } },
{ "type": "Feature", "properties": { "内容": "椿原デイサービスセンター【通所介護】京都府京都市北区大宮南椿原町４３－２", "url": "https://www.kaigokensaku.mhlw.go.jp/26/index.php?action_kouhyou_detail_004_kani=true&JigyosyoCd=2670101779-00&ServiceCd=150&Type=search", "url2": "https://www.tsubakihara-ds.com" }, "geometry": { "type": "Point", "coordinates": [ 135.7495165, 35.0554019 ] } },
{ "type": "Feature", "properties": { "内容": "紫明会館デイサービス【通所介護】小山南大野町1番地", "url": "https://www.kaigokensaku.mhlw.go.jp/26/index.php?action_kouhyou_detail_004_kani=true&JigyosyoCd=2670101027-00&ServiceCd=150&Type=search", "url2": "www.reallink.or.jp" }, "geometry": { "type": "Point", "coordinates": [ 135.7562129, 35.0396559 ] } },
{ "type": "Feature", "properties": { "内容": "だいこくデイサービス【通所介護】京都府京都市上京区浄福寺通上立売上る大黒町722番地", "url": "https://www.kaigokensaku.mhlw.go.jp/26/index.php?action_kouhyou_detail_004_kani=true&JigyosyoCd=2670200928-00&ServiceCd=150&Type=search", "url2": "http://www.nk-shanti.com/" }, "geometry": { "type": "Point", "coordinates": [ 135.745595744873981, 35.033652835702313 ] } },
{ "type": "Feature", "properties": { "内容": "デイサービスセンターカサ六瓢【通所介護】京都市上京区北之御門町565", "url": "https://www.kaigokensaku.mhlw.go.jp/26/index.php?action_kouhyou_detail_004_kani=true&JigyosyoCd=2670200837-00&ServiceCd=150&Type=search", "url2": "https://casamubyo.com/" }, "geometry": { "type": "Point", "coordinates": [ 135.748739199999989, 35.0284267 ] } },
{ "type": "Feature", "properties": { "内容": "デイサービス花の西陣【通所介護】京都府京都市上京区小川通中立売下ル下小川町191番地", "url": "https://www.kaigokensaku.mhlw.go.jp/26/index.php?action_kouhyou_detail_004_kani=true&JigyosyoCd=2670200860-00&ServiceCd=150&Type=search", "url2": "http://nsf.co.jp/" }, "geometry": { "type": "Point", "coordinates": [ 135.754119, 35.024235 ] } },
{ "type": "Feature", "properties": { "内容": "オアシスリハー【通所介護】京都府京都市上京区姥ヶ北町791-1", "url": "https://www.kaigokensaku.mhlw.go.jp/26/index.php?action_kouhyou_detail_004_kani=true&JigyosyoCd=2670201116-00&ServiceCd=150&Type=search", "url2": null }, "geometry": { "type": "Point", "coordinates": [ 135.743675569311563, 35.033720741762032 ] } },
{ "type": "Feature", "properties": { "内容": "花友じゅらくだいデイサービス【通所介護】京都府京都市上京区中立売通智恵光院西入る多門町445-4花友じゅらくだい", "url": "https://www.kaigokensaku.mhlw.go.jp/26/index.php?action_kouhyou_detail_004_kani=true&JigyosyoCd=2670200621-00&ServiceCd=150&Type=search", "url2": "https://www.itihara.or.jp/jurakudai/" }, "geometry": { "type": "Point", "coordinates": [ 135.74624734393069, 35.025283341375363 ] } },
{ "type": "Feature", "properties": { "内容": "デイサービスセンター千本笹屋町【通所介護】京都府京都市上京区笹屋町通千本東入笹屋町三丁目６２２", "url": "https://www.kaigokensaku.mhlw.go.jp/26/index.php?action_kouhyou_detail_004_kani=true&JigyosyoCd=2670200456-00&ServiceCd=150&Type=search", "url2": "https://hiargino.or,jp" }, "geometry": { "type": "Point", "coordinates": [ 135.743211418601959, 35.028037653178743 ] } },
{ "type": "Feature", "properties": { "内容": "公益社団法人京都保健会デイサービスわかば【通所介護】京都市上京区千本通上立売上ル作庵町50６", "url": "https://www.kaigokensaku.mhlw.go.jp/26/index.php?action_kouhyou_detail_004_kani=true&JigyosyoCd=2610201358-00&ServiceCd=150&Type=search", "url2": "http://www.kyoto-hokenkai.or.jp/" }, "geometry": { "type": "Point", "coordinates": [ 135.742236451589946, 35.032764363358318 ] } },
{ "type": "Feature", "properties": { "内容": "京都市出水老人デイサービスセンター【通所介護】京都市上京区日暮通下立売上ル西入ル分銅町556", "url": "https://www.kaigokensaku.mhlw.go.jp/26/index.php?action_kouhyou_detail_004_kani=true&JigyosyoCd=2670200076-00&ServiceCd=150&Type=search", "url2": "http://www.syakyo-kyoto.net/soudanshitai/koureisya/kaigohoken.html" }, "geometry": { "type": "Point", "coordinates": [ 135.756627, 35.0296181 ] } },
{ "type": "Feature", "properties": { "内容": "堀川こぶしの里デイサービスセンター【通所介護】京都市上京区西堀川通出水上る枡屋町１番地堀川出水団地第２棟215号室", "url": "https://www.kaigokensaku.mhlw.go.jp/26/index.php?action_kouhyou_detail_004_kani=true&JigyosyoCd=2670200175-00&ServiceCd=150&Type=search", "url2": "http://www.nananokai.com" }, "geometry": { "type": "Point", "coordinates": [ 135.751553088638275, 35.022353214028179 ] } },
{ "type": "Feature", "properties": { "内容": "京都市仁和老人デイサービスセンター【通所介護】京都市上京区御前通一条下る東堅町132-1", "url": "https://www.kaigokensaku.mhlw.go.jp/26/index.php?action_kouhyou_detail_004_kani=true&JigyosyoCd=2670200399-00&ServiceCd=150&Type=search", "url2": "https://www.syakyo-kyoto.net/wp-content/themes/kyotosyakyo/jigyousyoichiran_map/assets_c/2012/02/map-04.html" }, "geometry": { "type": "Point", "coordinates": [ 135.736146480056732, 35.025555701699595 ] } },
{ "type": "Feature", "properties": { "内容": "京都市成逸老人デイサービスセンター【通所介護】京都市上京区堀川通寺之内上る2丁目下天神町650-1", "url": "https://www.kaigokensaku.mhlw.go.jp/26/index.php?action_kouhyou_detail_004_kani=true&JigyosyoCd=2670200415-00&ServiceCd=150&Type=search", "url2": "http://www.kyotokouseien.com" }, "geometry": { "type": "Point", "coordinates": [ 135.750924788360606, 35.03564577516012 ] } },
{ "type": "Feature", "properties": { "内容": "京都市小川老人デイサービスセンター【通所介護】京都市上京区小川通今出川下る西入東今町375番地", "url": "https://www.kaigokensaku.mhlw.go.jp/26/index.php?action_kouhyou_detail_004_kani=true&JigyosyoCd=2670200894-00&ServiceCd=150&Type=search", "url2": "https://www.kyoto-fukushi.org/office/detail/oga/" }, "geometry": { "type": "Point", "coordinates": [ 135.753667141664124, 35.028881456887937 ] } },
{ "type": "Feature", "properties": { "内容": "ひなぎくの丘デイサービスセンター【通所介護】京都市上京区上長者町通千本西入五番町157番地", "url": "https://www.kaigokensaku.mhlw.go.jp/26/index.php?action_kouhyou_detail_004_kani=true&JigyosyoCd=2670200340-00&ServiceCd=150&Type=search", "url2": "http://care-net.biz/26/daisy-hill/" }, "geometry": { "type": "Point", "coordinates": [ 135.741734399999984, 35.0237525 ] } },
{ "type": "Feature", "properties": { "内容": "デイサービスセンター　カルナライフ【通所介護】京都市上京区堀川通今出川上ル西入ル山名町802ペルベーネタカラ２Ｆ", "url": "https://www.kaigokensaku.mhlw.go.jp/26/index.php?action_kouhyou_detail_004_kani=true&JigyosyoCd=2670200555-00&ServiceCd=150&Type=search", "url2": null }, "geometry": { "type": "Point", "coordinates": [ 135.750950900000021, 35.0313398 ] } },
{ "type": "Feature", "properties": { "内容": "パナソニックエイジフリーケアセンター一乗寺デイサービス【通所介護】京都市左京区一乗寺払殿町38-1", "url": "https://www.kaigokensaku.mhlw.go.jp/26/index.php?action_kouhyou_detail_004_kani=true&JigyosyoCd=2670600978-00&ServiceCd=150&Type=search", "url2": "http://panasonic.co.jp/es/pesasv/" }, "geometry": { "type": "Point", "coordinates": [ 135.7849721, 35.0434361 ] } },
{ "type": "Feature", "properties": { "内容": "パナソニックエイジフリーケアセンター神宮丸太町・デイサービス【通所介護】京都市左京区丸太町通川端東入東丸太町16リュエル東丸太町1Ｆ", "url": "https://www.kaigokensaku.mhlw.go.jp/26/index.php?action_kouhyou_detail_004_kani=true&JigyosyoCd=2670600861-00&ServiceCd=150&Type=search", "url2": "https://panasonic.co.jp/paf/" }, "geometry": { "type": "Point", "coordinates": [ 135.778547500000059, 35.0485688 ] } },
{ "type": "Feature", "properties": { "内容": "パナソニックエイジフリーケアセンターいわくら・デイサービス【通所介護】京都府京都市左京区岩倉忠在地町270-3グリーンハーモニー2-1F", "url": "https://www.kaigokensaku.mhlw.go.jp/26/index.php?action_kouhyou_detail_004_kani=true&JigyosyoCd=2670600648-00&ServiceCd=150&Type=search", "url2": "http://sumai.panasonic.jp/agefree/" }, "geometry": { "type": "Point", "coordinates": [ 135.787304364417992, 35.073055313134383 ] } },
{ "type": "Feature", "properties": { "内容": "ウェルプラスよしだにほんまつ【通所介護】京都府京都市左京区吉田二本松町１番地エルライン１階", "url": "https://www.kaigokensaku.mhlw.go.jp/26/index.php?action_kouhyou_detail_004_kani=true&JigyosyoCd=2670601554-00&ServiceCd=150&Type=search", "url2": null }, "geometry": { "type": "Point", "coordinates": [ 135.7817784, 35.0238351 ] } },
{ "type": "Feature", "properties": { "内容": "デイサービスセンター虹　精華大前【通所介護】京都市左京区静市市原町850", "url": "https://www.kaigokensaku.mhlw.go.jp/26/index.php?action_kouhyou_detail_004_kani=true&JigyosyoCd=2670601117-00&ServiceCd=150&Type=search", "url2": "https://www.iris-group.co.jp/" }, "geometry": { "type": "Point", "coordinates": [ 135.769221691437991, 35.072352944237899 ] } },
{ "type": "Feature", "properties": { "内容": "デイサービスせーの【通所介護】上高野北川原町1-9上高野店舗1階", "url": "https://www.kaigokensaku.mhlw.go.jp/26/index.php?action_kouhyou_detail_004_kani=true&JigyosyoCd=2670601661-00&ServiceCd=150&Type=search", "url2": "https://se-no.jp" }, "geometry": { "type": "Point", "coordinates": [ 135.7963518, 35.0636515 ] } },
{ "type": "Feature", "properties": { "内容": "せんしゅんかい　デイサービスセンター　岡崎【通所介護】京都府京都市左京区岡崎入江町44", "url": "https://www.kaigokensaku.mhlw.go.jp/26/index.php?action_kouhyou_detail_004_kani=true&JigyosyoCd=2670601687-00&ServiceCd=150&Type=search", "url2": "senshunkai.or.jp" }, "geometry": { "type": "Point", "coordinates": [ 135.7835564, 35.0174946 ] } },
{ "type": "Feature", "properties": { "内容": "医療法人社団　行陵会　上高野デイサービスセンター【通所介護】京都市左京区上高野隣好町10番地", "url": "https://www.kaigokensaku.mhlw.go.jp/26/index.php?action_kouhyou_detail_004_kani=true&JigyosyoCd=2670600457-00&ServiceCd=150&Type=search", "url2": "http://www.kyotoohara.jp/" }, "geometry": { "type": "Point", "coordinates": [ 135.795232596217346, 35.062334605660887 ] } },
{ "type": "Feature", "properties": { "内容": "洛和デイセンター百万遍【通所介護】京都市左京区田中門前町103－27", "url": "https://www.kaigokensaku.mhlw.go.jp/26/index.php?action_kouhyou_detail_004_kani=true&JigyosyoCd=2670601000-00&ServiceCd=150&Type=search", "url2": "http://www.rakuwa.or.jp/" }, "geometry": { "type": "Point", "coordinates": [ 135.781668625270072, 35.029795603704635 ] } },
{ "type": "Feature", "properties": { "内容": "市原デイサービス【通所介護】京都府京都市左京区静市市原町1278番地", "url": "https://www.kaigokensaku.mhlw.go.jp/26/index.php?action_kouhyou_detail_004_kani=true&JigyosyoCd=2670600010-00&ServiceCd=150&Type=search", "url2": "http://www.itihara.or.jp/" }, "geometry": { "type": "Point", "coordinates": [ 135.761518, 35.0906859 ] } },
{ "type": "Feature", "properties": { "内容": "京都市左京老人デイサービスセンター【通所介護】京都市左京区高野西開町5左京合同福祉センター1F", "url": "https://www.kaigokensaku.mhlw.go.jp/26/index.php?action_kouhyou_detail_004_kani=true&JigyosyoCd=2670600135-00&ServiceCd=150&Type=search", "url2": null }, "geometry": { "type": "Point", "coordinates": [ 135.7780477, 35.038045 ] } },
{ "type": "Feature", "properties": { "内容": "花友しらかわデイサービス【通所介護】京都市左京区浄土寺真如町155－3", "url": "https://www.kaigokensaku.mhlw.go.jp/26/index.php?action_kouhyou_detail_004_kani=true&JigyosyoCd=2670600267-00&ServiceCd=150&Type=search", "url2": "http://www.itihara.or.jp" }, "geometry": { "type": "Point", "coordinates": [ 135.791824499999962, 35.02068 ] } },
{ "type": "Feature", "properties": { "内容": "公益社団法人信和会高原デイサービスセンター【通所介護】京都市左京区田中高原町26　アヴェニ－ル佐藤1F", "url": "https://www.kaigokensaku.mhlw.go.jp/26/index.php?action_kouhyou_detail_004_kani=true&JigyosyoCd=2670600440-00&ServiceCd=150&Type=search", "url2": null }, "geometry": { "type": "Point", "coordinates": [ 135.7864806, 35.0366285 ] } },
{ "type": "Feature", "properties": { "内容": "デイサービス「古都」【通所介護】京都市左京区新東洞院通仁王門上る新東洞院町２７１番地２SJS二条ビル1階", "url": "https://www.kaigokensaku.mhlw.go.jp/26/index.php?action_kouhyou_detail_004_kani=true&JigyosyoCd=2670600788-00&ServiceCd=150&Type=search", "url2": null }, "geometry": { "type": "Point", "coordinates": [ 135.775345873016363, 35.012442157188225 ] } },
{ "type": "Feature", "properties": { "内容": "ポシブルしも鴨【通所介護】下鴨芝本町２４", "url": "https://www.kaigokensaku.mhlw.go.jp/26/index.php?action_kouhyou_detail_004_kani=true&JigyosyoCd=2670600812-00&ServiceCd=150&Type=search", "url2": "http://www.possible-plus.co.jp/facility/list/area4000/facility42.html" }, "geometry": { "type": "Point", "coordinates": [ 135.768289900000013, 35.0429972 ] } },
{ "type": "Feature", "properties": { "内容": "洛和デイセンター修学院【通所介護】京都市左京区一乗寺松原町７５番地　PRIME　IKU　１階", "url": "https://www.kaigokensaku.mhlw.go.jp/26/index.php?action_kouhyou_detail_004_kani=true&JigyosyoCd=2670601034-00&ServiceCd=150&Type=search", "url2": "http://www.rakuwa.or.jp" }, "geometry": { "type": "Point", "coordinates": [ 135.794013, 35.0407475 ] } },
{ "type": "Feature", "properties": { "内容": "大原ホーム老人デイサービスセンター【通所介護】京都市左京区大原戸寺町380番地", "url": "https://www.kaigokensaku.mhlw.go.jp/26/index.php?action_kouhyou_detail_004_kani=true&JigyosyoCd=2670600051-00&ServiceCd=150&Type=search", "url2": "http://www.kyotoohara.jp/" }, "geometry": { "type": "Point", "coordinates": [ 135.822444899999937, 35.1046547 ] } },
{ "type": "Feature", "properties": { "内容": "京都市修学院デイサービスセンター【通所介護】京都府京都市左京区山端柳ヶ坪町18", "url": "https://www.kaigokensaku.mhlw.go.jp/26/index.php?action_kouhyou_detail_004_kani=true&JigyosyoCd=2670600093-00&ServiceCd=150&Type=search", "url2": "http://www.baptist-megumikai.com/" }, "geometry": { "type": "Point", "coordinates": [ 135.791524200000026, 35.0494992 ] } },
{ "type": "Feature", "properties": { "内容": "社会福祉法人バプテストめぐみ会京都市高野老人デイサービスセンター【通所介護】京都市左京区高野蓼原町47番地5", "url": "https://www.kaigokensaku.mhlw.go.jp/26/index.php?action_kouhyou_detail_004_kani=true&JigyosyoCd=2670600291-00&ServiceCd=150&Type=search", "url2": "http://www.baputist-megumikai.com" }, "geometry": { "type": "Point", "coordinates": [ 135.776272899999981, 35.0344343 ] } },
{ "type": "Feature", "properties": { "内容": "ケアーサロン　かるなおかざき【通所介護】京都市左京区岡崎東天王町6-1シュライン岡崎　1階", "url": "https://www.kaigokensaku.mhlw.go.jp/26/index.php?action_kouhyou_detail_004_kani=true&JigyosyoCd=2670600804-00&ServiceCd=150&Type=search", "url2": "http://www.karunalife.jp/about" }, "geometry": { "type": "Point", "coordinates": [ 135.789838599999939, 35.0164915 ] } },
{ "type": "Feature", "properties": { "内容": "デイサービスジョイリハ京都下鴨【通所介護】京都府京都市左京区下鴨西本町４６グランヒル下鴨1F", "url": "https://www.kaigokensaku.mhlw.go.jp/26/index.php?action_kouhyou_detail_004_kani=true&JigyosyoCd=2670601646-00&ServiceCd=150&Type=search", "url2": "https://joyreha.co.jp/shop/%E3%82%B8%E3%83%A7%E3%82%A4%E3%83%AA%E3%83%8F%E4%BA%AC%E9%83%BD%E4%B8%8B%E9%B4%A8/" }, "geometry": { "type": "Point", "coordinates": [ 135.769228199999986, 35.043715 ] } },
{ "type": "Feature", "properties": { "内容": "デイサービス暖団　一乗寺【通所介護】京都市左京区一乗寺河原田町43-1", "url": "https://www.kaigokensaku.mhlw.go.jp/26/index.php?action_kouhyou_detail_004_kani=true&JigyosyoCd=2670600671-00&ServiceCd=150&Type=search", "url2": "https://xn--4bs387a.jp/" }, "geometry": { "type": "Point", "coordinates": [ 135.786408299999948, 35.0396198 ] } },
{ "type": "Feature", "properties": { "内容": "通所介護事業所　向日葵【通所介護】京都市左京区下鴨北野々神町２６番地　北山ふれあいセンター３階", "url": "https://www.kaigokensaku.mhlw.go.jp/26/index.php?action_kouhyou_detail_004_kani=true&JigyosyoCd=2670600697-00&ServiceCd=150&Type=search", "url2": "http://www.sogofukushi.jp" }, "geometry": { "type": "Point", "coordinates": [ 135.7714396, 35.0517517 ] } },
{ "type": "Feature", "properties": { "内容": "ツクイ京都岩倉(デイサービス)【通所介護】京都府京都市左京区岩倉幡枝町2088", "url": "https://www.kaigokensaku.mhlw.go.jp/26/index.php?action_kouhyou_detail_004_kani=true&JigyosyoCd=2670601547-00&ServiceCd=150&Type=search", "url2": "https://www.tsukui.net/home-care/2767/" }, "geometry": { "type": "Point", "coordinates": [ 135.7718796, 35.0711145 ] } },
{ "type": "Feature", "properties": { "内容": "デイサービス心桜【通所介護】京都市中京区西ノ京職司町67-48", "url": "https://www.kaigokensaku.mhlw.go.jp/26/index.php?action_kouhyou_detail_004_kani=true&JigyosyoCd=2670301098-00&ServiceCd=150&Type=search", "url2": null }, "geometry": { "type": "Point", "coordinates": [ 135.745992399999977, 35.0114166 ] } },
{ "type": "Feature", "properties": { "内容": "キョート老人デイサービスセンター【通所介護】京都府京都市中京区丸太町油小路西入丸太町20-3", "url": "https://www.kaigokensaku.mhlw.go.jp/26/index.php?action_kouhyou_detail_004_kani=true&JigyosyoCd=2670300140-00&ServiceCd=150&Type=search", "url2": "https://fvkyoto.jp" }, "geometry": { "type": "Point", "coordinates": [ 135.752357699999976, 35.01775150000001 ] } },
{ "type": "Feature", "properties": { "内容": "デイサービスセンターきこえの森（京都市西ノ京老人デイサービスセンター）【通所介護】京都府京都市中京区西ノ京東中合町２番地", "url": "https://www.kaigokensaku.mhlw.go.jp/26/index.php?action_kouhyou_detail_004_kani=true&JigyosyoCd=2670300033-00&ServiceCd=150&Type=search", "url2": "http://www.kyoto-chogen.or.jp" }, "geometry": { "type": "Point", "coordinates": [ 135.730401526983627, 35.013406593846291 ] } },
{ "type": "Feature", "properties": { "内容": "デイサ－ビスセンタ－洛楽【通所介護】京都府京都市中京区壬生坊城町　36壬生コ－ポ１階", "url": "https://www.kaigokensaku.mhlw.go.jp/26/index.php?action_kouhyou_detail_004_kani=true&JigyosyoCd=2670300454-00&ServiceCd=150&Type=search", "url2": "http://www." }, "geometry": { "type": "Point", "coordinates": [ 135.744709300000068, 35.0059726 ] } },
{ "type": "Feature", "properties": { "内容": "京都壬生ケアセンターそよ風【通所介護】京都市中京区壬生天池町24", "url": "https://www.kaigokensaku.mhlw.go.jp/26/index.php?action_kouhyou_detail_004_kani=true&JigyosyoCd=2670300603-00&ServiceCd=150&Type=search", "url2": "http://www.unimat-rc.co.jp/" }, "geometry": { "type": "Point", "coordinates": [ 135.739882, 35.0065252 ] } },
{ "type": "Feature", "properties": { "内容": "朱雀老人デイサービスセンター【通所介護】京都市中京区壬生東高田町17", "url": "https://www.kaigokensaku.mhlw.go.jp/26/index.php?action_kouhyou_detail_004_kani=true&JigyosyoCd=2670300256-00&ServiceCd=150&Type=search", "url2": "http://www.koufukai.jp" }, "geometry": { "type": "Point", "coordinates": [ 135.7334965, 34.9988035 ] } },
{ "type": "Feature", "properties": { "内容": "姉小路デイサービスセンター【通所介護】京都市中京区堀川通姉小路下ル姉東堀川町７６", "url": "https://www.kaigokensaku.mhlw.go.jp/26/index.php?action_kouhyou_detail_004_kani=true&JigyosyoCd=2670300447-00&ServiceCd=150&Type=search", "url2": "https://www.nananokai.com/" }, "geometry": { "type": "Point", "coordinates": [ 135.751411400000052, 35.0104252 ] } },
{ "type": "Feature", "properties": { "内容": "京都市御池老人デイサービスセンター【通所介護】京都市中京区御池通柳馬場東入東八幡町579番地京都御池創生館1階", "url": "https://www.kaigokensaku.mhlw.go.jp/26/index.php?action_kouhyou_detail_004_kani=true&JigyosyoCd=2670300587-00&ServiceCd=150&Type=search", "url2": "http://www.syakyo-kyoto.net/jigyousyoichiran/assets_c/2012/02/map-06.html" }, "geometry": { "type": "Point", "coordinates": [ 135.764157257238793, 35.011277576088645 ] } },
{ "type": "Feature", "properties": { "内容": "壬生老人ホーム【通所介護】京都市中京区壬生梛ノ宮町27", "url": "https://www.kaigokensaku.mhlw.go.jp/26/index.php?action_kouhyou_detail_004_kani=true&JigyosyoCd=2670300025-00&ServiceCd=150&Type=search", "url2": "http://www.mibuhomu.com/" }, "geometry": { "type": "Point", "coordinates": [ 135.744028899999989, 35.0013536 ] } },
{ "type": "Feature", "properties": { "内容": "洛和デイセンター西ノ京【通所介護】京都府京都市中京区西ノ京冷泉町140", "url": "https://www.kaigokensaku.mhlw.go.jp/26/index.php?action_kouhyou_detail_004_kani=true&JigyosyoCd=2670300819-00&ServiceCd=150&Type=search", "url2": "http://www.rakuwa.or.jp" }, "geometry": { "type": "Point", "coordinates": [ 135.735668679901096, 35.013691847051554 ] } },
{ "type": "Feature", "properties": { "内容": "医療法人　啓誠会　デイサービスセンターやすらぎ【通所介護】京都市中京区壬生桧町１6－22", "url": "https://www.kaigokensaku.mhlw.go.jp/26/index.php?action_kouhyou_detail_004_kani=true&JigyosyoCd=2610306686-00&ServiceCd=150&Type=search", "url2": "http://www.dr-taniguchi.com" }, "geometry": { "type": "Point", "coordinates": [ 135.734920014680483, 35.000297358628217 ] } },
{ "type": "Feature", "properties": { "内容": "エルケアネット二条御池デイサービスセンター【通所介護】西ノ京職司町67-51", "url": "https://www.kaigokensaku.mhlw.go.jp/26/index.php?action_kouhyou_detail_004_kani=true&JigyosyoCd=2670300884-00&ServiceCd=150&Type=search", "url2": "http://care.ld-world.com" }, "geometry": { "type": "Point", "coordinates": [ 135.745649077246071, 35.011144192576282 ] } },
{ "type": "Feature", "properties": { "内容": "デイサービスセンターライトハウス朱雀【通所介護】京都市中京区西ノ京新建町３高齢者総合福祉センター　ライトハウス朱雀", "url": "https://www.kaigokensaku.mhlw.go.jp/26/index.php?action_kouhyou_detail_004_kani=true&JigyosyoCd=2670301056-00&ServiceCd=150&Type=search", "url2": "http://www.kyoto-lighthouse.or.jp/" }, "geometry": { "type": "Point", "coordinates": [ 135.73245562716167, 35.009085330541545 ] } },
{ "type": "Feature", "properties": { "内容": "コミュニティ倶楽部　これはじ【通所介護】壬生淵田町12番地レジデンスオークラ1階", "url": "https://www.kaigokensaku.mhlw.go.jp/26/index.php?action_kouhyou_detail_004_kani=true&JigyosyoCd=2670301130-00&ServiceCd=150&Type=search", "url2": "http://korehaji-ds.com/" }, "geometry": { "type": "Point", "coordinates": [ 135.7341702, 35.0057285 ] } },
{ "type": "Feature", "properties": { "内容": "絆デイサービス中京【通所介護】京都府京都市中京区西ノ京左馬寮町10-3サンヴェール二条1階", "url": "https://www.kaigokensaku.mhlw.go.jp/26/index.php?action_kouhyou_detail_004_kani=true&JigyosyoCd=2670301288-00&ServiceCd=150&Type=search", "url2": "http://care-net.biz/26/kizuna/" }, "geometry": { "type": "Point", "coordinates": [ 135.737354164418065, 35.016241058428626 ] } },
{ "type": "Feature", "properties": { "内容": "レッツ倶楽部京都三条【通所介護】京都府京都市中京区猩々町124番地1ルミノーサ三条小川1階", "url": "https://www.kaigokensaku.mhlw.go.jp/26/index.php?action_kouhyou_detail_004_kani=true&JigyosyoCd=2670301403-00&ServiceCd=150&Type=search", "url2": "https://www.lets-club.jp/shop" }, "geometry": { "type": "Point", "coordinates": [ 135.7541723, 35.0080494 ] } },
{ "type": "Feature", "properties": { "内容": "京都市本能老人デイサービスセンター【通所介護】京都市中京区蛸薬師通油小路東入元本能寺南町346番地", "url": "https://www.kaigokensaku.mhlw.go.jp/26/index.php?action_kouhyou_detail_004_kani=true&JigyosyoCd=2670300553-00&ServiceCd=150&Type=search", "url2": "https://www.kyoto-fukushi.org/" }, "geometry": { "type": "Point", "coordinates": [ 135.754072650290709, 35.005995933509624 ] } },
{ "type": "Feature", "properties": { "内容": "デイサービスすばる　東山【通所介護】京都府京都市東山区本町8丁目75番地", "url": "https://www.kaigokensaku.mhlw.go.jp/26/index.php?action_kouhyou_detail_004_kani=true&JigyosyoCd=2670800362-00&ServiceCd=150&Type=search", "url2": null }, "geometry": { "type": "Point", "coordinates": [ 135.769896, 34.9867721 ] } },
{ "type": "Feature", "properties": { "内容": "京都市東山老人デイサービスセンター【通所介護】京都市東山区渋谷通本町東入4丁目鐘鋳町415-4", "url": "https://www.kaigokensaku.mhlw.go.jp/26/index.php?action_kouhyou_detail_004_kani=true&JigyosyoCd=2670800065-00&ServiceCd=150&Type=search", "url2": "https://www.syakyo-kyoto.net/facility/day-care/#dayservice" }, "geometry": { "type": "Point", "coordinates": [ 135.774804659971551, 34.993125959629843 ] } },
{ "type": "Feature", "properties": { "内容": "洛東園デイサービスセンター【通所介護】京都市東山区本町15丁目794番地", "url": "https://www.kaigokensaku.mhlw.go.jp/26/index.php?action_kouhyou_detail_004_kani=true&JigyosyoCd=2670800032-00&ServiceCd=150&Type=search", "url2": "http://www.wf-rakutouen.com" }, "geometry": { "type": "Point", "coordinates": [ 135.7731652, 34.9798535 ] } },
{ "type": "Feature", "properties": { "内容": "社会福祉法人バプテストめぐみ会　京都市粟田老人デイサービスセンター【通所介護】京都市東山区三条通古川町東入分木町80番地の2", "url": "https://www.kaigokensaku.mhlw.go.jp/26/index.php?action_kouhyou_detail_004_kani=true&JigyosyoCd=2670800115-00&ServiceCd=150&Type=search", "url2": "http://www.baptist-megumikai.com/" }, "geometry": { "type": "Point", "coordinates": [ 135.779519983419732, 35.009725040351285 ] } },
{ "type": "Feature", "properties": { "内容": "東山ケアセンターそよ風【通所介護】京都市東山区本町１８丁目３８６－１", "url": "https://www.kaigokensaku.mhlw.go.jp/26/index.php?action_kouhyou_detail_004_kani=true&JigyosyoCd=2670800248-00&ServiceCd=150&Type=search", "url2": "http://www.soyokaze.co.jp/" }, "geometry": { "type": "Point", "coordinates": [ 135.771329199999968, 34.9763788 ] } },
{ "type": "Feature", "properties": { "内容": "デイサービス心々【通所介護】京都市下京区松原通油小路西入橘町42エトワール中村１階", "url": "https://www.kaigokensaku.mhlw.go.jp/26/index.php?action_kouhyou_detail_004_kani=true&JigyosyoCd=2670401054-00&ServiceCd=150&Type=search", "url2": null }, "geometry": { "type": "Point", "coordinates": [ 135.753106699999989, 34.9986477 ] } },
{ "type": "Feature", "properties": { "内容": "パナソニックエイジフリーケアセンター四条烏丸・デイサービス【通所介護】京都市下京区高辻通新町西入ル堀之内町278エリッツ5ｔｈビル", "url": "https://www.kaigokensaku.mhlw.go.jp/26/index.php?action_kouhyou_detail_004_kani=true&JigyosyoCd=2670400619-00&ServiceCd=150&Type=search", "url2": "http://panasonic.co.jp/es/pesasv/" }, "geometry": { "type": "Point", "coordinates": [ 135.7582582, 34.9992514 ] } },
{ "type": "Feature", "properties": { "内容": "洛和デイセンター四条鉾町【通所介護】京都府京都市下京区木賊山町165番地（仏光寺通油小路東入）", "url": "https://www.kaigokensaku.mhlw.go.jp/26/index.php?action_kouhyou_detail_004_kani=true&JigyosyoCd=2670400437-00&ServiceCd=150&Type=search", "url2": "http://www.rakuwa.or.jp" }, "geometry": { "type": "Point", "coordinates": [ 135.753989100000013, 35.0012483 ] } },
{ "type": "Feature", "properties": { "内容": "西七条デイサービスセンター【通所介護】京都市下京区西七条八幡町29番地", "url": "https://www.kaigokensaku.mhlw.go.jp/26/index.php?action_kouhyou_detail_004_kani=true&JigyosyoCd=2670400205-00&ServiceCd=150&Type=search", "url2": null }, "geometry": { "type": "Point", "coordinates": [ 135.728960799999982, 34.9924401 ] } },
{ "type": "Feature", "properties": { "内容": "京都市修徳老人デイサービスセンター【通所介護】京都市下京区富永町110番地の1", "url": "https://www.kaigokensaku.mhlw.go.jp/26/index.php?action_kouhyou_detail_004_kani=true&JigyosyoCd=2670400296-00&ServiceCd=150&Type=search", "url2": "http://www.kyoto-fukushi.org/" }, "geometry": { "type": "Point", "coordinates": [ 135.757022199999938, 34.9981598 ] } },
{ "type": "Feature", "properties": { "内容": "崇仁デイサービスうるおい【通所介護】京都市下京区上之町９－３", "url": "https://www.kaigokensaku.mhlw.go.jp/26/index.php?action_kouhyou_detail_004_kani=true&JigyosyoCd=2670400510-00&ServiceCd=150&Type=search", "url2": "http://www2.ocn.ne.jp/^h-nozomi" }, "geometry": { "type": "Point", "coordinates": [ 135.765777, 34.9869332 ] } },
{ "type": "Feature", "properties": { "内容": "京都市下京老人デイサービスセンター【通所介護】京都市下京区花屋町通室町西入乾町292京都市下京総合福祉センター1F", "url": "https://www.kaigokensaku.mhlw.go.jp/26/index.php?action_kouhyou_detail_004_kani=true&JigyosyoCd=2670400106-00&ServiceCd=150&Type=search", "url2": "https://www.syakyo-kyoto.net/" }, "geometry": { "type": "Point", "coordinates": [ 135.7555334, 34.9876552 ] } },
{ "type": "Feature", "properties": { "内容": "島原のぞみデイサービス【通所介護】京都市下京区西新屋敷中之町103番地の2", "url": "https://www.kaigokensaku.mhlw.go.jp/26/index.php?action_kouhyou_detail_004_kani=true&JigyosyoCd=2670400304-00&ServiceCd=150&Type=search", "url2": "http://nozominosono.net/" }, "geometry": { "type": "Point", "coordinates": [ 135.744853799999987, 34.9935432 ] } },
{ "type": "Feature", "properties": { "内容": "デイサービス　銭形【通所介護】黒門五条下る柿本町594番地33", "url": "https://www.kaigokensaku.mhlw.go.jp/26/index.php?action_kouhyou_detail_004_kani=true&JigyosyoCd=2670400411-00&ServiceCd=150&Type=search", "url2": "http://www.zenigata-kikaku.jp/" }, "geometry": { "type": "Point", "coordinates": [ 135.750189500000033, 34.9955654 ] } },
{ "type": "Feature", "properties": { "内容": "ワンデイハウス２ゆりかご【通所介護】京都府京都市南区吉祥院石原野上町２番地", "url": "https://www.kaigokensaku.mhlw.go.jp/26/index.php?action_kouhyou_detail_004_kani=true&JigyosyoCd=2670500798-00&ServiceCd=150&Type=search", "url2": null }, "geometry": { "type": "Point", "coordinates": [ 135.7253366472886, 34.965501905645979 ] } },
{ "type": "Feature", "properties": { "内容": "サニーデイセンター【通所介護】京都市南区吉祥院東砂ノ町２８番地シルバン吉祥院108号", "url": "https://www.kaigokensaku.mhlw.go.jp/26/index.php?action_kouhyou_detail_004_kani=true&JigyosyoCd=2670500699-00&ServiceCd=150&Type=search", "url2": "htt://hp.kaipoke.biz/u88/" }, "geometry": { "type": "Point", "coordinates": [ 135.733724299999949, 34.9696367 ] } },
{ "type": "Feature", "properties": { "内容": "京都市久世老人デイサービスセンター指定通所介護事業所【通所介護】京都市南区久世築山町328", "url": "https://www.kaigokensaku.mhlw.go.jp/26/index.php?action_kouhyou_detail_004_kani=true&JigyosyoCd=2670500012-00&ServiceCd=150&Type=search", "url2": "http://www.seiwaen.or.jp/" }, "geometry": { "type": "Point", "coordinates": [ 135.724639446696528, 34.958111062952263 ] } },
{ "type": "Feature", "properties": { "内容": "鳥羽ホームデイサービスセンター【通所介護】上鳥羽堀子町88", "url": "https://www.kaigokensaku.mhlw.go.jp/26/index.php?action_kouhyou_detail_004_kani=true&JigyosyoCd=2670500996-00&ServiceCd=150&Type=search", "url2": "http://www.seiwaen.or.jp/" }, "geometry": { "type": "Point", "coordinates": [ 135.744370500000059, 34.9682788 ] } },
{ "type": "Feature", "properties": { "内容": "デイサービスセンターいぶき【通所介護】京都市南区吉祥院三ノ宮西町85番地2", "url": "https://www.kaigokensaku.mhlw.go.jp/26/index.php?action_kouhyou_detail_004_kani=true&JigyosyoCd=2670500590-00&ServiceCd=150&Type=search", "url2": "https://atcompany.jp/dayibuki/" }, "geometry": { "type": "Point", "coordinates": [ 135.727593906359857, 34.976606795541102 ] } },
{ "type": "Feature", "properties": { "内容": "京都市久世西老人デイサービスセンター【通所介護】京都府京都市南区久世中久世町5-19-1", "url": "https://www.kaigokensaku.mhlw.go.jp/26/index.php?action_kouhyou_detail_004_kani=true&JigyosyoCd=2670501283-00&ServiceCd=150&Type=search", "url2": "https://www.seiwaen.or.jp/" }, "geometry": { "type": "Point", "coordinates": [ 135.7114322, 34.9585285 ] } },
{ "type": "Feature", "properties": { "内容": "あやとりディサービス東福寺【通所介護】京都市南区東九条宇賀辺町８京都府電気工事技術会館１階", "url": "https://www.kaigokensaku.mhlw.go.jp/26/index.php?action_kouhyou_detail_004_kani=true&JigyosyoCd=2670500434-00&ServiceCd=150&Type=search", "url2": "ayatorikaigo.jp" }, "geometry": { "type": "Point", "coordinates": [ 135.7653242, 34.9790756 ] } },
{ "type": "Feature", "properties": { "内容": "東九条のぞみデイサービス【通所介護】京都市南区東九条西岩本町1-1", "url": "https://www.kaigokensaku.mhlw.go.jp/26/index.php?action_kouhyou_detail_004_kani=true&JigyosyoCd=2670500061-00&ServiceCd=150&Type=search", "url2": "http://nozominosono.net/" }, "geometry": { "type": "Point", "coordinates": [ 135.76306610000006, 34.9821308 ] } },
{ "type": "Feature", "properties": { "内容": "ツクイ京都吉祥院【通所介護】京都府京都市南区吉祥院西浦町45ツクイ京都吉祥院", "url": "https://www.kaigokensaku.mhlw.go.jp/26/index.php?action_kouhyou_detail_004_kani=true&JigyosyoCd=2670501150-00&ServiceCd=150&Type=search", "url2": null }, "geometry": { "type": "Point", "coordinates": [ 135.7303837, 34.9733386 ] } },
{ "type": "Feature", "properties": { "内容": "公益社団法人京都保健会あらぐさデイサービス【通所介護】京都市南区吉祥院西浦町23番地2", "url": "https://www.kaigokensaku.mhlw.go.jp/26/index.php?action_kouhyou_detail_004_kani=true&JigyosyoCd=2610502987-00&ServiceCd=150&Type=search", "url2": "http://www.kyoto-hokenkai.or.jp/" }, "geometry": { "type": "Point", "coordinates": [ 135.72874969999998, 34.9726029 ] } },
{ "type": "Feature", "properties": { "内容": "塔南の園デイサービスセンター【通所介護】京都市南区西九条菅田町4番地の2", "url": "https://www.kaigokensaku.mhlw.go.jp/26/index.php?action_kouhyou_detail_004_kani=true&JigyosyoCd=2670500046-00&ServiceCd=150&Type=search", "url2": "http://www.kyoto-fukushi.org/" }, "geometry": { "type": "Point", "coordinates": [ 135.746873100000016, 34.9740395 ] } },
{ "type": "Feature", "properties": { "内容": "京都市陶化老人デイサービスセンター【通所介護】京都市南区東九条東札辻町6-1", "url": "https://www.kaigokensaku.mhlw.go.jp/26/index.php?action_kouhyou_detail_004_kani=true&JigyosyoCd=2670500103-00&ServiceCd=150&Type=search", "url2": "http://www.syakyo-kyoto.net/" }, "geometry": { "type": "Point", "coordinates": [ 135.7630911, 34.9752398 ] } },
{ "type": "Feature", "properties": { "内容": "ハナマダン東九条【通所介護】東九条北松ノ木町12", "url": "https://www.kaigokensaku.mhlw.go.jp/26/index.php?action_kouhyou_detail_004_kani=true&JigyosyoCd=2670500251-00&ServiceCd=150&Type=search", "url2": "http://lfa-kyoto.org/" }, "geometry": { "type": "Point", "coordinates": [ 135.766381547850386, 34.977684479626618 ] } },
{ "type": "Feature", "properties": { "内容": "吉祥ホームデイサービスセンター【通所介護】京都市南区吉祥院石原橋上1-4", "url": "https://www.kaigokensaku.mhlw.go.jp/26/index.php?action_kouhyou_detail_004_kani=true&JigyosyoCd=2670500020-00&ServiceCd=150&Type=search", "url2": "http://www.seiwaen.or.jp" }, "geometry": { "type": "Point", "coordinates": [ 135.724097132540919, 34.968147208032718 ] } },
{ "type": "Feature", "properties": { "内容": "京都市吉祥院老人デイサービスセンター【通所介護】京都府京都市南区吉祥院砂ノ町50", "url": "https://www.kaigokensaku.mhlw.go.jp/26/index.php?action_kouhyou_detail_004_kani=true&JigyosyoCd=2670500152-00&ServiceCd=150&Type=search", "url2": "http://www.seiwaen.or.jp" }, "geometry": { "type": "Point", "coordinates": [ 135.7326799, 34.9685896 ] } },
{ "type": "Feature", "properties": { "内容": "エルケアネット南烏丸デイサービスセンター【通所介護】京都市南区東九条南烏丸町35-6京都市営南烏丸住宅1F南3-2", "url": "https://www.kaigokensaku.mhlw.go.jp/26/index.php?action_kouhyou_detail_004_kani=true&JigyosyoCd=2670500657-00&ServiceCd=150&Type=search", "url2": "http://www.ld-world.com" }, "geometry": { "type": "Point", "coordinates": [ 135.760485799999969, 34.9777673 ] } },
{ "type": "Feature", "properties": { "内容": "エルケアネット京都南デイサービスセンター【通所介護】京都府京都市南区久世殿城町170", "url": "https://www.kaigokensaku.mhlw.go.jp/26/index.php?action_kouhyou_detail_004_kani=true&JigyosyoCd=2670501143-00&ServiceCd=150&Type=search", "url2": "http://www.ld-world.com" }, "geometry": { "type": "Point", "coordinates": [ 135.716467, 34.9558326 ] } },
{ "type": "Feature", "properties": { "内容": "デイサービスセンター　からふる上鳥羽【通所介護】京都市南区上鳥羽山ノ本町３３６番地", "url": "https://www.kaigokensaku.mhlw.go.jp/26/index.php?action_kouhyou_detail_004_kani=true&JigyosyoCd=2670501218-00&ServiceCd=150&Type=search", "url2": "https://colorfulgarden.jp/" }, "geometry": { "type": "Point", "coordinates": [ 135.737383158721912, 34.962534007430371 ] } },
{ "type": "Feature", "properties": { "内容": "医療法人京都翔医会ファミリエール吉祥院【通所介護】京都府京都市南区吉祥院西ノ内町37-1", "url": "https://www.kaigokensaku.mhlw.go.jp/26/index.php?action_kouhyou_detail_004_kani=true&JigyosyoCd=2670501325-00&ServiceCd=150&Type=search", "url2": "https://www.hospynkh.jp" }, "geometry": { "type": "Point", "coordinates": [ 135.7320217, 34.9709188 ] } },
{ "type": "Feature", "properties": { "内容": "（株）日本シューター　デイサービス暖団【通所介護】京都市南区吉祥院清水町1番地", "url": "https://www.kaigokensaku.mhlw.go.jp/26/index.php?action_kouhyou_detail_004_kani=true&JigyosyoCd=2670500392-00&ServiceCd=150&Type=search", "url2": "https://xn--4bs387a.jp/" }, "geometry": { "type": "Point", "coordinates": [ 135.732121600000028, 34.9788969 ] } },
{ "type": "Feature", "properties": { "内容": "老人デイサービスセンター　リーベン常盤【通所介護】京都市右京区常盤出口町５番地", "url": "https://www.kaigokensaku.mhlw.go.jp/26/index.php?action_kouhyou_detail_004_kani=true&JigyosyoCd=2670701065-00&ServiceCd=150&Type=search", "url2": "http://www.jade.dti.ne.jp/~tokiwak/" }, "geometry": { "type": "Point", "coordinates": [ 135.709023200000047, 35.0211762 ] } },
{ "type": "Feature", "properties": { "内容": "パナソニックエイジフリー西京極デイセンター【通所介護】京都市右京区西京極畔勝町68番地ラコルレ川政1Ｆ", "url": "https://www.kaigokensaku.mhlw.go.jp/26/index.php?action_kouhyou_detail_004_kani=true&JigyosyoCd=2670700679-00&ServiceCd=150&Type=search", "url2": "http://panasonic.biz/healthcare/afsv/" }, "geometry": { "type": "Point", "coordinates": [ 135.7216309974838, 34.992652668862675 ] } },
{ "type": "Feature", "properties": { "内容": "デイサービス六花　太秦【通所介護】京都市右京区太秦石垣町18番地8グランピエール太秦　1階", "url": "https://www.kaigokensaku.mhlw.go.jp/26/index.php?action_kouhyou_detail_004_kani=true&JigyosyoCd=2670701917-00&ServiceCd=150&Type=search", "url2": null }, "geometry": { "type": "Point", "coordinates": [ 135.7048433, 35.0107521 ] } },
{ "type": "Feature", "properties": { "内容": "DS/倶楽部嵯峨野【通所介護】京都府京都市右京区嵯峨野秋街道町51-25", "url": "https://www.kaigokensaku.mhlw.go.jp/26/index.php?action_kouhyou_detail_004_kani=true&JigyosyoCd=2670702865-00&ServiceCd=150&Type=search", "url2": "https://dsclub.jp" }, "geometry": { "type": "Point", "coordinates": [ 135.693959, 35.0134985 ] } },
{ "type": "Feature", "properties": { "内容": "ツクイ京都嵐山【通所介護】京都府京都市右京区嵯峨北堀町31-1", "url": "https://www.kaigokensaku.mhlw.go.jp/26/index.php?action_kouhyou_detail_004_kani=true&JigyosyoCd=2670702444-00&ServiceCd=150&Type=search", "url2": "https://www.tsukui.net/home-care/2669/" }, "geometry": { "type": "Point", "coordinates": [ 135.683173899999986, 35.0170397 ] } },
{ "type": "Feature", "properties": { "内容": "ツクイ京都太秦【通所介護】京都府京都市右京区太秦森ヶ東町20-1", "url": "https://www.kaigokensaku.mhlw.go.jp/26/index.php?action_kouhyou_detail_004_kani=true&JigyosyoCd=2670702451-00&ServiceCd=150&Type=search", "url2": "https://tsukui.net/home-care/2683/" }, "geometry": { "type": "Point", "coordinates": [ 135.715172700000011, 35.0156739 ] } },
{ "type": "Feature", "properties": { "内容": "医療法人　河端病院　デイサービス広沢【通所介護】京都府京都市右京区嵯峨広沢南野町57-1", "url": "https://www.kaigokensaku.mhlw.go.jp/26/index.php?action_kouhyou_detail_004_kani=true&JigyosyoCd=2670700521-00&ServiceCd=150&Type=search", "url2": "http://www.kawabata-hp.or.jp" }, "geometry": { "type": "Point", "coordinates": [ 135.690549800000014, 35.0215261 ] } },
{ "type": "Feature", "properties": { "内容": "リハビリ特化型デイサービススマイルステーション【通所介護】京都府京都市右京区西京極郡町94番地フレーヴァー西京極1Ｆ", "url": "https://www.kaigokensaku.mhlw.go.jp/26/index.php?action_kouhyou_detail_004_kani=true&JigyosyoCd=2670701792-00&ServiceCd=150&Type=search", "url2": null }, "geometry": { "type": "Point", "coordinates": [ 135.714066957672117, 34.996127326977657 ] } },
{ "type": "Feature", "properties": { "内容": "スマイルステーション七条【通所介護】京都府京都市右京区西京極東町46‐1", "url": "https://www.kaigokensaku.mhlw.go.jp/26/index.php?action_kouhyou_detail_004_kani=true&JigyosyoCd=2670702121-00&ServiceCd=150&Type=search", "url2": "kyoto-smilestation.com" }, "geometry": { "type": "Point", "coordinates": [ 135.724269600000071, 34.9894652 ] } },
{ "type": "Feature", "properties": { "内容": "リハビリ特化型デイサービススマイルステーション花屋町【通所介護】京都府京都市右京区西京極町ノ坪町4-1ヴィラヴィスカヤ１F", "url": "https://www.kaigokensaku.mhlw.go.jp/26/index.php?action_kouhyou_detail_004_kani=true&JigyosyoCd=2670702386-00&ServiceCd=150&Type=search", "url2": "https://smile-sendingbase.jimdofree.com/" }, "geometry": { "type": "Point", "coordinates": [ 135.7233628, 34.9922881 ] } },
{ "type": "Feature", "properties": { "内容": "京都市葛野老人デイサービスセンター【通所介護】京都市右京区西京極葛野町３番地", "url": "https://www.kaigokensaku.mhlw.go.jp/26/index.php?action_kouhyou_detail_004_kani=true&JigyosyoCd=2670700562-00&ServiceCd=150&Type=search", "url2": "http://www.syakyo-kyoto.net/gaiyou/index2.html" }, "geometry": { "type": "Point", "coordinates": [ 135.718767299999968, 34.9980199 ] } },
{ "type": "Feature", "properties": { "内容": "リハビリ特化型デイサービス　スマイルステーション梅津【通所介護】京都市右京区梅津西浦町16-12", "url": "https://www.kaigokensaku.mhlw.go.jp/26/index.php?action_kouhyou_detail_004_kani=true&JigyosyoCd=2670702899-00&ServiceCd=150&Type=search", "url2": "smile-sendingbase.jimdofree.com" }, "geometry": { "type": "Point", "coordinates": [ 135.697143064418043, 35.003115070536474 ] } },
{ "type": "Feature", "properties": { "内容": "パナソニックエイジフリーケアセンターうずまさ・デイサービス【通所介護】京都市右京区太秦京ノ道町13-7番地", "url": "https://www.kaigokensaku.mhlw.go.jp/26/index.php?action_kouhyou_detail_004_kani=true&JigyosyoCd=2670700661-00&ServiceCd=150&Type=search", "url2": "http://sumai.panasonic.jp/agefree/" }, "geometry": { "type": "Point", "coordinates": [ 135.7029043, 35.0212678 ] } },
{ "type": "Feature", "properties": { "内容": "デイサービス　ソラストじぞう【通所介護】京都府京都市右京区太秦中筋町12-2", "url": "https://www.kaigokensaku.mhlw.go.jp/26/index.php?action_kouhyou_detail_004_kani=true&JigyosyoCd=2670702618-00&ServiceCd=150&Type=search", "url2": null }, "geometry": { "type": "Point", "coordinates": [ 135.6972524, 35.020723 ] } },
{ "type": "Feature", "properties": { "内容": "ファンフューチャーデイサービスセンター【通所介護】西京極畑田町４４－５", "url": "https://www.kaigokensaku.mhlw.go.jp/26/index.php?action_kouhyou_detail_004_kani=true&JigyosyoCd=2670702196-00&ServiceCd=150&Type=search", "url2": "https://h88kaigo.jp/" }, "geometry": { "type": "Point", "coordinates": [ 135.723458599999987, 34.9861768 ] } },
{ "type": "Feature", "properties": { "内容": "あやとりデイサービス天神川【通所介護】京都府京都市右京区西院西貝川町９６番地あやとりクレイドル", "url": "https://www.kaigokensaku.mhlw.go.jp/26/index.php?action_kouhyou_detail_004_kani=true&JigyosyoCd=2670701594-00&ServiceCd=150&Type=search", "url2": "http://www.ayatorikaigo.jp/" }, "geometry": { "type": "Point", "coordinates": [ 135.7151232, 35.0023167 ] } },
{ "type": "Feature", "properties": { "内容": "めだかの学校五条【通所介護】西院六反田町2番地アメニティ京都二番館1-1.2", "url": "https://www.kaigokensaku.mhlw.go.jp/26/index.php?action_kouhyou_detail_004_kani=true&JigyosyoCd=2670702154-00&ServiceCd=150&Type=search", "url2": null }, "geometry": { "type": "Point", "coordinates": [ 135.72345820000001, 34.9955776 ] } },
{ "type": "Feature", "properties": { "内容": "デイサービスセンター虹　双ヶ丘【通所介護】京都府京都市右京区常盤御池町20", "url": "https://www.kaigokensaku.mhlw.go.jp/26/index.php?action_kouhyou_detail_004_kani=true&JigyosyoCd=2670702568-00&ServiceCd=150&Type=search", "url2": "https://www.iris-group.co.jp/" }, "geometry": { "type": "Point", "coordinates": [ 135.7108404, 35.023512500000017 ] } },
{ "type": "Feature", "properties": { "内容": "洛和デイセンター右京山ノ内【通所介護】京都府京都市右京区山ノ内西裏町　15番地", "url": "https://www.kaigokensaku.mhlw.go.jp/26/index.php?action_kouhyou_detail_004_kani=true&JigyosyoCd=2660790011-00&ServiceCd=150&Type=search", "url2": "http://www.rakuwa.or.jp" }, "geometry": { "type": "Point", "coordinates": [ 135.720397600000069, 35.007669 ] } },
{ "type": "Feature", "properties": { "内容": "嵐山寮デイサービスセンター【通所介護】京都市右京区嵯峨天竜寺北造路町17番地", "url": "https://www.kaigokensaku.mhlw.go.jp/26/index.php?action_kouhyou_detail_004_kani=true&JigyosyoCd=2670700059-00&ServiceCd=150&Type=search", "url2": "http://www.arashiyamaryo.or.jp" }, "geometry": { "type": "Point", "coordinates": [ 135.677663802488723, 35.016396820351275 ] } },
{ "type": "Feature", "properties": { "内容": "京都市御室老人デイサービスセンター【通所介護】京都市右京区花園天授ケ岡町3番地", "url": "https://www.kaigokensaku.mhlw.go.jp/26/index.php?action_kouhyou_detail_004_kani=true&JigyosyoCd=2670700083-00&ServiceCd=150&Type=search", "url2": null }, "geometry": { "type": "Point", "coordinates": [ 135.71783060000007, 35.0265923 ] } },
{ "type": "Feature", "properties": { "内容": "社会福祉法人京都市社会福祉協議会　京都市太秦老人デイサービスセンター【通所介護】京都市右京区太秦森ヶ前町22-3", "url": "https://www.kaigokensaku.mhlw.go.jp/26/index.php?action_kouhyou_detail_004_kani=true&JigyosyoCd=2670700091-00&ServiceCd=150&Type=search", "url2": "http://www.syakyo-kyoto.net/facility/day-care/#dayservice" }, "geometry": { "type": "Point", "coordinates": [ 135.7127815, 35.0100772 ] } },
{ "type": "Feature", "properties": { "内容": "京都市西院老人デイサービスセンター【通所介護】西院上今田町18ｰ3", "url": "https://www.kaigokensaku.mhlw.go.jp/26/index.php?action_kouhyou_detail_004_kani=true&JigyosyoCd=2670700109-00&ServiceCd=150&Type=search", "url2": "https://www.kyoto-fukushi.org/" }, "geometry": { "type": "Point", "coordinates": [ 135.732372, 35.0081555 ] } },
{ "type": "Feature", "properties": { "内容": "うさぎの森西京極デイサービスセンター【通所介護】京都市右京区西京極畔勝町５５", "url": "https://www.kaigokensaku.mhlw.go.jp/26/index.php?action_kouhyou_detail_004_kani=true&JigyosyoCd=2670700893-00&ServiceCd=150&Type=search", "url2": null }, "geometry": { "type": "Point", "coordinates": [ 135.722075300000029, 34.9941369 ] } },
{ "type": "Feature", "properties": { "内容": "優桜デイサービスセンター【通所介護】京都府京都市右京区花園木辻南町2-1クレアンス佐伯1階", "url": "https://www.kaigokensaku.mhlw.go.jp/26/index.php?action_kouhyou_detail_004_kani=true&JigyosyoCd=2670701669-00&ServiceCd=150&Type=search", "url2": "https://www.lifesupportservicetugumi.com/" }, "geometry": { "type": "Point", "coordinates": [ 135.723391399999969, 35.0192903 ] } },
{ "type": "Feature", "properties": { "内容": "かがやきデイサービス京都花園【通所介護】花園中御門町８－１２", "url": "https://www.kaigokensaku.mhlw.go.jp/26/index.php?action_kouhyou_detail_004_kani=true&JigyosyoCd=2670701776-00&ServiceCd=150&Type=search", "url2": "https://www.ymmd.co.jp" }, "geometry": { "type": "Point", "coordinates": [ 135.723410899999976, 35.0177293 ] } },
{ "type": "Feature", "properties": { "内容": "医療法人誠心会　通所介護さざなみ【通所介護】太秦東蜂岡町1-2", "url": "https://www.kaigokensaku.mhlw.go.jp/26/index.php?action_kouhyou_detail_004_kani=true&JigyosyoCd=2670702766-00&ServiceCd=150&Type=search", "url2": "https://i-clinic.jp/" }, "geometry": { "type": "Point", "coordinates": [ 135.709109708598334, 35.014807099999985 ] } },
{ "type": "Feature", "properties": { "内容": "優里デイサービスセンター【通所介護】京都府京都市右京区北嵯峨北ノ段町50-14", "url": "https://www.kaigokensaku.mhlw.go.jp/26/index.php?action_kouhyou_detail_004_kani=true&JigyosyoCd=2670702782-00&ServiceCd=150&Type=search", "url2": null }, "geometry": { "type": "Point", "coordinates": [ 135.677922099999989, 35.0304195 ] } },
{ "type": "Feature", "properties": { "内容": "梅津富士園　デイサービスセンター【通所介護】京都市右京区梅津尻溝町28番地", "url": "https://www.kaigokensaku.mhlw.go.jp/26/index.php?action_kouhyou_detail_004_kani=true&JigyosyoCd=2670700026-00&ServiceCd=150&Type=search", "url2": "https://www.fujien.jp" }, "geometry": { "type": "Point", "coordinates": [ 135.693858399999954, 35.0012196 ] } },
{ "type": "Feature", "properties": { "内容": "アムールうずまさ通所介護事業所【通所介護】京都市右京区太秦一ノ井町39番地8", "url": "https://www.kaigokensaku.mhlw.go.jp/26/index.php?action_kouhyou_detail_004_kani=true&JigyosyoCd=2670700042-00&ServiceCd=150&Type=search", "url2": "https://nanasekai.or.jp" }, "geometry": { "type": "Point", "coordinates": [ 135.710353700000041, 35.017757 ] } },
{ "type": "Feature", "properties": { "内容": "京北デイサービスセンター【通所介護】京都市右京区京北上中町宮ノ下22番地", "url": "https://www.kaigokensaku.mhlw.go.jp/26/index.php?action_kouhyou_detail_004_kani=true&JigyosyoCd=2670700463-00&ServiceCd=150&Type=search", "url2": "http://www4.ocn.ne.jp/~houwaen/" }, "geometry": { "type": "Point", "coordinates": [ 135.6369449, 35.2022886 ] } },
{ "type": "Feature", "properties": { "内容": "デイサービス　しらゆきの森　高雄【通所介護】京都市右京区梅ヶ畑篝町　　　　２５－１", "url": "https://www.kaigokensaku.mhlw.go.jp/26/index.php?action_kouhyou_detail_004_kani=true&JigyosyoCd=2670701024-00&ServiceCd=150&Type=search", "url2": "http://www.eonet.ne.jp/~sirayuki" }, "geometry": { "type": "Point", "coordinates": [ 135.685880200000042, 35.0413241 ] } },
{ "type": "Feature", "properties": { "内容": "エルケアネット西院デイサービスセンター【通所介護】京都府京都市右京区山ノ内西裏町9番1メゾン・ド・ボワⅢ1F", "url": "https://www.kaigokensaku.mhlw.go.jp/26/index.php?action_kouhyou_detail_004_kani=true&JigyosyoCd=2670701081-00&ServiceCd=150&Type=search", "url2": "http://care.ld-world.com" }, "geometry": { "type": "Point", "coordinates": [ 135.719848010674582, 35.006997869005517 ] } },
{ "type": "Feature", "properties": { "内容": "社会福祉法人　七施会　メルシーうずまさ通所介護事業所【通所介護】京都府京都市右京区太秦一ノ井町41", "url": "https://www.kaigokensaku.mhlw.go.jp/26/index.php?action_kouhyou_detail_004_kani=true&JigyosyoCd=2670701164-00&ServiceCd=150&Type=search", "url2": "www.nanasekai.or.jp" }, "geometry": { "type": "Point", "coordinates": [ 135.711075899999969, 35.0170765 ] } },
{ "type": "Feature", "properties": { "内容": "天神川ケアセンターそよ風【通所介護】西院西田町61", "url": "https://www.kaigokensaku.mhlw.go.jp/26/index.php?action_kouhyou_detail_004_kani=true&JigyosyoCd=2670701180-00&ServiceCd=150&Type=search", "url2": null }, "geometry": { "type": "Point", "coordinates": [ 135.717709099999979, 34.9991504 ] } },
{ "type": "Feature", "properties": { "内容": "デイサービスほわいえ四條【通所介護】京都市右京区西院四条畑町1番3", "url": "https://www.kaigokensaku.mhlw.go.jp/26/index.php?action_kouhyou_detail_004_kani=true&JigyosyoCd=2670701487-00&ServiceCd=150&Type=search", "url2": "http://www.foyer4.jp" }, "geometry": { "type": "Point", "coordinates": [ 135.724091274086959, 35.004355217987715 ] } },
{ "type": "Feature", "properties": { "内容": "デイサービスしらゆきの森　山ノ内【通所介護】京都府京都市右京区山ノ内西裏町１０－１", "url": "https://www.kaigokensaku.mhlw.go.jp/26/index.php?action_kouhyou_detail_004_kani=true&JigyosyoCd=2670702212-00&ServiceCd=150&Type=search", "url2": "http//ｗｗｗ.shirayukinomori.com/" }, "geometry": { "type": "Point", "coordinates": [ 135.720652200000018, 35.0070577 ] } },
{ "type": "Feature", "properties": { "内容": "ジョイリハSPA京都花園【通所介護】京都府京都市右京区花園木辻南町12番地11コープミール花園1階", "url": "https://www.kaigokensaku.mhlw.go.jp/26/index.php?action_kouhyou_detail_004_kani=true&JigyosyoCd=2670702873-00&ServiceCd=150&Type=search", "url2": "https://joyreha.co.jp/shop/%E3%82%B8%E3%83%A7%E3%82%A4%E3%83%AA%E3%83%8F%E4%BA%AC%E9%83%BD%E8%8A%B1%E5%9C%92/" }, "geometry": { "type": "Point", "coordinates": [ 135.723787499999986, 35.0203551 ] } },
{ "type": "Feature", "properties": { "内容": "スマイルステーション嵯峨【通所介護】京都市右京区嵯峨南下馬野町８番地13", "url": "https://www.kaigokensaku.mhlw.go.jp/26/index.php?action_kouhyou_detail_004_kani=true&JigyosyoCd=2670702923-00&ServiceCd=150&Type=search", "url2": "https://www.smile-saga.com" }, "geometry": { "type": "Point", "coordinates": [ 135.694551276418252, 35.020837530384426 ] } },
{ "type": "Feature", "properties": { "内容": "デイサービスセンター感激　天神川【通所介護】京都市右京区太秦上刑部町15番地1", "url": "https://www.kaigokensaku.mhlw.go.jp/26/index.php?action_kouhyou_detail_004_kani=true&JigyosyoCd=2670703111-00&ServiceCd=150&Type=search", "url2": null }, "geometry": { "type": "Point", "coordinates": [ 135.71386860000004, 35.0128011 ] } },
{ "type": "Feature", "properties": { "内容": "ヒューマンライフケア京都西院【通所介護】京都府京都市右京区西院清水町5番地", "url": "https://www.kaigokensaku.mhlw.go.jp/26/index.php?action_kouhyou_detail_004_kani=true&JigyosyoCd=2670700810-00&ServiceCd=150&Type=search", "url2": "http://hlc.athuman.com/caresearch/kyoto/354211/index.php?sisetu=42" }, "geometry": { "type": "Point", "coordinates": [ 135.723955700000033, 34.999542 ] } },
{ "type": "Feature", "properties": { "内容": "デイサービス　ソラスト西京都【通所介護】京都府京都市右京区嵯峨明星町25", "url": "https://www.kaigokensaku.mhlw.go.jp/26/index.php?action_kouhyou_detail_004_kani=true&JigyosyoCd=2670702022-00&ServiceCd=150&Type=search", "url2": "http://solasto-kaigo.com/care/area/solastonishikyoto.html" }, "geometry": { "type": "Point", "coordinates": [ 135.689350200000035, 35.0137185 ] } },
{ "type": "Feature", "properties": { "内容": "レッツ俱楽部京都梅津店【通所介護】京都府京都市右京区梅津段町18-6ルミノア1F", "url": "https://www.kaigokensaku.mhlw.go.jp/26/index.php?action_kouhyou_detail_004_kani=true&JigyosyoCd=2670702915-00&ServiceCd=150&Type=search", "url2": "https://www.lets-club.jp/shop/kyotoumezu/index.html" }, "geometry": { "type": "Point", "coordinates": [ 135.706235600000014, 35.0056281 ] } },
{ "type": "Feature", "properties": { "内容": "デイサービスX-CIA京都橙【通所介護】太秦桂ヶ原町1-1", "url": "https://www.kaigokensaku.mhlw.go.jp/26/index.php?action_kouhyou_detail_004_kani=true&JigyosyoCd=2670703079-00&ServiceCd=150&Type=search", "url2": "x-daidai.co.jp" }, "geometry": { "type": "Point", "coordinates": [ 135.7075337, 35.0132564 ] } },
{ "type": "Feature", "properties": { "内容": "医療法人　朋生会　中尾クリニック　デイサービスセンター【通所介護】京都市右京区嵯峨柳田町11-8", "url": "https://www.kaigokensaku.mhlw.go.jp/26/index.php?action_kouhyou_detail_004_kani=true&JigyosyoCd=2610705861-00&ServiceCd=150&Type=search", "url2": "http://www." }, "geometry": { "type": "Point", "coordinates": [ 135.6850948, 35.0140406 ] } },
{ "type": "Feature", "properties": { "内容": "デイサービスセンター感激【通所介護】京都市右京区太秦御所ノ内町71F", "url": "https://www.kaigokensaku.mhlw.go.jp/26/index.php?action_kouhyou_detail_004_kani=true&JigyosyoCd=2670703145-00&ServiceCd=150&Type=search", "url2": null }, "geometry": { "type": "Point", "coordinates": [ 135.6977119, 35.0135023 ] } },
{ "type": "Feature", "properties": { "内容": "デイサービスソラスト海ぶどう【通所介護】京都市右京区西京極畔勝町67光和ビル1階", "url": "https://www.kaigokensaku.mhlw.go.jp/26/index.php?action_kouhyou_detail_004_kani=true&JigyosyoCd=2670702600-00&ServiceCd=150&Type=search", "url2": "https://solasto.kaigo.com/service/dayservice/umibudou" }, "geometry": { "type": "Point", "coordinates": [ 135.7218267, 34.9927657 ] } },
{ "type": "Feature", "properties": { "内容": "デイサービスセンターとうふう苑【通所介護】京都府京都市伏見区羽束師菱川町532-1", "url": "https://www.kaigokensaku.mhlw.go.jp/26/index.php?action_kouhyou_detail_004_kani=true&JigyosyoCd=2670917596-00&ServiceCd=150&Type=search", "url2": "http://ito-ya.biz/tofuen/" }, "geometry": { "type": "Point", "coordinates": [ 135.720495017018948, 34.93271259902712 ] } },
{ "type": "Feature", "properties": { "内容": "とうふう苑ハートフルデイサービス【通所介護】京都市伏見区羽束師菱川町536番地", "url": "https://www.kaigokensaku.mhlw.go.jp/26/index.php?action_kouhyou_detail_004_kani=true&JigyosyoCd=2670901210-00&ServiceCd=150&Type=search", "url2": "https://www.ito-kun.org/" }, "geometry": { "type": "Point", "coordinates": [ 135.721046199999989, 34.9331359 ] } },
{ "type": "Feature", "properties": { "内容": "メディカルケアタカオカデイサービスセンター【通所介護】京都市伏見区深草直違橋七丁目266-1", "url": "https://www.kaigokensaku.mhlw.go.jp/26/index.php?action_kouhyou_detail_004_kani=true&JigyosyoCd=2670900204-00&ServiceCd=150&Type=search", "url2": "http://www.care-net.biz/26/medical-t/" }, "geometry": { "type": "Point", "coordinates": [ 135.771315031877066, 34.960366413700484 ] } },
{ "type": "Feature", "properties": { "内容": "ツクイ伏見横大路【通所介護】京都府京都市伏見区横大路下三栖辻堂町70", "url": "https://www.kaigokensaku.mhlw.go.jp/26/index.php?action_kouhyou_detail_004_kani=true&JigyosyoCd=2670917885-00&ServiceCd=150&Type=search", "url2": "https://www.tsukui.net/home-care/2528/" }, "geometry": { "type": "Point", "coordinates": [ 135.749840400000011, 34.9293545 ] } },
{ "type": "Feature", "properties": { "内容": "デイサービスセンターたんぽぽ【通所介護】醍醐勝口町1-3", "url": "https://www.kaigokensaku.mhlw.go.jp/26/index.php?action_kouhyou_detail_004_kani=true&JigyosyoCd=2670917810-00&ServiceCd=150&Type=search", "url2": null }, "geometry": { "type": "Point", "coordinates": [ 135.817793291401671, 34.946459094295157 ] } },
{ "type": "Feature", "properties": { "内容": "医療法人社団淀さんせん会金井病院　デイサービスセンター愛会【通所介護】京都府京都市伏見区淀川顔町４４０番地", "url": "https://www.kaigokensaku.mhlw.go.jp/26/index.php?action_kouhyou_detail_004_kani=true&JigyosyoCd=2670901012-00&ServiceCd=150&Type=search", "url2": "http://www.kanaihospital.jp" }, "geometry": { "type": "Point", "coordinates": [ 135.716668799999979, 34.8996278 ] } },
{ "type": "Feature", "properties": { "内容": "パナソニックエイジフリーケアセンター竹田・デイサービス【通所介護】京都市伏見区竹田桶ノ井１４1階テナント", "url": "https://www.kaigokensaku.mhlw.go.jp/26/index.php?action_kouhyou_detail_004_kani=true&JigyosyoCd=2670901293-00&ServiceCd=150&Type=search", "url2": "http://www.net-kaigo.com/agefree/05.html" }, "geometry": { "type": "Point", "coordinates": [ 135.755076995944933, 34.955350973839124 ] } },
{ "type": "Feature", "properties": { "内容": "デイサービス　ソラスト伏見【通所介護】京都府京都市伏見区竹田田中宮町91番地", "url": "https://www.kaigokensaku.mhlw.go.jp/26/index.php?action_kouhyou_detail_004_kani=true&JigyosyoCd=2670917497-00&ServiceCd=150&Type=search", "url2": "http://solasto-kaigo.com/care/area/solastofushimi.html" }, "geometry": { "type": "Point", "coordinates": [ 135.753419099999974, 34.949439099999985 ] } },
{ "type": "Feature", "properties": { "内容": "ｳｪﾙﾌｪｱｰ　城南　ﾃﾞｲｻｰﾋﾞｽｾﾝﾀｰ【通所介護】京都府京都市伏見区中島鳥羽離宮町２３番地", "url": "https://www.kaigokensaku.mhlw.go.jp/26/index.php?action_kouhyou_detail_004_kani=true&JigyosyoCd=2670916820-00&ServiceCd=150&Type=search", "url2": "http.//wel-fare.co.jp/" }, "geometry": { "type": "Point", "coordinates": [ 135.74795763585962, 34.950807682466575 ] } },
{ "type": "Feature", "properties": { "内容": "ホップス下鳥羽【通所介護】京都市伏見区下鳥羽上三栖町138番地リバティえんまん", "url": "https://www.kaigokensaku.mhlw.go.jp/26/index.php?action_kouhyou_detail_004_kani=true&JigyosyoCd=2670916838-00&ServiceCd=150&Type=search", "url2": "http://patos.jp/" }, "geometry": { "type": "Point", "coordinates": [ 135.746652228836069, 34.932570693677349 ] } },
{ "type": "Feature", "properties": { "内容": "あやとりデイサービス醍醐【通所介護】京都府京都市伏見区小栗栖牛ケ淵町48－1あやとりクレイドル醍醐", "url": "https://www.kaigokensaku.mhlw.go.jp/26/index.php?action_kouhyou_detail_004_kani=true&JigyosyoCd=2670917513-00&ServiceCd=150&Type=search", "url2": "https://www.ayatorikaigo.jp/" }, "geometry": { "type": "Point", "coordinates": [ 135.806236938622959, 34.948256619077199 ] } },
{ "type": "Feature", "properties": { "内容": "ケアビレッジこころ伏見・淀デイサービスセンター【通所介護】京都府京都市伏見区淀際目町193-1ケアビレッジこころ伏見・淀", "url": "https://www.kaigokensaku.mhlw.go.jp/26/index.php?action_kouhyou_detail_004_kani=true&JigyosyoCd=2670901509-00&ServiceCd=150&Type=search", "url2": "http://kaigo-cocoro.com/" }, "geometry": { "type": "Point", "coordinates": [ 135.718483, 34.8884987 ] } },
{ "type": "Feature", "properties": { "内容": "日野の家「げんさんち」通所介護事業所【通所介護】京都市伏見区日野不動講町20番地", "url": "https://www.kaigokensaku.mhlw.go.jp/26/index.php?action_kouhyou_detail_004_kani=true&JigyosyoCd=2670901285-00&ServiceCd=150&Type=search", "url2": "https://www.dowaen.jp" }, "geometry": { "type": "Point", "coordinates": [ 135.815057600000046, 34.9360366 ] } },
{ "type": "Feature", "properties": { "内容": "同和園デイサービスセンター【通所介護】京都府京都市伏見区醍醐上ノ山町11番地皐寮1階", "url": "https://www.kaigokensaku.mhlw.go.jp/26/index.php?action_kouhyou_detail_004_kani=true&JigyosyoCd=2670900188-00&ServiceCd=150&Type=search", "url2": "https://www.dowaen.jp/" }, "geometry": { "type": "Point", "coordinates": [ 135.814199499999972, 34.9569625 ] } },
{ "type": "Feature", "properties": { "内容": "洛和デイセンター桃山【通所介護】京都府京都市伏見区桃山町大島38-528", "url": "https://www.kaigokensaku.mhlw.go.jp/26/index.php?action_kouhyou_detail_004_kani=true&JigyosyoCd=2670900022-00&ServiceCd=150&Type=search", "url2": "http://www.rakuwa.or.jp" }, "geometry": { "type": "Point", "coordinates": [ 135.790532100000064, 34.9254563 ] } },
{ "type": "Feature", "properties": { "内容": "デイサービスきょうまち【通所介護】京都市伏見区下鳥羽北ノ口町６４", "url": "https://www.kaigokensaku.mhlw.go.jp/26/index.php?action_kouhyou_detail_004_kani=true&JigyosyoCd=2670900543-00&ServiceCd=150&Type=search", "url2": null }, "geometry": { "type": "Point", "coordinates": [ 135.746775, 34.9408371 ] } },
{ "type": "Feature", "properties": { "内容": "レーベン横大路　デイサービスセンター【通所介護】京都市伏見区横大路鍬ノ本３５", "url": "https://www.kaigokensaku.mhlw.go.jp/26/index.php?action_kouhyou_detail_004_kani=true&JigyosyoCd=2670901491-00&ServiceCd=150&Type=search", "url2": "http://www.mukaijima/jp" }, "geometry": { "type": "Point", "coordinates": [ 135.740108599999985, 34.9241029 ] } },
{ "type": "Feature", "properties": { "内容": "藤森センターほっこり【通所介護】深草直違橋片町532番地8", "url": "https://www.kaigokensaku.mhlw.go.jp/26/index.php?action_kouhyou_detail_004_kani=true&JigyosyoCd=2670916945-00&ServiceCd=150&Type=search", "url2": "https://kyoro.or.jp/" }, "geometry": { "type": "Point", "coordinates": [ 135.770728700000063, 34.9511922 ] } },
{ "type": "Feature", "properties": { "内容": "デイサービス夢眠ふかくさ【通所介護】京都府京都市伏見区深草仙石屋敷町51", "url": "https://www.kaigokensaku.mhlw.go.jp/26/index.php?action_kouhyou_detail_004_kani=true&JigyosyoCd=2670917711-00&ServiceCd=150&Type=search", "url2": "http://muminhome.jp/fukakusa/" }, "geometry": { "type": "Point", "coordinates": [ 135.764993799999957, 34.9529336 ] } },
{ "type": "Feature", "properties": { "内容": "ヴィラ端山通所介護事業所【通所介護】京都市伏見区醍醐下端山町36", "url": "https://www.kaigokensaku.mhlw.go.jp/26/index.php?action_kouhyou_detail_004_kani=true&JigyosyoCd=2670900055-00&ServiceCd=150&Type=search", "url2": "https://www.villa.or.jp" }, "geometry": { "type": "Point", "coordinates": [ 135.81981559999997, 34.9478801 ] } },
{ "type": "Feature", "properties": { "内容": "ヴィラ向島デイサービスセンター【通所介護】京都市伏見区向島新上林町16", "url": "https://www.kaigokensaku.mhlw.go.jp/26/index.php?action_kouhyou_detail_004_kani=true&JigyosyoCd=2670900121-00&ServiceCd=150&Type=search", "url2": "http://www.mukaijima.jp" }, "geometry": { "type": "Point", "coordinates": [ 135.763473400000066, 34.9156207 ] } },
{ "type": "Feature", "properties": { "内容": "京都市春日丘デイサービスセンター【通所介護】京都市伏見区醍醐辰巳町12-1", "url": "https://www.kaigokensaku.mhlw.go.jp/26/index.php?action_kouhyou_detail_004_kani=true&JigyosyoCd=2670900147-00&ServiceCd=150&Type=search", "url2": "http://www.kyoro.or.jp" }, "geometry": { "type": "Point", "coordinates": [ 135.813999400000057, 34.9409084 ] } },
{ "type": "Feature", "properties": { "内容": "みやびのそのデイサービスセンター【通所介護】京都府京都市伏見区深草泓ノ壺町35-1特別養護老人ホームみやびのその", "url": "https://www.kaigokensaku.mhlw.go.jp/26/index.php?action_kouhyou_detail_004_kani=true&JigyosyoCd=2670900162-00&ServiceCd=150&Type=search", "url2": "https://www.fujinokai.jp" }, "geometry": { "type": "Point", "coordinates": [ 135.7598074, 34.9491699 ] } },
{ "type": "Feature", "properties": { "内容": "京都市醍醐老人デイサービスセンター【通所介護】京都市伏見区醍醐高畑町30-1パセオダイゴロー西館1階", "url": "https://www.kaigokensaku.mhlw.go.jp/26/index.php?action_kouhyou_detail_004_kani=true&JigyosyoCd=2670900220-00&ServiceCd=150&Type=search", "url2": null }, "geometry": { "type": "Point", "coordinates": [ 135.810044263754207, 34.950670638773559 ] } },
{ "type": "Feature", "properties": { "内容": "京都市伏見老人デイサービスセンター【通所介護】京都市伏見区紙子屋町544京都市伏見社会福祉総合センター２階", "url": "https://www.kaigokensaku.mhlw.go.jp/26/index.php?action_kouhyou_detail_004_kani=true&JigyosyoCd=2670900238-00&ServiceCd=150&Type=search", "url2": "https://www.syakyo-kyoto.net/" }, "geometry": { "type": "Point", "coordinates": [ 135.760565400000019, 34.9403207 ] } },
{ "type": "Feature", "properties": { "内容": "みやこデイサービスセンター【通所介護】京都府京都市伏見区京町北8丁目80-1", "url": "https://www.kaigokensaku.mhlw.go.jp/26/index.php?action_kouhyou_detail_004_kani=true&JigyosyoCd=2670900527-00&ServiceCd=150&Type=search", "url2": null }, "geometry": { "type": "Point", "coordinates": [ 135.764773399999967, 34.9418873 ] } },
{ "type": "Feature", "properties": { "内容": "高安デイサービス【通所介護】京都市伏見区中島中道町７５", "url": "https://www.kaigokensaku.mhlw.go.jp/26/index.php?action_kouhyou_detail_004_kani=true&JigyosyoCd=2670900857-00&ServiceCd=150&Type=search", "url2": "http://takayasu-group.com/" }, "geometry": { "type": "Point", "coordinates": [ 135.747525200000041, 34.9476143 ] } },
{ "type": "Feature", "properties": { "内容": "デイサービスセンター向島美郷【通所介護】京都府京都市伏見区向島清水町189-1高齢者複合施設向島美郷", "url": "https://www.kaigokensaku.mhlw.go.jp/26/index.php?action_kouhyou_detail_004_kani=true&JigyosyoCd=2670917240-00&ServiceCd=150&Type=search", "url2": "http://www.misugikai.jp/mukaijimamisato/index.html" }, "geometry": { "type": "Point", "coordinates": [ 135.784309495739762, 34.91679205325984 ] } },
{ "type": "Feature", "properties": { "内容": "せんしゅんかいデイサービスセンター観月【通所介護】京都府京都市伏見区桃山与五郎町1-589", "url": "https://www.kaigokensaku.mhlw.go.jp/26/index.php?action_kouhyou_detail_004_kani=true&JigyosyoCd=2650980135-00&ServiceCd=150&Type=search", "url2": "http://www.senshunkai.or.jp/" }, "geometry": { "type": "Point", "coordinates": [ 138.252924, 36.204824 ] } },
{ "type": "Feature", "properties": { "内容": "久我の杜デイサービスセンター【通所介護】京都市伏見区久我東町202-6", "url": "https://www.kaigokensaku.mhlw.go.jp/26/index.php?action_kouhyou_detail_004_kani=true&JigyosyoCd=2670900105-00&ServiceCd=150&Type=search", "url2": "https://www.kyoto-fukushi.org/" }, "geometry": { "type": "Point", "coordinates": [ 135.727457100000038, 34.9337545 ] } },
{ "type": "Feature", "properties": { "内容": "そせい苑老人デイサービスセンター【通所介護】京都市伏見区下鳥羽但馬町150番地", "url": "https://www.kaigokensaku.mhlw.go.jp/26/index.php?action_kouhyou_detail_004_kani=true&JigyosyoCd=2670900113-00&ServiceCd=150&Type=search", "url2": "http://www.soseien.jp" }, "geometry": { "type": "Point", "coordinates": [ 135.750074600000062, 34.9320548 ] } },
{ "type": "Feature", "properties": { "内容": "京都市東高瀬川デイサービスセンター【通所介護】京都市伏見区北端町44-7", "url": "https://www.kaigokensaku.mhlw.go.jp/26/index.php?action_kouhyou_detail_004_kani=true&JigyosyoCd=2670900154-00&ServiceCd=150&Type=search", "url2": "http://www.kyoro.or.jp" }, "geometry": { "type": "Point", "coordinates": [ 135.754832800000031, 34.9453201 ] } },
{ "type": "Feature", "properties": { "内容": "城南ホームデイサービスセンター【通所介護】京都市伏見区竹田中内畑町53", "url": "https://www.kaigokensaku.mhlw.go.jp/26/index.php?action_kouhyou_detail_004_kani=true&JigyosyoCd=2670900261-00&ServiceCd=150&Type=search", "url2": "http://www.seiwaen.or.jp" }, "geometry": { "type": "Point", "coordinates": [ 135.7536609, 34.9534582 ] } },
{ "type": "Feature", "properties": { "内容": "ももやまデイサービスセンター【通所介護】京都市伏見区桃山町立売1-6", "url": "https://www.kaigokensaku.mhlw.go.jp/26/index.php?action_kouhyou_detail_004_kani=true&JigyosyoCd=2670900444-00&ServiceCd=150&Type=search", "url2": "http://www.kenkouen.jp/" }, "geometry": { "type": "Point", "coordinates": [ 135.77078110000005, 34.932032899999989 ] } },
{ "type": "Feature", "properties": { "内容": "デイサービスセンターいきいき【通所介護】京都市伏見区深草西出町3", "url": "https://www.kaigokensaku.mhlw.go.jp/26/index.php?action_kouhyou_detail_004_kani=true&JigyosyoCd=2670900642-00&ServiceCd=150&Type=search", "url2": "http://www.i-kouseikai.com" }, "geometry": { "type": "Point", "coordinates": [ 135.774309200000062, 34.9595249 ] } },
{ "type": "Feature", "properties": { "内容": "ヴィラ稲荷山デイサービスセンター【通所介護】京都市伏見区深草正覚町23番", "url": "https://www.kaigokensaku.mhlw.go.jp/26/index.php?action_kouhyou_detail_004_kani=true&JigyosyoCd=2670900899-00&ServiceCd=150&Type=search", "url2": "http://www.takedahp.or.jp/" }, "geometry": { "type": "Point", "coordinates": [ 135.773112399999945, 34.9733236 ] } },
{ "type": "Feature", "properties": { "内容": "あすみるデイサービス石田【通所介護】京都府京都市伏見区石田桜木３", "url": "https://www.kaigokensaku.mhlw.go.jp/26/index.php?action_kouhyou_detail_004_kani=true&JigyosyoCd=2670901111-00&ServiceCd=150&Type=search", "url2": "https://care-net.biz/26/akia/b15.php" }, "geometry": { "type": "Point", "coordinates": [ 135.8016996, 34.9360809 ] } },
{ "type": "Feature", "properties": { "内容": "日野しみずの里デイサービス【通所介護】京都市伏見区日野田頬町７２番地１", "url": "https://www.kaigokensaku.mhlw.go.jp/26/index.php?action_kouhyou_detail_004_kani=true&JigyosyoCd=2670901434-00&ServiceCd=150&Type=search", "url2": "https://ksmcs.jp/hs/" }, "geometry": { "type": "Point", "coordinates": [ 135.813052299999981, 34.9298899 ] } },
{ "type": "Feature", "properties": { "内容": "デイサービスセンターふじのもり【通所介護】深草僧坊町41", "url": "https://www.kaigokensaku.mhlw.go.jp/26/index.php?action_kouhyou_detail_004_kani=true&JigyosyoCd=2670916663-00&ServiceCd=150&Type=search", "url2": "http://i-kouseikai.com/" }, "geometry": { "type": "Point", "coordinates": [ 135.7757368, 34.958791700000035 ] } },
{ "type": "Feature", "properties": { "内容": "デイサービスさいわい【通所介護】京都市伏見区向島本丸町28－2", "url": "https://www.kaigokensaku.mhlw.go.jp/26/index.php?action_kouhyou_detail_004_kani=true&JigyosyoCd=2670916994-00&ServiceCd=150&Type=search", "url2": "http:www.mukaijima-hospital.or.jp/病院ＨＰよりお入り下さい。" }, "geometry": { "type": "Point", "coordinates": [ 135.771256, 34.9229589 ] } },
{ "type": "Feature", "properties": { "内容": "医療法人新生十全会　デイサービスセンター　こもれびの家【通所介護】京都府京都市伏見区日野西風呂町5番地医療法人　新生十全会　こもれびの家", "url": "https://www.kaigokensaku.mhlw.go.jp/26/index.php?action_kouhyou_detail_004_kani=true&JigyosyoCd=2670917216-00&ServiceCd=150&Type=search", "url2": "http://www.juzenkai.or.jp/index" }, "geometry": { "type": "Point", "coordinates": [ 135.813368567598019, 34.934968299539669 ] } },
{ "type": "Feature", "properties": { "内容": "ぐり～んデイサービス醍醐【通所介護】京都府京都市伏見区醍醐切レ戸町13-3", "url": "https://www.kaigokensaku.mhlw.go.jp/26/index.php?action_kouhyou_detail_004_kani=true&JigyosyoCd=2670917224-00&ServiceCd=150&Type=search", "url2": "https://www.green-glass.net/daigo" }, "geometry": { "type": "Point", "coordinates": [ 135.817899740475468, 34.957106113696859 ] } },
{ "type": "Feature", "properties": { "内容": "深草しみずの里　デイサービス【通所介護】京都府京都市伏見区深草越後屋敷町17番の5", "url": "https://www.kaigokensaku.mhlw.go.jp/26/index.php?action_kouhyou_detail_004_kani=true&JigyosyoCd=2670917232-00&ServiceCd=150&Type=search", "url2": "http://www.fushimi-shimizu.jp/" }, "geometry": { "type": "Point", "coordinates": [ 135.76454656036185, 34.949401177599846 ] } },
{ "type": "Feature", "properties": { "内容": "まどかⅡ番館デイサービスセンター【通所介護】京都府京都市伏見区下鳥羽南円面田町122番地まどかⅡ番館", "url": "https://www.kaigokensaku.mhlw.go.jp/26/index.php?action_kouhyou_detail_004_kani=true&JigyosyoCd=2670917562-00&ServiceCd=150&Type=search", "url2": "http://soseien.jp" }, "geometry": { "type": "Point", "coordinates": [ 135.7400338, 34.9315881 ] } },
{ "type": "Feature", "properties": { "内容": "ポシブル伏見【通所介護】京都府京都市伏見区竹田青池町135", "url": "https://www.kaigokensaku.mhlw.go.jp/26/index.php?action_kouhyou_detail_004_kani=true&JigyosyoCd=2670918172-00&ServiceCd=150&Type=search", "url2": "https://www.possible-plus.co.jp" }, "geometry": { "type": "Point", "coordinates": [ 135.7509698, 34.9572621 ] } },
{ "type": "Feature", "properties": { "内容": "デイサービスアルクスタジオ丹波橋【通所介護】京都府京都市伏見区大宮町577番地1ルミエール丹波橋101-B", "url": "https://www.kaigokensaku.mhlw.go.jp/26/index.php?action_kouhyou_detail_004_kani=true&JigyosyoCd=2670918222-00&ServiceCd=150&Type=search", "url2": "https://arukusutadio.com/" }, "geometry": { "type": "Point", "coordinates": [ 135.7578368, 34.9385009 ] } },
{ "type": "Feature", "properties": { "内容": "エルケアネット京阪淀デイサービスセンター【通所介護】京都府京都市伏見区淀池上町147-2", "url": "https://www.kaigokensaku.mhlw.go.jp/26/index.php?action_kouhyou_detail_004_kani=true&JigyosyoCd=2670918305-00&ServiceCd=150&Type=search", "url2": "http://care.ld-world.com" }, "geometry": { "type": "Point", "coordinates": [ 135.7183344, 34.9041344 ] } },
{ "type": "Feature", "properties": { "内容": "笑顔ぷらす　淀木津町店【通所介護】京都府京都市伏見区淀木津町424-1ラ・ヨード21　一階店舗北", "url": "https://www.kaigokensaku.mhlw.go.jp/26/index.php?action_kouhyou_detail_004_kani=true&JigyosyoCd=2670917174-00&ServiceCd=150&Type=search", "url2": "http://www.smilelink15.com/index.html" }, "geometry": { "type": "Point", "coordinates": [ 135.713071899999932, 34.9024855 ] } },
{ "type": "Feature", "properties": { "内容": "医療法人社団　育生会　機能訓練型デイサービス　オブラディ　オブラダ【通所介護】深草西浦町8丁目15", "url": "https://www.kaigokensaku.mhlw.go.jp/26/index.php?action_kouhyou_detail_004_kani=true&JigyosyoCd=2670918545-00&ServiceCd=150&Type=search", "url2": "https://www.kuno-hospital.or.jp/index.html" }, "geometry": { "type": "Point", "coordinates": [ 135.7627156, 34.9599917 ] } },
{ "type": "Feature", "properties": { "内容": "淀の里老人デイサービスセンター【通所介護】京都市伏見区淀美豆町1055番地", "url": "https://www.kaigokensaku.mhlw.go.jp/26/index.php?action_kouhyou_detail_004_kani=true&JigyosyoCd=2670900436-00&ServiceCd=150&Type=search", "url2": "http://www.kyoto.zaq.jp/fusiminitirinfukusikai/" }, "geometry": { "type": "Point", "coordinates": [ 135.712252799999987, 34.8976555 ] } },
{ "type": "Feature", "properties": { "内容": "醍醐の里デイサービスセンター【通所介護】京都府京都市伏見区醍醐内ケ井戸19-1", "url": "https://www.kaigokensaku.mhlw.go.jp/26/index.php?action_kouhyou_detail_004_kani=true&JigyosyoCd=2650980085-00&ServiceCd=150&Type=search", "url2": "https://www.daigonosato.or.jp" }, "geometry": { "type": "Point", "coordinates": [ 135.82299322023772, 34.963893357334754 ] } },
{ "type": "Feature", "properties": { "内容": "ラ・サンテ【通所介護】京都府京都市伏見区深草西浦町５丁目53-1ペガサスプラザ　１棟１階102号室", "url": "https://www.kaigokensaku.mhlw.go.jp/26/index.php?action_kouhyou_detail_004_kani=true&JigyosyoCd=2670917141-00&ServiceCd=150&Type=search", "url2": null }, "geometry": { "type": "Point", "coordinates": [ 135.7677708, 34.9573388 ] } },
{ "type": "Feature", "properties": { "内容": "デイサービスセンター空【通所介護】京都府京都市伏見区石田森南町2-2", "url": "https://www.kaigokensaku.mhlw.go.jp/26/index.php?action_kouhyou_detail_004_kani=true&JigyosyoCd=2670918784-00&ServiceCd=150&Type=search", "url2": "https://stable-osaka.com/" }, "geometry": { "type": "Point", "coordinates": [ 135.8054735, 34.9388813 ] } },
{ "type": "Feature", "properties": { "内容": "山科積慶園　デイサービスセンター　ぬくもり【通所介護】京都市山科区北花山大林町３４番地", "url": "https://www.kaigokensaku.mhlw.go.jp/26/index.php?action_kouhyou_detail_004_kani=true&JigyosyoCd=2674100579-00&ServiceCd=150&Type=search", "url2": "http://www.sekkeien.or.jp/" }, "geometry": { "type": "Point", "coordinates": [ 135.79872649999993, 34.9820927 ] } },
{ "type": "Feature", "properties": { "内容": "綾デイサービスセンター山科【通所介護】京都市山科区大宅神納町１４６番地", "url": "https://www.kaigokensaku.mhlw.go.jp/26/index.php?action_kouhyou_detail_004_kani=true&JigyosyoCd=2674100637-00&ServiceCd=150&Type=search", "url2": "officeaya_yamashina@yahoo.co.jp" }, "geometry": { "type": "Point", "coordinates": [ 135.819507299999941, 34.9660146 ] } },
{ "type": "Feature", "properties": { "内容": "ツクイ山科勧修寺【通所介護】京都府京都市山科区勧修寺泉玉町2", "url": "https://www.kaigokensaku.mhlw.go.jp/26/index.php?action_kouhyou_detail_004_kani=true&JigyosyoCd=2674101726-00&ServiceCd=150&Type=search", "url2": "http://@tsukui.net" }, "geometry": { "type": "Point", "coordinates": [ 135.805335559318394, 34.964718783672083 ] } },
{ "type": "Feature", "properties": { "内容": "デイサービス　桃の郷　京都東山【通所介護】京都市山科区四ノ宮小金塚1番地505", "url": "https://www.kaigokensaku.mhlw.go.jp/26/index.php?action_kouhyou_detail_004_kani=true&JigyosyoCd=2674101361-00&ServiceCd=150&Type=search", "url2": "http://momonosato.biz/" }, "geometry": { "type": "Point", "coordinates": [ 135.833647027894926, 35.001661584989485 ] } },
{ "type": "Feature", "properties": { "内容": "デイサービスセンター健やか倶楽部八幡田【通所介護】京都府京都市山科区西野八幡田町8-13", "url": "https://www.kaigokensaku.mhlw.go.jp/26/index.php?action_kouhyou_detail_004_kani=true&JigyosyoCd=2674101387-00&ServiceCd=150&Type=search", "url2": "https://sukoyaka-club.com/hachimanden/" }, "geometry": { "type": "Point", "coordinates": [ 135.80537599469352, 34.988147359691943 ] } },
{ "type": "Feature", "properties": { "内容": "デイサービスセンターひびき【通所介護】京都府京都市山科区東野北井ノ上町2-6", "url": "https://www.kaigokensaku.mhlw.go.jp/26/index.php?action_kouhyou_detail_004_kani=true&JigyosyoCd=2674100470-00&ServiceCd=150&Type=search", "url2": "http://www.kyo-hibiki.com/" }, "geometry": { "type": "Point", "coordinates": [ 135.817279800000051, 34.9820572 ] } },
{ "type": "Feature", "properties": { "内容": "洛和デイセンター音羽【通所介護】京都市山科区音羽森廻り町34-8", "url": "https://www.kaigokensaku.mhlw.go.jp/26/index.php?action_kouhyou_detail_004_kani=true&JigyosyoCd=2674100272-00&ServiceCd=150&Type=search", "url2": "http://www.rakuwa.or.jp" }, "geometry": { "type": "Point", "coordinates": [ 135.824620699999969, 34.9864818 ] } },
{ "type": "Feature", "properties": { "内容": "デイサービスセンターきよみず苑【通所介護】京都府京都市山科区川田御出町29番地高齢者総合福祉住宅　きよみず苑・京都東", "url": "https://www.kaigokensaku.mhlw.go.jp/26/index.php?action_kouhyou_detail_004_kani=true&JigyosyoCd=2674101171-00&ServiceCd=150&Type=search", "url2": "https://eikoukaikyoto.jp/" }, "geometry": { "type": "Point", "coordinates": [ 135.794267384655768, 34.978229655081449 ] } },
{ "type": "Feature", "properties": { "内容": "デイサービスセンター結ノ歩【通所介護】京都府京都市山科区西野山百々町213−1カーサ京都西野山", "url": "https://www.kaigokensaku.mhlw.go.jp/26/index.php?action_kouhyou_detail_004_kani=true&JigyosyoCd=2674102112-00&ServiceCd=150&Type=search", "url2": null }, "geometry": { "type": "Point", "coordinates": [ 135.7979402, 34.9748816 ] } },
{ "type": "Feature", "properties": { "内容": "ヴィラ山科デイサービスセンター【通所介護】京都市山科区大宅御所田町115番地1", "url": "https://www.kaigokensaku.mhlw.go.jp/26/index.php?action_kouhyou_detail_004_kani=true&JigyosyoCd=2674100041-00&ServiceCd=150&Type=search", "url2": "http://www.takedahp.or.jp/" }, "geometry": { "type": "Point", "coordinates": [ 135.825856700000031, 34.9710253 ] } },
{ "type": "Feature", "properties": { "内容": "京都市山科老人デイサービスセンター【通所介護】京都府京都市山科区西野大手先町2-1京都市山科総合福祉会館", "url": "https://www.kaigokensaku.mhlw.go.jp/26/index.php?action_kouhyou_detail_004_kani=true&JigyosyoCd=2674100249-00&ServiceCd=150&Type=search", "url2": "https://www.syakyo-kyoto.net/wp-content/uploads/2023/06/day-care07.pdf" }, "geometry": { "type": "Point", "coordinates": [ 135.81473840000001, 34.9850928 ] } },
{ "type": "Feature", "properties": { "内容": "デイサービスセンターたのしいデイやましな【通所介護】西野小柳町２５", "url": "https://www.kaigokensaku.mhlw.go.jp/26/index.php?action_kouhyou_detail_004_kani=true&JigyosyoCd=2674100702-00&ServiceCd=150&Type=search", "url2": null }, "geometry": { "type": "Point", "coordinates": [ 135.803880691896097, 34.981009571306814 ] } },
{ "type": "Feature", "properties": { "内容": "医療法人新生十全会　デイサービスセンター　ひだまりの家　小野【通所介護】京都市山科区小野荘司町6番地1", "url": "https://www.kaigokensaku.mhlw.go.jp/26/index.php?action_kouhyou_detail_004_kani=true&JigyosyoCd=2674101213-00&ServiceCd=150&Type=search", "url2": "http://www.juzenkai.or.jp" }, "geometry": { "type": "Point", "coordinates": [ 135.816602902902218, 34.960515384537651 ] } },
{ "type": "Feature", "properties": { "内容": "京都市勧修老人デイサービスセンター【通所介護】栗栖野打越町17", "url": "https://www.kaigokensaku.mhlw.go.jp/26/index.php?action_kouhyou_detail_004_kani=true&JigyosyoCd=2674100066-00&ServiceCd=150&Type=search", "url2": "http://care-net.biz/26/kanshu1985/" }, "geometry": { "type": "Point", "coordinates": [ 135.807694800000036, 34.9718748 ] } },
{ "type": "Feature", "properties": { "内容": "洛和デイセンターリハビリテーション音羽【通所介護】京都府京都市山科区小山鎮守町9-1", "url": "https://www.kaigokensaku.mhlw.go.jp/26/index.php?action_kouhyou_detail_004_kani=true&JigyosyoCd=2674100488-00&ServiceCd=150&Type=search", "url2": "http://www.rakuwa.or.jp" }, "geometry": { "type": "Point", "coordinates": [ 135.833974168527192, 34.987279333513058 ] } },
{ "type": "Feature", "properties": { "内容": "デイサービスセンター　山科苑【通所介護】京都市山科区大塚野溝町3番地", "url": "https://www.kaigokensaku.mhlw.go.jp/26/index.php?action_kouhyou_detail_004_kani=true&JigyosyoCd=2674100025-00&ServiceCd=150&Type=search", "url2": "http://ryokujukai.com/yamashina_day/" }, "geometry": { "type": "Point", "coordinates": [ 135.833489399999962, 34.9834406 ] } },
{ "type": "Feature", "properties": { "内容": "京都市日ノ岡デイサービスセンター【通所介護】京都市山科区日ノ岡朝田町50-7", "url": "https://www.kaigokensaku.mhlw.go.jp/26/index.php?action_kouhyou_detail_004_kani=true&JigyosyoCd=2674100280-00&ServiceCd=150&Type=search", "url2": "http://ryokuju.com" }, "geometry": { "type": "Point", "coordinates": [ 135.797154399999954, 34.9981241 ] } },
{ "type": "Feature", "properties": { "内容": "ポシブル山科【通所介護】京都市山科区東野片下り町５０－２", "url": "https://www.kaigokensaku.mhlw.go.jp/26/index.php?action_kouhyou_detail_004_kani=true&JigyosyoCd=2674100876-00&ServiceCd=150&Type=search", "url2": "https://www.possible-plus.co.jp" }, "geometry": { "type": "Point", "coordinates": [ 135.814227399999936, 34.9803406 ] } },
{ "type": "Feature", "properties": { "内容": "そらの木デイサービスセンター【通所介護】大宅打明町15番地", "url": "https://www.kaigokensaku.mhlw.go.jp/26/index.php?action_kouhyou_detail_004_kani=true&JigyosyoCd=2674100975-00&ServiceCd=150&Type=search", "url2": "http://www.toumonkai.net/" }, "geometry": { "type": "Point", "coordinates": [ 135.82141593610686, 34.973287853638034 ] } },
{ "type": "Feature", "properties": { "内容": "洛和デイセンター音羽のさと【通所介護】京都市山科区音羽八ノ坪町17番地1", "url": "https://www.kaigokensaku.mhlw.go.jp/26/index.php?action_kouhyou_detail_004_kani=true&JigyosyoCd=2674101114-00&ServiceCd=150&Type=search", "url2": "www.rakuwa.or.jp" }, "geometry": { "type": "Point", "coordinates": [ 135.826665269311519, 34.988178245830781 ] } },
{ "type": "Feature", "properties": { "内容": "デイサービスアルクスタジオ勧修寺【通所介護】京都府京都市山科区勧修寺平田町12", "url": "https://www.kaigokensaku.mhlw.go.jp/26/index.php?action_kouhyou_detail_004_kani=true&JigyosyoCd=2674101684-00&ServiceCd=150&Type=search", "url2": "https://arukusutadio.com/" }, "geometry": { "type": "Point", "coordinates": [ 135.8123565, 34.9677486 ] } },
{ "type": "Feature", "properties": { "内容": "レッツ俱楽部京都山科【通所介護】京都府京都市山科区勧修寺福岡町304", "url": "https://www.kaigokensaku.mhlw.go.jp/26/index.php?action_kouhyou_detail_004_kani=true&JigyosyoCd=2674101478-00&ServiceCd=150&Type=search", "url2": "https://www.lets-club.jp/shop/kyotoyamashina/" }, "geometry": { "type": "Point", "coordinates": [ 135.8057183, 34.9629787 ] } },
{ "type": "Feature", "properties": { "内容": "京都市山科区勧修寺平田町129【通所介護】京都市山科区勧修寺平田町1291Ｆ", "url": "https://www.kaigokensaku.mhlw.go.jp/26/index.php?action_kouhyou_detail_004_kani=true&JigyosyoCd=2674101627-00&ServiceCd=150&Type=search", "url2": null }, "geometry": { "type": "Point", "coordinates": [ 135.8124472, 34.9648915 ] } },
{ "type": "Feature", "properties": { "内容": "レッツ俱楽部京都御陵【通所介護】御陵別所町138-13クレセントみささぎ1F,2F", "url": "https://www.kaigokensaku.mhlw.go.jp/26/index.php?action_kouhyou_detail_004_kani=true&JigyosyoCd=2674101668-00&ServiceCd=150&Type=search", "url2": "https://www.lets-club.jp/shop/kyotomisasagi/" }, "geometry": { "type": "Point", "coordinates": [ 135.8085857, 34.9919905 ] } },
{ "type": "Feature", "properties": { "内容": "デイサービス　すばる大宅【通所介護】大宅烏田町10", "url": "https://www.kaigokensaku.mhlw.go.jp/26/index.php?action_kouhyou_detail_004_kani=true&JigyosyoCd=2674101502-00&ServiceCd=150&Type=search", "url2": null }, "geometry": { "type": "Point", "coordinates": [ 135.813219200000049, 34.9677254 ] } },
{ "type": "Feature", "properties": { "内容": "ケアパートナー山科【通所介護】京都市山科区西野山中臣町190-2", "url": "https://www.kaigokensaku.mhlw.go.jp/26/index.php?action_kouhyou_detail_004_kani=true&JigyosyoCd=2674101429-00&ServiceCd=150&Type=search", "url2": "https://www.care-partner.com/" }, "geometry": { "type": "Point", "coordinates": [ 135.803694299999989, 34.9694628 ] } },
{ "type": "Feature", "properties": { "内容": "京タンスデイサービス【通所介護】京都府京都市西京区桂畑ヶ田町２０２", "url": "https://www.kaigokensaku.mhlw.go.jp/26/index.php?action_kouhyou_detail_004_kani=true&JigyosyoCd=2674000712-00&ServiceCd=150&Type=search", "url2": null }, "geometry": { "type": "Point", "coordinates": [ 135.704715800000031, 34.992551 ] } },
{ "type": "Feature", "properties": { "内容": "パナソニックエイジフリーケアセンター桂デイサービス【通所介護】川島調子町93", "url": "https://www.kaigokensaku.mhlw.go.jp/26/index.php?action_kouhyou_detail_004_kani=true&JigyosyoCd=2674000548-00&ServiceCd=150&Type=search", "url2": "http://panasonic.biz/healthcare/elderlycare/" }, "geometry": { "type": "Point", "coordinates": [ 135.698921899999959, 34.9730027 ] } },
{ "type": "Feature", "properties": { "内容": "デイサービス夢楽　桂【通所介護】京都府京都市西京区川島野田町14-2セントフローレンスパレス桂TheWest1F", "url": "https://www.kaigokensaku.mhlw.go.jp/26/index.php?action_kouhyou_detail_004_kani=true&JigyosyoCd=2674001058-00&ServiceCd=150&Type=search", "url2": null }, "geometry": { "type": "Point", "coordinates": [ 135.702043799999956, 34.9733443 ] } },
{ "type": "Feature", "properties": { "内容": "京都市西京老人デイサービスセンター【通所介護】京都市西京区上桂前田町29-2１F", "url": "https://www.kaigokensaku.mhlw.go.jp/26/index.php?action_kouhyou_detail_004_kani=true&JigyosyoCd=2674000092-00&ServiceCd=150&Type=search", "url2": "http://www.shakyo‐kyoto.net/" }, "geometry": { "type": "Point", "coordinates": [ 135.69965287301639, 34.986487507565016 ] } },
{ "type": "Feature", "properties": { "内容": "デイサービス花の嵐山【通所介護】京都市西京区嵐山薬師下町14-4シルクコート嵐山１F", "url": "https://www.kaigokensaku.mhlw.go.jp/26/index.php?action_kouhyou_detail_004_kani=true&JigyosyoCd=2674000803-00&ServiceCd=150&Type=search", "url2": null }, "geometry": { "type": "Point", "coordinates": [ 135.685197900000048, 35.0033555 ] } },
{ "type": "Feature", "properties": { "内容": "西山寮老人デイサービスセンター【通所介護】京都市西京区大原野石作町256番地1", "url": "https://www.kaigokensaku.mhlw.go.jp/26/index.php?action_kouhyou_detail_004_kani=true&JigyosyoCd=2674000084-00&ServiceCd=150&Type=search", "url2": "https://seizanryo.jp/" }, "geometry": { "type": "Point", "coordinates": [ 135.65354160000004, 34.9503986 ] } },
{ "type": "Feature", "properties": { "内容": "まほろば老人デイサービスセンター【通所介護】京都市西京区大原野上羽町39-1", "url": "https://www.kaigokensaku.mhlw.go.jp/26/index.php?action_kouhyou_detail_004_kani=true&JigyosyoCd=2674000027-00&ServiceCd=150&Type=search", "url2": "https://ooharanofukushikai.com/" }, "geometry": { "type": "Point", "coordinates": [ 135.674562199999968, 34.9527765 ] } },
{ "type": "Feature", "properties": { "内容": "医療法人清仁会　シミズ洛西デイサービスセンター【通所介護】京都市西京区大枝沓掛町13-222　洛西シミズビル1階", "url": "https://www.kaigokensaku.mhlw.go.jp/26/index.php?action_kouhyou_detail_004_kani=true&JigyosyoCd=2674000282-00&ServiceCd=150&Type=search", "url2": "http://www.shimizu-hosptal.or.jp" }, "geometry": { "type": "Point", "coordinates": [ 135.6666851, 34.975274700000014 ] } },
{ "type": "Feature", "properties": { "内容": "ウェルスタイル京都桂川デイサービス【通所介護】京都市西京区下津林南大般若町41番地トートイス京都桂川１階", "url": "https://www.kaigokensaku.mhlw.go.jp/26/index.php?action_kouhyou_detail_004_kani=true&JigyosyoCd=2664090277-00&ServiceCd=150&Type=search", "url2": "https://www.frontier-ph.com/" }, "geometry": { "type": "Point", "coordinates": [ 135.7137932, 34.9744354 ] } },
{ "type": "Feature", "properties": { "内容": "京都厚生園デイサービスセンター【通所介護】京都市西京区山田平尾町46番地", "url": "https://www.kaigokensaku.mhlw.go.jp/26/index.php?action_kouhyou_detail_004_kani=true&JigyosyoCd=2674000035-00&ServiceCd=150&Type=search", "url2": "http://www.kyotokouseien.com" }, "geometry": { "type": "Point", "coordinates": [ 135.684392060713208, 34.98226652898137 ] } },
{ "type": "Feature", "properties": { "内容": "京都市桂川老人デイサービスセンター【通所介護】京都市西京区下津林東大般若町32番地", "url": "https://www.kaigokensaku.mhlw.go.jp/26/index.php?action_kouhyou_detail_004_kani=true&JigyosyoCd=2674000050-00&ServiceCd=150&Type=search", "url2": "http://www.katsuragawaen.com/" }, "geometry": { "type": "Point", "coordinates": [ 135.713906599999973, 34.9760774 ] } },
{ "type": "Feature", "properties": { "内容": "デイサービスセンター　シオンの里【通所介護】京都市西京区樫原秤谷町21番地2", "url": "https://www.kaigokensaku.mhlw.go.jp/26/index.php?action_kouhyou_detail_004_kani=true&JigyosyoCd=2674000191-00&ServiceCd=150&Type=search", "url2": "http://zion1205.com/" }, "geometry": { "type": "Point", "coordinates": [ 135.68330370000001, 34.9706446 ] } },
{ "type": "Feature", "properties": { "内容": "桂千代原口デイサービスセンター【通所介護】京都府京都市西京区御陵内町3番地1丸美ビル1階", "url": "https://www.kaigokensaku.mhlw.go.jp/26/index.php?action_kouhyou_detail_004_kani=true&JigyosyoCd=2674000514-00&ServiceCd=150&Type=search", "url2": "http://www.npo-human.jp" }, "geometry": { "type": "Point", "coordinates": [ 135.691089199999965, 34.9799299 ] } },
{ "type": "Feature", "properties": { "内容": "沓掛寮デイサービスセンター【通所介護】京都府京都市西京区大枝沓掛町２５番地２２", "url": "https://www.kaigokensaku.mhlw.go.jp/26/index.php?action_kouhyou_detail_004_kani=true&JigyosyoCd=2674000597-00&ServiceCd=150&Type=search", "url2": "https://rakufuku.jp" }, "geometry": { "type": "Point", "coordinates": [ 135.6530828, 34.985993100000016 ] } },
{ "type": "Feature", "properties": { "内容": "医療法人京都翔医会　西京都病院　デイサービス洛桂の郷【通所介護】京都市西京区牛ヶ瀬奥ノ防町104", "url": "https://www.kaigokensaku.mhlw.go.jp/26/index.php?action_kouhyou_detail_004_kani=true&JigyosyoCd=2674000837-00&ServiceCd=150&Type=search", "url2": "http://www.hospynkh.jp/rakukei/" }, "geometry": { "type": "Point", "coordinates": [ 135.716434374343862, 34.974228039230269 ] } },
{ "type": "Feature", "properties": { "内容": "京都桂ケアセンターそよ風【通所介護】御陵塚ノ越町24-1", "url": "https://www.kaigokensaku.mhlw.go.jp/26/index.php?action_kouhyou_detail_004_kani=true&JigyosyoCd=2674000910-00&ServiceCd=150&Type=search", "url2": "https://corp.sykz.co.jp/" }, "geometry": { "type": "Point", "coordinates": [ 135.688921540861543, 34.978278468875814 ] } },
{ "type": "Feature", "properties": { "内容": "デイサービス　ソラスト桂坂【通所介護】京都府京都市西京区御陵鴫谷9-5メゾンドノアン1F", "url": "https://www.kaigokensaku.mhlw.go.jp/26/index.php?action_kouhyou_detail_004_kani=true&JigyosyoCd=2674001173-00&ServiceCd=150&Type=search", "url2": "http://solasto-kaigo.com/care/area/solastokatsurazaka.html" }, "geometry": { "type": "Point", "coordinates": [ 135.6876423, 34.9763246 ] } },
{ "type": "Feature", "properties": { "内容": "医療法人京都翔医会　デイサービス　上桂の郷【通所介護】京都府京都市西京区桂畑ヶ田町202番地カーサフィオーレ桂　1階", "url": "https://www.kaigokensaku.mhlw.go.jp/26/index.php?action_kouhyou_detail_004_kani=true&JigyosyoCd=2674001348-00&ServiceCd=150&Type=search", "url2": "http://www.hospynkh.jp" }, "geometry": { "type": "Point", "coordinates": [ 135.704018324838728, 34.992623933920775 ] } },
{ "type": "Feature", "properties": { "内容": "桂まほろばテラスデイサービスセンター【通所介護】京都府京都市西京区下津林南大般若町１", "url": "https://www.kaigokensaku.mhlw.go.jp/26/index.php?action_kouhyou_detail_004_kani=true&JigyosyoCd=2674001371-00&ServiceCd=150&Type=search", "url2": "https://ooharanofukushikai.com/" }, "geometry": { "type": "Point", "coordinates": [ 135.711625270503276, 34.974931931352792 ] } },
{ "type": "Feature", "properties": { "内容": "デイサービスセンター大枝美郷【通所介護】大枝西長町１２番地２５", "url": "https://www.kaigokensaku.mhlw.go.jp/26/index.php?action_kouhyou_detail_004_kani=true&JigyosyoCd=2674001512-00&ServiceCd=150&Type=search", "url2": "http://www.misugikai.jp/ooemisato/index.html" }, "geometry": { "type": "Point", "coordinates": [ 135.665738299999987, 34.9735434 ] } },
{ "type": "Feature", "properties": { "内容": "ウェルフィット上桂【通所介護】上桂三ノ宮町30-1プル―リオン上桂1階", "url": "https://www.kaigokensaku.mhlw.go.jp/26/index.php?action_kouhyou_detail_004_kani=true&JigyosyoCd=2674001538-00&ServiceCd=150&Type=search", "url2": "https://i-seishin.or.jp/caregiving#kami" }, "geometry": { "type": "Point", "coordinates": [ 135.6970425, 34.985921670857138 ] } },
{ "type": "Feature", "properties": { "内容": "ツクイ桂上野【通所介護】京都府京都市西京区桂上野東町76ツクイ桂上野デイサービス", "url": "https://www.kaigokensaku.mhlw.go.jp/26/index.php?action_kouhyou_detail_004_kani=true&JigyosyoCd=2674001405-00&ServiceCd=150&Type=search", "url2": "https://www.tsukui.net" }, "geometry": { "type": "Point", "coordinates": [ 135.7031523, 34.9947921 ] } },
{ "type": "Feature", "properties": { "内容": "デイサービス　ソラスト黒うさぎ【通所介護】京都府京都市西京区下津林南大般若町120湧昇閣1F", "url": "https://www.kaigokensaku.mhlw.go.jp/26/index.php?action_kouhyou_detail_004_kani=true&JigyosyoCd=2674001504-00&ServiceCd=150&Type=search", "url2": null }, "geometry": { "type": "Point", "coordinates": [ 135.71134, 34.9736759 ] } },
{ "type": "Feature", "properties": { "内容": "京都ケアセンターそよ風【通所介護】京都市西京区大枝東新林町2-13", "url": "https://www.kaigokensaku.mhlw.go.jp/26/index.php?action_kouhyou_detail_004_kani=true&JigyosyoCd=2674000753-00&ServiceCd=150&Type=search", "url2": null }, "geometry": { "type": "Point", "coordinates": [ 135.674862500000017, 34.9685364 ] } },
{ "type": "Feature", "properties": { "内容": "ポシブル桂【通所介護】京都市西京区桂春日町６７－１グランレブリー桂partⅡ　1階", "url": "https://www.kaigokensaku.mhlw.go.jp/26/index.php?action_kouhyou_detail_004_kani=true&JigyosyoCd=2674000670-00&ServiceCd=150&Type=search", "url2": "http://www.possible-kyoto.com/" }, "geometry": { "type": "Point", "coordinates": [ 135.708824700000037, 34.9813757 ] } },
{ "type": "Feature", "properties": { "内容": "日新デイサービスセンター【通所介護】京都府福知山市桔梗が丘1丁目6番地3", "url": "https://www.kaigokensaku.mhlw.go.jp/26/index.php?action_kouhyou_detail_004_kani=true&JigyosyoCd=2672600695-00&ServiceCd=150&Type=search", "url2": "http://nissinkirameki.com" }, "geometry": { "type": "Point", "coordinates": [ 135.171007373541187, 35.287125574835031 ] } },
{ "type": "Feature", "properties": { "内容": "厚デイサービスセンター【通所介護】京都府福知山市厚東町74-1", "url": "https://www.kaigokensaku.mhlw.go.jp/26/index.php?action_kouhyou_detail_004_kani=true&JigyosyoCd=2672600265-00&ServiceCd=150&Type=search", "url2": "https://swc-seikouen.jp/shihoukan/service/service07.html" }, "geometry": { "type": "Point", "coordinates": [ 135.113908400000014, 35.3029878 ] } },
{ "type": "Feature", "properties": { "内容": "福知山市デイサービスセンター　　　ほほえみの里【通所介護】京都府福知山市字長田小字松山下238番地4", "url": "https://www.kaigokensaku.mhlw.go.jp/26/index.php?action_kouhyou_detail_004_kani=true&JigyosyoCd=2672600349-00&ServiceCd=150&Type=search", "url2": "http://www.fukugaku.or.jp/" }, "geometry": { "type": "Point", "coordinates": [ 135.173404898236072, 35.272953095616074 ] } },
{ "type": "Feature", "properties": { "内容": "岩戸ホーム【通所介護】京都府福知山市字猪野々31-1", "url": "https://www.kaigokensaku.mhlw.go.jp/26/index.php?action_kouhyou_detail_004_kani=true&JigyosyoCd=2672600083-00&ServiceCd=150&Type=search", "url2": "https://swc-seikouen.jp/iwato/" }, "geometry": { "type": "Point", "coordinates": [ 135.043047900000033, 35.3280343 ] } },
{ "type": "Feature", "properties": { "内容": "社会福祉法人　福知山シルバー　ニコニコハウス　デイサービスセンター【通所介護】京都府福知山市字牧小字狭間250番地5ニコニコハウス", "url": "https://www.kaigokensaku.mhlw.go.jp/26/index.php?action_kouhyou_detail_004_kani=true&JigyosyoCd=2672600125-00&ServiceCd=150&Type=search", "url2": "http://www.nikonikoplaza.com/f-silver/fukuchiyama-silver-indx.html" }, "geometry": { "type": "Point", "coordinates": [ 135.097782697270191, 35.332344494165525 ] } },
{ "type": "Feature", "properties": { "内容": "デイサービスセンターかなや三丁目【通所介護】京都府福知山市大江町金屋724番地", "url": "https://www.kaigokensaku.mhlw.go.jp/26/index.php?action_kouhyou_detail_004_kani=true&JigyosyoCd=2672500184-00&ServiceCd=150&Type=search", "url2": "http://blog.livedoor.jp/f_yumekoubou/" }, "geometry": { "type": "Point", "coordinates": [ 135.157983100000024, 35.3925447 ] } },
{ "type": "Feature", "properties": { "内容": "三愛荘指定通所介護事業所【通所介護】福知山市字猪崎25-1", "url": "https://www.kaigokensaku.mhlw.go.jp/26/index.php?action_kouhyou_detail_004_kani=true&JigyosyoCd=2672600109-00&ServiceCd=150&Type=search", "url2": "http://www.mitsumi.or.jp/" }, "geometry": { "type": "Point", "coordinates": [ 135.142555600000037, 35.30781 ] } },
{ "type": "Feature", "properties": { "内容": "駅南ニコニコハウス【通所介護】京都府福知山市駅南町2丁目270番地", "url": "https://www.kaigokensaku.mhlw.go.jp/26/index.php?action_kouhyou_detail_004_kani=true&JigyosyoCd=2672600323-00&ServiceCd=150&Type=search", "url2": null }, "geometry": { "type": "Point", "coordinates": [ 135.118227599999955, 35.2941946 ] } },
{ "type": "Feature", "properties": { "内容": "福知山市三和町高齢者生活福祉センター・老人デイサービスセンター【通所介護】福知山市三和町千束375番地", "url": "https://www.kaigokensaku.mhlw.go.jp/26/index.php?action_kouhyou_detail_004_kani=true&JigyosyoCd=2672600430-00&ServiceCd=150&Type=search", "url2": null }, "geometry": { "type": "Point", "coordinates": [ 135.23298879999993, 35.2153541 ] } },
{ "type": "Feature", "properties": { "内容": "社会福祉法人　成光苑　サンヒルズ紫豊館【通所介護】京都府福知山字榎原小字平180-2", "url": "https://www.kaigokensaku.mhlw.go.jp/26/index.php?action_kouhyou_detail_004_kani=true&JigyosyoCd=2672600075-00&ServiceCd=150&Type=search", "url2": "http://www.shihoukan.jp/" }, "geometry": { "type": "Point", "coordinates": [ 135.126562799999988, 35.2967 ] } },
{ "type": "Feature", "properties": { "内容": "夜久野デイサービスセンター【通所介護】京都府福知山市夜久野町平野1030番地", "url": "https://www.kaigokensaku.mhlw.go.jp/26/index.php?action_kouhyou_detail_004_kani=true&JigyosyoCd=2671900054-00&ServiceCd=150&Type=search", "url2": "http://www.greenvilla.kyoto.jp/" }, "geometry": { "type": "Point", "coordinates": [ 134.9356593, 35.344289 ] } },
{ "type": "Feature", "properties": { "内容": "デイサービス豊の郷【通所介護】京都府福知山市字大門900番地", "url": "https://www.kaigokensaku.mhlw.go.jp/26/index.php?action_kouhyou_detail_004_kani=true&JigyosyoCd=2672600448-00&ServiceCd=150&Type=search", "url2": "http://www.kibounooka.or.jp" }, "geometry": { "type": "Point", "coordinates": [ 135.078006499999987, 35.3040235 ] } },
{ "type": "Feature", "properties": { "内容": "大江デイサービスセンター【通所介護】大江町二俣1607", "url": "https://www.kaigokensaku.mhlw.go.jp/26/index.php?action_kouhyou_detail_004_kani=true&JigyosyoCd=2672500176-00&ServiceCd=150&Type=search", "url2": "http://www.isuzukai.org/" }, "geometry": { "type": "Point", "coordinates": [ 135.158376800000042, 35.4184222 ] } },
{ "type": "Feature", "properties": { "内容": "リハプライド福知山【通所介護】堀小字草木2311-4", "url": "https://www.kaigokensaku.mhlw.go.jp/26/index.php?action_kouhyou_detail_004_kani=true&JigyosyoCd=2672600703-00&ServiceCd=150&Type=search", "url2": "https://www.rehapride.co.jp" }, "geometry": { "type": "Point", "coordinates": [ 135.1348051, 35.2916401 ] } },
{ "type": "Feature", "properties": { "内容": "土ニコニコハウス　デイサービスセンター【通所介護】京都府福知山市字土小字山ノ下60番地", "url": "https://www.kaigokensaku.mhlw.go.jp/26/index.php?action_kouhyou_detail_004_kani=true&JigyosyoCd=2672600273-00&ServiceCd=150&Type=search", "url2": "http://www.nikonikoplaza.com/f-silver/fukuchiyama-silver-indx.html" }, "geometry": { "type": "Point", "coordinates": [ 135.126562799999988, 35.2967 ] } },
{ "type": "Feature", "properties": { "内容": "デイサービス花信風おさだ【通所介護】京都府福知山市長田南1900‐6", "url": "https://www.kaigokensaku.mhlw.go.jp/26/index.php?action_kouhyou_detail_004_kani=true&JigyosyoCd=2672600745-00&ServiceCd=150&Type=search", "url2": "https://kashinfu-osada.jp/" }, "geometry": { "type": "Point", "coordinates": [ 135.177855864418007, 35.270659592324776 ] } },
{ "type": "Feature", "properties": { "内容": "ミストラルもえぎの里【通所介護】字戸田743-4", "url": "https://www.kaigokensaku.mhlw.go.jp/26/index.php?action_kouhyou_detail_004_kani=true&JigyosyoCd=2672600588-00&ServiceCd=150&Type=search", "url2": "http://mistralservice.co.jp/" }, "geometry": { "type": "Point", "coordinates": [ 135.1752166, 35.3078916 ] } },
{ "type": "Feature", "properties": { "内容": "デイサービス粋生倶楽部　東舞鶴【通所介護】森本町24-1崎山ビル1F", "url": "https://www.kaigokensaku.mhlw.go.jp/26/index.php?action_kouhyou_detail_004_kani=true&JigyosyoCd=2672700636-00&ServiceCd=150&Type=search", "url2": null }, "geometry": { "type": "Point", "coordinates": [ 135.39286960000004, 35.4631925 ] } },
{ "type": "Feature", "properties": { "内容": "舞鶴市南デイサービスセンター【通所介護】京都府舞鶴市大字行永小字青山1090番地30", "url": "https://www.kaigokensaku.mhlw.go.jp/26/index.php?action_kouhyou_detail_004_kani=true&JigyosyoCd=2672700024-00&ServiceCd=150&Type=search", "url2": "http://www.10ocn.ne.jp/^yasuragi" }, "geometry": { "type": "Point", "coordinates": [ 135.396299529244288, 35.447547549478863 ] } },
{ "type": "Feature", "properties": { "内容": "デイサービスセンターやすらぎ【通所介護】舞鶴市字安岡小字中山1076番地", "url": "https://www.kaigokensaku.mhlw.go.jp/26/index.php?action_kouhyou_detail_004_kani=true&JigyosyoCd=2672700016-00&ServiceCd=150&Type=search", "url2": "http://www10.ocn.ne.jp/~yasuragi" }, "geometry": { "type": "Point", "coordinates": [ 135.433290299999953, 35.4821964 ] } },
{ "type": "Feature", "properties": { "内容": "社会医療法人社団　正峰会　デイサービスセンターせいほう【通所介護】京都府舞鶴市字引土19-5グランマーレせいほう（２F）", "url": "https://www.kaigokensaku.mhlw.go.jp/26/index.php?action_kouhyou_detail_004_kani=true&JigyosyoCd=2672700677-00&ServiceCd=150&Type=search", "url2": "https://seihoukai-grp.jp" }, "geometry": { "type": "Point", "coordinates": [ 135.3288407, 35.441664400000015 ] } },
{ "type": "Feature", "properties": { "内容": "デイサービスあっぷる【通所介護】舞鶴市田中町15番11", "url": "https://www.kaigokensaku.mhlw.go.jp/26/index.php?action_kouhyou_detail_004_kani=true&JigyosyoCd=2672700206-00&ServiceCd=150&Type=search", "url2": "http://www.heiwa-wel.co.jp/index.htm" }, "geometry": { "type": "Point", "coordinates": [ 135.418512918386796, 35.483118766504361 ] } },
{ "type": "Feature", "properties": { "内容": "デイサービスセンター安寿【通所介護】京都府舞鶴市上安481番地", "url": "https://www.kaigokensaku.mhlw.go.jp/26/index.php?action_kouhyou_detail_004_kani=true&JigyosyoCd=2672700032-00&ServiceCd=150&Type=search", "url2": "https://maizuru-anjukai.net/" }, "geometry": { "type": "Point", "coordinates": [ 135.344651500000026, 35.455596 ] } },
{ "type": "Feature", "properties": { "内容": "デイサービスセンター　真愛の家【通所介護】京都府舞鶴市字上安小字中ノ脇1697番地36", "url": "https://www.kaigokensaku.mhlw.go.jp/26/index.php?action_kouhyou_detail_004_kani=true&JigyosyoCd=2672700040-00&ServiceCd=150&Type=search", "url2": "http://www.sinainoie.org" }, "geometry": { "type": "Point", "coordinates": [ 135.385991800000056, 35.4747971 ] } },
{ "type": "Feature", "properties": { "内容": "デイサービスセンターグリーンプラザ博愛【通所介護】京都府舞鶴市字市場390番地", "url": "https://www.kaigokensaku.mhlw.go.jp/26/index.php?action_kouhyou_detail_004_kani=true&JigyosyoCd=2672700164-00&ServiceCd=150&Type=search", "url2": "http://www.hakuaien.jp" }, "geometry": { "type": "Point", "coordinates": [ 135.416739, 35.4752888 ] } },
{ "type": "Feature", "properties": { "内容": "舞鶴市中デイサービスセンター【通所介護】京都府舞鶴市余部下1167番地舞鶴市中総合会館1F", "url": "https://www.kaigokensaku.mhlw.go.jp/26/index.php?action_kouhyou_detail_004_kani=true&JigyosyoCd=2672700248-00&ServiceCd=150&Type=search", "url2": "https://maizuru-anjukai.net/" }, "geometry": { "type": "Point", "coordinates": [ 135.3678711, 35.4759465 ] } },
{ "type": "Feature", "properties": { "内容": "舞鶴市加佐デイサービスセンター【通所介護】京都府舞鶴市字八田962番地", "url": "https://www.kaigokensaku.mhlw.go.jp/26/index.php?action_kouhyou_detail_004_kani=true&JigyosyoCd=2672700446-00&ServiceCd=150&Type=search", "url2": "http://www.maimu.jp/" }, "geometry": { "type": "Point", "coordinates": [ 135.263414900000043, 35.4533114 ] } },
{ "type": "Feature", "properties": { "内容": "デイサービスセンターてとて【通所介護】京都府舞鶴市七日市３４９番地１", "url": "https://www.kaigokensaku.mhlw.go.jp/26/index.php?action_kouhyou_detail_004_kani=true&JigyosyoCd=2672700339-00&ServiceCd=150&Type=search", "url2": "http://www." }, "geometry": { "type": "Point", "coordinates": [ 135.33230869999997, 35.4279943 ] } },
{ "type": "Feature", "properties": { "内容": "リハプライド東舞鶴【通所介護】京都府舞鶴市字森２１７－３", "url": "https://www.kaigokensaku.mhlw.go.jp/26/index.php?action_kouhyou_detail_004_kani=true&JigyosyoCd=2672700594-00&ServiceCd=150&Type=search", "url2": "http://www.rehapride.co.jp/higashimaizuru/" }, "geometry": { "type": "Point", "coordinates": [ 135.394680200000039, 35.4588574 ] } },
{ "type": "Feature", "properties": { "内容": "医療法人岸本病院　デイサービスセンターハーティ【通所介護】舞鶴市南浜町1番地の3医療法人岸本病院在宅ケアセンター　ハーティ", "url": "https://www.kaigokensaku.mhlw.go.jp/26/index.php?action_kouhyou_detail_004_kani=true&JigyosyoCd=2672700321-00&ServiceCd=150&Type=search", "url2": "http://www.kisimoto-hp.jp/" }, "geometry": { "type": "Point", "coordinates": [ 135.3966408, 35.4698144 ] } },
{ "type": "Feature", "properties": { "内容": "デイサービスセンターてぃーだ【通所介護】京都府綾部市黒谷町東谷10", "url": "https://www.kaigokensaku.mhlw.go.jp/26/index.php?action_kouhyou_detail_004_kani=true&JigyosyoCd=2671800395-00&ServiceCd=150&Type=search", "url2": "https://dayservice-tiida.com" }, "geometry": { "type": "Point", "coordinates": [ 135.313132, 35.380302 ] } },
{ "type": "Feature", "properties": { "内容": "ニチイケアセンター舞鶴【通所介護】京都府舞鶴市喜多１１０５－１　舞鶴２１ビル１Ｆ・３Ｆ", "url": "https://www.kaigokensaku.mhlw.go.jp/26/index.php?action_kouhyou_detail_004_kani=true&JigyosyoCd=2672700156-00&ServiceCd=150&Type=search", "url2": null }, "geometry": { "type": "Point", "coordinates": [ 135.312876800000026, 35.4511933 ] } },
{ "type": "Feature", "properties": { "内容": "高齢者支援センタ－松寿苑デイサ－ビスセンタ－【通所介護】京都府綾部市八津合町寺町1番地1・25番地", "url": "https://www.kaigokensaku.mhlw.go.jp/26/index.php?action_kouhyou_detail_004_kani=true&JigyosyoCd=2671800130-00&ServiceCd=150&Type=search", "url2": "http://www.asjn.jp/" }, "geometry": { "type": "Point", "coordinates": [ 135.402188600000045, 35.36235 ] } },
{ "type": "Feature", "properties": { "内容": "社会福祉法人　どんぐりの家通所介護事業所【通所介護】里町向屋敷33番地", "url": "https://www.kaigokensaku.mhlw.go.jp/26/index.php?action_kouhyou_detail_004_kani=true&JigyosyoCd=2671800296-00&ServiceCd=150&Type=search", "url2": "http://dongurinoie.sakura.ne.jp" }, "geometry": { "type": "Point", "coordinates": [ 135.259817399999946, 35.3148616 ] } },
{ "type": "Feature", "properties": { "内容": "ミストラル介護センター綾部【通所介護】京都府綾部市栗町土居ノ内31番地", "url": "https://www.kaigokensaku.mhlw.go.jp/26/index.php?action_kouhyou_detail_004_kani=true&JigyosyoCd=2671800189-00&ServiceCd=150&Type=search", "url2": "http://www.mistralservice.co.jp/" }, "geometry": { "type": "Point", "coordinates": [ 135.22428119999995, 35.3159055 ] } },
{ "type": "Feature", "properties": { "内容": "公益社団法人京都保健会あやべ協立診療所【通所介護】京都府綾部市駅前通1あやべ協立診療所", "url": "https://www.kaigokensaku.mhlw.go.jp/26/index.php?action_kouhyou_detail_004_kani=true&JigyosyoCd=2611801131-00&ServiceCd=150&Type=search", "url2": "http://www.kyoto-hokenkai.or.jp/ayabe/" }, "geometry": { "type": "Point", "coordinates": [ 135.2524042, 35.299274600000011 ] } },
{ "type": "Feature", "properties": { "内容": "ニチイケアセンター綾部【通所介護】京都府綾部市青野町舘ノ後47番地", "url": "https://www.kaigokensaku.mhlw.go.jp/26/index.php?action_kouhyou_detail_004_kani=true&JigyosyoCd=2671800106-00&ServiceCd=150&Type=search", "url2": "http://www.nichiigakkan.co.jp" }, "geometry": { "type": "Point", "coordinates": [ 135.2623423, 35.3031769 ] } },
{ "type": "Feature", "properties": { "内容": "社協の家つどい【通所介護】京都府綾部市上杉町宮ノ谷10番地社協の家　つどい", "url": "https://www.kaigokensaku.mhlw.go.jp/26/index.php?action_kouhyou_detail_004_kani=true&JigyosyoCd=2671800056-00&ServiceCd=150&Type=search", "url2": "http://www.ayabe-shakyo.or.jp" }, "geometry": { "type": "Point", "coordinates": [ 135.309659659604392, 35.352208205602139 ] } },
{ "type": "Feature", "properties": { "内容": "社協の家なごみ【通所介護】綾部市志賀郷町下町３", "url": "https://www.kaigokensaku.mhlw.go.jp/26/index.php?action_kouhyou_detail_004_kani=true&JigyosyoCd=2671800171-00&ServiceCd=150&Type=search", "url2": "http://www.ayabe-shakyo.or.jp" }, "geometry": { "type": "Point", "coordinates": [ 135.240862, 35.3676404 ] } },
{ "type": "Feature", "properties": { "内容": "綾部東部デイサービスセンター【通所介護】京都府綾部市十倉名畑町欠戸２９番地の１", "url": "https://www.kaigokensaku.mhlw.go.jp/26/index.php?action_kouhyou_detail_004_kani=true&JigyosyoCd=2671800239-00&ServiceCd=150&Type=search", "url2": "http://www.kyoto-chogen.or.jp/ikoi" }, "geometry": { "type": "Point", "coordinates": [ 135.346559353494513, 35.336171393329494 ] } },
{ "type": "Feature", "properties": { "内容": "綾部デイサービスセンター【通所介護】京都府綾部市田野町田野山2番地169", "url": "https://www.kaigokensaku.mhlw.go.jp/26/index.php?action_kouhyou_detail_004_kani=true&JigyosyoCd=2671800031-00&ServiceCd=150&Type=search", "url2": "http://www.asjn.jp" }, "geometry": { "type": "Point", "coordinates": [ 135.248691, 35.2870483 ] } },
{ "type": "Feature", "properties": { "内容": "特定非営利活動法人南京都福祉センター【通所介護】京都府宇治市伊勢田町浮面28-8", "url": "https://www.kaigokensaku.mhlw.go.jp/26/index.php?action_kouhyou_detail_004_kani=true&JigyosyoCd=2671200760-00&ServiceCd=150&Type=search", "url2": null }, "geometry": { "type": "Point", "coordinates": [ 135.766310200000021, 34.8863908 ] } },
{ "type": "Feature", "properties": { "内容": "医療法人徳洲会　デイサービスセンター　巨椋の郷【通所介護】京都府宇治市槇島町一ノ坪26-3", "url": "https://www.kaigokensaku.mhlw.go.jp/26/index.php?action_kouhyou_detail_004_kani=true&JigyosyoCd=2671201511-00&ServiceCd=150&Type=search", "url2": null }, "geometry": { "type": "Point", "coordinates": [ 135.782341530688484, 34.903943569945106 ] } },
{ "type": "Feature", "properties": { "内容": "宇治明星園白川デイサービスセンター【通所介護】京都府宇治市白川鍋倉山22番地10", "url": "https://www.kaigokensaku.mhlw.go.jp/26/index.php?action_kouhyou_detail_004_kani=true&JigyosyoCd=2671200091-00&ServiceCd=150&Type=search", "url2": "http://www.myoujyo.or.jp" }, "geometry": { "type": "Point", "coordinates": [ 135.812742500000013, 34.8651127 ] } },
{ "type": "Feature", "properties": { "内容": "ロイヤルひらおだい通所介護事業所【通所介護】京都府宇治市平尾台1丁目24-1", "url": "https://www.kaigokensaku.mhlw.go.jp/26/index.php?action_kouhyou_detail_004_kani=true&JigyosyoCd=2671201339-00&ServiceCd=150&Type=search", "url2": "https://royalishigaki.wixsite.com/royalhiraodai" }, "geometry": { "type": "Point", "coordinates": [ 135.814238100000011, 34.9279557 ] } },
{ "type": "Feature", "properties": { "内容": "デイサービス　花咲里【通所介護】京都府宇治市伊勢田町毛語76-1", "url": "https://www.kaigokensaku.mhlw.go.jp/26/index.php?action_kouhyou_detail_004_kani=true&JigyosyoCd=2671200489-00&ServiceCd=150&Type=search", "url2": "https://day-kazari.com/" }, "geometry": { "type": "Point", "coordinates": [ 135.773340299999973, 34.8838078 ] } },
{ "type": "Feature", "properties": { "内容": "ツクイ宇治神明【通所介護】神明宮東10", "url": "https://www.kaigokensaku.mhlw.go.jp/26/index.php?action_kouhyou_detail_004_kani=true&JigyosyoCd=2671201248-00&ServiceCd=150&Type=search", "url2": "http://www.tsukui.net" }, "geometry": { "type": "Point", "coordinates": [ 135.7919128, 34.8812457 ] } },
{ "type": "Feature", "properties": { "内容": "NEXTみらい【通所介護】京都府宇治市木幡正中46-17", "url": "https://www.kaigokensaku.mhlw.go.jp/26/index.php?action_kouhyou_detail_004_kani=true&JigyosyoCd=2671201362-00&ServiceCd=150&Type=search", "url2": null }, "geometry": { "type": "Point", "coordinates": [ 135.800258899999989, 34.9294879 ] } },
{ "type": "Feature", "properties": { "内容": "洛和デイセンター宇治【通所介護】宇治市宇治山本25-2", "url": "https://www.kaigokensaku.mhlw.go.jp/26/index.php?action_kouhyou_detail_004_kani=true&JigyosyoCd=2671200471-00&ServiceCd=150&Type=search", "url2": "http://www.rakuwa.or,jp" }, "geometry": { "type": "Point", "coordinates": [ 135.810272480762137, 34.894517351375718 ] } },
{ "type": "Feature", "properties": { "内容": "デイサービスまごころ宇治【通所介護】京都府宇治市神明石塚59番地1", "url": "https://www.kaigokensaku.mhlw.go.jp/26/index.php?action_kouhyou_detail_004_kani=true&JigyosyoCd=2671200497-00&ServiceCd=150&Type=search", "url2": "https://www.micro-fukushikai.or.jp/" }, "geometry": { "type": "Point", "coordinates": [ 135.787050200000067, 34.8845799 ] } },
{ "type": "Feature", "properties": { "内容": "医療法人弥生会デイサービスセンター菩提樹【通所介護】京都府宇治市菟道平町１７", "url": "https://www.kaigokensaku.mhlw.go.jp/26/index.php?action_kouhyou_detail_004_kani=true&JigyosyoCd=2611202967-00&ServiceCd=150&Type=search", "url2": "http://www.yayoikai-uji.com/" }, "geometry": { "type": "Point", "coordinates": [ 135.804308600000013, 34.902056 ] } },
{ "type": "Feature", "properties": { "内容": "一般財団法人宇治市福祉サービス公社東宇治デイサービスセンター【通所介護】京都府宇治市五ケ庄折坂5－149", "url": "https://www.kaigokensaku.mhlw.go.jp/26/index.php?action_kouhyou_detail_004_kani=true&JigyosyoCd=2671200075-00&ServiceCd=150&Type=search", "url2": "http://www.poppo.or.jp" }, "geometry": { "type": "Point", "coordinates": [ 135.806391699999949, 34.9076778 ] } },
{ "type": "Feature", "properties": { "内容": "一般財団法人宇治市福祉サービス公社　広野デイサービスセンター【通所介護】京都府宇治市広野町大開72-1", "url": "https://www.kaigokensaku.mhlw.go.jp/26/index.php?action_kouhyou_detail_004_kani=true&JigyosyoCd=2671200240-00&ServiceCd=150&Type=search", "url2": "http://www.poppo.or.jp" }, "geometry": { "type": "Point", "coordinates": [ 135.792364, 34.8752616 ] } },
{ "type": "Feature", "properties": { "内容": "デイサービスいこい【通所介護】京都府宇治市大久保町旦椋80-8TSレジデンス宇治1-A", "url": "https://www.kaigokensaku.mhlw.go.jp/26/index.php?action_kouhyou_detail_004_kani=true&JigyosyoCd=2671201453-00&ServiceCd=150&Type=search", "url2": "http://dararian317317.wixsite.com/my-site-2" }, "geometry": { "type": "Point", "coordinates": [ 135.7621317, 34.8717783 ] } },
{ "type": "Feature", "properties": { "内容": "宇治市小倉デイサービスセンター【通所介護】京都府宇治市小倉町西畑1－4宇治市立小倉小学校敷地内", "url": "https://www.kaigokensaku.mhlw.go.jp/26/index.php?action_kouhyou_detail_004_kani=true&JigyosyoCd=2671200059-00&ServiceCd=150&Type=search", "url2": "http://www.myoujyo.or.jp" }, "geometry": { "type": "Point", "coordinates": [ 135.782597600000031, 34.8877878 ] } },
{ "type": "Feature", "properties": { "内容": "デイサービスセンター　さわらび園【通所介護】宇治市槙島町郡50-1", "url": "https://www.kaigokensaku.mhlw.go.jp/26/index.php?action_kouhyou_detail_004_kani=true&JigyosyoCd=2671200141-00&ServiceCd=150&Type=search", "url2": "http://www.sawarabi.or.jp/" }, "geometry": { "type": "Point", "coordinates": [ 135.792054199999939, 34.9029278 ] } },
{ "type": "Feature", "properties": { "内容": "デイサービスセンターハーモニーこはた【通所介護】京都府宇治市木幡金草原43番地", "url": "https://www.kaigokensaku.mhlw.go.jp/26/index.php?action_kouhyou_detail_004_kani=true&JigyosyoCd=2671200174-00&ServiceCd=150&Type=search", "url2": "http://www.kurashino-harmony.or.jp" }, "geometry": { "type": "Point", "coordinates": [ 135.806555600000024, 34.92674 ] } },
{ "type": "Feature", "properties": { "内容": "デイサービスセンターヴィラ鳳凰【通所介護】京都府宇治市宇治里尻36番35", "url": "https://www.kaigokensaku.mhlw.go.jp/26/index.php?action_kouhyou_detail_004_kani=true&JigyosyoCd=2671200554-00&ServiceCd=150&Type=search", "url2": "https://www.takedahp.or.jp/group/welfare/kyotoninchisho02/day.html" }, "geometry": { "type": "Point", "coordinates": [ 135.801778799999965, 34.8929819 ] } },
{ "type": "Feature", "properties": { "内容": "笠取ふれあい福祉センター　デイサービスセンター【通所介護】京都府宇治市西笠取下荘川西7番地の2", "url": "https://www.kaigokensaku.mhlw.go.jp/26/index.php?action_kouhyou_detail_004_kani=true&JigyosyoCd=2671200893-00&ServiceCd=150&Type=search", "url2": "http://www.uji-hosp.or.jp/" }, "geometry": { "type": "Point", "coordinates": [ 135.854366199999959, 34.9261356 ] } },
{ "type": "Feature", "properties": { "内容": "デイサービス　みやび【通所介護】京都府宇治市宇治戸ノ内５６番地", "url": "https://www.kaigokensaku.mhlw.go.jp/26/index.php?action_kouhyou_detail_004_kani=true&JigyosyoCd=2671200406-00&ServiceCd=150&Type=search", "url2": "http://www.with-miyabi.jp" }, "geometry": { "type": "Point", "coordinates": [ 135.797418276165814, 34.89067159676312 ] } },
{ "type": "Feature", "properties": { "内容": "ミライム【通所介護】京都府宇治市宇治戸ノ内５６－７", "url": "https://www.kaigokensaku.mhlw.go.jp/26/index.php?action_kouhyou_detail_004_kani=true&JigyosyoCd=2671201487-00&ServiceCd=150&Type=search", "url2": "https://www.with-miraimu.jp" }, "geometry": { "type": "Point", "coordinates": [ 135.797305539217376, 34.890665401107462 ] } },
{ "type": "Feature", "properties": { "内容": "デイサービスセンターきさと【通所介護】京都府宇治市木幡中村37-7", "url": "https://www.kaigokensaku.mhlw.go.jp/26/index.php?action_kouhyou_detail_004_kani=true&JigyosyoCd=2671200935-00&ServiceCd=150&Type=search", "url2": "http://www.kisatoen.com/care/dayservice.html" }, "geometry": { "type": "Point", "coordinates": [ 135.79760727605742, 34.921548662400568 ] } },
{ "type": "Feature", "properties": { "内容": "iホットデイサービスセンター【通所介護】神明宮北31-1", "url": "https://www.kaigokensaku.mhlw.go.jp/26/index.php?action_kouhyou_detail_004_kani=true&JigyosyoCd=2671201180-00&ServiceCd=150&Type=search", "url2": "ihotto-day.jp" }, "geometry": { "type": "Point", "coordinates": [ 135.788011899999987, 34.8785597 ] } },
{ "type": "Feature", "properties": { "内容": "一般財団法人　宇治市福祉サービス公社　西小倉デイサービスセンター【通所介護】宇治市小倉町山際６３－１", "url": "https://www.kaigokensaku.mhlw.go.jp/26/index.php?action_kouhyou_detail_004_kani=true&JigyosyoCd=2671200083-00&ServiceCd=150&Type=search", "url2": "http://www.poppo.or.jp" }, "geometry": { "type": "Point", "coordinates": [ 135.775398200000041, 34.8885433 ] } },
{ "type": "Feature", "properties": { "内容": "平盛デイサービスセンター【通所介護】宇治市大久保町平盛91-3", "url": "https://www.kaigokensaku.mhlw.go.jp/26/index.php?action_kouhyou_detail_004_kani=true&JigyosyoCd=2671200018-00&ServiceCd=150&Type=search", "url2": "https://fudouen.com/" }, "geometry": { "type": "Point", "coordinates": [ 135.763828099999955, 34.8702761 ] } },
{ "type": "Feature", "properties": { "内容": "デイサービスセンター　ナービス宇治【通所介護】京都府宇治市莵道田中20番地1", "url": "https://www.kaigokensaku.mhlw.go.jp/26/index.php?action_kouhyou_detail_004_kani=true&JigyosyoCd=2671201651-00&ServiceCd=150&Type=search", "url2": "https://joylife.alsok.co.jp" }, "geometry": { "type": "Point", "coordinates": [ 135.8089563, 34.8979513 ] } },
{ "type": "Feature", "properties": { "内容": "デイサービスまごころ大久保【通所介護】京都府宇治市広野町東裏108－4", "url": "https://www.kaigokensaku.mhlw.go.jp/26/index.php?action_kouhyou_detail_004_kani=true&JigyosyoCd=2671200562-00&ServiceCd=150&Type=search", "url2": "https://www.micro-fukushikai.or.jp/" }, "geometry": { "type": "Point", "coordinates": [ 135.781880331304933, 34.875178952679804 ] } },
{ "type": "Feature", "properties": { "内容": "レッツ倶楽部べっぷ神明【通所介護】京都府宇治市神明宮東14-1宇治神明ビル2F", "url": "https://www.kaigokensaku.mhlw.go.jp/26/index.php?action_kouhyou_detail_004_kani=true&JigyosyoCd=2671201602-00&ServiceCd=150&Type=search", "url2": "https://www.lets-club.jp/shop/beppuujishiyakushomae/" }, "geometry": { "type": "Point", "coordinates": [ 135.791869740939319, 34.880968883855033 ] } },
{ "type": "Feature", "properties": { "内容": "天橋園通所介護事業所【通所介護】京都府宮津市字宮村1277番地", "url": "https://www.kaigokensaku.mhlw.go.jp/26/index.php?action_kouhyou_detail_004_kani=true&JigyosyoCd=2672100027-00&ServiceCd=150&Type=search", "url2": "http://www.hokuseikai.or.jp/" }, "geometry": { "type": "Point", "coordinates": [ 135.200727358622316, 35.530719935372375 ] } },
{ "type": "Feature", "properties": { "内容": "はまなす苑通所介護事業所【通所介護】京都府宮津市字由良1289番地の1", "url": "https://www.kaigokensaku.mhlw.go.jp/26/index.php?action_kouhyou_detail_004_kani=true&JigyosyoCd=2672100043-00&ServiceCd=150&Type=search", "url2": "http://www.hokuseikai.or.jp" }, "geometry": { "type": "Point", "coordinates": [ 135.2817956, 35.5182223 ] } },
{ "type": "Feature", "properties": { "内容": "天橋の郷通所介護事業所【通所介護】京都府宮津市字獅子190番地の4", "url": "https://www.kaigokensaku.mhlw.go.jp/26/index.php?action_kouhyou_detail_004_kani=true&JigyosyoCd=2672100092-00&ServiceCd=150&Type=search", "url2": "http://www.hokuseikai.or.jp/tenkyonosato/" }, "geometry": { "type": "Point", "coordinates": [ 135.224325, 35.5616404 ] } },
{ "type": "Feature", "properties": { "内容": "オーチャード・ケア株式会社　通所介護　オーチャード天橋立【通所介護】京都府宮津市字万年小字赤岩１０６０番地１オーチャード天橋立", "url": "https://www.kaigokensaku.mhlw.go.jp/26/index.php?action_kouhyou_detail_004_kani=true&JigyosyoCd=2672100167-00&ServiceCd=150&Type=search", "url2": "http://amanohashidate.orchard-care.co.jp" }, "geometry": { "type": "Point", "coordinates": [ 135.195566500000041, 35.5355767 ] } },
{ "type": "Feature", "properties": { "内容": "デイサービスセンター青嵐荘【通所介護】京都府宮津市字日置７８０番地", "url": "https://www.kaigokensaku.mhlw.go.jp/26/index.php?action_kouhyou_detail_004_kani=true&JigyosyoCd=2672100068-00&ServiceCd=150&Type=search", "url2": "http://www.seiransou.jp/" }, "geometry": { "type": "Point", "coordinates": [ 135.21680230000004, 35.6037805 ] } },
{ "type": "Feature", "properties": { "内容": "デイサービスセンターあさひ【通所介護】京都府亀岡市篠町柏原久保垣内1-3オプトカワモトビル１階", "url": "https://www.kaigokensaku.mhlw.go.jp/26/index.php?action_kouhyou_detail_004_kani=true&JigyosyoCd=2671600779-00&ServiceCd=150&Type=search", "url2": "http://deiasahi01.hp.peraichi.com" }, "geometry": { "type": "Point", "coordinates": [ 135.599216399999989, 35.0096089 ] } },
{ "type": "Feature", "properties": { "内容": "あおばリハビリデイサービスセンター【通所介護】京都府亀岡市三宅町2丁目10‐5", "url": "https://www.kaigokensaku.mhlw.go.jp/26/index.php?action_kouhyou_detail_004_kani=true&JigyosyoCd=2671600621-00&ServiceCd=150&Type=search", "url2": "https://care-net.biz/26/aoba1205/b16.php" }, "geometry": { "type": "Point", "coordinates": [ 135.590105095492618, 35.005846785829767 ] } },
{ "type": "Feature", "properties": { "内容": "亀岡友愛園【通所介護】京都府亀岡市本梅町ナベ倉11", "url": "https://www.kaigokensaku.mhlw.go.jp/26/index.php?action_kouhyou_detail_004_kani=true&JigyosyoCd=2671600019-00&ServiceCd=150&Type=search", "url2": "http://www.yuaien.or.jp" }, "geometry": { "type": "Point", "coordinates": [ 135.494016500000043, 35.0200016 ] } },
{ "type": "Feature", "properties": { "内容": "ムツミ病院　デイサービス【通所介護】京都府亀岡市下矢田町君塚8番地", "url": "https://www.kaigokensaku.mhlw.go.jp/26/index.php?action_kouhyou_detail_004_kani=true&JigyosyoCd=2611600558-00&ServiceCd=150&Type=search", "url2": "htto://www.eonet.ne.jp/~mutumihp" }, "geometry": { "type": "Point", "coordinates": [ 135.577814473680036, 35.002102005839369 ] } },
{ "type": "Feature", "properties": { "内容": "第二亀岡園デイサービスセンター【通所介護】京都府亀岡市ひえ田野町奥条古畑2番地", "url": "https://www.kaigokensaku.mhlw.go.jp/26/index.php?action_kouhyou_detail_004_kani=true&JigyosyoCd=2671600035-00&ServiceCd=150&Type=search", "url2": "http://www.rishoukai.com/" }, "geometry": { "type": "Point", "coordinates": [ 135.50986469999998, 35.0297009 ] } },
{ "type": "Feature", "properties": { "内容": "医療法人　亀岡病院　はたごデイサービスセンター【通所介護】亀岡市新町15", "url": "https://www.kaigokensaku.mhlw.go.jp/26/index.php?action_kouhyou_detail_004_kani=true&JigyosyoCd=2671600092-00&ServiceCd=150&Type=search", "url2": "http://www.kameokahp.com/establish/kaigoryoyo.html" }, "geometry": { "type": "Point", "coordinates": [ 135.580396831928709, 35.01012634275471 ] } },
{ "type": "Feature", "properties": { "内容": "亀岡あゆみデイサービスセンター【通所介護】亀岡市篠町篠下中筋45番地3", "url": "https://www.kaigokensaku.mhlw.go.jp/26/index.php?action_kouhyou_detail_004_kani=true&JigyosyoCd=2671600118-00&ServiceCd=150&Type=search", "url2": "http://www.kameoka-ayumi.com" }, "geometry": { "type": "Point", "coordinates": [ 135.612760900000012, 35.0048846 ] } },
{ "type": "Feature", "properties": { "内容": "けやきデイサービスセンター【通所介護】亀岡市追分町八ノ坪43-8", "url": "https://www.kaigokensaku.mhlw.go.jp/26/index.php?action_kouhyou_detail_004_kani=true&JigyosyoCd=2671600332-00&ServiceCd=150&Type=search", "url2": "http://www.kameokahp.com" }, "geometry": { "type": "Point", "coordinates": [ 135.5766893, 35.016960599999983 ] } },
{ "type": "Feature", "properties": { "内容": "社会福祉法人亀岡市社会福祉協議会ガレリアかめおかデイサービスセンター【通所介護】京都府亀岡市余部町宝久保1番地の1ガレリアかめおか内", "url": "https://www.kaigokensaku.mhlw.go.jp/26/index.php?action_kouhyou_detail_004_kani=true&JigyosyoCd=2671600027-00&ServiceCd=150&Type=search", "url2": "http://www.fukukame-net.or.jp" }, "geometry": { "type": "Point", "coordinates": [ 135.565573176968428, 35.014825988222647 ] } },
{ "type": "Feature", "properties": { "内容": "医療法人亀岡病院しんまちデイサービスセンター【通所介護】京都府亀岡市新町1-2", "url": "https://www.kaigokensaku.mhlw.go.jp/26/index.php?action_kouhyou_detail_004_kani=true&JigyosyoCd=2671600209-00&ServiceCd=150&Type=search", "url2": "http://www.kameokahp.com/establish/dayservice2.html" }, "geometry": { "type": "Point", "coordinates": [ 135.5806556, 35.0097224 ] } },
{ "type": "Feature", "properties": { "内容": "京都亀岡たなばたの郷デイサービスセンター【通所介護】京都府亀岡市余部町谷川尻１１番地５", "url": "https://www.kaigokensaku.mhlw.go.jp/26/index.php?action_kouhyou_detail_004_kani=true&JigyosyoCd=2671600423-00&ServiceCd=150&Type=search", "url2": "http://www.shinseifukushikai.jp/tanabata" }, "geometry": { "type": "Point", "coordinates": [ 135.5644155, 35.0114695 ] } },
{ "type": "Feature", "properties": { "内容": "デイサービスセンターさくら【通所介護】京都府亀岡市旭町年角27番地3", "url": "https://www.kaigokensaku.mhlw.go.jp/26/index.php?action_kouhyou_detail_004_kani=true&JigyosyoCd=2671600274-00&ServiceCd=150&Type=search", "url2": "http://www." }, "geometry": { "type": "Point", "coordinates": [ 135.563660300000038, 35.0780173 ] } },
{ "type": "Feature", "properties": { "内容": "デイサービスセンターあさひ並河【通所介護】京都府亀岡市大井町並河新戸1-1", "url": "https://www.kaigokensaku.mhlw.go.jp/26/index.php?action_kouhyou_detail_004_kani=true&JigyosyoCd=2671600829-00&ServiceCd=150&Type=search", "url2": null }, "geometry": { "type": "Point", "coordinates": [ 135.5636386, 35.0241228 ] } },
{ "type": "Feature", "properties": { "内容": "かなエルケア城陽久世【通所介護】京都府城陽市久世南垣内174-6", "url": "https://www.kaigokensaku.mhlw.go.jp/26/index.php?action_kouhyou_detail_004_kani=true&JigyosyoCd=2672800360-00&ServiceCd=150&Type=search", "url2": "http://www.kanaejk.com" }, "geometry": { "type": "Point", "coordinates": [ 135.776302, 34.8600242 ] } },
{ "type": "Feature", "properties": { "内容": "通所介護事業所ひだまり【通所介護】京都府城陽市平川浜道裏20-1", "url": "https://www.kaigokensaku.mhlw.go.jp/26/index.php?action_kouhyou_detail_004_kani=true&JigyosyoCd=2672800063-00&ServiceCd=150&Type=search", "url2": "http://joyofukushikai.com/kaigo/tusyo.html" }, "geometry": { "type": "Point", "coordinates": [ 135.765275200000019, 34.8676013 ] } },
{ "type": "Feature", "properties": { "内容": "社会福祉法人　城陽市社会福祉協議会　西部デイサービスセンター【通所介護】京都府城陽市寺田乾出北５５", "url": "https://www.kaigokensaku.mhlw.go.jp/26/index.php?action_kouhyou_detail_004_kani=true&JigyosyoCd=2672800030-00&ServiceCd=150&Type=search", "url2": "http://www.kyoshakyo.or.jp/joyo/introduction/" }, "geometry": { "type": "Point", "coordinates": [ 135.768529230024683, 34.855965419962416 ] } },
{ "type": "Feature", "properties": { "内容": "城陽市立東部デイサービスセンター【通所介護】京都府城陽市久世芝ヶ原6番地の2", "url": "https://www.kaigokensaku.mhlw.go.jp/26/index.php?action_kouhyou_detail_004_kani=true&JigyosyoCd=2672800162-00&ServiceCd=150&Type=search", "url2": "http://www.takedahp.or.jp" }, "geometry": { "type": "Point", "coordinates": [ 135.778485100000012, 34.8620074 ] } },
{ "type": "Feature", "properties": { "内容": "きらっとのデイサービス【通所介護】京都府城陽市長池北清水４４－３", "url": "https://www.kaigokensaku.mhlw.go.jp/26/index.php?action_kouhyou_detail_004_kani=true&JigyosyoCd=2672800618-00&ServiceCd=150&Type=search", "url2": "https://www.kiratto.or.jp/" }, "geometry": { "type": "Point", "coordinates": [ 135.787635859339503, 34.840607403818211 ] } },
{ "type": "Feature", "properties": { "内容": "社会福祉法人　南山城学園　高齢者デイサービスセンター　すまいる【通所介護】京都府城陽市枇杷ノ庄中奥田49-1", "url": "https://www.kaigokensaku.mhlw.go.jp/26/index.php?action_kouhyou_detail_004_kani=true&JigyosyoCd=2672800188-00&ServiceCd=150&Type=search", "url2": "http://www.minamiyamashiro.com/" }, "geometry": { "type": "Point", "coordinates": [ 135.7716163, 34.8435868 ] } },
{ "type": "Feature", "properties": { "内容": "デイサービスセンター向陽苑【通所介護】京都府向日市上植野町五ノ坪1番地の2", "url": "https://www.kaigokensaku.mhlw.go.jp/26/index.php?action_kouhyou_detail_004_kani=true&JigyosyoCd=2673100018-00&ServiceCd=150&Type=search", "url2": "http://www.kouyouen26.com/" }, "geometry": { "type": "Point", "coordinates": [ 135.711297599999966, 34.9376427 ] } },
{ "type": "Feature", "properties": { "内容": "せんしゅんかいデイサービスセンター上植野【通所介護】京都府向日市上植野町上川原1-5", "url": "https://www.kaigokensaku.mhlw.go.jp/26/index.php?action_kouhyou_detail_004_kani=true&JigyosyoCd=2673100141-00&ServiceCd=150&Type=search", "url2": "http://www.senshunkai.or.jp" }, "geometry": { "type": "Point", "coordinates": [ 135.699615399999971, 34.9406865 ] } },
{ "type": "Feature", "properties": { "内容": "せんしゅんかいデイサービスセンター一文橋【通所介護】向日市上植野町吉備寺９－１", "url": "https://www.kaigokensaku.mhlw.go.jp/26/index.php?action_kouhyou_detail_004_kani=true&JigyosyoCd=2673100232-00&ServiceCd=150&Type=search", "url2": "http://senshunkai.or.jp/" }, "geometry": { "type": "Point", "coordinates": [ 135.701101200000039, 34.9343316 ] } },
{ "type": "Feature", "properties": { "内容": "向日市社協デイサービスセンター【通所介護】京都府向日市寺戸町西野辺1番地の7向日市福祉会館内", "url": "https://www.kaigokensaku.mhlw.go.jp/26/index.php?action_kouhyou_detail_004_kani=true&JigyosyoCd=2673100026-00&ServiceCd=150&Type=search", "url2": "http://muko-shakyo.or.jp/" }, "geometry": { "type": "Point", "coordinates": [ 135.700071100000059, 34.948269 ] } },
{ "type": "Feature", "properties": { "内容": "せんしゅんかいデイサービスセンター東向日【通所介護】向日市寺戸町北前田29-1", "url": "https://www.kaigokensaku.mhlw.go.jp/26/index.php?action_kouhyou_detail_004_kani=true&JigyosyoCd=2673100224-00&ServiceCd=150&Type=search", "url2": "http://www.senshunkai.or.jp/" }, "geometry": { "type": "Point", "coordinates": [ 135.69935625026244, 34.954440678806463 ] } },
{ "type": "Feature", "properties": { "内容": "デイサービスセンターサニーリッジ【通所介護】向日市物集女町池ノ裏18-1", "url": "https://www.kaigokensaku.mhlw.go.jp/26/index.php?action_kouhyou_detail_004_kani=true&JigyosyoCd=2673100075-00&ServiceCd=150&Type=search", "url2": "https://mozumehukusikai.kyoto/" }, "geometry": { "type": "Point", "coordinates": [ 135.694802699999968, 34.9659561 ] } },
{ "type": "Feature", "properties": { "内容": "脳トレデイサービス・ウェルチャオ西向日【通所介護】京都府向日市上植野町上川原8番地8西向日クリニックモール1A号室", "url": "https://www.kaigokensaku.mhlw.go.jp/26/index.php?action_kouhyou_detail_004_kani=true&JigyosyoCd=2673100422-00&ServiceCd=150&Type=search", "url2": "https://www.welchao.com" }, "geometry": { "type": "Point", "coordinates": [ 135.700144, 34.9412185 ] } },
{ "type": "Feature", "properties": { "内容": "デイサービスきたえるーむ長岡天神【通所介護】京都府長岡京市天神2丁目5-15", "url": "https://www.kaigokensaku.mhlw.go.jp/26/index.php?action_kouhyou_detail_004_kani=true&JigyosyoCd=2673000721-00&ServiceCd=150&Type=search", "url2": "http://liv-r.co.jp/kitaeroom/" }, "geometry": { "type": "Point", "coordinates": [ 135.686047300000013, 34.9250042 ] } },
{ "type": "Feature", "properties": { "内容": "デイサービスきたえるーむ長法寺【通所介護】京都府長岡京市長法寺川原谷27", "url": "https://www.kaigokensaku.mhlw.go.jp/26/index.php?action_kouhyou_detail_004_kani=true&JigyosyoCd=2673000846-00&ServiceCd=150&Type=search", "url2": "https://liv-r.co.jp/kitaeroom/" }, "geometry": { "type": "Point", "coordinates": [ 135.6833331, 34.9284119 ] } },
{ "type": "Feature", "properties": { "内容": "せんしゅんかいデイサービスセンター友岡【通所介護】長岡京市友岡川原29-11", "url": "https://www.kaigokensaku.mhlw.go.jp/26/index.php?action_kouhyou_detail_004_kani=true&JigyosyoCd=2673000101-00&ServiceCd=150&Type=search", "url2": "http://www.senshunkai.or.jp" }, "geometry": { "type": "Point", "coordinates": [ 135.688164537434432, 34.912963276802735 ] } },
{ "type": "Feature", "properties": { "内容": "社会福祉法人海印寺徳寿会竹の里ホーム通所介護事業所【通所介護】京都府長岡京市奥海印寺走田1-1", "url": "https://www.kaigokensaku.mhlw.go.jp/26/index.php?action_kouhyou_detail_004_kani=true&JigyosyoCd=2673000044-00&ServiceCd=150&Type=search", "url2": "http://www.takenosato-home.com/" }, "geometry": { "type": "Point", "coordinates": [ 135.675653799999964, 34.9273621 ] } },
{ "type": "Feature", "properties": { "内容": "ニチイケアセンター長岡京【通所介護】京都府長岡京市神足芝本4", "url": "https://www.kaigokensaku.mhlw.go.jp/26/index.php?action_kouhyou_detail_004_kani=true&JigyosyoCd=2673000069-00&ServiceCd=150&Type=search", "url2": null }, "geometry": { "type": "Point", "coordinates": [ 135.704939800000034, 34.9226052 ] } },
{ "type": "Feature", "properties": { "内容": "社会福祉法人長岡京市社会福祉協議会きりしま苑【通所介護】京都府長岡京市東神足2丁目15番2号", "url": "https://www.kaigokensaku.mhlw.go.jp/26/index.php?action_kouhyou_detail_004_kani=true&JigyosyoCd=2673000028-00&ServiceCd=150&Type=search", "url2": "http://www.nagaokakyo-shakyo.jp" }, "geometry": { "type": "Point", "coordinates": [ 135.702934703704841, 34.920129371226075 ] } },
{ "type": "Feature", "properties": { "内容": "デイサービスセンター　花菜【通所介護】京都府長岡京市友岡1丁目2番3号保育・高齢複合施設　友岡", "url": "https://www.kaigokensaku.mhlw.go.jp/26/index.php?action_kouhyou_detail_004_kani=true&JigyosyoCd=2673000556-00&ServiceCd=150&Type=search", "url2": "http://www.waraku.or.jp/" }, "geometry": { "type": "Point", "coordinates": [ 135.692202700000053, 34.9186047 ] } },
{ "type": "Feature", "properties": { "内容": "エルケアネット長岡京デイサービスセンター【通所介護】京都府長岡京市今里庄ノ渕34番地3", "url": "https://www.kaigokensaku.mhlw.go.jp/26/index.php?action_kouhyou_detail_004_kani=true&JigyosyoCd=2673000390-00&ServiceCd=150&Type=search", "url2": "http://care.ld-world.com/" }, "geometry": { "type": "Point", "coordinates": [ 135.691923084655713, 34.93759294163803 ] } },
{ "type": "Feature", "properties": { "内容": "せんしゅんかいデイサービスセンター今里【通所介護】京都府長岡京市今里庄ノ渕32", "url": "https://www.kaigokensaku.mhlw.go.jp/26/index.php?action_kouhyou_detail_004_kani=true&JigyosyoCd=2673000523-00&ServiceCd=150&Type=search", "url2": "http://www.senshunkai.or.jp" }, "geometry": { "type": "Point", "coordinates": [ 135.691900750926152, 34.937089639988166 ] } },
{ "type": "Feature", "properties": { "内容": "デイサービスセンター　天神の杜【通所介護】京都府長岡京市天神二丁目3番10号", "url": "https://www.kaigokensaku.mhlw.go.jp/26/index.php?action_kouhyou_detail_004_kani=true&JigyosyoCd=2673000168-00&ServiceCd=150&Type=search", "url2": "https://www.tenjin-no-mori.or.jp" }, "geometry": { "type": "Point", "coordinates": [ 135.686769499999969, 34.9254431 ] } },
{ "type": "Feature", "properties": { "内容": "デイサービス笑顔ぷらす長岡京店【通所介護】下海印寺西条32-2", "url": "https://www.kaigokensaku.mhlw.go.jp/26/index.php?action_kouhyou_detail_004_kani=true&JigyosyoCd=2673000549-00&ServiceCd=150&Type=search", "url2": "https://www.smilelink15.com/" }, "geometry": { "type": "Point", "coordinates": [ 135.6832009, 34.9187687 ] } },
{ "type": "Feature", "properties": { "内容": "オーチャード長岡京【通所介護】京都府長岡京市調子２丁目１０番２１号", "url": "https://www.kaigokensaku.mhlw.go.jp/26/index.php?action_kouhyou_detail_004_kani=true&JigyosyoCd=2673000507-00&ServiceCd=150&Type=search", "url2": "http://nagaokakyo.orchard-care.co.jp/" }, "geometry": { "type": "Point", "coordinates": [ 135.690976339811641, 34.91099280999542 ] } },
{ "type": "Feature", "properties": { "内容": "医療法人　医修会　デイサービスセンター朝凪【通所介護】開田1丁目9番9号", "url": "https://www.kaigokensaku.mhlw.go.jp/26/index.php?action_kouhyou_detail_004_kani=true&JigyosyoCd=2663090039-00&ServiceCd=150&Type=search", "url2": "https://asanagi-day-care-center.business.site" }, "geometry": { "type": "Point", "coordinates": [ 135.696103015344306, 34.930246139410961 ] } },
{ "type": "Feature", "properties": { "内容": "せんしゅんかいデイサービスセンター滝ノ町【通所介護】長岡京市滝ノ町2丁目9番地7号", "url": "https://www.kaigokensaku.mhlw.go.jp/26/index.php?action_kouhyou_detail_004_kani=true&JigyosyoCd=2673000200-00&ServiceCd=150&Type=search", "url2": "http://www.senshunkai.or.jp/" }, "geometry": { "type": "Point", "coordinates": [ 135.696015699999947, 34.9423084 ] } },
{ "type": "Feature", "properties": { "内容": "デイサービスくつろぎ【通所介護】京都府八幡市男山吉井２７－１２", "url": "https://www.kaigokensaku.mhlw.go.jp/26/index.php?action_kouhyou_detail_004_kani=true&JigyosyoCd=2672900319-00&ServiceCd=150&Type=search", "url2": "http://www." }, "geometry": { "type": "Point", "coordinates": [ 135.702633, 34.8578705 ] } },
{ "type": "Feature", "properties": { "内容": "京都八勝館通所介護事業所【通所介護】京都府八幡市橋本塩釜21番地", "url": "https://www.kaigokensaku.mhlw.go.jp/26/index.php?action_kouhyou_detail_004_kani=true&JigyosyoCd=2672900020-00&ServiceCd=150&Type=search", "url2": "http://www.hassyoukan.jp/" }, "geometry": { "type": "Point", "coordinates": [ 135.68543150000005, 34.8758594 ] } },
{ "type": "Feature", "properties": { "内容": "株式会社　サンてらす【通所介護】京都府八幡市八幡科手３０番４", "url": "https://www.kaigokensaku.mhlw.go.jp/26/index.php?action_kouhyou_detail_004_kani=true&JigyosyoCd=2672900129-00&ServiceCd=150&Type=search", "url2": "http://santerasu.com/" }, "geometry": { "type": "Point", "coordinates": [ 135.698225557553542, 34.886496386428362 ] } },
{ "type": "Feature", "properties": { "内容": "八幡市デイサービスセンターやまばと【通所介護】京都府八幡市男山金振24-1", "url": "https://www.kaigokensaku.mhlw.go.jp/26/index.php?action_kouhyou_detail_004_kani=true&JigyosyoCd=2672900012-00&ServiceCd=150&Type=search", "url2": "http://ymbt-ds.jp/yamabato_day/" }, "geometry": { "type": "Point", "coordinates": [ 135.693522700000017, 34.8567922 ] } },
{ "type": "Feature", "properties": { "内容": "医療法人社団医泉会　デイサービスすずらん【通所介護】京都府八幡市八幡馬場38番地", "url": "https://www.kaigokensaku.mhlw.go.jp/26/index.php?action_kouhyou_detail_004_kani=true&JigyosyoCd=2672900475-00&ServiceCd=150&Type=search", "url2": "https://www.ne.jp/asahi/kantaki/sumire/deisuzuran.html" }, "geometry": { "type": "Point", "coordinates": [ 135.703531600000019, 34.8750641 ] } },
{ "type": "Feature", "properties": { "内容": "有智の郷デイサービスセンター【通所介護】京都府八幡市内里北ノ口5-1", "url": "https://www.kaigokensaku.mhlw.go.jp/26/index.php?action_kouhyou_detail_004_kani=true&JigyosyoCd=2672900327-00&ServiceCd=150&Type=search", "url2": "http://ws-kyoto.jp" }, "geometry": { "type": "Point", "coordinates": [ 135.72822229999997, 34.8637933 ] } },
{ "type": "Feature", "properties": { "内容": "デイサービス　りんく八幡【通所介護】京都府八幡市八幡月夜田7番地1グランフェルティーくずはサンクコート１Ｆ", "url": "https://www.kaigokensaku.mhlw.go.jp/26/index.php?action_kouhyou_detail_004_kani=true&JigyosyoCd=2672900269-00&ServiceCd=150&Type=search", "url2": "https://arwrk.net/recruit/fact-link-palm" }, "geometry": { "type": "Point", "coordinates": [ 135.704290671905227, 34.862509133739039 ] } },
{ "type": "Feature", "properties": { "内容": "デイサービスセンター香琳【通所介護】京都府京田辺市河原神谷７－１", "url": "https://www.kaigokensaku.mhlw.go.jp/26/index.php?action_kouhyou_detail_004_kani=true&JigyosyoCd=2673200313-00&ServiceCd=150&Type=search", "url2": "http://www.igarashi-c.jp" }, "geometry": { "type": "Point", "coordinates": [ 135.777397408598318, 34.819666292127437 ] } },
{ "type": "Feature", "properties": { "内容": "セピアの園京田辺市デイサービスセンター【通所介護】京都府京田辺市飯岡南原41番地", "url": "https://www.kaigokensaku.mhlw.go.jp/26/index.php?action_kouhyou_detail_004_kani=true&JigyosyoCd=2673200081-00&ServiceCd=150&Type=search", "url2": "http://sepianosono.jp/" }, "geometry": { "type": "Point", "coordinates": [ 135.794051200000013, 34.8036433 ] } },
{ "type": "Feature", "properties": { "内容": "デイサービスセンター　つつきの郷【通所介護】京都府京田辺市三山木西ノ河原４３－２", "url": "https://www.kaigokensaku.mhlw.go.jp/26/index.php?action_kouhyou_detail_004_kani=true&JigyosyoCd=2673200222-00&ServiceCd=150&Type=search", "url2": "http://www.tsutsukinosato.or.jp/" }, "geometry": { "type": "Point", "coordinates": [ 135.7778442, 34.800749 ] } },
{ "type": "Feature", "properties": { "内容": "デイサービスセンター九十九園【通所介護】京都府京田辺市大住池平99番1", "url": "https://www.kaigokensaku.mhlw.go.jp/26/index.php?action_kouhyou_detail_004_kani=true&JigyosyoCd=2673200032-00&ServiceCd=150&Type=search", "url2": "http://www.tsukumo-en.or.jp" }, "geometry": { "type": "Point", "coordinates": [ 135.740963500000021, 34.8390539 ] } },
{ "type": "Feature", "properties": { "内容": "デイサービスセンターやすらぎの杜【通所介護】京都府京田辺市同志社山手二丁目1番2", "url": "https://www.kaigokensaku.mhlw.go.jp/26/index.php?action_kouhyou_detail_004_kani=true&JigyosyoCd=2673200396-00&ServiceCd=150&Type=search", "url2": "http://www.yasuragifukushikai.or.jp" }, "geometry": { "type": "Point", "coordinates": [ 135.776308299999982, 34.7901722 ] } },
{ "type": "Feature", "properties": { "内容": "デイサービスセンター　ふるさと【通所介護】京都府京丹後市網野町小浜613番地2", "url": "https://www.kaigokensaku.mhlw.go.jp/26/index.php?action_kouhyou_detail_004_kani=true&JigyosyoCd=2673300238-00&ServiceCd=150&Type=search", "url2": "https://www.furusatonokai.net" }, "geometry": { "type": "Point", "coordinates": [ 135.03773, 35.6948589 ] } },
{ "type": "Feature", "properties": { "内容": "久美浜デイサービスセンター【通所介護】京都府京丹後市久美浜町168番地", "url": "https://www.kaigokensaku.mhlw.go.jp/26/index.php?action_kouhyou_detail_004_kani=true&JigyosyoCd=2672400021-00&ServiceCd=150&Type=search", "url2": "http://www.kitatanngo.jp" }, "geometry": { "type": "Point", "coordinates": [ 134.900082200000043, 35.5998199 ] } },
{ "type": "Feature", "properties": { "内容": "京丹後市佐濃デイサービスセンター【通所介護】京都府京丹後市久美浜町竹藤40番地", "url": "https://www.kaigokensaku.mhlw.go.jp/26/index.php?action_kouhyou_detail_004_kani=true&JigyosyoCd=2672400054-00&ServiceCd=150&Type=search", "url2": "www.kitatango.jp/" }, "geometry": { "type": "Point", "coordinates": [ 134.961453799999958, 35.5944714 ] } },
{ "type": "Feature", "properties": { "内容": "デイサービス京丹後【通所介護】京都府京丹後市大宮町周枳347", "url": "https://www.kaigokensaku.mhlw.go.jp/26/index.php?action_kouhyou_detail_004_kani=true&JigyosyoCd=2673300139-00&ServiceCd=150&Type=search", "url2": null }, "geometry": { "type": "Point", "coordinates": [ 135.099448199999983, 35.5957534 ] } },
{ "type": "Feature", "properties": { "内容": "いちがお園デイサービスセンター【通所介護】京都府京丹後市丹後町岩木487番地", "url": "https://www.kaigokensaku.mhlw.go.jp/26/index.php?action_kouhyou_detail_004_kani=true&JigyosyoCd=2672300015-00&ServiceCd=150&Type=search", "url2": "http://www.ichigaoen.com/" }, "geometry": { "type": "Point", "coordinates": [ 135.108297499999907, 35.7255354 ] } },
{ "type": "Feature", "properties": { "内容": "デイサービスセンター海山園【通所介護】京都府京丹後市久美浜町湊宮467-60", "url": "https://www.kaigokensaku.mhlw.go.jp/26/index.php?action_kouhyou_detail_004_kani=true&JigyosyoCd=2672400062-00&ServiceCd=150&Type=search", "url2": "http://taiyoufukushikai.jp/" }, "geometry": { "type": "Point", "coordinates": [ 134.925792, 35.6416938 ] } },
{ "type": "Feature", "properties": { "内容": "サンシェア和’s【通所介護】京都府京丹後市久美浜町湊宮10467番地390サポートハウス夢の郷内", "url": "https://www.kaigokensaku.mhlw.go.jp/26/index.php?action_kouhyou_detail_004_kani=true&JigyosyoCd=2673300352-00&ServiceCd=150&Type=search", "url2": "https://taiyoufukushikai.jp/" }, "geometry": { "type": "Point", "coordinates": [ 134.9038917, 35.6430114 ] } },
{ "type": "Feature", "properties": { "内容": "京丹後市網野デイサービスセンター【通所介護】京都府京丹後市網野町網野385番地の1京丹後市網野健康福祉ｾﾝﾀｰ１階", "url": "https://www.kaigokensaku.mhlw.go.jp/26/index.php?action_kouhyou_detail_004_kani=true&JigyosyoCd=2673300048-00&ServiceCd=150&Type=search", "url2": "http://www.city.kyotango.lg.jp/" }, "geometry": { "type": "Point", "coordinates": [ 135.025773800000024, 35.6821382 ] } },
{ "type": "Feature", "properties": { "内容": "丹後園デイサービスセンター【通所介護】京都府京丹後市網野町木津225番地の2", "url": "https://www.kaigokensaku.mhlw.go.jp/26/index.php?action_kouhyou_detail_004_kani=true&JigyosyoCd=2672300023-00&ServiceCd=150&Type=search", "url2": "https://tangoen.net/" }, "geometry": { "type": "Point", "coordinates": [ 134.964784621426389, 35.655733607058139 ] } },
{ "type": "Feature", "properties": { "内容": "デイサービスセンター住の江【通所介護】京都府京丹後市網野町網野390-10", "url": "https://www.kaigokensaku.mhlw.go.jp/26/index.php?action_kouhyou_detail_004_kani=true&JigyosyoCd=2673300154-00&ServiceCd=150&Type=search", "url2": "https://tangoen.net/" }, "geometry": { "type": "Point", "coordinates": [ 135.026021, 35.6822465 ] } },
{ "type": "Feature", "properties": { "内容": "デイサービスセンターきらり【通所介護】京都府京丹後市大宮町河辺2392", "url": "https://www.kaigokensaku.mhlw.go.jp/26/index.php?action_kouhyou_detail_004_kani=true&JigyosyoCd=2673300295-00&ServiceCd=150&Type=search", "url2": "http://kizuna-careservice.com" }, "geometry": { "type": "Point", "coordinates": [ 135.088854719712771, 35.605124023274314 ] } },
{ "type": "Feature", "properties": { "内容": "デイサービスセンターおおみや苑【通所介護】京丹後市大宮町口大野295番地", "url": "https://www.kaigokensaku.mhlw.go.jp/26/index.php?action_kouhyou_detail_004_kani=true&JigyosyoCd=2672200025-00&ServiceCd=150&Type=search", "url2": "http://www.oomiyaen.com" }, "geometry": { "type": "Point", "coordinates": [ 135.0827663, 35.5919342 ] } },
{ "type": "Feature", "properties": { "内容": "ももくろデイサービス【通所介護】京都府京丹後市峰山町荒山453-1", "url": "https://www.kaigokensaku.mhlw.go.jp/26/index.php?action_kouhyou_detail_004_kani=true&JigyosyoCd=2673300337-00&ServiceCd=150&Type=search", "url2": "https://kizuna-careservice.com" }, "geometry": { "type": "Point", "coordinates": [ 135.076733788577144, 35.622340050981862 ] } },
{ "type": "Feature", "properties": { "内容": "美山こぶしの里　デイサービスセンター【通所介護】南丹市美山町高野素崎14-2", "url": "https://www.kaigokensaku.mhlw.go.jp/26/index.php?action_kouhyou_detail_004_kani=true&JigyosyoCd=2671700116-00&ServiceCd=150&Type=search", "url2": "http://www.nananokai.com" }, "geometry": { "type": "Point", "coordinates": [ 135.554592599999978, 35.3016866 ] } },
{ "type": "Feature", "properties": { "内容": "在宅事業施設ケアリング　デイサービスセンター希繋【通所介護】京都府南丹市園部町美園町五号3番2", "url": "https://www.kaigokensaku.mhlw.go.jp/26/index.php?action_kouhyou_detail_004_kani=true&JigyosyoCd=2673400236-00&ServiceCd=150&Type=search", "url2": "http://misonokai.com/" }, "geometry": { "type": "Point", "coordinates": [ 135.472603396958931, 35.108497727897891 ] } },
{ "type": "Feature", "properties": { "内容": "公益財団法人　南丹市福祉シルバー人材センター【通所介護】京都府南丹市園部町小桜町61-5こむぎ山健康学園内", "url": "https://www.kaigokensaku.mhlw.go.jp/26/index.php?action_kouhyou_detail_004_kani=true&JigyosyoCd=2671500128-00&ServiceCd=150&Type=search", "url2": "https://www.sjc.ne.jp/sonosilv/" }, "geometry": { "type": "Point", "coordinates": [ 135.470387399999936, 35.1067297 ] } },
{ "type": "Feature", "properties": { "内容": "ほほえみ八木　通所介護事業所【通所介護】京都府南丹市八木町西田山崎17番地", "url": "https://www.kaigokensaku.mhlw.go.jp/26/index.php?action_kouhyou_detail_004_kani=true&JigyosyoCd=2673400038-00&ServiceCd=150&Type=search", "url2": "http://care-net.biz/26/nantanshakyo/" }, "geometry": { "type": "Point", "coordinates": [ 135.540837300000021, 35.0774863 ] } },
{ "type": "Feature", "properties": { "内容": "美山デイサービスセンター【通所介護】京都府南丹市美山町島小栗栖山13-1", "url": "https://www.kaigokensaku.mhlw.go.jp/26/index.php?action_kouhyou_detail_004_kani=true&JigyosyoCd=2671700017-00&ServiceCd=150&Type=search", "url2": "http://www.hokusoukai.com" }, "geometry": { "type": "Point", "coordinates": [ 135.553292, 35.2620929 ] } },
{ "type": "Feature", "properties": { "内容": "老人デイサービスセンター山城ぬくもりの里【通所介護】京都府木津川市山城町上狛天竺堂1ー1", "url": "https://www.kaigokensaku.mhlw.go.jp/26/index.php?action_kouhyou_detail_004_kani=true&JigyosyoCd=2673500316-00&ServiceCd=150&Type=search", "url2": "http://www.s-rakuji.com" }, "geometry": { "type": "Point", "coordinates": [ 135.823574400000012, 34.7543484 ] } },
{ "type": "Feature", "properties": { "内容": "ネクスト　ステージ【通所介護】京都府木津川市木津南垣外92番地2", "url": "https://www.kaigokensaku.mhlw.go.jp/26/index.php?action_kouhyou_detail_004_kani=true&JigyosyoCd=2673500290-00&ServiceCd=150&Type=search", "url2": null }, "geometry": { "type": "Point", "coordinates": [ 135.8195575, 34.7365896 ] } },
{ "type": "Feature", "properties": { "内容": "デイサービス福望【通所介護】梅美台7丁目2-1", "url": "https://www.kaigokensaku.mhlw.go.jp/26/index.php?action_kouhyou_detail_004_kani=true&JigyosyoCd=2673500431-00&ServiceCd=150&Type=search", "url2": null }, "geometry": { "type": "Point", "coordinates": [ 135.8426077, 34.7125775 ] } },
{ "type": "Feature", "properties": { "内容": "デイサービス福優【通所介護】京都府木津川市梅美台7-2-2", "url": "https://www.kaigokensaku.mhlw.go.jp/26/index.php?action_kouhyou_detail_004_kani=true&JigyosyoCd=2673500464-00&ServiceCd=150&Type=search", "url2": null }, "geometry": { "type": "Point", "coordinates": [ 135.8423669, 34.7121195 ] } },
{ "type": "Feature", "properties": { "内容": "デイサービスセンター加茂の里【通所介護】京都府木津川市加茂町駅東4丁目1番地3", "url": "https://www.kaigokensaku.mhlw.go.jp/26/index.php?action_kouhyou_detail_004_kani=true&JigyosyoCd=2671400048-00&ServiceCd=150&Type=search", "url2": "http://www.takedahp.or.jp/" }, "geometry": { "type": "Point", "coordinates": [ 135.871787, 34.7543971 ] } },
{ "type": "Feature", "properties": { "内容": "医療法人健和会　デイサービスセンターいずみ【通所介護】木津川市相楽城下100-1", "url": "https://www.kaigokensaku.mhlw.go.jp/26/index.php?action_kouhyou_detail_004_kani=true&JigyosyoCd=2663590012-00&ServiceCd=150&Type=search", "url2": "http://www.fureai-net.com/" }, "geometry": { "type": "Point", "coordinates": [ 135.797379800000044, 34.7378836 ] } },
{ "type": "Feature", "properties": { "内容": "木津芳梅園デイサービス【通所介護】京都府木津川市鹿背山東大池4-1木津芳梅園デイサービス", "url": "https://www.kaigokensaku.mhlw.go.jp/26/index.php?action_kouhyou_detail_004_kani=true&JigyosyoCd=2671400022-00&ServiceCd=150&Type=search", "url2": "https://www.houbaikai.com/" }, "geometry": { "type": "Point", "coordinates": [ 135.842078899999933, 34.7289081 ] } },
{ "type": "Feature", "properties": { "内容": "社会福祉法人　木津川市社会福祉協議会　ケアセンター　ハッピーコスモス　通所介護事業所【通所介護】京都府木津川市相楽山松川４２番地２", "url": "https://www.kaigokensaku.mhlw.go.jp/26/index.php?action_kouhyou_detail_004_kani=true&JigyosyoCd=2673500019-00&ServiceCd=150&Type=search", "url2": "https://kizugawashakyo.com/" }, "geometry": { "type": "Point", "coordinates": [ 135.80234482521746, 34.724788275747578 ] } },
{ "type": "Feature", "properties": { "内容": "通所介護　うめみの丘【通所介護】京都府木津川市梅美台一丁目2-2", "url": "https://www.kaigokensaku.mhlw.go.jp/26/index.php?action_kouhyou_detail_004_kani=true&JigyosyoCd=2671400063-00&ServiceCd=150&Type=search", "url2": "https://www.kihada-kaigo.com/" }, "geometry": { "type": "Point", "coordinates": [ 135.83688810000001, 34.7153897 ] } },
{ "type": "Feature", "properties": { "内容": "ワンズホームケアセンター【通所介護】京都府木津川市南加茂台５－１１－６", "url": "https://www.kaigokensaku.mhlw.go.jp/26/index.php?action_kouhyou_detail_004_kani=true&JigyosyoCd=2671400295-00&ServiceCd=150&Type=search", "url2": "http://active-go.jp/" }, "geometry": { "type": "Point", "coordinates": [ 135.866534600000023, 34.752539 ] } },
{ "type": "Feature", "properties": { "内容": "ワンズホーム　アクティブセンター【通所介護】京都府木津川市南加茂台5丁目11－6", "url": "https://www.kaigokensaku.mhlw.go.jp/26/index.php?action_kouhyou_detail_004_kani=true&JigyosyoCd=2673500100-00&ServiceCd=150&Type=search", "url2": "http://active-go.jp/" }, "geometry": { "type": "Point", "coordinates": [ 135.871387499999969, 34.7391487 ] } },
{ "type": "Feature", "properties": { "内容": "リハビリデイサービスルピナス木津川【通所介護】京都府木津川市相楽台3-4-7", "url": "https://www.kaigokensaku.mhlw.go.jp/26/index.php?action_kouhyou_detail_004_kani=true&JigyosyoCd=2673500167-00&ServiceCd=150&Type=search", "url2": "http://www.rupinasu-inc.co.jp/" }, "geometry": { "type": "Point", "coordinates": [ 135.792211, 34.7341839 ] } },
{ "type": "Feature", "properties": { "内容": "ワンズホーム　フィジカルセンター【通所介護】京都府木津川市南加茂台五丁目１１－７", "url": "https://www.kaigokensaku.mhlw.go.jp/26/index.php?action_kouhyou_detail_004_kani=true&JigyosyoCd=2673500399-00&ServiceCd=150&Type=search", "url2": "http://active-go.jp/" }, "geometry": { "type": "Point", "coordinates": [ 135.871518388360585, 34.739311238710833 ] } },
{ "type": "Feature", "properties": { "内容": "医療法人　社団　中川医院　デイサービスひだまり【通所介護】京都府乙訓郡大山崎町大山崎堀尻12番地", "url": "https://www.kaigokensaku.mhlw.go.jp/26/index.php?action_kouhyou_detail_004_kani=true&JigyosyoCd=2611001518-00&ServiceCd=150&Type=search", "url2": "https://nakagawa-iin.hp.gogo.jp" }, "geometry": { "type": "Point", "coordinates": [ 135.685675800000013, 34.8988067 ] } },
{ "type": "Feature", "properties": { "内容": "社会福祉法人　大山崎町社会福祉協議会【通所介護】大山崎町字円明寺小字百々10番地の2", "url": "https://www.kaigokensaku.mhlw.go.jp/26/index.php?action_kouhyou_detail_004_kani=true&JigyosyoCd=2671000012-00&ServiceCd=150&Type=search", "url2": "http://oyamazaki-shakyo.or.jp/" }, "geometry": { "type": "Point", "coordinates": [ 135.68717479999998, 34.9026169 ] } },
{ "type": "Feature", "properties": { "内容": "さつき苑　デイサービスセンター【通所介護】京都府久世郡久御山町島田ミスノ１１番地", "url": "https://www.kaigokensaku.mhlw.go.jp/26/index.php?action_kouhyou_detail_004_kani=true&JigyosyoCd=2671100010-00&ServiceCd=150&Type=search", "url2": "http://www.kyoshakyo.or.jp/kumiyama/" }, "geometry": { "type": "Point", "coordinates": [ 135.732276800000022, 34.8820774 ] } },
{ "type": "Feature", "properties": { "内容": "楽生苑指定通所介護事業所【通所介護】京都府久世郡久御山町坊之池坊村中66番地", "url": "https://www.kaigokensaku.mhlw.go.jp/26/index.php?action_kouhyou_detail_004_kani=true&JigyosyoCd=2671100028-00&ServiceCd=150&Type=search", "url2": "http://kumiyama-rakuseien.or.jp/" }, "geometry": { "type": "Point", "coordinates": [ 135.732395600000018, 34.8915429 ] } },
{ "type": "Feature", "properties": { "内容": "久御山しみずの里デイサービス【通所介護】京都府久世郡久御山町佐山西ノ口146番地1", "url": "https://www.kaigokensaku.mhlw.go.jp/26/index.php?action_kouhyou_detail_004_kani=true&JigyosyoCd=2671100150-00&ServiceCd=150&Type=search", "url2": "https://ksmcs.jp/" }, "geometry": { "type": "Point", "coordinates": [ 135.748465490737885, 34.872870091671771 ] } },
{ "type": "Feature", "properties": { "内容": "弥勒会　井手町　デイサービスセンター【通所介護】京都府綴喜郡井手町大字井手小字弥勒1番地の1", "url": "https://www.kaigokensaku.mhlw.go.jp/26/index.php?action_kouhyou_detail_004_kani=true&JigyosyoCd=2671300206-00&ServiceCd=150&Type=search", "url2": "http://www.fushimi-shimizu.jp/" }, "geometry": { "type": "Point", "coordinates": [ 135.817804099999989, 34.7986139 ] } },
{ "type": "Feature", "properties": { "内容": "宇治田原町デイサービスセンター【通所介護】京都府綴喜郡宇治田原町大字禅定寺小字砂川１１５－１", "url": "https://www.kaigokensaku.mhlw.go.jp/26/index.php?action_kouhyou_detail_004_kani=true&JigyosyoCd=2671300057-00&ServiceCd=150&Type=search", "url2": "http://www.sunvillage-ujitawara.jp/" }, "geometry": { "type": "Point", "coordinates": [ 135.8776732, 34.8648442 ] } },
{ "type": "Feature", "properties": { "内容": "医療法人伊左治医院デイサービスセンター生楽【通所介護】京都府相楽郡笠置町大字笠置小字隅田24", "url": "https://www.kaigokensaku.mhlw.go.jp/26/index.php?action_kouhyou_detail_004_kani=true&JigyosyoCd=2671400394-00&ServiceCd=150&Type=search", "url2": null }, "geometry": { "type": "Point", "coordinates": [ 135.934222682278403, 34.756806219100952 ] } },
{ "type": "Feature", "properties": { "内容": "デイサービスセンター　いっぷく【通所介護】京都府相楽郡和束町大字釜塚小字縄手25番地", "url": "https://www.kaigokensaku.mhlw.go.jp/26/index.php?action_kouhyou_detail_004_kani=true&JigyosyoCd=2671400352-00&ServiceCd=150&Type=search", "url2": "http://www.waraku.or.jp" }, "geometry": { "type": "Point", "coordinates": [ 135.905998921426431, 34.794612189449474 ] } },
{ "type": "Feature", "properties": { "内容": "デイサービスせいかの郷【通所介護】京都府相楽郡精華町祝園西1丁目10-15", "url": "https://www.kaigokensaku.mhlw.go.jp/26/index.php?action_kouhyou_detail_004_kani=true&JigyosyoCd=2671400360-00&ServiceCd=150&Type=search", "url2": "https://www.terashimaclinic-kyotanabe.com" }, "geometry": { "type": "Point", "coordinates": [ 135.7888055, 34.7611063 ] } },
{ "type": "Feature", "properties": { "内容": "精華町デイサービスセンター神の園【通所介護】京都府相楽郡精華町大字北稲八間小字焼山6", "url": "https://www.kaigokensaku.mhlw.go.jp/26/index.php?action_kouhyou_detail_004_kani=true&JigyosyoCd=2671400071-00&ServiceCd=150&Type=search", "url2": "http://kami-home.jp/" }, "geometry": { "type": "Point", "coordinates": [ 135.781830500000069, 34.7635553 ] } },
{ "type": "Feature", "properties": { "内容": "ファイン・ステップ桜が丘【通所介護】京都府相楽郡精華町桜が丘３丁目１番の６エスペローマ高の原イースト１番館１階", "url": "https://www.kaigokensaku.mhlw.go.jp/26/index.php?action_kouhyou_detail_004_kani=true&JigyosyoCd=2661490124-00&ServiceCd=150&Type=search", "url2": "http://www.houbaikai.com/" }, "geometry": { "type": "Point", "coordinates": [ 135.778666720901469, 34.729491408017736 ] } },
{ "type": "Feature", "properties": { "内容": "（福）精華町社会福祉協議会【通所介護】京都府相楽郡精華町南稲八妻砂留22-1", "url": "https://www.kaigokensaku.mhlw.go.jp/26/index.php?action_kouhyou_detail_004_kani=true&JigyosyoCd=2671400089-00&ServiceCd=150&Type=search", "url2": "http://seikashakyo.or.jp" }, "geometry": { "type": "Point", "coordinates": [ 135.777075599999989, 34.7538343 ] } },
{ "type": "Feature", "properties": { "内容": "ファイン桜が丘【通所介護】京都府相楽郡精華町桜が丘３丁目１番の６エスぺローマ高の原イースト１番館１階", "url": "https://www.kaigokensaku.mhlw.go.jp/26/index.php?action_kouhyou_detail_004_kani=true&JigyosyoCd=2671400428-00&ServiceCd=150&Type=search", "url2": "http://www.houbaikai.com/" }, "geometry": { "type": "Point", "coordinates": [ 135.778667391453723, 34.729496918957381 ] } },
{ "type": "Feature", "properties": { "内容": "デイサービスセンターもみじ苑【通所介護】京都府相楽郡精華町祝園西1丁目11-20", "url": "https://www.kaigokensaku.mhlw.go.jp/26/index.php?action_kouhyou_detail_004_kani=true&JigyosyoCd=2671400287-00&ServiceCd=150&Type=search", "url2": null }, "geometry": { "type": "Point", "coordinates": [ 135.7888539, 34.7620911 ] } },
{ "type": "Feature", "properties": { "内容": "南山城村社会福祉協議会指定通所介護事業所南山城村デイサービスセンター【通所介護】京都府相楽郡南山城村大字北大河原小字大稲葉４番地", "url": "https://www.kaigokensaku.mhlw.go.jp/26/index.php?action_kouhyou_detail_004_kani=true&JigyosyoCd=2671400014-00&ServiceCd=150&Type=search", "url2": "https://sites.google.com/view/minamiyamashirosyakyo" }, "geometry": { "type": "Point", "coordinates": [ 136.025708, 34.7649645 ] } },
{ "type": "Feature", "properties": { "内容": "（福）山彦会瑞穂デイサービスセンター【通所介護】京都府船井郡京丹波町三ノ宮小谷30番地", "url": "https://www.kaigokensaku.mhlw.go.jp/26/index.php?action_kouhyou_detail_004_kani=true&JigyosyoCd=2671500110-00&ServiceCd=150&Type=search", "url2": "https://yamabikokai-kyoto.com" }, "geometry": { "type": "Point", "coordinates": [ 135.331533499999978, 35.2215675 ] } },
{ "type": "Feature", "properties": { "内容": "長老苑デイサービスセンター　指定通所介護事業所【通所介護】京都府船井郡京丹波町市場丸ヶ野8番地2", "url": "https://www.kaigokensaku.mhlw.go.jp/26/index.php?action_kouhyou_detail_004_kani=true&JigyosyoCd=2671500060-00&ServiceCd=150&Type=search", "url2": "http://tyorouen.com/" }, "geometry": { "type": "Point", "coordinates": [ 135.413355599999932, 35.2579235 ] } },
{ "type": "Feature", "properties": { "内容": "くろまめさん【通所介護】京都府船井郡京丹波町富田井上82番地", "url": "https://www.kaigokensaku.mhlw.go.jp/26/index.php?action_kouhyou_detail_004_kani=true&JigyosyoCd=2671500334-00&ServiceCd=150&Type=search", "url2": "http://kuromamesan.com" }, "geometry": { "type": "Point", "coordinates": [ 135.415879600000039, 35.1897785 ] } },
{ "type": "Feature", "properties": { "内容": "丹波高原荘デイセンター【通所介護】京都府船井郡京丹波町実勢大平37番地1", "url": "https://www.kaigokensaku.mhlw.go.jp/26/index.php?action_kouhyou_detail_004_kani=true&JigyosyoCd=2671500094-00&ServiceCd=150&Type=search", "url2": "http://kougensou.net/index.html" }, "geometry": { "type": "Point", "coordinates": [ 135.434903399999939, 35.1762164 ] } },
{ "type": "Feature", "properties": { "内容": "虹ヶ丘デイサービスセンター【通所介護】与謝野町字岩屋小字庄内600番地3", "url": "https://www.kaigokensaku.mhlw.go.jp/26/index.php?action_kouhyou_detail_004_kani=true&JigyosyoCd=2672000029-00&ServiceCd=150&Type=search", "url2": "http://yofuku.or.jp/nijigaoka/" }, "geometry": { "type": "Point", "coordinates": [ 135.074632, 35.524342 ] } },
{ "type": "Feature", "properties": { "内容": "生活リハビリ道場【通所介護】京都府与謝郡与謝野町字加悦802-7", "url": "https://www.kaigokensaku.mhlw.go.jp/26/index.php?action_kouhyou_detail_004_kani=true&JigyosyoCd=2672000334-00&ServiceCd=150&Type=search", "url2": "https://tangofukushi-ouendan.wixsite.com/ouendan" }, "geometry": { "type": "Point", "coordinates": [ 135.089920030827301, 35.505656866948499 ] } },
{ "type": "Feature", "properties": { "内容": "与謝の園通所介護事業所【通所介護】京都府与謝郡与謝野町字明石2120番地", "url": "https://www.kaigokensaku.mhlw.go.jp/26/index.php?action_kouhyou_detail_004_kani=true&JigyosyoCd=2672000094-00&ServiceCd=150&Type=search", "url2": "http://www.hokuseikai.or.jp/yozanoen/" }, "geometry": { "type": "Point", "coordinates": [ 135.106761215119661, 35.507999168965704 ] } },
{ "type": "Feature", "properties": { "内容": "有限会社ジェイズ【通所介護】京都府与謝郡与謝野町字四辻小字上谷36-2", "url": "https://www.kaigokensaku.mhlw.go.jp/26/index.php?action_kouhyou_detail_004_kani=true&JigyosyoCd=2672000136-00&ServiceCd=150&Type=search", "url2": "https://js-kaigo.jp/" }, "geometry": { "type": "Point", "coordinates": [ 135.098344277235356, 35.530068222815125 ] } },
{ "type": "Feature", "properties": { "内容": "デイサービスセンター岩滝あじさい苑【通所介護】京都府与謝郡与謝野町弓木13-6", "url": "https://www.kaigokensaku.mhlw.go.jp/26/index.php?action_kouhyou_detail_004_kani=true&JigyosyoCd=2672000045-00&ServiceCd=150&Type=search", "url2": "https://yosagun-fukushikai.net/" }, "geometry": { "type": "Point", "coordinates": [ 135.144891899999948, 35.5654285 ] } },
{ "type": "Feature", "properties": { "内容": "医療法人　南斗六星会デイサービスセンター【通所介護】京都府与謝郡与謝野町下山田99-3", "url": "https://www.kaigokensaku.mhlw.go.jp/26/index.php?action_kouhyou_detail_004_kani=true&JigyosyoCd=2612000584-00&ServiceCd=150&Type=search", "url2": "nantorokusei.com" }, "geometry": { "type": "Point", "coordinates": [ 135.121091299999989, 35.5413886 ] } },
{ "type": "Feature", "properties": { "内容": "デイサービス　ひまわり【通所介護】京都府与謝郡与謝野町字上山田500番地1", "url": "https://www.kaigokensaku.mhlw.go.jp/26/index.php?action_kouhyou_detail_004_kani=true&JigyosyoCd=2672000227-00&ServiceCd=150&Type=search", "url2": null }, "geometry": { "type": "Point", "coordinates": [ 135.1149666, 35.534099 ] } },
{ "type": "Feature", "properties": { "内容": "リハプライド与謝野【通所介護】京都府与謝郡与謝野町字温江15", "url": "https://www.kaigokensaku.mhlw.go.jp/26/index.php?action_kouhyou_detail_004_kani=true&JigyosyoCd=2672000318-00&ServiceCd=150&Type=search", "url2": "https://www.rehapride.co.jp/yosano/" }, "geometry": { "type": "Point", "coordinates": [ 135.102691099999987, 35.5121564 ] } }
]
}
