{
"type": "FeatureCollection",
"name": "geo_26_居宅介護支援",
"crs": { "type": "name", "properties": { "name": "urn:ogc:def:crs:OGC:1.3:CRS84" } },
"features": [
{ "type": "Feature", "properties": { "内容": "あやとり居宅介護支援事業所【居宅介護支援】京都市北区衣笠衣笠天神森町34-４ドルフィン１　205", "url": "https://www.kaigokensaku.mhlw.go.jp/26/index.php?action_kouhyou_detail_004_kani=true&JigyosyoCd=2670100409-00&ServiceCd=430&Type=search", "url2": "http://www.ayatorikaigo.jp/login" }, "geometry": { "type": "Point", "coordinates": [ 135.732593, 35.036028 ] } },
{ "type": "Feature", "properties": { "内容": "居宅介護支援みどりケアステーション【居宅介護支援】京都府京都市北区大宮開町４７－１", "url": "https://www.kaigokensaku.mhlw.go.jp/26/index.php?action_kouhyou_detail_004_kani=true&JigyosyoCd=2670101282-00&ServiceCd=430&Type=search", "url2": "http://www.midori-care.com/" }, "geometry": { "type": "Point", "coordinates": [ 135.742409577909797, 35.052648840119446 ] } },
{ "type": "Feature", "properties": { "内容": "合同会社　敬　愛【居宅介護支援】紫野上柏野町５４番地４４", "url": "https://www.kaigokensaku.mhlw.go.jp/26/index.php?action_kouhyou_detail_004_kani=true&JigyosyoCd=2670101456-00&ServiceCd=430&Type=search", "url2": null }, "geometry": { "type": "Point", "coordinates": [ 135.736325800000031, 35.0364002 ] } },
{ "type": "Feature", "properties": { "内容": "居宅介護支援事業所　原谷こぶしの里【居宅介護支援】京都市北区大北山長谷町5-36", "url": "https://www.kaigokensaku.mhlw.go.jp/26/index.php?action_kouhyou_detail_004_kani=true&JigyosyoCd=2670100060-00&ServiceCd=430&Type=search", "url2": "http://www.nananokai.com/" }, "geometry": { "type": "Point", "coordinates": [ 135.719349599999987, 35.0451156 ] } },
{ "type": "Feature", "properties": { "内容": "オハナきたケアセンター【居宅介護支援】京都市北区紫野宮東町１０－１船越ビル２階", "url": "https://www.kaigokensaku.mhlw.go.jp/26/index.php?action_kouhyou_detail_004_kani=true&JigyosyoCd=2670100755-00&ServiceCd=430&Type=search", "url2": "http://www.ohana-care.jp/" }, "geometry": { "type": "Point", "coordinates": [ 135.752991, 35.0378311 ] } },
{ "type": "Feature", "properties": { "内容": "きたおおじケアプランセンター【居宅介護支援】京都府京都市北区紫野大徳寺町49番地3", "url": "https://www.kaigokensaku.mhlw.go.jp/26/index.php?action_kouhyou_detail_004_kani=true&JigyosyoCd=2670101399-00&ServiceCd=430&Type=search", "url2": "http://www.kitaooji8025.jp" }, "geometry": { "type": "Point", "coordinates": [ 135.7461444, 35.0455439 ] } },
{ "type": "Feature", "properties": { "内容": "居宅介護支援事業所かっこうの森【居宅介護支援】京都市北区大北山原谷乾町１９９－２", "url": "https://www.kaigokensaku.mhlw.go.jp/26/index.php?action_kouhyou_detail_004_kani=true&JigyosyoCd=2670100227-00&ServiceCd=430&Type=search", "url2": null }, "geometry": { "type": "Point", "coordinates": [ 135.719188499999973, 35.0456961 ] } },
{ "type": "Feature", "properties": { "内容": "居宅介護支援事業所Puzzle【居宅介護支援】京都府京都市北区紫野中柏野町61-3レジデンス陽明102", "url": "https://www.kaigokensaku.mhlw.go.jp/26/index.php?action_kouhyou_detail_004_kani=true&JigyosyoCd=2670101746-00&ServiceCd=430&Type=search", "url2": null }, "geometry": { "type": "Point", "coordinates": [ 135.738792100000012, 35.0350555 ] } },
{ "type": "Feature", "properties": { "内容": "銭形ケアマネジメント事務所N【居宅介護支援】京都市北区紫竹東高縄町13-2", "url": "https://www.kaigokensaku.mhlw.go.jp/26/index.php?action_kouhyou_detail_004_kani=true&JigyosyoCd=2670101803-00&ServiceCd=430&Type=search", "url2": "https//zenigata-group.jp/" }, "geometry": { "type": "Point", "coordinates": [ 135.751028100000013, 35.0460723 ] } },
{ "type": "Feature", "properties": { "内容": "医療法人葵会総合ケアステーション【居宅介護支援】京都市北区紫竹西南町65-34", "url": "https://www.kaigokensaku.mhlw.go.jp/26/index.php?action_kouhyou_detail_004_kani=true&JigyosyoCd=2660190022-00&ServiceCd=430&Type=search", "url2": "http://aoikai.net/" }, "geometry": { "type": "Point", "coordinates": [ 135.745961438792392, 35.046860381774458 ] } },
{ "type": "Feature", "properties": { "内容": "京都生活協同組合福祉事業部ホームヘルプサービスセンター【居宅介護支援】京都市北区平野宮北町35コープきぬがさ会館1階", "url": "https://www.kaigokensaku.mhlw.go.jp/26/index.php?action_kouhyou_detail_004_kani=true&JigyosyoCd=2670100011-00&ServiceCd=430&Type=search", "url2": "http://www.kyoto.coop/" }, "geometry": { "type": "Point", "coordinates": [ 135.732770699999946, 35.033186500000035 ] } },
{ "type": "Feature", "properties": { "内容": "柊野居宅介護支援センター【居宅介護支援】京都市北区上賀茂馬ノ目町10－1", "url": "https://www.kaigokensaku.mhlw.go.jp/26/index.php?action_kouhyou_detail_004_kani=true&JigyosyoCd=2670100037-00&ServiceCd=430&Type=search", "url2": "http://www.hiragino.or.jp" }, "geometry": { "type": "Point", "coordinates": [ 135.747552600000063, 35.0668888 ] } },
{ "type": "Feature", "properties": { "内容": "医療法人社団行陵会こうやまデイサービスセンター【居宅介護支援】京都市北区上賀茂西上之段町11", "url": "https://www.kaigokensaku.mhlw.go.jp/26/index.php?action_kouhyou_detail_004_kani=true&JigyosyoCd=2670100425-00&ServiceCd=430&Type=search", "url2": "http://www/kouryokai.jp" }, "geometry": { "type": "Point", "coordinates": [ 135.748308100000031, 35.0710966 ] } },
{ "type": "Feature", "properties": { "内容": "ｗｈａｔ＇ｓ　ｕｐ【居宅介護支援】京都府京都市北区紫野下築山町61番地", "url": "https://www.kaigokensaku.mhlw.go.jp/26/index.php?action_kouhyou_detail_004_kani=true&JigyosyoCd=2670101712-00&ServiceCd=430&Type=search", "url2": "https://smartcare.work/" }, "geometry": { "type": "Point", "coordinates": [ 135.746928, 35.0395795 ] } },
{ "type": "Feature", "properties": { "内容": "(福）京都博愛会　冨田病院【居宅介護支援】京都市北区小山下内河原町56", "url": "https://www.kaigokensaku.mhlw.go.jp/26/index.php?action_kouhyou_detail_004_kani=true&JigyosyoCd=2610101806-00&ServiceCd=430&Type=search", "url2": "http://www.kyoto-hakuaikai.or.jp/tomita/" }, "geometry": { "type": "Point", "coordinates": [ 135.760887599999933, 35.0449859 ] } },
{ "type": "Feature", "properties": { "内容": "居宅介護支援事業所「がくさい」【居宅介護支援】京都府京都市北区紫野東藤ノ森町11番3", "url": "https://www.kaigokensaku.mhlw.go.jp/26/index.php?action_kouhyou_detail_004_kani=true&JigyosyoCd=2610103364-00&ServiceCd=430&Type=search", "url2": "https://gakusai.or.jp/community-services/residential-care" }, "geometry": { "type": "Point", "coordinates": [ 135.746708155190106, 35.037238093703088 ] } },
{ "type": "Feature", "properties": { "内容": "渡辺西賀茂診療所　居宅介護支援事業所【居宅介護支援】京都市北区大宮南田尻町５９番地", "url": "https://www.kaigokensaku.mhlw.go.jp/26/index.php?action_kouhyou_detail_004_kani=true&JigyosyoCd=2610105278-00&ServiceCd=430&Type=search", "url2": "https://miyakokai-kyoto.com/" }, "geometry": { "type": "Point", "coordinates": [ 135.749588499999959, 35.0571732 ] } },
{ "type": "Feature", "properties": { "内容": "洛和会医療介護サービスセンター北大路店【居宅介護支援】紫野下鳥田町56-1", "url": "https://www.kaigokensaku.mhlw.go.jp/26/index.php?action_kouhyou_detail_004_kani=true&JigyosyoCd=2660190188-00&ServiceCd=430&Type=search", "url2": "http://www.rakuwa.or.jp/" }, "geometry": { "type": "Point", "coordinates": [ 135.751959699999986, 35.0430558 ] } },
{ "type": "Feature", "properties": { "内容": "京都市衣笠ケアプランセンター【居宅介護支援】京都市北区平野上柳町28-24", "url": "https://www.kaigokensaku.mhlw.go.jp/26/index.php?action_kouhyou_detail_004_kani=true&JigyosyoCd=2670100094-00&ServiceCd=430&Type=search", "url2": "http://www.syakyo⁻kyoto.net/" }, "geometry": { "type": "Point", "coordinates": [ 135.727426599999944, 35.0360639 ] } },
{ "type": "Feature", "properties": { "内容": "介護支援センター　紫野きらく庵【居宅介護支援】京都府京都市北区紫野東舟岡町27番地15", "url": "https://www.kaigokensaku.mhlw.go.jp/26/index.php?action_kouhyou_detail_004_kani=true&JigyosyoCd=2670101084-00&ServiceCd=430&Type=search", "url2": null }, "geometry": { "type": "Point", "coordinates": [ 135.74410799510656, 35.040473407901146 ] } },
{ "type": "Feature", "properties": { "内容": "ケアステーショたすく【居宅介護支援】京都市北区衣笠東御所ノ内町42CKASKA衣笠303号", "url": "https://www.kaigokensaku.mhlw.go.jp/26/index.php?action_kouhyou_detail_004_kani=true&JigyosyoCd=2670101852-00&ServiceCd=430&Type=search", "url2": null }, "geometry": { "type": "Point", "coordinates": [ 135.73585, 35.0408043 ] } },
{ "type": "Feature", "properties": { "内容": "医療法人社団行稜会　　平野デイサービスセンター【居宅介護支援】京都市北区小松原南町10", "url": "https://www.kaigokensaku.mhlw.go.jp/26/index.php?action_kouhyou_detail_004_kani=true&JigyosyoCd=2670200209-00&ServiceCd=430&Type=search", "url2": "https://kyotoohara.or.jp/" }, "geometry": { "type": "Point", "coordinates": [ 135.729425336587525, 35.029984022786302 ] } },
{ "type": "Feature", "properties": { "内容": "居宅介護支援事業所ルスト【居宅介護支援】京都府京都市北区紫竹東高縄町18-5Ｓ＆Ｓビル1階", "url": "https://www.kaigokensaku.mhlw.go.jp/26/index.php?action_kouhyou_detail_004_kani=true&JigyosyoCd=2670700950-00&ServiceCd=430&Type=search", "url2": null }, "geometry": { "type": "Point", "coordinates": [ 135.720004127894498, 35.000099884159518 ] } },
{ "type": "Feature", "properties": { "内容": "京都福祉サービス協会紫野ケアマネステーション【居宅介護支援】京都府京都市北区紫野西野町15番地", "url": "https://www.kaigokensaku.mhlw.go.jp/26/index.php?action_kouhyou_detail_004_kani=true&JigyosyoCd=2670100433-00&ServiceCd=430&Type=search", "url2": "https://www.kyoto-fukushi.org/office/detail/msn/" }, "geometry": { "type": "Point", "coordinates": [ 135.741475300000047, 35.0413687 ] } },
{ "type": "Feature", "properties": { "内容": "居宅介護支援事業所　春うらら【居宅介護支援】京都市北区西賀茂大道口町３２番地", "url": "https://www.kaigokensaku.mhlw.go.jp/26/index.php?action_kouhyou_detail_004_kani=true&JigyosyoCd=2670100649-00&ServiceCd=430&Type=search", "url2": null }, "geometry": { "type": "Point", "coordinates": [ 135.742975593137828, 35.063917043664304 ] } },
{ "type": "Feature", "properties": { "内容": "社会福祉法人　京都福祉サービス協会　北事務所【居宅介護支援】京都市北区紫野上御所田町９番地１", "url": "https://www.kaigokensaku.mhlw.go.jp/26/index.php?action_kouhyou_detail_004_kani=true&JigyosyoCd=2670100847-00&ServiceCd=430&Type=search", "url2": "http://kyotoｰfukushi.org" }, "geometry": { "type": "Point", "coordinates": [ 135.7509106, 35.0414556 ] } },
{ "type": "Feature", "properties": { "内容": "洛和会医療介護サービスセンター北野白梅町店【居宅介護支援】京都市北区大将軍川端町40番地", "url": "https://www.kaigokensaku.mhlw.go.jp/26/index.php?action_kouhyou_detail_004_kani=true&JigyosyoCd=2670101191-00&ServiceCd=430&Type=search", "url2": "http://www.rakuwa.or.jp/" }, "geometry": { "type": "Point", "coordinates": [ 135.732290400000011, 35.0242817 ] } },
{ "type": "Feature", "properties": { "内容": "ケアプランセンターりぼん【居宅介護支援】紫野下御輿町28-1創彩ビル4階", "url": "https://www.kaigokensaku.mhlw.go.jp/26/index.php?action_kouhyou_detail_004_kani=true&JigyosyoCd=2670101233-00&ServiceCd=430&Type=search", "url2": "https://www.care-ribbon.jp" }, "geometry": { "type": "Point", "coordinates": [ 135.739667200000014, 35.0411942 ] } },
{ "type": "Feature", "properties": { "内容": "社会福祉法人京都博愛会京都博愛会病院【居宅介護支援】京都市北区上賀茂ケシ山１番地", "url": "https://www.kaigokensaku.mhlw.go.jp/26/index.php?action_kouhyou_detail_004_kani=true&JigyosyoCd=2610100964-00&ServiceCd=430&Type=search", "url2": "http://www.kyoto-hakuaikai.or.jp/" }, "geometry": { "type": "Point", "coordinates": [ 135.770247899999958, 35.06127 ] } },
{ "type": "Feature", "properties": { "内容": "(医)浜田会居宅介護支援事業所【居宅介護支援】京都市北区紫野上門前町76番地1", "url": "https://www.kaigokensaku.mhlw.go.jp/26/index.php?action_kouhyou_detail_004_kani=true&JigyosyoCd=2670100045-00&ServiceCd=430&Type=search", "url2": "http://rakuhoku-hospital.com/" }, "geometry": { "type": "Point", "coordinates": [ 135.748744066329976, 35.045422304768309 ] } },
{ "type": "Feature", "properties": { "内容": "ユーカリの里　居宅介護支援事業所【居宅介護支援】京都市北区上賀茂ケシ山１－４３", "url": "https://www.kaigokensaku.mhlw.go.jp/26/index.php?action_kouhyou_detail_004_kani=true&JigyosyoCd=2670100219-00&ServiceCd=430&Type=search", "url2": "http://web.kyoto-inet.or.jp/people/koalamet/" }, "geometry": { "type": "Point", "coordinates": [ 135.769589600000018, 35.0603618 ] } },
{ "type": "Feature", "properties": { "内容": "支援センター　ひなたぼっこ【居宅介護支援】京都市北区紫竹西南町67-20", "url": "https://www.kaigokensaku.mhlw.go.jp/26/index.php?action_kouhyou_detail_004_kani=true&JigyosyoCd=2670100771-00&ServiceCd=430&Type=search", "url2": "https://hinatabokko-ibasho.jp" }, "geometry": { "type": "Point", "coordinates": [ 135.745222593640165, 35.046788147152114 ] } },
{ "type": "Feature", "properties": { "内容": "居宅介護支援センターまごのて北山【居宅介護支援】京都府京都市北区紫竹東高縄町51番地4", "url": "https://www.kaigokensaku.mhlw.go.jp/26/index.php?action_kouhyou_detail_004_kani=true&JigyosyoCd=2670101134-00&ServiceCd=430&Type=search", "url2": "https://successful-aging.care/" }, "geometry": { "type": "Point", "coordinates": [ 135.751841099999979, 35.046555 ] } },
{ "type": "Feature", "properties": { "内容": "ケアプランセンターしんらい【居宅介護支援】京都市北区小山初音町1０番地の3", "url": "https://www.kaigokensaku.mhlw.go.jp/26/index.php?action_kouhyou_detail_004_kani=true&JigyosyoCd=2670101365-00&ServiceCd=430&Type=search", "url2": null }, "geometry": { "type": "Point", "coordinates": [ 135.754265630688451, 35.046278560281088 ] } },
{ "type": "Feature", "properties": { "内容": "居宅介護支援事業所　華【居宅介護支援】京都府京都市北区等持院南町19-6", "url": "https://www.kaigokensaku.mhlw.go.jp/26/index.php?action_kouhyou_detail_004_kani=true&JigyosyoCd=2670101696-00&ServiceCd=430&Type=search", "url2": null }, "geometry": { "type": "Point", "coordinates": [ 135.7272189, 35.0260982 ] } },
{ "type": "Feature", "properties": { "内容": "介護支援事業所　今宮【居宅介護支援】京都市北区紫竹西高縄町22-1", "url": "https://www.kaigokensaku.mhlw.go.jp/26/index.php?action_kouhyou_detail_004_kani=true&JigyosyoCd=2670100896-00&ServiceCd=430&Type=search", "url2": "http//www.kyoto-fukushinet.com/" }, "geometry": { "type": "Point", "coordinates": [ 135.747703949073752, 35.045879647049901 ] } },
{ "type": "Feature", "properties": { "内容": "居宅介護支援事業所　恵【居宅介護支援】北野西白梅町40メゾン・デ・プランタン102", "url": "https://www.kaigokensaku.mhlw.go.jp/26/index.php?action_kouhyou_detail_004_kani=true&JigyosyoCd=2670101944-00&ServiceCd=430&Type=search", "url2": "2026/4月より公開予定" }, "geometry": { "type": "Point", "coordinates": [ 135.7284405, 35.0267682 ] } },
{ "type": "Feature", "properties": { "内容": "ケアプランセンターひかり【居宅介護支援】京都市上京区一条通御前通西入3丁目西町201番地", "url": "https://www.kaigokensaku.mhlw.go.jp/26/index.php?action_kouhyou_detail_004_kani=true&JigyosyoCd=2670200019-00&ServiceCd=430&Type=search", "url2": "http://www" }, "geometry": { "type": "Point", "coordinates": [ 135.734346717807739, 35.024494809186891 ] } },
{ "type": "Feature", "properties": { "内容": "居宅介護支援センターたんぽぽ【居宅介護支援】京都市上京区下立売通千本東入田中町４５２番地", "url": "https://www.kaigokensaku.mhlw.go.jp/26/index.php?action_kouhyou_detail_004_kani=true&JigyosyoCd=2670400460-00&ServiceCd=430&Type=search", "url2": "http://tannpopo-kyoto.com" }, "geometry": { "type": "Point", "coordinates": [ 135.74400748820409, 35.02019393569541 ] } },
{ "type": "Feature", "properties": { "内容": "居宅介護支援センター　ロートス【居宅介護支援】京都府京都市上京区浄福寺通り下長者町下る白銀町259番地パレスナタリ101", "url": "https://www.kaigokensaku.mhlw.go.jp/26/index.php?action_kouhyou_detail_004_kani=true&JigyosyoCd=2660290178-00&ServiceCd=430&Type=search", "url2": "https://weisslotus.com/" }, "geometry": { "type": "Point", "coordinates": [ 135.744741, 35.0218822 ] } },
{ "type": "Feature", "properties": { "内容": "居宅介護支援事業所まる【居宅介護支援】京都市上京区千本五辻上ル牡丹鉾町547ぼたんぼこビル　2Ｆ", "url": "https://www.kaigokensaku.mhlw.go.jp/26/index.php?action_kouhyou_detail_004_kani=true&JigyosyoCd=2670200985-00&ServiceCd=430&Type=search", "url2": "http://www.nagahara.or.jp" }, "geometry": { "type": "Point", "coordinates": [ 135.742066418740819, 35.032056976253848 ] } },
{ "type": "Feature", "properties": { "内容": "むつき庵【居宅介護支援】下立売通黒門西入橋西二丁目648", "url": "https://www.kaigokensaku.mhlw.go.jp/26/index.php?action_kouhyou_detail_004_kani=true&JigyosyoCd=2670201363-00&ServiceCd=430&Type=search", "url2": null }, "geometry": { "type": "Point", "coordinates": [ 135.74935412190311, 35.020126702692743 ] } },
{ "type": "Feature", "properties": { "内容": "ケアプランセンターみつわ紫光【居宅介護支援】七本松通一条下ル三軒町65番地42", "url": "https://www.kaigokensaku.mhlw.go.jp/26/index.php?action_kouhyou_detail_004_kani=true&JigyosyoCd=2670201157-00&ServiceCd=430&Type=search", "url2": "https://mitsuwa-club.jp/" }, "geometry": { "type": "Point", "coordinates": [ 135.7406056, 35.0254395 ] } },
{ "type": "Feature", "properties": { "内容": "医療法人　幸生会　室町病院　居宅介護支援事業所【居宅介護支援】京都市上京区室町通上立売下る裏築地町88", "url": "https://www.kaigokensaku.mhlw.go.jp/26/index.php?action_kouhyou_detail_004_kani=true&JigyosyoCd=2610202158-00&ServiceCd=430&Type=search", "url2": "http://www.muromachi.or.jp/" }, "geometry": { "type": "Point", "coordinates": [ 135.758164099999988, 35.0310447 ] } },
{ "type": "Feature", "properties": { "内容": "ケアプランセンターひそか【居宅介護支援】京都市上京区中猪熊町312-2", "url": "https://www.kaigokensaku.mhlw.go.jp/26/index.php?action_kouhyou_detail_004_kani=true&JigyosyoCd=2670201124-00&ServiceCd=430&Type=search", "url2": null }, "geometry": { "type": "Point", "coordinates": [ 135.7455098, 35.0338076 ] } },
{ "type": "Feature", "properties": { "内容": "ケアプランセンターエール【居宅介護支援】京都府京都市上京区出水通七本松東入七番町348-1", "url": "https://www.kaigokensaku.mhlw.go.jp/26/index.php?action_kouhyou_detail_004_kani=true&JigyosyoCd=2670201371-00&ServiceCd=430&Type=search", "url2": null }, "geometry": { "type": "Point", "coordinates": [ 135.7396063, 35.021511 ] } },
{ "type": "Feature", "properties": { "内容": "医療法人　相馬病院　居宅介護支援事業所【居宅介護支援】京都府京都市上京区御前通今小路下ル南馬喰町911番地", "url": "https://www.kaigokensaku.mhlw.go.jp/26/index.php?action_kouhyou_detail_004_kani=true&JigyosyoCd=2610200780-00&ServiceCd=430&Type=search", "url2": "http://www.sohma-hp.or.jp/" }, "geometry": { "type": "Point", "coordinates": [ 135.749697, 35.0323732 ] } },
{ "type": "Feature", "properties": { "内容": "クローバー居宅介護支援サービス【居宅介護支援】六軒町通元誓願寺上る玉屋町225", "url": "https://www.kaigokensaku.mhlw.go.jp/26/index.php?action_kouhyou_detail_004_kani=true&JigyosyoCd=2670201009-00&ServiceCd=430&Type=search", "url2": "https://musubukatachi.com/" }, "geometry": { "type": "Point", "coordinates": [ 135.741119296180557, 35.029080302939832 ] } },
{ "type": "Feature", "properties": { "内容": "ケアプランセンターカルナ西陣【居宅介護支援】京都府京都市上京区千本通一条上る泰童片原町651カルナハウス京都西陣1F", "url": "https://www.kaigokensaku.mhlw.go.jp/26/index.php?action_kouhyou_detail_004_kani=true&JigyosyoCd=2670200829-00&ServiceCd=430&Type=search", "url2": "http://www.karunalife.jp" }, "geometry": { "type": "Point", "coordinates": [ 135.742039200000022, 35.027461 ] } },
{ "type": "Feature", "properties": { "内容": "公益社団法人京都保健会　居宅支援わかば【居宅介護支援】千本通上立売上ル作庵町506京都保健会南館2階", "url": "https://www.kaigokensaku.mhlw.go.jp/26/index.php?action_kouhyou_detail_004_kani=true&JigyosyoCd=2610201358-00&ServiceCd=430&Type=search", "url2": "https://www.kyoto-hokenkai.org/wakaba/" }, "geometry": { "type": "Point", "coordinates": [ 135.741559, 35.032481 ] } },
{ "type": "Feature", "properties": { "内容": "京都市出水ケアプランセンター【居宅介護支援】京都市上京区日暮通下立売上ル西入ル分銅町556", "url": "https://www.kaigokensaku.mhlw.go.jp/26/index.php?action_kouhyou_detail_004_kani=true&JigyosyoCd=2670200076-00&ServiceCd=430&Type=search", "url2": "http://www.syakyo-kyoto.net/soudanshitai/koureisya/kaigohoken.html" }, "geometry": { "type": "Point", "coordinates": [ 135.749697, 35.0323732 ] } },
{ "type": "Feature", "properties": { "内容": "居宅介護支援事業所　聚楽【居宅介護支援】京都市上京区旧大宮通中立売上る梨木町189-5", "url": "https://www.kaigokensaku.mhlw.go.jp/26/index.php?action_kouhyou_detail_004_kani=true&JigyosyoCd=2670200951-00&ServiceCd=430&Type=search", "url2": "http://nananokai.com/sisetu/juraku.html" }, "geometry": { "type": "Point", "coordinates": [ 135.749262757147221, 35.025642884772047 ] } },
{ "type": "Feature", "properties": { "内容": "社会福祉法人　京都福祉サービス協会　小川事務所【居宅介護支援】京都市上京区小川通今出川下る西入東今町375番地", "url": "https://www.kaigokensaku.mhlw.go.jp/26/index.php?action_kouhyou_detail_004_kani=true&JigyosyoCd=2670200316-00&ServiceCd=430&Type=search", "url2": "http://www.kyoto-fukushi.org/" }, "geometry": { "type": "Point", "coordinates": [ 135.754005099999972, 35.02574060000002 ] } },
{ "type": "Feature", "properties": { "内容": "成逸居宅介護支援事業所【居宅介護支援】京都市上京区堀川通寺之内上る2丁目下天神町650番地の1", "url": "https://www.kaigokensaku.mhlw.go.jp/26/index.php?action_kouhyou_detail_004_kani=true&JigyosyoCd=2670200415-00&ServiceCd=430&Type=search", "url2": "http://www.kyotokouseien.com" }, "geometry": { "type": "Point", "coordinates": [ 135.750841021826204, 35.035676651739529 ] } },
{ "type": "Feature", "properties": { "内容": "居宅介護支援センター千本笹屋町【居宅介護支援】京都市上京区笹屋町通千本東入笹屋町3丁目622番地", "url": "https://www.kaigokensaku.mhlw.go.jp/26/index.php?action_kouhyou_detail_004_kani=true&JigyosyoCd=2670200456-00&ServiceCd=430&Type=search", "url2": "http://www.hiragino.or.jp" }, "geometry": { "type": "Point", "coordinates": [ 135.743200689765899, 35.028024474875394 ] } },
{ "type": "Feature", "properties": { "内容": "ケアプランセンターナービス京都二条【居宅介護支援】京都市上京区下立売通千本西入稲葉町442", "url": "https://www.kaigokensaku.mhlw.go.jp/26/index.php?action_kouhyou_detail_004_kani=true&JigyosyoCd=2670200779-00&ServiceCd=430&Type=search", "url2": "https://joylife.alsok.co.jp/" }, "geometry": { "type": "Point", "coordinates": [ 135.749697, 35.0323732 ] } },
{ "type": "Feature", "properties": { "内容": "介護支援事業所　西陣南【居宅介護支援】京都府京都市上京区千本通出水下る十四軒町394番地の１西陣ｸﾞﾗﾝﾄﾞﾊｲﾂ111号", "url": "https://www.kaigokensaku.mhlw.go.jp/26/index.php?action_kouhyou_detail_004_kani=true&JigyosyoCd=2670200977-00&ServiceCd=430&Type=search", "url2": null }, "geometry": { "type": "Point", "coordinates": [ 135.742320097114543, 35.021069492195302 ] } },
{ "type": "Feature", "properties": { "内容": "居宅介護支援事業所堀川病院【居宅介護支援】京都府京都市上京区堀川通今出川上る北舟橋町８４５番地", "url": "https://www.kaigokensaku.mhlw.go.jp/26/index.php?action_kouhyou_detail_004_kani=true&JigyosyoCd=2670201314-00&ServiceCd=430&Type=search", "url2": "https://www.horikawa-hp.or.jp/" }, "geometry": { "type": "Point", "coordinates": [ 135.7522836, 35.0310475 ] } },
{ "type": "Feature", "properties": { "内容": "十四軒町ケアプランセンター【居宅介護支援】京都市上京区千本通出水下る十四軒町398", "url": "https://www.kaigokensaku.mhlw.go.jp/26/index.php?action_kouhyou_detail_004_kani=true&JigyosyoCd=2670200472-00&ServiceCd=430&Type=search", "url2": "http://www.kenkouen.jp/" }, "geometry": { "type": "Point", "coordinates": [ 135.741816669914186, 35.020899093854226 ] } },
{ "type": "Feature", "properties": { "内容": "有限会社介護ステーションふれんず葉賀【居宅介護支援】京都市上京区猪熊通元誓願寺下る竪神明町472-4", "url": "https://www.kaigokensaku.mhlw.go.jp/26/index.php?action_kouhyou_detail_004_kani=true&JigyosyoCd=2670200548-00&ServiceCd=430&Type=search", "url2": "info@fniends.haga.jp" }, "geometry": { "type": "Point", "coordinates": [ 135.7503624, 35.0276964 ] } },
{ "type": "Feature", "properties": { "内容": "セルフサポート株式会社居宅介護支援センターまごのて西陣【居宅介護支援】京都市上京区大宮西入新白水丸町446番地３階", "url": "https://www.kaigokensaku.mhlw.go.jp/26/index.php?action_kouhyou_detail_004_kani=true&JigyosyoCd=2670200563-00&ServiceCd=430&Type=search", "url2": "URL:https://www.self-support.jp/" }, "geometry": { "type": "Point", "coordinates": [ 135.747345430653922, 35.02484684873609 ] } },
{ "type": "Feature", "properties": { "内容": "居宅介護支援事業所　ソラスト上京【居宅介護支援】京都市上京区小川通出水上る茶屋町106番地", "url": "https://www.kaigokensaku.mhlw.go.jp/26/index.php?action_kouhyou_detail_004_kani=true&JigyosyoCd=2670200753-00&ServiceCd=430&Type=search", "url2": "https://solasto-kaigo.com/care/area/solastokamigyo.html" }, "geometry": { "type": "Point", "coordinates": [ 135.754063866898036, 35.022235222947209 ] } },
{ "type": "Feature", "properties": { "内容": "居宅介護支援センターぶどうの木【居宅介護支援】京都市上京区千本通出水下る十四軒町４０５番地ルミエール聚楽Ａ-１号", "url": "https://www.kaigokensaku.mhlw.go.jp/26/index.php?action_kouhyou_detail_004_kani=true&JigyosyoCd=2670200720-00&ServiceCd=430&Type=search", "url2": "https://budounoki-kyoto.com/" }, "geometry": { "type": "Point", "coordinates": [ 135.742396027061432, 35.020617931681031 ] } },
{ "type": "Feature", "properties": { "内容": "在宅サポート・北白川【居宅介護支援】京都府京都市左京区北白川西平井町14-4", "url": "https://www.kaigokensaku.mhlw.go.jp/26/index.php?action_kouhyou_detail_004_kani=true&JigyosyoCd=2670600523-00&ServiceCd=430&Type=search", "url2": "http://caringkyoto.com" }, "geometry": { "type": "Point", "coordinates": [ 135.786445038622986, 35.035915276567742 ] } },
{ "type": "Feature", "properties": { "内容": "居宅介護支援事業所古都【居宅介護支援】京都市左京区新東洞院通仁王門上る新東洞院町２７１－２ＳＪＳ二条ビル４０２号", "url": "https://www.kaigokensaku.mhlw.go.jp/26/index.php?action_kouhyou_detail_004_kani=true&JigyosyoCd=2670601364-00&ServiceCd=430&Type=search", "url2": null }, "geometry": { "type": "Point", "coordinates": [ 135.775389099999984, 35.0124573 ] } },
{ "type": "Feature", "properties": { "内容": "カノンしもがも居宅介護支援事業所【居宅介護支援】京都府京都市左京区下鴨泉川町３６－２１", "url": "https://www.kaigokensaku.mhlw.go.jp/26/index.php?action_kouhyou_detail_004_kani=true&JigyosyoCd=2660690187-00&ServiceCd=430&Type=search", "url2": "https://www.amitacanon.com/" }, "geometry": { "type": "Point", "coordinates": [ 135.775489500000049, 35.0377812 ] } },
{ "type": "Feature", "properties": { "内容": "有限会社　グッデイ　北白川営業所【居宅介護支援】京都府京都市左京区北白川久保田町16-1", "url": "https://www.kaigokensaku.mhlw.go.jp/26/index.php?action_kouhyou_detail_004_kani=true&JigyosyoCd=2670601067-00&ServiceCd=430&Type=search", "url2": "http://www.goddag.net" }, "geometry": { "type": "Point", "coordinates": [ 135.791294, 35.0292653 ] } },
{ "type": "Feature", "properties": { "内容": "居宅介護支援事業所いろは【居宅介護支援】京都府京都市左京区岩倉長谷町1785-2", "url": "https://www.kaigokensaku.mhlw.go.jp/26/index.php?action_kouhyou_detail_004_kani=true&JigyosyoCd=2670601596-00&ServiceCd=430&Type=search", "url2": null }, "geometry": { "type": "Point", "coordinates": [ 135.793448, 35.080136 ] } },
{ "type": "Feature", "properties": { "内容": "居宅介護支援事業所古都【居宅介護支援】京都府京都市左京区新東洞院通仁王門上る新東洞院町２７１番地２SJS二条ビル４０２", "url": "https://www.kaigokensaku.mhlw.go.jp/26/index.php?action_kouhyou_detail_004_kani=true&JigyosyoCd=2670601653-00&ServiceCd=430&Type=search", "url2": null }, "geometry": { "type": "Point", "coordinates": [ 135.7753324, 35.0124586 ] } },
{ "type": "Feature", "properties": { "内容": "居宅介護支援事業所ゆりかもめ【居宅介護支援】京都市左京区下鴨狗子田町5-5", "url": "https://www.kaigokensaku.mhlw.go.jp/26/index.php?action_kouhyou_detail_004_kani=true&JigyosyoCd=2660690104-00&ServiceCd=430&Type=search", "url2": "http://www.paincon2004.join-us.jp/" }, "geometry": { "type": "Point", "coordinates": [ 135.769295300000067, 35.0511546 ] } },
{ "type": "Feature", "properties": { "内容": "ゆり・かな薬局居宅介護支援事業所【居宅介護支援】京都府京都市左京区一乗寺稲荷町２４－２", "url": "https://www.kaigokensaku.mhlw.go.jp/26/index.php?action_kouhyou_detail_004_kani=true&JigyosyoCd=2670601018-00&ServiceCd=430&Type=search", "url2": null }, "geometry": { "type": "Point", "coordinates": [ 135.793810099999973, 35.0476578 ] } },
{ "type": "Feature", "properties": { "内容": "在宅サポート・北白川【居宅介護支援】京都府京都市左京区一乗寺梅ノ木町16", "url": "https://www.kaigokensaku.mhlw.go.jp/26/index.php?action_kouhyou_detail_004_kani=true&JigyosyoCd=2670601513-00&ServiceCd=430&Type=search", "url2": "http://caringkyoto.com/" }, "geometry": { "type": "Point", "coordinates": [ 135.7872887, 35.0414506 ] } },
{ "type": "Feature", "properties": { "内容": "しらゆり居宅介護支援事業所【居宅介護支援】松ヶ崎小脇町28-39", "url": "https://www.kaigokensaku.mhlw.go.jp/26/index.php?action_kouhyou_detail_004_kani=true&JigyosyoCd=2670601430-00&ServiceCd=430&Type=search", "url2": null }, "geometry": { "type": "Point", "coordinates": [ 135.7852326, 35.0495195 ] } },
{ "type": "Feature", "properties": { "内容": "居宅介護支援事業所　恵【居宅介護支援】京都市左京区聖護院蓮華蔵町29", "url": "https://www.kaigokensaku.mhlw.go.jp/26/index.php?action_kouhyou_detail_004_kani=true&JigyosyoCd=2670601505-00&ServiceCd=430&Type=search", "url2": null }, "geometry": { "type": "Point", "coordinates": [ 135.7769356, 35.0141959 ] } },
{ "type": "Feature", "properties": { "内容": "医療法人　社団　行陵会　居宅介護支援事業所　博寿苑【居宅介護支援】京都市左京区大原戸寺町383", "url": "https://www.kaigokensaku.mhlw.go.jp/26/index.php?action_kouhyou_detail_004_kani=true&JigyosyoCd=2670600085-00&ServiceCd=430&Type=search", "url2": "https://kyotoohara.or.jp/home-service/caremanager/hakujuen/" }, "geometry": { "type": "Point", "coordinates": [ 135.8218588, 35.1044851 ] } },
{ "type": "Feature", "properties": { "内容": "医療法人社団行陵会　上高野デイサービスセンター【居宅介護支援】京都市左京区上高野隣好町10番地", "url": "https://www.kaigokensaku.mhlw.go.jp/26/index.php?action_kouhyou_detail_004_kani=true&JigyosyoCd=2670600457-00&ServiceCd=430&Type=search", "url2": "http://www.kouryokai.jp/" }, "geometry": { "type": "Point", "coordinates": [ 135.795156799999972, 35.0623643 ] } },
{ "type": "Feature", "properties": { "内容": "公益社団法人信和会　川端診療所【居宅介護支援】京都市左京区川端通夷川上ル新生洲町100", "url": "https://www.kaigokensaku.mhlw.go.jp/26/index.php?action_kouhyou_detail_004_kani=true&JigyosyoCd=2610604080-00&ServiceCd=430&Type=search", "url2": "http://www.kawabata.or.jp/" }, "geometry": { "type": "Point", "coordinates": [ 135.772539351806671, 35.015128218938401 ] } },
{ "type": "Feature", "properties": { "内容": "医療法人稲門会フェアウインドきの　居宅介護支援事業所【居宅介護支援】京都市左京区岩倉幡枝町2250", "url": "https://www.kaigokensaku.mhlw.go.jp/26/index.php?action_kouhyou_detail_004_kani=true&JigyosyoCd=2650680081-00&ServiceCd=430&Type=search", "url2": "http://www.toumonkai.net/" }, "geometry": { "type": "Point", "coordinates": [ 135.774212939356147, 35.06967805354828 ] } },
{ "type": "Feature", "properties": { "内容": "医療法人鴨葵会市田医院介護支援事業所【居宅介護支援】京都市左京区下鴨松ノ木町19", "url": "https://www.kaigokensaku.mhlw.go.jp/26/index.php?action_kouhyou_detail_004_kani=true&JigyosyoCd=2610605897-00&ServiceCd=430&Type=search", "url2": "https://ichida-iin.com" }, "geometry": { "type": "Point", "coordinates": [ 135.769084300000031, 35.0411474 ] } },
{ "type": "Feature", "properties": { "内容": "医療法人稲門会　しずはうす居宅介護支援センター【居宅介護支援】京都市左京区静市静原町548", "url": "https://www.kaigokensaku.mhlw.go.jp/26/index.php?action_kouhyou_detail_004_kani=true&JigyosyoCd=2650680032-00&ServiceCd=430&Type=search", "url2": "http://www.toumonkai.net/" }, "geometry": { "type": "Point", "coordinates": [ 135.779902399999969, 35.1034372 ] } },
{ "type": "Feature", "properties": { "内容": "バプテスト居宅介護支援事業所【居宅介護支援】京都府京都市左京区北白川山ノ元町47", "url": "https://www.kaigokensaku.mhlw.go.jp/26/index.php?action_kouhyou_detail_004_kani=true&JigyosyoCd=2650680107-00&ServiceCd=430&Type=search", "url2": "https://www.jbh.or.jp" }, "geometry": { "type": "Point", "coordinates": [ 135.796188725529106, 35.033932375866435 ] } },
{ "type": "Feature", "properties": { "内容": "医療法人社団　テイ医院　テイ介護保険支援センター【居宅介護支援】京都市左京区浄土寺下南田町3－5", "url": "https://www.kaigokensaku.mhlw.go.jp/26/index.php?action_kouhyou_detail_004_kani=true&JigyosyoCd=2610605491-00&ServiceCd=430&Type=search", "url2": "http://www.tei.or.jp" }, "geometry": { "type": "Point", "coordinates": [ 135.793863200000033, 35.0227576 ] } },
{ "type": "Feature", "properties": { "内容": "市原寮居宅介護支援事業所【居宅介護支援】京都府京都市左京区静市市原町1278番地", "url": "https://www.kaigokensaku.mhlw.go.jp/26/index.php?action_kouhyou_detail_004_kani=true&JigyosyoCd=2670600010-00&ServiceCd=430&Type=search", "url2": "http://www.itihara.or.jp/" }, "geometry": { "type": "Point", "coordinates": [ 135.761518, 35.0906859 ] } },
{ "type": "Feature", "properties": { "内容": "医療法人三幸会生活サポートセンター・ケアプラン事業所北山【居宅介護支援】京都市左京区岩倉上蔵町158番地", "url": "https://www.kaigokensaku.mhlw.go.jp/26/index.php?action_kouhyou_detail_004_kani=true&JigyosyoCd=2670600119-00&ServiceCd=430&Type=search", "url2": "http://www.sankokai.jp/" }, "geometry": { "type": "Point", "coordinates": [ 135.78331026441802, 35.079785260935502 ] } },
{ "type": "Feature", "properties": { "内容": "京都市左京ケアプランセンター【居宅介護支援】京都市左京区高野西開町5左京合同福祉センター1F", "url": "https://www.kaigokensaku.mhlw.go.jp/26/index.php?action_kouhyou_detail_004_kani=true&JigyosyoCd=2670600135-00&ServiceCd=430&Type=search", "url2": null }, "geometry": { "type": "Point", "coordinates": [ 135.7780477, 35.038045 ] } },
{ "type": "Feature", "properties": { "内容": "洛和会医療介護サービスセンター東大路店【居宅介護支援】京都市左京区田中南大久保町69リバティ東大路1階", "url": "https://www.kaigokensaku.mhlw.go.jp/26/index.php?action_kouhyou_detail_004_kani=true&JigyosyoCd=2670600770-00&ServiceCd=430&Type=search", "url2": "http://www.rakuwa.or.jp" }, "geometry": { "type": "Point", "coordinates": [ 135.781252991268047, 35.035147972972041 ] } },
{ "type": "Feature", "properties": { "内容": "居宅介護支援事業所そよかぜ【居宅介護支援】京都市左京区一乗寺西水干町25-2", "url": "https://www.kaigokensaku.mhlw.go.jp/26/index.php?action_kouhyou_detail_004_kani=true&JigyosyoCd=2670601570-00&ServiceCd=430&Type=search", "url2": "https://ksmcs.jp/kitaoji" }, "geometry": { "type": "Point", "coordinates": [ 135.7865042, 35.038789 ] } },
{ "type": "Feature", "properties": { "内容": "日本いのちの花協会　居宅介護支援事業所【居宅介護支援】京都市左京区田中樋ノ口町31", "url": "https://www.kaigokensaku.mhlw.go.jp/26/index.php?action_kouhyou_detail_004_kani=true&JigyosyoCd=2670600028-00&ServiceCd=430&Type=search", "url2": "http://www.inochinohana.net/" }, "geometry": { "type": "Point", "coordinates": [ 135.784500200000025, 35.0331483 ] } },
{ "type": "Feature", "properties": { "内容": "社会福祉法人　京都福祉サービス協会　高野事務所【居宅介護支援】京都市左京区高野西開町5番地京都市左京合同福祉センター３階", "url": "https://www.kaigokensaku.mhlw.go.jp/26/index.php?action_kouhyou_detail_004_kani=true&JigyosyoCd=2670600044-00&ServiceCd=430&Type=search", "url2": "http://kyoto-fukushi.org" }, "geometry": { "type": "Point", "coordinates": [ 135.778081269311542, 35.038058035601082 ] } },
{ "type": "Feature", "properties": { "内容": "花友しらかわ居宅介護支援事業所【居宅介護支援】京都市左京区浄土寺真如町155-3", "url": "https://www.kaigokensaku.mhlw.go.jp/26/index.php?action_kouhyou_detail_004_kani=true&JigyosyoCd=2670600267-00&ServiceCd=430&Type=search", "url2": "http://www.itihara.or.jp" }, "geometry": { "type": "Point", "coordinates": [ 135.7917105061168, 35.020531181463035 ] } },
{ "type": "Feature", "properties": { "内容": "社会福祉法人　バプテストめぐみ会　バプテスト・高野居宅介護支援事業所【居宅介護支援】京都市左京区高野蓼原町47番地5", "url": "https://www.kaigokensaku.mhlw.go.jp/26/index.php?action_kouhyou_detail_004_kani=true&JigyosyoCd=2670600291-00&ServiceCd=430&Type=search", "url2": "http://baptist-megumikai.com/" }, "geometry": { "type": "Point", "coordinates": [ 135.776272899999981, 35.0344343 ] } },
{ "type": "Feature", "properties": { "内容": "ケアプランセンター飛鳥井【居宅介護支援】京都府京都市左京区田中飛鳥井町46", "url": "https://www.kaigokensaku.mhlw.go.jp/26/index.php?action_kouhyou_detail_004_kani=true&JigyosyoCd=2670600572-00&ServiceCd=430&Type=search", "url2": "https://shinwakai-min.com/" }, "geometry": { "type": "Point", "coordinates": [ 135.78006162753897, 35.031593446133577 ] } },
{ "type": "Feature", "properties": { "内容": "居宅介護支援センター　　　　　　まごのて左京【居宅介護支援】山端大塚町16番34", "url": "https://www.kaigokensaku.mhlw.go.jp/26/index.php?action_kouhyou_detail_004_kani=true&JigyosyoCd=2670600986-00&ServiceCd=430&Type=search", "url2": "https://care-believe.net/" }, "geometry": { "type": "Point", "coordinates": [ 135.7914879, 35.056537300000045 ] } },
{ "type": "Feature", "properties": { "内容": "上田リハビリテーション診療所居宅介護支援事務所【居宅介護支援】京都府京都市左京区岡崎徳成町20番地の6", "url": "https://www.kaigokensaku.mhlw.go.jp/26/index.php?action_kouhyou_detail_004_kani=true&JigyosyoCd=2670601174-00&ServiceCd=430&Type=search", "url2": null }, "geometry": { "type": "Point", "coordinates": [ 135.778625700000021, 35.015086 ] } },
{ "type": "Feature", "properties": { "内容": "友々苑　居宅介護支援事業所【居宅介護支援】京都府京都市左京区静市市原町４４７番地1介護老人保健施設　友々苑", "url": "https://www.kaigokensaku.mhlw.go.jp/26/index.php?action_kouhyou_detail_004_kani=true&JigyosyoCd=2670601265-00&ServiceCd=430&Type=search", "url2": "http://www.yuyuen.or.jp" }, "geometry": { "type": "Point", "coordinates": [ 135.75624629999993, 35.0835007 ] } },
{ "type": "Feature", "properties": { "内容": "居宅介護支援事業所　向日葵【居宅介護支援】京都市左京区下鴨北野々神町２６北山ふれあいセンター", "url": "https://www.kaigokensaku.mhlw.go.jp/26/index.php?action_kouhyou_detail_004_kani=true&JigyosyoCd=2670601331-00&ServiceCd=430&Type=search", "url2": "https://www.sogofukushi.jp/facility/himawari-kyotaku/" }, "geometry": { "type": "Point", "coordinates": [ 135.7713933, 35.0517838 ] } },
{ "type": "Feature", "properties": { "内容": "リ，ケア左京【居宅介護支援】京都府京都市左京区田中大堰町212おおきに百万遍サニーアパートメント220号室", "url": "https://www.kaigokensaku.mhlw.go.jp/26/index.php?action_kouhyou_detail_004_kani=true&JigyosyoCd=2670601612-00&ServiceCd=430&Type=search", "url2": "https://a-a-e.jp/" }, "geometry": { "type": "Point", "coordinates": [ 135.778721100000013, 35.0312746 ] } },
{ "type": "Feature", "properties": { "内容": "京都生協左京ホームヘルプサービス【居宅介護支援】京都市左京区松ヶ崎三反長町5-2", "url": "https://www.kaigokensaku.mhlw.go.jp/26/index.php?action_kouhyou_detail_004_kani=true&JigyosyoCd=2670600531-00&ServiceCd=430&Type=search", "url2": null }, "geometry": { "type": "Point", "coordinates": [ 135.77405628490294, 35.049787515999199 ] } },
{ "type": "Feature", "properties": { "内容": "スマイルドア【居宅介護支援】京都府京都市左京区岩倉幡枝町333番地3", "url": "https://www.kaigokensaku.mhlw.go.jp/26/index.php?action_kouhyou_detail_004_kani=true&JigyosyoCd=2670600945-00&ServiceCd=430&Type=search", "url2": null }, "geometry": { "type": "Point", "coordinates": [ 135.768770737264958, 35.06548060000199 ] } },
{ "type": "Feature", "properties": { "内容": "ケアセンターまれびと【居宅介護支援】京都市中京区西ノ京伯楽町14-52マンションいそい伯楽302", "url": "https://www.kaigokensaku.mhlw.go.jp/26/index.php?action_kouhyou_detail_004_kani=true&JigyosyoCd=2670300744-00&ServiceCd=430&Type=search", "url2": null }, "geometry": { "type": "Point", "coordinates": [ 135.727557061376956, 35.019786732650878 ] } },
{ "type": "Feature", "properties": { "内容": "居宅介護支援事業所　ほほえみ京都【居宅介護支援】京都市中京区油小路通押小路下る押油小路町250番地", "url": "https://www.kaigokensaku.mhlw.go.jp/26/index.php?action_kouhyou_detail_004_kani=true&JigyosyoCd=2670300983-00&ServiceCd=430&Type=search", "url2": null }, "geometry": { "type": "Point", "coordinates": [ 135.751411400000052, 35.0104252 ] } },
{ "type": "Feature", "properties": { "内容": "居宅介護支援「わをん」【居宅介護支援】京都府京都市中京区西ノ京馬代町17-9", "url": "https://www.kaigokensaku.mhlw.go.jp/26/index.php?action_kouhyou_detail_004_kani=true&JigyosyoCd=2670300959-00&ServiceCd=430&Type=search", "url2": "ｈｔｔｐ：//waonnet.jp" }, "geometry": { "type": "Point", "coordinates": [ 135.726476930704649, 35.019168031590674 ] } },
{ "type": "Feature", "properties": { "内容": "壬生老人ホーム【居宅介護支援】京都府京都市中京区壬生梛ノ宮町27番地", "url": "https://www.kaigokensaku.mhlw.go.jp/26/index.php?action_kouhyou_detail_004_kani=true&JigyosyoCd=2670300025-00&ServiceCd=430&Type=search", "url2": "http://www.mibuhome.com/" }, "geometry": { "type": "Point", "coordinates": [ 135.744028899999989, 35.0013536 ] } },
{ "type": "Feature", "properties": { "内容": "介護支援センターきこえの森【居宅介護支援】京都府京都市中京区西ノ京東中合町２番地", "url": "https://www.kaigokensaku.mhlw.go.jp/26/index.php?action_kouhyou_detail_004_kani=true&JigyosyoCd=2670300033-00&ServiceCd=430&Type=search", "url2": "http://www.kyoto-chogen.or.jp" }, "geometry": { "type": "Point", "coordinates": [ 135.730465900000013, 35.013266 ] } },
{ "type": "Feature", "properties": { "内容": "ケアプランセンター　錦【居宅介護支援】京都府京都市中京区東洞院通蛸薬師下る元竹田町638番地", "url": "https://www.kaigokensaku.mhlw.go.jp/26/index.php?action_kouhyou_detail_004_kani=true&JigyosyoCd=2670301106-00&ServiceCd=430&Type=search", "url2": null }, "geometry": { "type": "Point", "coordinates": [ 135.761055599999963, 35.0055896 ] } },
{ "type": "Feature", "properties": { "内容": "居宅介護支援事業所　ソラスト西院【居宅介護支援】京都府京都市中京区壬生西檜町31シャリテ壬生1F", "url": "https://www.kaigokensaku.mhlw.go.jp/26/index.php?action_kouhyou_detail_004_kani=true&JigyosyoCd=2670300652-00&ServiceCd=430&Type=search", "url2": "https://solasto-kaigo.com/care/area/solastosaiin.html" }, "geometry": { "type": "Point", "coordinates": [ 135.733469204893481, 34.999014600000017 ] } },
{ "type": "Feature", "properties": { "内容": "介護ステーションたいよう【居宅介護支援】京都市中京区西ノ京内畑町２３番地", "url": "https://www.kaigokensaku.mhlw.go.jp/26/index.php?action_kouhyou_detail_004_kani=true&JigyosyoCd=2670301023-00&ServiceCd=430&Type=search", "url2": null }, "geometry": { "type": "Point", "coordinates": [ 135.739713703893131, 35.015503627381605 ] } },
{ "type": "Feature", "properties": { "内容": "はぴねすさぽーと【居宅介護支援】東洞院通錦小路下ル阪東屋町658都証券ビル3階", "url": "https://www.kaigokensaku.mhlw.go.jp/26/index.php?action_kouhyou_detail_004_kani=true&JigyosyoCd=2674000761-00&ServiceCd=430&Type=search", "url2": "http://www.regalore.net/" }, "geometry": { "type": "Point", "coordinates": [ 135.762421432370104, 35.004700668590225 ] } },
{ "type": "Feature", "properties": { "内容": "居宅介護支援事業所　いずも【居宅介護支援】京都府京都市中京区西ノ京原町55-2グランドプラス西大路御池405号", "url": "https://www.kaigokensaku.mhlw.go.jp/26/index.php?action_kouhyou_detail_004_kani=true&JigyosyoCd=2670200712-00&ServiceCd=430&Type=search", "url2": null }, "geometry": { "type": "Point", "coordinates": [ 135.7332782, 35.011774699999989 ] } },
{ "type": "Feature", "properties": { "内容": "株式会社ハッピ－ナビゲーション【居宅介護支援】京都市中京区西洞院通夷川上る毘沙門町３９７－２二条城東グランドハイツ１０８", "url": "https://www.kaigokensaku.mhlw.go.jp/26/index.php?action_kouhyou_detail_004_kani=true&JigyosyoCd=2670300611-00&ServiceCd=430&Type=search", "url2": "http://www.happynaviegao.com" }, "geometry": { "type": "Point", "coordinates": [ 135.754930458227591, 35.015288896858998 ] } },
{ "type": "Feature", "properties": { "内容": "居宅介護支援事業所ひなた【居宅介護支援】京都市中京区壬生森前町10番地コスモフォーラム四条409号", "url": "https://www.kaigokensaku.mhlw.go.jp/26/index.php?action_kouhyou_detail_004_kani=true&JigyosyoCd=2670300710-00&ServiceCd=430&Type=search", "url2": null }, "geometry": { "type": "Point", "coordinates": [ 135.73795290000001, 35.0033229 ] } },
{ "type": "Feature", "properties": { "内容": "医療法人回生会　居宅介護支援事業所クリニック回生【居宅介護支援】京都府京都市中京区御幸町通錦小路上ル船屋町３８２番地", "url": "https://www.kaigokensaku.mhlw.go.jp/26/index.php?action_kouhyou_detail_004_kani=true&JigyosyoCd=2610300705-00&ServiceCd=430&Type=search", "url2": "http://www.kaiseikai.or.jp" }, "geometry": { "type": "Point", "coordinates": [ 135.7660659, 35.0055448 ] } },
{ "type": "Feature", "properties": { "内容": "居宅介護支援事業所・姉小路【居宅介護支援】京都府京都市中京区堀川通姉小路下ル姉東堀川町７６", "url": "https://www.kaigokensaku.mhlw.go.jp/26/index.php?action_kouhyou_detail_004_kani=true&JigyosyoCd=2670300447-00&ServiceCd=430&Type=search", "url2": "https://www.nananokai.com/" }, "geometry": { "type": "Point", "coordinates": [ 135.751411400000052, 35.0104252 ] } },
{ "type": "Feature", "properties": { "内容": "丹波口居宅介護支援事業所【居宅介護支援】壬生辻町49メゾンドイッセイ壬生１０３", "url": "https://www.kaigokensaku.mhlw.go.jp/26/index.php?action_kouhyou_detail_004_kani=true&JigyosyoCd=2670301478-00&ServiceCd=430&Type=search", "url2": "http://www.seiwaen.or.jp/" }, "geometry": { "type": "Point", "coordinates": [ 135.7431521, 34.9991486 ] } },
{ "type": "Feature", "properties": { "内容": "あけびわ居宅介護支援事業所【居宅介護支援】京都府京都市中京区二条通東洞院東入ル松屋町42フローラ高田301", "url": "https://www.kaigokensaku.mhlw.go.jp/26/index.php?action_kouhyou_detail_004_kani=true&JigyosyoCd=2670301254-00&ServiceCd=430&Type=search", "url2": null }, "geometry": { "type": "Point", "coordinates": [ 135.761181399999941, 35.0135991 ] } },
{ "type": "Feature", "properties": { "内容": "洛和会医療介護サービスセンター三条会店【居宅介護支援】京都市中京区壬生馬場町14-11", "url": "https://www.kaigokensaku.mhlw.go.jp/26/index.php?action_kouhyou_detail_004_kani=true&JigyosyoCd=2670300504-00&ServiceCd=430&Type=search", "url2": "http://www.rakuwa.or.jp" }, "geometry": { "type": "Point", "coordinates": [ 135.744612, 35.0082724 ] } },
{ "type": "Feature", "properties": { "内容": "京都市御池ケアプランセンター【居宅介護支援】京都市中京区御池通柳馬場東入東八幡町579番地京都御池創生館1階", "url": "https://www.kaigokensaku.mhlw.go.jp/26/index.php?action_kouhyou_detail_004_kani=true&JigyosyoCd=2670300587-00&ServiceCd=430&Type=search", "url2": "https://www.syakyo-kyoto.net/wp-content/themes/kyotosyakyo/jigyousyoichiran_map/assets_c/2012/02/map-06.html" }, "geometry": { "type": "Point", "coordinates": [ 135.76422163025515, 35.011220458380855 ] } },
{ "type": "Feature", "properties": { "内容": "社会福祉法人京都福祉サービス協会　朱雀事務所【居宅介護支援】京都市中京区壬生御所ノ内町３９番５", "url": "https://www.kaigokensaku.mhlw.go.jp/26/index.php?action_kouhyou_detail_004_kani=true&JigyosyoCd=2670300785-00&ServiceCd=430&Type=search", "url2": "http://kyoto-fukushi.org" }, "geometry": { "type": "Point", "coordinates": [ 135.74239467207596, 35.004843074795581 ] } },
{ "type": "Feature", "properties": { "内容": "洛和会医療介護サービスセンター丸太町店【居宅介護支援】京都市中京区聚楽廻松下町１－９芙蓉ビル1階", "url": "https://www.kaigokensaku.mhlw.go.jp/26/index.php?action_kouhyou_detail_004_kani=true&JigyosyoCd=2670300967-00&ServiceCd=430&Type=search", "url2": "http://www.rakuwa.or.jp/" }, "geometry": { "type": "Point", "coordinates": [ 135.739183184655758, 35.018045261890435 ] } },
{ "type": "Feature", "properties": { "内容": "居宅介護支援事業所西の京【居宅介護支援】京都市中京区西ノ京小掘池町16番地", "url": "https://www.kaigokensaku.mhlw.go.jp/26/index.php?action_kouhyou_detail_004_kani=true&JigyosyoCd=2670300058-00&ServiceCd=430&Type=search", "url2": "http://www.hoken-fukushi.or.jp" }, "geometry": { "type": "Point", "coordinates": [ 135.751411400000052, 35.0104252 ] } },
{ "type": "Feature", "properties": { "内容": "居宅介護支援事業所三条大宮【居宅介護支援】京都府京都市中京区猪熊通姉小路下る姉猪熊町332番地", "url": "https://www.kaigokensaku.mhlw.go.jp/26/index.php?action_kouhyou_detail_004_kani=true&JigyosyoCd=2670301163-00&ServiceCd=430&Type=search", "url2": "https://cs-lcj.tkc.best-hp.jp" }, "geometry": { "type": "Point", "coordinates": [ 135.750420842536499, 35.009507278864163 ] } },
{ "type": "Feature", "properties": { "内容": "医療法人啓誠会谷口医院【居宅介護支援】京都市中京区壬生桧町１４－１", "url": "https://www.kaigokensaku.mhlw.go.jp/26/index.php?action_kouhyou_detail_004_kani=true&JigyosyoCd=2610306686-00&ServiceCd=430&Type=search", "url2": "http://www.dr-taniguchi.com" }, "geometry": { "type": "Point", "coordinates": [ 135.7351936, 35.0004951 ] } },
{ "type": "Feature", "properties": { "内容": "太子道よろず相談たまわり所【居宅介護支援】京都市中京区西ノ京南上合町82-34仄ビル", "url": "https://www.kaigokensaku.mhlw.go.jp/26/index.php?action_kouhyou_detail_004_kani=true&JigyosyoCd=2670300843-00&ServiceCd=430&Type=search", "url2": null }, "geometry": { "type": "Point", "coordinates": [ 135.732029600000033, 35.0145298 ] } },
{ "type": "Feature", "properties": { "内容": "ケアプランセンターライトハウス朱雀【居宅介護支援】京都府京都市中京区西ノ京新建町３高齢者総合福祉センター　ライトハウス朱雀", "url": "https://www.kaigokensaku.mhlw.go.jp/26/index.php?action_kouhyou_detail_004_kani=true&JigyosyoCd=2670301056-00&ServiceCd=430&Type=search", "url2": "http://www.kyoto-lighthouse.or.jp/" }, "geometry": { "type": "Point", "coordinates": [ 135.732455680694528, 35.009039327583444 ] } },
{ "type": "Feature", "properties": { "内容": "居宅介護支援事業所HARU【居宅介護支援】京都府京都市中京区壬生相合町18-9ウィズ高辻通", "url": "https://www.kaigokensaku.mhlw.go.jp/26/index.php?action_kouhyou_detail_004_kani=true&JigyosyoCd=2670301544-00&ServiceCd=430&Type=search", "url2": "https://hg-cc-haru.net/" }, "geometry": { "type": "Point", "coordinates": [ 135.7457819, 35.0002765 ] } },
{ "type": "Feature", "properties": { "内容": "居宅介護支援センターこみつ【居宅介護支援】京都市中京区西ノ京池ノ内町6－5三条ユーハイツ1階", "url": "https://www.kaigokensaku.mhlw.go.jp/26/index.php?action_kouhyou_detail_004_kani=true&JigyosyoCd=2670301270-00&ServiceCd=430&Type=search", "url2": "https//www.komitsu.com/" }, "geometry": { "type": "Point", "coordinates": [ 135.745958052253684, 35.00858874890465 ] } },
{ "type": "Feature", "properties": { "内容": "社会福祉法人京都福祉サービス協会本能【居宅介護支援】京都市中京区蛸薬師通油小路東入元本能寺南町346番地", "url": "https://www.kaigokensaku.mhlw.go.jp/26/index.php?action_kouhyou_detail_004_kani=true&JigyosyoCd=2670300553-00&ServiceCd=430&Type=search", "url2": "https://www.kyoto-fukushi.org/" }, "geometry": { "type": "Point", "coordinates": [ 135.75389414510957, 35.005999117999181 ] } },
{ "type": "Feature", "properties": { "内容": "株式会社美也古商会ケアプランセンター彩り【居宅介護支援】京都府京都市中京区西ノ京冷泉町116NEST冷泉町105号", "url": "https://www.kaigokensaku.mhlw.go.jp/26/index.php?action_kouhyou_detail_004_kani=true&JigyosyoCd=2670301577-00&ServiceCd=430&Type=search", "url2": "http://care-irodori.com" }, "geometry": { "type": "Point", "coordinates": [ 135.736138682317204, 35.015177211029318 ] } },
{ "type": "Feature", "properties": { "内容": "居宅介護支援事業所新町御池【居宅介護支援】京都市中京区新町通姉小路下ル町頭町９２", "url": "https://www.kaigokensaku.mhlw.go.jp/26/index.php?action_kouhyou_detail_004_kani=true&JigyosyoCd=2670300850-00&ServiceCd=430&Type=search", "url2": null }, "geometry": { "type": "Point", "coordinates": [ 135.75646370000004, 35.0096754 ] } },
{ "type": "Feature", "properties": { "内容": "ユニカンケアプランセンター【居宅介護支援】京都府京都市中京区西ノ京西月光町４２番地１", "url": "https://www.kaigokensaku.mhlw.go.jp/26/index.php?action_kouhyou_detail_004_kani=true&JigyosyoCd=2670301585-00&ServiceCd=430&Type=search", "url2": "https://unican.jp" }, "geometry": { "type": "Point", "coordinates": [ 135.7361244, 35.009765700000031 ] } },
{ "type": "Feature", "properties": { "内容": "きぼうの会居宅介護支援事業所【居宅介護支援】京都府京都市東山区三条通大橋東入2丁目下る巽町442番地の9京都市東山いきいき市民活動センター", "url": "https://www.kaigokensaku.mhlw.go.jp/26/index.php?action_kouhyou_detail_004_kani=true&JigyosyoCd=2670800289-00&ServiceCd=430&Type=search", "url2": null }, "geometry": { "type": "Point", "coordinates": [ 135.776883, 35.007892 ] } },
{ "type": "Feature", "properties": { "内容": "アサヒサンクリーンケアプランセンター京都東山【居宅介護支援】京都府京都市東山区鞘町通七条上る下堀詰町２４６番２の２", "url": "https://www.kaigokensaku.mhlw.go.jp/26/index.php?action_kouhyou_detail_004_kani=true&JigyosyoCd=2670800370-00&ServiceCd=430&Type=search", "url2": "http://www.asahi-sun-clean.co.jp" }, "geometry": { "type": "Point", "coordinates": [ 135.768157277111953, 34.989824370496734 ] } },
{ "type": "Feature", "properties": { "内容": "有限会社　ケアサービス信愛【居宅介護支援】京都市東山区本町新5丁目163-4", "url": "https://www.kaigokensaku.mhlw.go.jp/26/index.php?action_kouhyou_detail_004_kani=true&JigyosyoCd=2670800016-00&ServiceCd=430&Type=search", "url2": null }, "geometry": { "type": "Point", "coordinates": [ 135.769698799999986, 34.9911883 ] } },
{ "type": "Feature", "properties": { "内容": "ケアサービス　あかり居宅介護支援事業所【居宅介護支援】京都市東山区本町十二丁目224番2", "url": "https://www.kaigokensaku.mhlw.go.jp/26/index.php?action_kouhyou_detail_004_kani=true&JigyosyoCd=2670800149-00&ServiceCd=430&Type=search", "url2": "https://www.care-akari.com/" }, "geometry": { "type": "Point", "coordinates": [ 135.770507100000032, 34.9817865 ] } },
{ "type": "Feature", "properties": { "内容": "ケアプランセンター結ノ歩【居宅介護支援】京都市東山区福稲高原町18-1", "url": "https://www.kaigokensaku.mhlw.go.jp/26/index.php?action_kouhyou_detail_004_kani=true&JigyosyoCd=2670800503-00&ServiceCd=430&Type=search", "url2": "https://musubinoayumi-higashiyama.com/" }, "geometry": { "type": "Point", "coordinates": [ 135.7674721, 34.9742841 ] } },
{ "type": "Feature", "properties": { "内容": "公益社団法人信和会　ｹｱﾌﾟﾗﾝｾﾝﾀｰせんにゅうじ【居宅介護支援】京都府京都市東山区泉涌寺門前町26-4音羽屋ビル1階", "url": "https://www.kaigokensaku.mhlw.go.jp/26/index.php?action_kouhyou_detail_004_kani=true&JigyosyoCd=2660890035-00&ServiceCd=430&Type=search", "url2": "https://shinwakai-min.com/higashiyama/" }, "geometry": { "type": "Point", "coordinates": [ 135.774134499999974, 34.983583599999989 ] } },
{ "type": "Feature", "properties": { "内容": "京都市東山ケアプランセンター【居宅介護支援】京都市東山区渋谷通本町東入4丁目鐘鋳町415-4", "url": "https://www.kaigokensaku.mhlw.go.jp/26/index.php?action_kouhyou_detail_004_kani=true&JigyosyoCd=2670800073-00&ServiceCd=430&Type=search", "url2": "https://www.syakyo-kyoto.net/facility/day-care/#dayservice" }, "geometry": { "type": "Point", "coordinates": [ 135.77479, 34.993133 ] } },
{ "type": "Feature", "properties": { "内容": "ニチイケアセンター京都岡崎【居宅介護支援】京都市東山区三条通大橋東二町目73-2京都三条大橋ビル5F京都三条大橋ビル5F", "url": "https://www.kaigokensaku.mhlw.go.jp/26/index.php?action_kouhyou_detail_004_kani=true&JigyosyoCd=2670800222-00&ServiceCd=430&Type=search", "url2": "http://www．nichiigakkan.co.jp" }, "geometry": { "type": "Point", "coordinates": [ 135.768029399999932, 35.0116363 ] } },
{ "type": "Feature", "properties": { "内容": "居宅介護支援事業所洛東園【居宅介護支援】京都府京都市東山区本町15丁目794番地", "url": "https://www.kaigokensaku.mhlw.go.jp/26/index.php?action_kouhyou_detail_004_kani=true&JigyosyoCd=2670800032-00&ServiceCd=430&Type=search", "url2": "http://www.wf-rakutouen.com" }, "geometry": { "type": "Point", "coordinates": [ 135.7731652, 34.9798535 ] } },
{ "type": "Feature", "properties": { "内容": "有限会社エス・ワイ　貞教居宅介護支援事業所【居宅介護支援】京都市東山区本町新５丁目164番地本町スチューデントハイツ１F", "url": "https://www.kaigokensaku.mhlw.go.jp/26/index.php?action_kouhyou_detail_004_kani=true&JigyosyoCd=2670800214-00&ServiceCd=430&Type=search", "url2": "http://www" }, "geometry": { "type": "Point", "coordinates": [ 135.769408, 34.9912287 ] } },
{ "type": "Feature", "properties": { "内容": "スターネット居宅介護支援事業所【居宅介護支援】祇園町北側２９０番地３こいし小路ビル１階", "url": "https://www.kaigokensaku.mhlw.go.jp/26/index.php?action_kouhyou_detail_004_kani=true&JigyosyoCd=2670800255-00&ServiceCd=430&Type=search", "url2": null }, "geometry": { "type": "Point", "coordinates": [ 135.776942599999984, 35.0040898 ] } },
{ "type": "Feature", "properties": { "内容": "京都久野病院介護支援センター【居宅介護支援】京都府京都市東山区本町20丁目440番2　2階", "url": "https://www.kaigokensaku.mhlw.go.jp/26/index.php?action_kouhyou_detail_004_kani=true&JigyosyoCd=2670800081-00&ServiceCd=430&Type=search", "url2": "http://www.kuno-hospital.or.jp" }, "geometry": { "type": "Point", "coordinates": [ 135.770990639950554, 34.972968889386976 ] } },
{ "type": "Feature", "properties": { "内容": "京都市下京区本燈籠町21ｰ2【居宅介護支援】京都市下京区本燈籠町21ｰ2", "url": "https://www.kaigokensaku.mhlw.go.jp/26/index.php?action_kouhyou_detail_004_kani=true&JigyosyoCd=2670401096-00&ServiceCd=430&Type=search", "url2": null }, "geometry": { "type": "Point", "coordinates": [ 135.7622613, 34.9986561 ] } },
{ "type": "Feature", "properties": { "内容": "学研ココファン烏丸東【居宅介護支援】高倉通高辻下る葛籠屋町517-2ココファン烏丸東", "url": "https://www.kaigokensaku.mhlw.go.jp/26/index.php?action_kouhyou_detail_004_kani=true&JigyosyoCd=2670400957-00&ServiceCd=430&Type=search", "url2": "http://www.cocofump.co.jp" }, "geometry": { "type": "Point", "coordinates": [ 135.762487800000031, 34.9997401 ] } },
{ "type": "Feature", "properties": { "内容": "つばき居宅介護支援事業所【居宅介護支援】京都府京都市下京区不明門通花屋町下る高槻町346番0－2サピエンスコート烏丸七条１F西側", "url": "https://www.kaigokensaku.mhlw.go.jp/26/index.php?action_kouhyou_detail_004_kani=true&JigyosyoCd=2670400544-00&ServiceCd=430&Type=search", "url2": "yuuai.company@gmail.com" }, "geometry": { "type": "Point", "coordinates": [ 135.760191299999974, 34.9925798 ] } },
{ "type": "Feature", "properties": { "内容": "ケアサポートクローバ―居宅介護支援事業所【居宅介護支援】京都府京都市下京区下松屋町通松原下る2丁目下長福寺町259番地６", "url": "https://www.kaigokensaku.mhlw.go.jp/26/index.php?action_kouhyou_detail_004_kani=true&JigyosyoCd=2670400866-00&ServiceCd=430&Type=search", "url2": null }, "geometry": { "type": "Point", "coordinates": [ 135.7555334, 34.9876552 ] } },
{ "type": "Feature", "properties": { "内容": "介護プラス居宅介護支援事業所【居宅介護支援】中堂寺櫛笥町19-3KushigeGojo812号室", "url": "https://www.kaigokensaku.mhlw.go.jp/26/index.php?action_kouhyou_detail_004_kani=true&JigyosyoCd=2670400775-00&ServiceCd=430&Type=search", "url2": "https://www.kaigo-plus0110.jp/" }, "geometry": { "type": "Point", "coordinates": [ 135.747274145368891, 34.996564194097402 ] } },
{ "type": "Feature", "properties": { "内容": "医療法人　川口内科医院居宅介護支援事業所【居宅介護支援】京都市下京区七条通り油小路東入る大黒町253", "url": "https://www.kaigokensaku.mhlw.go.jp/26/index.php?action_kouhyou_detail_004_kani=true&JigyosyoCd=2610405322-00&ServiceCd=430&Type=search", "url2": "ｈｔｔｐｓ：//ｋａｗａｇｕｃｈｉ-ｎａｉｋａ．ｊｐ" }, "geometry": { "type": "Point", "coordinates": [ 135.7555334, 34.9876552 ] } },
{ "type": "Feature", "properties": { "内容": "社会福祉法人京都福祉サービス協会西七条ケアマネステーション【居宅介護支援】京都市下京区西七条八幡町29番地", "url": "https://www.kaigokensaku.mhlw.go.jp/26/index.php?action_kouhyou_detail_004_kani=true&JigyosyoCd=2670400205-00&ServiceCd=430&Type=search", "url2": null }, "geometry": { "type": "Point", "coordinates": [ 135.728960799999982, 34.9924401 ] } },
{ "type": "Feature", "properties": { "内容": "医療法人啓信会居宅介護支援センターリエゾン四条【居宅介護支援】京都府京都市下京区醒ヶ井四条下ル高野堂町406-1", "url": "https://www.kaigokensaku.mhlw.go.jp/26/index.php?action_kouhyou_detail_004_kani=true&JigyosyoCd=2670400486-00&ServiceCd=430&Type=search", "url2": "http://keishinkai.dip.jp" }, "geometry": { "type": "Point", "coordinates": [ 135.7555334, 34.9876552 ] } },
{ "type": "Feature", "properties": { "内容": "社会医療法人健康会　内浜診療所【居宅介護支援】京都市下京区七条通河原町東入ル材木町460", "url": "https://www.kaigokensaku.mhlw.go.jp/26/index.php?action_kouhyou_detail_004_kani=true&JigyosyoCd=2610402196-00&ServiceCd=430&Type=search", "url2": "http://www.kyotominami.or.jp" }, "geometry": { "type": "Point", "coordinates": [ 135.764491978109731, 34.989452709431795 ] } },
{ "type": "Feature", "properties": { "内容": "社会医療法人健康会　京都南病院【居宅介護支援】京都市下京区西七条南中野町８番地", "url": "https://www.kaigokensaku.mhlw.go.jp/26/index.php?action_kouhyou_detail_004_kani=true&JigyosyoCd=2610402832-00&ServiceCd=430&Type=search", "url2": "http://www.kyotominami.or.jp/" }, "geometry": { "type": "Point", "coordinates": [ 135.735182264417972, 34.989082110486805 ] } },
{ "type": "Feature", "properties": { "内容": "社会医療法人健康会　第二南診療所【居宅介護支援】京都市下京区東中筋通花屋町下ル柳町332番地", "url": "https://www.kaigokensaku.mhlw.go.jp/26/index.php?action_kouhyou_detail_004_kani=true&JigyosyoCd=2610404101-00&ServiceCd=430&Type=search", "url2": "http://www.kyotominami.or.jp/" }, "geometry": { "type": "Point", "coordinates": [ 135.754369321287527, 34.991944545972963 ] } },
{ "type": "Feature", "properties": { "内容": "社会医療法人健康会　介護老人保健施設ぬくもりの里【居宅介護支援】京都市下京区七条御所ノ内西町68番地", "url": "https://www.kaigokensaku.mhlw.go.jp/26/index.php?action_kouhyou_detail_004_kani=true&JigyosyoCd=2650480029-00&ServiceCd=430&Type=search", "url2": "http://www.kyotominami.or.jp" }, "geometry": { "type": "Point", "coordinates": [ 135.728216099475048, 34.987333305046157 ] } },
{ "type": "Feature", "properties": { "内容": "ケアマネステーション　風雅【居宅介護支援】京都府京都市下京区七条御所ノ内西町17-23", "url": "https://www.kaigokensaku.mhlw.go.jp/26/index.php?action_kouhyou_detail_004_kani=true&JigyosyoCd=2670401179-00&ServiceCd=430&Type=search", "url2": null }, "geometry": { "type": "Point", "coordinates": [ 135.7292133, 34.9868135 ] } },
{ "type": "Feature", "properties": { "内容": "島原のぞみ支援センター【居宅介護支援】京都市下京区西新屋敷中之町103番地の2", "url": "https://www.kaigokensaku.mhlw.go.jp/26/index.php?action_kouhyou_detail_004_kani=true&JigyosyoCd=2670400304-00&ServiceCd=430&Type=search", "url2": "http://nozominosono.net/" }, "geometry": { "type": "Point", "coordinates": [ 135.744853799999987, 34.9935432 ] } },
{ "type": "Feature", "properties": { "内容": "医療法人財団康生会　武田病院【居宅介護支援】京都市下京区七条通西洞院西入る南側大黒町227第２キョートビル5階", "url": "https://www.kaigokensaku.mhlw.go.jp/26/index.php?action_kouhyou_detail_004_kani=true&JigyosyoCd=2670400940-00&ServiceCd=430&Type=search", "url2": "http://www.takedahp.or.jp/" }, "geometry": { "type": "Point", "coordinates": [ 135.754375, 34.989075 ] } },
{ "type": "Feature", "properties": { "内容": "洛和会医療介護サービスセンター四条鉾町【居宅介護支援】京都市下京区西洞院通綾小路下る綾西洞院町760-1西洞院ビル２階", "url": "https://www.kaigokensaku.mhlw.go.jp/26/index.php?action_kouhyou_detail_004_kani=true&JigyosyoCd=2670401104-00&ServiceCd=430&Type=search", "url2": "http://www.rakuwa.or.jp/" }, "geometry": { "type": "Point", "coordinates": [ 135.755669, 35.0015733 ] } },
{ "type": "Feature", "properties": { "内容": "社会福祉法人京都福祉サービス協会　修徳【居宅介護支援】京都市下京区新町通松原下る富永町110番地の1", "url": "https://www.kaigokensaku.mhlw.go.jp/26/index.php?action_kouhyou_detail_004_kani=true&JigyosyoCd=2670400296-00&ServiceCd=430&Type=search", "url2": "http://www.kyoto-fukushi.org/" }, "geometry": { "type": "Point", "coordinates": [ 135.7555334, 34.9876552 ] } },
{ "type": "Feature", "properties": { "内容": "京都市下京ケアプランセンター【居宅介護支援】京都市下京区花屋町通室町西入乾町292京都市下京総合福祉センター2Ｆ", "url": "https://www.kaigokensaku.mhlw.go.jp/26/index.php?action_kouhyou_detail_004_kani=true&JigyosyoCd=2670400106-00&ServiceCd=430&Type=search", "url2": "http://www.syakyo-kyoto.net/" }, "geometry": { "type": "Point", "coordinates": [ 135.7555334, 34.9876552 ] } },
{ "type": "Feature", "properties": { "内容": "医療法人　回生会　京都回生病院　居宅介護支援事業所【居宅介護支援】京都府京都市下京区中堂寺庄ノ内町1-78", "url": "https://www.kaigokensaku.mhlw.go.jp/26/index.php?action_kouhyou_detail_004_kani=true&JigyosyoCd=2670400841-00&ServiceCd=430&Type=search", "url2": "http://kaiseikai.or.jp" }, "geometry": { "type": "Point", "coordinates": [ 135.739217693254091, 34.998231136799795 ] } },
{ "type": "Feature", "properties": { "内容": "株式会社キョウトアイケアサービス【居宅介護支援】京都府京都市下京区平野町764", "url": "https://www.kaigokensaku.mhlw.go.jp/26/index.php?action_kouhyou_detail_004_kani=true&JigyosyoCd=2670400213-00&ServiceCd=430&Type=search", "url2": "http://www.kyoto-aicare.co.jp" }, "geometry": { "type": "Point", "coordinates": [ 135.7569380943807, 34.991090289749472 ] } },
{ "type": "Feature", "properties": { "内容": "銭形企画ケアマネジメント事務所【居宅介護支援】黒門通五条下る柿本町594番地14BLD銭形１F", "url": "https://www.kaigokensaku.mhlw.go.jp/26/index.php?action_kouhyou_detail_004_kani=true&JigyosyoCd=2670400981-00&ServiceCd=430&Type=search", "url2": "https://zenigata-group.jp/" }, "geometry": { "type": "Point", "coordinates": [ 135.750129382209025, 34.995463420669765 ] } },
{ "type": "Feature", "properties": { "内容": "SOMPOｹｱ　京都　居宅介護支援【居宅介護支援】五条通河原町西入本覚寺前町801損保ジャパン京都ビル7階", "url": "https://www.kaigokensaku.mhlw.go.jp/26/index.php?action_kouhyou_detail_004_kani=true&JigyosyoCd=2670401062-00&ServiceCd=430&Type=search", "url2": "https://www.sompocare.com/service/zaitaku/teikijunkai/Z000776?service=kaigoshien" }, "geometry": { "type": "Point", "coordinates": [ 135.7649458, 34.99635940000001 ] } },
{ "type": "Feature", "properties": { "内容": "パナソニックエイジフリーケアセンター京都・ケアマネジメント【居宅介護支援】京都府京都市下京区烏丸通五条下る大坂町400B1三善ビル　B1", "url": "https://www.kaigokensaku.mhlw.go.jp/26/index.php?action_kouhyou_detail_004_kani=true&JigyosyoCd=2670401161-00&ServiceCd=430&Type=search", "url2": "https://sumai.panasonic.jp/agefree/map/detail.php?id=48" }, "geometry": { "type": "Point", "coordinates": [ 135.7594618, 34.9943772 ] } },
{ "type": "Feature", "properties": { "内容": "ケアサポートAKIRA【居宅介護支援】京都府京都市下京区綾小路通堀川西入妙満寺町580番地3", "url": "https://www.kaigokensaku.mhlw.go.jp/26/index.php?action_kouhyou_detail_004_kani=true&JigyosyoCd=2670401260-00&ServiceCd=430&Type=search", "url2": "https://ls-ouka.com/" }, "geometry": { "type": "Point", "coordinates": [ 135.7511144, 35.0023867 ] } },
{ "type": "Feature", "properties": { "内容": "なのはな【居宅介護支援】京都府京都市下京区朱雀裏畑町10番地1", "url": "https://www.kaigokensaku.mhlw.go.jp/26/index.php?action_kouhyou_detail_004_kani=true&JigyosyoCd=2670401310-00&ServiceCd=430&Type=search", "url2": null }, "geometry": { "type": "Point", "coordinates": [ 135.73928140000001, 34.9883152 ] } },
{ "type": "Feature", "properties": { "内容": "ケアサポート京【居宅介護支援】京都府京都市下京区天使突抜四丁目459-4", "url": "https://www.kaigokensaku.mhlw.go.jp/26/index.php?action_kouhyou_detail_004_kani=true&JigyosyoCd=2660490109-00&ServiceCd=430&Type=search", "url2": "https://sites.google.com/view/care-sup-kei" }, "geometry": { "type": "Point", "coordinates": [ 135.754092869867009, 34.99523934072355 ] } },
{ "type": "Feature", "properties": { "内容": "カムカム【居宅介護支援】京都府京都市下京区柿本町588-31", "url": "https://www.kaigokensaku.mhlw.go.jp/26/index.php?action_kouhyou_detail_004_kani=true&JigyosyoCd=2670401336-00&ServiceCd=430&Type=search", "url2": "https://homecaresupport-comecome.com/" }, "geometry": { "type": "Point", "coordinates": [ 135.750219499999957, 34.9976756 ] } },
{ "type": "Feature", "properties": { "内容": "公益財団法人ソーシャルサービス協会京都事業所【居宅介護支援】京都市南区上鳥羽仏現寺町43", "url": "https://www.kaigokensaku.mhlw.go.jp/26/index.php?action_kouhyou_detail_004_kani=true&JigyosyoCd=2670500137-00&ServiceCd=430&Type=search", "url2": "http://hp.kaipoke.biz/h0z/" }, "geometry": { "type": "Point", "coordinates": [ 135.751286599999958, 34.9701566 ] } },
{ "type": "Feature", "properties": { "内容": "居宅介護支援事業所　くらし京都【居宅介護支援】京都府京都市南区久世上久世町542番地パークテラス桂川328号", "url": "https://www.kaigokensaku.mhlw.go.jp/26/index.php?action_kouhyou_detail_004_kani=true&JigyosyoCd=2670500962-00&ServiceCd=430&Type=search", "url2": "http://hp.kaipoke.biz/m56/" }, "geometry": { "type": "Point", "coordinates": [ 135.719511600000033, 34.9658618 ] } },
{ "type": "Feature", "properties": { "内容": "久世ホーム西居宅介護支援事業所【居宅介護支援】京都府京都市南区久世中久世町５丁目１９－１久世西総合福祉会館", "url": "https://www.kaigokensaku.mhlw.go.jp/26/index.php?action_kouhyou_detail_004_kani=true&JigyosyoCd=2670501283-00&ServiceCd=430&Type=search", "url2": "https://www.seiwaen.or.jp/" }, "geometry": { "type": "Point", "coordinates": [ 135.711400013491783, 34.958612033456504 ] } },
{ "type": "Feature", "properties": { "内容": "サニー居宅介護支援事業所【居宅介護支援】京都市南区吉祥院東砂ノ町２８番地シルバン吉祥院106号", "url": "https://www.kaigokensaku.mhlw.go.jp/26/index.php?action_kouhyou_detail_004_kani=true&JigyosyoCd=2670500699-00&ServiceCd=430&Type=search", "url2": null }, "geometry": { "type": "Point", "coordinates": [ 135.733724299999949, 34.9696367 ] } },
{ "type": "Feature", "properties": { "内容": "なぎさケアプランセンター【居宅介護支援】西九条島町２８番地", "url": "https://www.kaigokensaku.mhlw.go.jp/26/index.php?action_kouhyou_detail_004_kani=true&JigyosyoCd=2670501093-00&ServiceCd=430&Type=search", "url2": null }, "geometry": { "type": "Point", "coordinates": [ 135.751276787192609, 34.977737438598595 ] } },
{ "type": "Feature", "properties": { "内容": "ケアプラン　ルート【居宅介護支援】唐橋堂ノ前町15番地9エステート京都南ビル", "url": "https://www.kaigokensaku.mhlw.go.jp/26/index.php?action_kouhyou_detail_004_kani=true&JigyosyoCd=2670501226-00&ServiceCd=430&Type=search", "url2": null }, "geometry": { "type": "Point", "coordinates": [ 135.7383275, 34.9781731 ] } },
{ "type": "Feature", "properties": { "内容": "ケアプランセンター　故郷の家・京都【居宅介護支援】京都府京都市南区東九条南松ノ木町４７", "url": "https://www.kaigokensaku.mhlw.go.jp/26/index.php?action_kouhyou_detail_004_kani=true&JigyosyoCd=2670500442-00&ServiceCd=430&Type=search", "url2": "http://www.kokorono.or.jp" }, "geometry": { "type": "Point", "coordinates": [ 135.76645469999994, 34.9767675 ] } },
{ "type": "Feature", "properties": { "内容": "ケアプランセンター京都八条【居宅介護支援】東九条中殿田町1番地18", "url": "https://www.kaigokensaku.mhlw.go.jp/26/index.php?action_kouhyou_detail_004_kani=true&JigyosyoCd=2670501051-00&ServiceCd=430&Type=search", "url2": null }, "geometry": { "type": "Point", "coordinates": [ 135.756627799999933, 34.9810225 ] } },
{ "type": "Feature", "properties": { "内容": "居宅介護支援事業所りんく【居宅介護支援】京都府京都市南区西九条南田町４０", "url": "https://www.kaigokensaku.mhlw.go.jp/26/index.php?action_kouhyou_detail_004_kani=true&JigyosyoCd=2670500574-00&ServiceCd=430&Type=search", "url2": null }, "geometry": { "type": "Point", "coordinates": [ 135.748017399999981, 34.9782225 ] } },
{ "type": "Feature", "properties": { "内容": "いぶきケアプランセンター【居宅介護支援】京都市南区吉祥医院三ノ宮西町85", "url": "https://www.kaigokensaku.mhlw.go.jp/26/index.php?action_kouhyou_detail_004_kani=true&JigyosyoCd=2670500590-00&ServiceCd=430&Type=search", "url2": null }, "geometry": { "type": "Point", "coordinates": [ 135.727564368772846, 34.976525138552454 ] } },
{ "type": "Feature", "properties": { "内容": "あやとり居宅介護支援事業所　東福寺事務所【居宅介護支援】京都府京都市南区東九条宇賀辺町８京都府電気工事技術会館１階", "url": "https://www.kaigokensaku.mhlw.go.jp/26/index.php?action_kouhyou_detail_004_kani=true&JigyosyoCd=2670500434-00&ServiceCd=430&Type=search", "url2": "ａｙａｔｏｒｉｋａｉｇｏ．ｊｐ" }, "geometry": { "type": "Point", "coordinates": [ 135.765327, 34.9790978 ] } },
{ "type": "Feature", "properties": { "内容": "ケアプランセンターこころ【居宅介護支援】京都市南区久世中久世町四丁目77-1-102", "url": "https://www.kaigokensaku.mhlw.go.jp/26/index.php?action_kouhyou_detail_004_kani=true&JigyosyoCd=2670200738-00&ServiceCd=430&Type=search", "url2": null }, "geometry": { "type": "Point", "coordinates": [ 135.712831, 34.9573514 ] } },
{ "type": "Feature", "properties": { "内容": "居宅介護支援事業所コミュニティ・京都【居宅介護支援】京都府京都市南区西九条開ヶ町１９９－２", "url": "https://www.kaigokensaku.mhlw.go.jp/26/index.php?action_kouhyou_detail_004_kani=true&JigyosyoCd=2670400452-00&ServiceCd=430&Type=search", "url2": null }, "geometry": { "type": "Point", "coordinates": [ 135.752196234751892, 34.976210912256249 ] } },
{ "type": "Feature", "properties": { "内容": "京都市久世居宅介護支援事業所【居宅介護支援】京都市南区久世築山町328", "url": "https://www.kaigokensaku.mhlw.go.jp/26/index.php?action_kouhyou_detail_004_kani=true&JigyosyoCd=2670500012-00&ServiceCd=430&Type=search", "url2": "http://www.seiwaen.or.jp/" }, "geometry": { "type": "Point", "coordinates": [ 135.724194200000056, 34.9585683 ] } },
{ "type": "Feature", "properties": { "内容": "東九条のぞみ支援センター【居宅介護支援】京都市南区東九条西岩本町1-1", "url": "https://www.kaigokensaku.mhlw.go.jp/26/index.php?action_kouhyou_detail_004_kani=true&JigyosyoCd=2670500061-00&ServiceCd=430&Type=search", "url2": "http://nozominosono.net/" }, "geometry": { "type": "Point", "coordinates": [ 135.76306610000006, 34.9821308 ] } },
{ "type": "Feature", "properties": { "内容": "久世ホーム居宅介護支援事業所【居宅介護支援】都府京都市南区久世築山町70", "url": "https://www.kaigokensaku.mhlw.go.jp/26/index.php?action_kouhyou_detail_004_kani=true&JigyosyoCd=2670501077-00&ServiceCd=430&Type=search", "url2": "https://www.seiwaen.or.jp" }, "geometry": { "type": "Point", "coordinates": [ 135.7245775, 34.9575156 ] } },
{ "type": "Feature", "properties": { "内容": "みんなのケアマネステーション　みなみ【居宅介護支援】京都府京都市南区大宮通八条下る東寺東門前町67番地", "url": "https://www.kaigokensaku.mhlw.go.jp/26/index.php?action_kouhyou_detail_004_kani=true&JigyosyoCd=2660590262-00&ServiceCd=430&Type=search", "url2": "gls.egaono-manma@jcom.zaq.ne.jp" }, "geometry": { "type": "Point", "coordinates": [ 135.749588289618686, 34.983680702782472 ] } },
{ "type": "Feature", "properties": { "内容": "京都福祉サービス協会南ケアマネステーション【居宅介護支援】西九条大国町４８番地の２", "url": "https://www.kaigokensaku.mhlw.go.jp/26/index.php?action_kouhyou_detail_004_kani=true&JigyosyoCd=2670500038-00&ServiceCd=430&Type=search", "url2": "http://kyoto-fukusihi.org" }, "geometry": { "type": "Point", "coordinates": [ 135.743166287141435, 34.976628507342355 ] } },
{ "type": "Feature", "properties": { "内容": "社会福祉法人京都福祉サービス協会塔南の園ケアマネステーション【居宅介護支援】京都市南区西九条菅田町4番地の2総合福祉施設　塔南の園", "url": "https://www.kaigokensaku.mhlw.go.jp/26/index.php?action_kouhyou_detail_004_kani=true&JigyosyoCd=2670500046-00&ServiceCd=430&Type=search", "url2": "https://www.kyoto-fukushi.org/" }, "geometry": { "type": "Point", "coordinates": [ 135.746873100000016, 34.9740395 ] } },
{ "type": "Feature", "properties": { "内容": "京都市陶化ケアプランセンター【居宅介護支援】京都市南区東九条東札辻町6-1", "url": "https://www.kaigokensaku.mhlw.go.jp/26/index.php?action_kouhyou_detail_004_kani=true&JigyosyoCd=2670500095-00&ServiceCd=430&Type=search", "url2": "http://www.syakyo-kyoto.net/" }, "geometry": { "type": "Point", "coordinates": [ 135.7630911, 34.9752398 ] } },
{ "type": "Feature", "properties": { "内容": "公益社団法人京都保健会居宅支援吉祥院病院【居宅介護支援】京都市南区吉祥院井ノ口町43番地", "url": "https://www.kaigokensaku.mhlw.go.jp/26/index.php?action_kouhyou_detail_004_kani=true&JigyosyoCd=2670500111-00&ServiceCd=430&Type=search", "url2": "http://www.kyoto-hokenkai.or.jp/" }, "geometry": { "type": "Point", "coordinates": [ 135.732553084373905, 34.976304177839722 ] } },
{ "type": "Feature", "properties": { "内容": "居宅介護支援事業所エルファ【居宅介護支援】京都市南区東九条北松ノ木町12", "url": "https://www.kaigokensaku.mhlw.go.jp/26/index.php?action_kouhyou_detail_004_kani=true&JigyosyoCd=2670500251-00&ServiceCd=430&Type=search", "url2": "http://lfa-kyoto.org/" }, "geometry": { "type": "Point", "coordinates": [ 135.7663963, 34.9776647 ] } },
{ "type": "Feature", "properties": { "内容": "あいあいネットワーク　ケアプランセンター【居宅介護支援】京都府京都市南区吉祥院定成町33番地の53", "url": "https://www.kaigokensaku.mhlw.go.jp/26/index.php?action_kouhyou_detail_004_kani=true&JigyosyoCd=2670500665-00&ServiceCd=430&Type=search", "url2": "ｈｔｔｐ；//aiai‐neｔwork.com" }, "geometry": { "type": "Point", "coordinates": [ 135.7379128, 34.976314 ] } },
{ "type": "Feature", "properties": { "内容": "居宅介護支援マムステーション【居宅介護支援】京都府京都市南区唐橋羅城門町37番地5の2京都メディックスビル東館2階", "url": "https://www.kaigokensaku.mhlw.go.jp/26/index.php?action_kouhyou_detail_004_kani=true&JigyosyoCd=2670501366-00&ServiceCd=430&Type=search", "url2": "https://www.dojinkai.com" }, "geometry": { "type": "Point", "coordinates": [ 135.740308298147625, 34.978910056323095 ] } },
{ "type": "Feature", "properties": { "内容": "吉祥ホーム居宅介護支援事業所【居宅介護支援】京都市南区吉祥院石原橋上1-4", "url": "https://www.kaigokensaku.mhlw.go.jp/26/index.php?action_kouhyou_detail_004_kani=true&JigyosyoCd=2670500020-00&ServiceCd=430&Type=search", "url2": "http://www.seiwaen.or.jp" }, "geometry": { "type": "Point", "coordinates": [ 135.723936200000026, 34.968156 ] } },
{ "type": "Feature", "properties": { "内容": "吉祥院老人デイサービスセンター居宅介護支援事業所【居宅介護支援】京都府京都市南区吉祥院砂ノ町50", "url": "https://www.kaigokensaku.mhlw.go.jp/26/index.php?action_kouhyou_detail_004_kani=true&JigyosyoCd=2670500152-00&ServiceCd=430&Type=search", "url2": "https://www.seiwaen.or.jp/" }, "geometry": { "type": "Point", "coordinates": [ 135.7326799, 34.9685896 ] } },
{ "type": "Feature", "properties": { "内容": "居宅介護支援事業所　いっぽ【居宅介護支援】西九条東比永城町３３番地", "url": "https://www.kaigokensaku.mhlw.go.jp/26/index.php?action_kouhyou_detail_004_kani=true&JigyosyoCd=2660590106-00&ServiceCd=430&Type=search", "url2": "https://kangoippo.wixsite.com/homon-ippo" }, "geometry": { "type": "Point", "coordinates": [ 135.749928400000044, 34.9781336 ] } },
{ "type": "Feature", "properties": { "内容": "居宅介護支援事業所ビハーラ十条【居宅介護支援】吉祥院南落合町40-4", "url": "https://www.kaigokensaku.mhlw.go.jp/26/index.php?action_kouhyou_detail_004_kani=true&JigyosyoCd=2670500350-00&ServiceCd=430&Type=search", "url2": "http://www.vhr10.jp" }, "geometry": { "type": "Point", "coordinates": [ 135.740859799999953, 34.9729783 ] } },
{ "type": "Feature", "properties": { "内容": "石原ケアプランセンター【居宅介護支援】京都市南区西九条東島町１６番地１", "url": "https://www.kaigokensaku.mhlw.go.jp/26/index.php?action_kouhyou_detail_004_kani=true&JigyosyoCd=2670500640-00&ServiceCd=430&Type=search", "url2": null }, "geometry": { "type": "Point", "coordinates": [ 135.754242271164003, 34.976195496809439 ] } },
{ "type": "Feature", "properties": { "内容": "鳥羽ホームケアプランセンター【居宅介護支援】京都府京都市南区上鳥羽堀子町88", "url": "https://www.kaigokensaku.mhlw.go.jp/26/index.php?action_kouhyou_detail_004_kani=true&JigyosyoCd=2670500996-00&ServiceCd=430&Type=search", "url2": "https://www.seiwaen.or.jp/" }, "geometry": { "type": "Point", "coordinates": [ 135.744364060852007, 34.969139426520115 ] } },
{ "type": "Feature", "properties": { "内容": "ケアプランセンターいろは【居宅介護支援】京都府京都市南区上鳥羽南唐戸町9番地エフキューブ洛南202号室", "url": "https://www.kaigokensaku.mhlw.go.jp/26/index.php?action_kouhyou_detail_004_kani=true&JigyosyoCd=2670501465-00&ServiceCd=430&Type=search", "url2": "https://www.otollc-iroha.com" }, "geometry": { "type": "Point", "coordinates": [ 135.741305, 34.9716177 ] } },
{ "type": "Feature", "properties": { "内容": "生活クラブケアプランセンターさざなみ【居宅介護支援】京都府京都市南区久世上久世町161番地たすけあい活動スペースりんく・る1階", "url": "https://www.kaigokensaku.mhlw.go.jp/26/index.php?action_kouhyou_detail_004_kani=true&JigyosyoCd=2670501473-00&ServiceCd=430&Type=search", "url2": null }, "geometry": { "type": "Point", "coordinates": [ 135.7122812, 34.9648794 ] } },
{ "type": "Feature", "properties": { "内容": "医療法人トキワ会居宅介護支援事業所　リーベン嵯峨野【居宅介護支援】京都市右京区常盤東ノ町22番5", "url": "https://www.kaigokensaku.mhlw.go.jp/26/index.php?action_kouhyou_detail_004_kani=true&JigyosyoCd=2670700075-00&ServiceCd=430&Type=search", "url2": "http://www.jade.dti.ne.jp/~tokiwak/" }, "geometry": { "type": "Point", "coordinates": [ 135.709356500000013, 35.0199013 ] } },
{ "type": "Feature", "properties": { "内容": "社会医療法人太秦病院附属うずまさ診療所居宅介護支援事業所【居宅介護支援】京都市右京区太秦堀ヶ内町1番地１", "url": "https://www.kaigokensaku.mhlw.go.jp/26/index.php?action_kouhyou_detail_004_kani=true&JigyosyoCd=2610705705-00&ServiceCd=430&Type=search", "url2": "http://www.uzumasa-hp.jp//" }, "geometry": { "type": "Point", "coordinates": [ 135.701901799999973, 35.0148851 ] } },
{ "type": "Feature", "properties": { "内容": "医療法人たけだ診療所居宅介護支援事業所【居宅介護支援】京都市右京区西京極北大入町６５天神川ビル４階", "url": "https://www.kaigokensaku.mhlw.go.jp/26/index.php?action_kouhyou_detail_004_kani=true&JigyosyoCd=2610706240-00&ServiceCd=430&Type=search", "url2": null }, "geometry": { "type": "Point", "coordinates": [ 135.716461900000013, 34.9995337 ] } },
{ "type": "Feature", "properties": { "内容": "トータルケアみやび【居宅介護支援】京都府京都市右京区西京極西川町23番地1F", "url": "https://www.kaigokensaku.mhlw.go.jp/26/index.php?action_kouhyou_detail_004_kani=true&JigyosyoCd=2670701586-00&ServiceCd=430&Type=search", "url2": null }, "geometry": { "type": "Point", "coordinates": [ 135.718514499999969, 34.988443 ] } },
{ "type": "Feature", "properties": { "内容": "優樹居宅介護支援事業所【居宅介護支援】京都市右京区花園扇野町22番地7", "url": "https://www.kaigokensaku.mhlw.go.jp/26/index.php?action_kouhyou_detail_004_kani=true&JigyosyoCd=2670701529-00&ServiceCd=430&Type=search", "url2": "http://www.eonet.ne.jp/~lsstsugumi/index.html" }, "geometry": { "type": "Point", "coordinates": [ 135.7155616, 35.0176987 ] } },
{ "type": "Feature", "properties": { "内容": "ケアプランサポートたくみ【居宅介護支援】京都府京都市右京区嵯峨罧原町24-16", "url": "https://www.kaigokensaku.mhlw.go.jp/26/index.php?action_kouhyou_detail_004_kani=true&JigyosyoCd=2670700653-00&ServiceCd=430&Type=search", "url2": "工事中です｡" }, "geometry": { "type": "Point", "coordinates": [ 135.691197399999965, 35.0072663 ] } },
{ "type": "Feature", "properties": { "内容": "ぐりっど右京ケアプランセンター【居宅介護支援】京都府右京区太秦桂ヶ原町9-4桂ヶ原荘１５号", "url": "https://www.kaigokensaku.mhlw.go.jp/26/index.php?action_kouhyou_detail_004_kani=true&JigyosyoCd=2670702832-00&ServiceCd=430&Type=search", "url2": "https://gridrakusai.com/" }, "geometry": { "type": "Point", "coordinates": [ 135.7055461, 35.0130921 ] } },
{ "type": "Feature", "properties": { "内容": "居宅介護支援事業所　ソラスト右京【居宅介護支援】京都府京都市右京区嵯峨明星町25", "url": "https://www.kaigokensaku.mhlw.go.jp/26/index.php?action_kouhyou_detail_004_kani=true&JigyosyoCd=2670700232-00&ServiceCd=430&Type=search", "url2": "https://solasto-kaigo.com/care/area/solastoukyo.html" }, "geometry": { "type": "Point", "coordinates": [ 135.689353, 35.0137074 ] } },
{ "type": "Feature", "properties": { "内容": "ステーション　イルカ【居宅介護支援】京都市右京区山ノ内山ノ下町15-13", "url": "https://www.kaigokensaku.mhlw.go.jp/26/index.php?action_kouhyou_detail_004_kani=true&JigyosyoCd=2660790086-00&ServiceCd=430&Type=search", "url2": "http://www" }, "geometry": { "type": "Point", "coordinates": [ 135.722553, 35.0065941 ] } },
{ "type": "Feature", "properties": { "内容": "グランユニライフケアプランセンター京都嵐山【居宅介護支援】京都府京都市右京区嵯峨天龍寺油掛町10-25グランメゾン迎賓館　京都嵐山", "url": "https://www.kaigokensaku.mhlw.go.jp/26/index.php?action_kouhyou_detail_004_kani=true&JigyosyoCd=2670701446-00&ServiceCd=430&Type=search", "url2": "http://www.grand-maison.jp/" }, "geometry": { "type": "Point", "coordinates": [ 135.686269633729609, 35.019017251190121 ] } },
{ "type": "Feature", "properties": { "内容": "LifePlan嵯峨野【居宅介護支援】嵯峨野秋街道町51-25DS/俱楽部嵯峨野", "url": "https://www.kaigokensaku.mhlw.go.jp/26/index.php?action_kouhyou_detail_004_kani=true&JigyosyoCd=2670702865-00&ServiceCd=430&Type=search", "url2": null }, "geometry": { "type": "Point", "coordinates": [ 135.693959, 35.0134985 ] } },
{ "type": "Feature", "properties": { "内容": "医療法人誠心会　居宅介護支援事業所うずまさ【居宅介護支援】太秦一ノ井町31番地", "url": "https://www.kaigokensaku.mhlw.go.jp/26/index.php?action_kouhyou_detail_004_kani=true&JigyosyoCd=2670702949-00&ServiceCd=430&Type=search", "url2": "https://i-seishin.or.jp/" }, "geometry": { "type": "Point", "coordinates": [ 135.7094085, 35.016353906805683 ] } },
{ "type": "Feature", "properties": { "内容": "ＳＯＭＰＯケア　京都西　居宅介護支援【居宅介護支援】京都府京都市右京区山ノ内五反田町9-1かどの御池ビル３階", "url": "https://www.kaigokensaku.mhlw.go.jp/26/index.php?action_kouhyou_detail_004_kani=true&JigyosyoCd=2670702964-00&ServiceCd=430&Type=search", "url2": "https://www.sompocare.com/service/zaitaku/kaigoshien/Z000947" }, "geometry": { "type": "Point", "coordinates": [ 135.720698199999987, 35.0106984 ] } },
{ "type": "Feature", "properties": { "内容": "はなまる介護支援センター【居宅介護支援】京都府京都市右京区常盤御池町21-51F", "url": "https://www.kaigokensaku.mhlw.go.jp/26/index.php?action_kouhyou_detail_004_kani=true&JigyosyoCd=2670700307-00&ServiceCd=430&Type=search", "url2": "http://www.hanamarukaigo.jp" }, "geometry": { "type": "Point", "coordinates": [ 135.710903969111627, 35.023690779940324 ] } },
{ "type": "Feature", "properties": { "内容": "居宅介護支援事業所ゆとり【居宅介護支援】京都府京都市右京区西京極野田町18-1", "url": "https://www.kaigokensaku.mhlw.go.jp/26/index.php?action_kouhyou_detail_004_kani=true&JigyosyoCd=2670702097-00&ServiceCd=430&Type=search", "url2": null }, "geometry": { "type": "Point", "coordinates": [ 135.717014699999936, 34.9951618 ] } },
{ "type": "Feature", "properties": { "内容": "まどかケア・プランニング【居宅介護支援】京都市右京区太秦中筋町12-5", "url": "https://www.kaigokensaku.mhlw.go.jp/26/index.php?action_kouhyou_detail_004_kani=true&JigyosyoCd=2670700646-00&ServiceCd=430&Type=search", "url2": "http://homepage3.nifty.com/madoka-cp/narutaki/index.html" }, "geometry": { "type": "Point", "coordinates": [ 135.696799300000066, 35.0208734 ] } },
{ "type": "Feature", "properties": { "内容": "ケアプランセンター小春日和【居宅介護支援】京都市右京区西京極西川42番地", "url": "https://www.kaigokensaku.mhlw.go.jp/26/index.php?action_kouhyou_detail_004_kani=true&JigyosyoCd=2670701628-00&ServiceCd=430&Type=search", "url2": null }, "geometry": { "type": "Point", "coordinates": [ 135.7185572, 34.9895473 ] } },
{ "type": "Feature", "properties": { "内容": "居宅支援事業所ファンフューチャー【居宅介護支援】京都市右京区西京極西池田町29番地サンハイツ西京極３０７", "url": "https://www.kaigokensaku.mhlw.go.jp/26/index.php?action_kouhyou_detail_004_kani=true&JigyosyoCd=2670702139-00&ServiceCd=430&Type=search", "url2": "https://h88kaigo.jp/" }, "geometry": { "type": "Point", "coordinates": [ 135.7182852, 34.9920608 ] } },
{ "type": "Feature", "properties": { "内容": "イトウケアプランセンター【居宅介護支援】常盤東ノ町22-３", "url": "https://www.kaigokensaku.mhlw.go.jp/26/index.php?action_kouhyou_detail_004_kani=true&JigyosyoCd=2670702592-00&ServiceCd=430&Type=search", "url2": null }, "geometry": { "type": "Point", "coordinates": [ 135.7092615, 35.020202 ] } },
{ "type": "Feature", "properties": { "内容": "あやとり居宅介護支援事業所天神川【居宅介護支援】京都府京都市右京区西院西貝川町９６番地", "url": "https://www.kaigokensaku.mhlw.go.jp/26/index.php?action_kouhyou_detail_004_kani=true&JigyosyoCd=2670701594-00&ServiceCd=430&Type=search", "url2": "ayatorikaigo.jp" }, "geometry": { "type": "Point", "coordinates": [ 135.715155386508172, 35.000071258755185 ] } },
{ "type": "Feature", "properties": { "内容": "居宅介護支援事業所　アルハット【居宅介護支援】京都府京都市右京区西京極東向河原町4-1", "url": "https://www.kaigokensaku.mhlw.go.jp/26/index.php?action_kouhyou_detail_004_kani=true&JigyosyoCd=2670701909-00&ServiceCd=430&Type=search", "url2": "https://www.besport-kyoto.com" }, "geometry": { "type": "Point", "coordinates": [ 135.71970269702831, 34.985235187897885 ] } },
{ "type": "Feature", "properties": { "内容": "ケアプランセンター花咲み【居宅介護支援】京都府京都市右京区梅津南上田町2", "url": "https://www.kaigokensaku.mhlw.go.jp/26/index.php?action_kouhyou_detail_004_kani=true&JigyosyoCd=2670702261-00&ServiceCd=430&Type=search", "url2": null }, "geometry": { "type": "Point", "coordinates": [ 135.7040527, 35.003324 ] } },
{ "type": "Feature", "properties": { "内容": "居宅介護支援事業所右京医師会【居宅介護支援】京都市右京区梅津神田町57番地", "url": "https://www.kaigokensaku.mhlw.go.jp/26/index.php?action_kouhyou_detail_004_kani=true&JigyosyoCd=2660790045-00&ServiceCd=430&Type=search", "url2": "http://www.ukyo.kyoto.med.or.jp" }, "geometry": { "type": "Point", "coordinates": [ 135.711131900000026, 35.0001503 ] } },
{ "type": "Feature", "properties": { "内容": "居宅介護支援事業所ほほえみ【居宅介護支援】嵯峨小倉山堂ノ前町24-1ハイツ小倉山105号", "url": "https://www.kaigokensaku.mhlw.go.jp/26/index.php?action_kouhyou_detail_004_kani=true&JigyosyoCd=2670702634-00&ServiceCd=430&Type=search", "url2": null }, "geometry": { "type": "Point", "coordinates": [ 135.67215490000001, 35.0197561 ] } },
{ "type": "Feature", "properties": { "内容": "gracecare【居宅介護支援】京都市右京区嵯峨新宮町7−1シーズン嵐山103", "url": "https://www.kaigokensaku.mhlw.go.jp/26/index.php?action_kouhyou_detail_004_kani=true&JigyosyoCd=2670703061-00&ServiceCd=430&Type=search", "url2": null }, "geometry": { "type": "Point", "coordinates": [ 135.686490600000013, 35.0208953 ] } },
{ "type": "Feature", "properties": { "内容": "社会福祉法人　京都福祉サービス協会太秦ケアマネステーション【居宅介護支援】京都市右京区常盤一ノ井町８－３カリオン大町１階カリオン大町１F", "url": "https://www.kaigokensaku.mhlw.go.jp/26/index.php?action_kouhyou_detail_004_kani=true&JigyosyoCd=2670700687-00&ServiceCd=430&Type=search", "url2": "http://kyoto-fukushi.org/" }, "geometry": { "type": "Point", "coordinates": [ 135.711178600000039, 35.0184986 ] } },
{ "type": "Feature", "properties": { "内容": "アミケア　居宅介護支援事業所【居宅介護支援】京都府京都市右京区西院平町２５ライフプラザ西大路四条　７Ｆ", "url": "https://www.kaigokensaku.mhlw.go.jp/26/index.php?action_kouhyou_detail_004_kani=true&JigyosyoCd=2670702402-00&ServiceCd=430&Type=search", "url2": "https://amicare.jp/" }, "geometry": { "type": "Point", "coordinates": [ 135.73231530000001, 35.0001308 ] } },
{ "type": "Feature", "properties": { "内容": "医療法人社団京健会　居宅介護支援事業所　さいきょう【居宅介護支援】京都市右京区西院北矢掛町39-1", "url": "https://www.kaigokensaku.mhlw.go.jp/26/index.php?action_kouhyou_detail_004_kani=true&JigyosyoCd=2610706646-00&ServiceCd=430&Type=search", "url2": "http://www.kyokenkai.com" }, "geometry": { "type": "Point", "coordinates": [ 135.730224600000042, 35.0020198 ] } },
{ "type": "Feature", "properties": { "内容": "京都生協右京ホームヘルプサービス【居宅介護支援】京都市右京区太秦開日町10-6", "url": "https://www.kaigokensaku.mhlw.go.jp/26/index.php?action_kouhyou_detail_004_kani=true&JigyosyoCd=2670700448-00&ServiceCd=430&Type=search", "url2": "http://www.kyoto.coop/" }, "geometry": { "type": "Point", "coordinates": [ 135.698229699999956, 35.02149 ] } },
{ "type": "Feature", "properties": { "内容": "洛和会医療介護サービスセンター右京山ノ内店【居宅介護支援】京都市右京区山ノ内西裏町15", "url": "https://www.kaigokensaku.mhlw.go.jp/26/index.php?action_kouhyou_detail_004_kani=true&JigyosyoCd=2660790011-00&ServiceCd=430&Type=search", "url2": "http://www.rakuwa.or.jp" }, "geometry": { "type": "Point", "coordinates": [ 135.720397600000069, 35.007669 ] } },
{ "type": "Feature", "properties": { "内容": "社会福祉法人　京都市社会福祉協議会　京都市太秦ケアプランセンター【居宅介護支援】京都市右京区太秦森ヶ前町22-3", "url": "https://www.kaigokensaku.mhlw.go.jp/26/index.php?action_kouhyou_detail_004_kani=true&JigyosyoCd=2670700091-00&ServiceCd=430&Type=search", "url2": "https://www.syakyo-kyoto.net/facility/day-care/#dayservice" }, "geometry": { "type": "Point", "coordinates": [ 135.712620567459112, 35.010037656395603 ] } },
{ "type": "Feature", "properties": { "内容": "京都福祉サービス協会西院【居宅介護支援】京都府京都市右京区西院上今田町18-3", "url": "https://www.kaigokensaku.mhlw.go.jp/26/index.php?action_kouhyou_detail_004_kani=true&JigyosyoCd=2670700109-00&ServiceCd=430&Type=search", "url2": "https://www.kyoto-fukushi.org/" }, "geometry": { "type": "Point", "coordinates": [ 135.732372, 35.0081555 ] } },
{ "type": "Feature", "properties": { "内容": "嵐山寮居宅介護支援事業所ひろさわ【居宅介護支援】京都市右京区嵯峨広沢南野町26-2CあんどC嵯峨", "url": "https://www.kaigokensaku.mhlw.go.jp/26/index.php?action_kouhyou_detail_004_kani=true&JigyosyoCd=2670701040-00&ServiceCd=430&Type=search", "url2": "http://arashiyamaryo.or.jp" }, "geometry": { "type": "Point", "coordinates": [ 135.69169111534427, 35.020523993842616 ] } },
{ "type": "Feature", "properties": { "内容": "ベネッセ介護センター京都【居宅介護支援】京都府京都市右京区西院松井町18　グランドーム春日103号室", "url": "https://www.kaigokensaku.mhlw.go.jp/26/index.php?action_kouhyou_detail_004_kani=true&JigyosyoCd=2670701651-00&ServiceCd=430&Type=search", "url2": "http://www.benesse-style-care.co.jp" }, "geometry": { "type": "Point", "coordinates": [ 135.729744542110979, 35.002822411018094 ] } },
{ "type": "Feature", "properties": { "内容": "ごりきケアプランセンター【居宅介護支援】京都市右京区西京極午塚町96-8", "url": "https://www.kaigokensaku.mhlw.go.jp/26/index.php?action_kouhyou_detail_004_kani=true&JigyosyoCd=2670702188-00&ServiceCd=430&Type=search", "url2": "https://herupa-goriki.com" }, "geometry": { "type": "Point", "coordinates": [ 135.714231210380774, 34.999217005599576 ] } },
{ "type": "Feature", "properties": { "内容": "社会医療法人太秦病院附属　うずまさ診療所【居宅介護支援】京都府京都市右京区太秦帷子ケ辻町３０番地の４", "url": "https://www.kaigokensaku.mhlw.go.jp/26/index.php?action_kouhyou_detail_004_kani=true&JigyosyoCd=2670702204-00&ServiceCd=430&Type=search", "url2": "htto：//wwwuzumasa.hp.jp/" }, "geometry": { "type": "Point", "coordinates": [ 135.701310599999942, 35.0151355 ] } },
{ "type": "Feature", "properties": { "内容": "洛和会医療介護サービスセンター右京常盤店【居宅介護支援】京都府京都市右京区常盤柏ノ木町15-1洛和グループホーム右京常盤", "url": "https://www.kaigokensaku.mhlw.go.jp/26/index.php?action_kouhyou_detail_004_kani=true&JigyosyoCd=2670702576-00&ServiceCd=430&Type=search", "url2": "http://www/.rakuwa.or.jp" }, "geometry": { "type": "Point", "coordinates": [ 135.7090198, 35.0216627 ] } },
{ "type": "Feature", "properties": { "内容": "アドナース右京居宅介護支援【居宅介護支援】京都府京都市右京区太秦垣内町9-2", "url": "https://www.kaigokensaku.mhlw.go.jp/26/index.php?action_kouhyou_detail_004_kani=true&JigyosyoCd=2670702683-00&ServiceCd=430&Type=search", "url2": "https://adnurse.co.jp/" }, "geometry": { "type": "Point", "coordinates": [ 135.7099009, 35.0137645 ] } },
{ "type": "Feature", "properties": { "内容": "健光園あらしやまケアプランセンター【居宅介護支援】京都市右京区嵯峨柳田町36-5", "url": "https://www.kaigokensaku.mhlw.go.jp/26/index.php?action_kouhyou_detail_004_kani=true&JigyosyoCd=2660790052-00&ServiceCd=430&Type=search", "url2": "http://www.kenkouen．jp/" }, "geometry": { "type": "Point", "coordinates": [ 135.688222499999938, 35.0117242 ] } },
{ "type": "Feature", "properties": { "内容": "居宅介護支援事業所　いきいき【居宅介護支援】京都府京都市右京区嵯峨折戸町２４番地の１９", "url": "https://www.kaigokensaku.mhlw.go.jp/26/index.php?action_kouhyou_detail_004_kani=true&JigyosyoCd=2670702089-00&ServiceCd=430&Type=search", "url2": null }, "geometry": { "type": "Point", "coordinates": [ 135.686414099999979, 35.0177681 ] } },
{ "type": "Feature", "properties": { "内容": "ピース・フレイル居宅介護支援事業所【居宅介護支援】京都府京都市右京区太秦門田町7-16", "url": "https://www.kaigokensaku.mhlw.go.jp/26/index.php?action_kouhyou_detail_004_kani=true&JigyosyoCd=2660790276-00&ServiceCd=430&Type=search", "url2": null }, "geometry": { "type": "Point", "coordinates": [ 135.71196901815253, 35.009647282259429 ] } },
{ "type": "Feature", "properties": { "内容": "梅津富士園　居宅介護支援事業所【居宅介護支援】京都市右京区梅津尻溝町28番地", "url": "https://www.kaigokensaku.mhlw.go.jp/26/index.php?action_kouhyou_detail_004_kani=true&JigyosyoCd=2670700026-00&ServiceCd=430&Type=search", "url2": "https://www.fujien.jp" }, "geometry": { "type": "Point", "coordinates": [ 135.693858399999954, 35.0012196 ] } },
{ "type": "Feature", "properties": { "内容": "キャビック居宅介護支援センター【居宅介護支援】京都市右京区梅津段町8", "url": "https://www.kaigokensaku.mhlw.go.jp/26/index.php?action_kouhyou_detail_004_kani=true&JigyosyoCd=2670700216-00&ServiceCd=430&Type=search", "url2": "http://www.cabik.co.jp/" }, "geometry": { "type": "Point", "coordinates": [ 135.706137799999965, 35.004136 ] } },
{ "type": "Feature", "properties": { "内容": "一般財団法人仁風会嵯峨野病院居宅介護支援事業所【居宅介護支援】京都市右京区宇多野福王子町22－6", "url": "https://www.kaigokensaku.mhlw.go.jp/26/index.php?action_kouhyou_detail_004_kani=true&JigyosyoCd=2670700455-00&ServiceCd=430&Type=search", "url2": "http://www.jinpukai.or.jp" }, "geometry": { "type": "Point", "coordinates": [ 135.708628500000032, 35.0288699 ] } },
{ "type": "Feature", "properties": { "内容": "居宅介護支援事業所豊和園【居宅介護支援】京都市右京区京北上中町宮ノ下22番地", "url": "https://www.kaigokensaku.mhlw.go.jp/26/index.php?action_kouhyou_detail_004_kani=true&JigyosyoCd=2670700463-00&ServiceCd=430&Type=search", "url2": "http://www4.ocn.ne.jp/~houwaen/" }, "geometry": { "type": "Point", "coordinates": [ 135.6369449, 35.2022886 ] } },
{ "type": "Feature", "properties": { "内容": "はなぞのケアプランセンター【居宅介護支援】京都府京都市右京区花園鷹司町1-1", "url": "https://www.kaigokensaku.mhlw.go.jp/26/index.php?action_kouhyou_detail_004_kani=true&JigyosyoCd=2670700703-00&ServiceCd=430&Type=search", "url2": "http://www.kenkouen.jp/" }, "geometry": { "type": "Point", "coordinates": [ 135.725202200000012, 35.0251953 ] } },
{ "type": "Feature", "properties": { "内容": "公益社団法人京都保健会　居宅支援太秦安井【居宅介護支援】京都市右京区太秦安井藤ノ木町２－２", "url": "https://www.kaigokensaku.mhlw.go.jp/26/index.php?action_kouhyou_detail_004_kani=true&JigyosyoCd=2670700968-00&ServiceCd=430&Type=search", "url2": "http://www.kyoto-hokenkai.or.jp/jigyosho/uzumasa.htm" }, "geometry": { "type": "Point", "coordinates": [ 135.724055300000032, 35.0155489 ] } },
{ "type": "Feature", "properties": { "内容": "嵐山寮居宅介護支援事業所うたの【居宅介護支援】京都市右京区太秦中山町１５番地", "url": "https://www.kaigokensaku.mhlw.go.jp/26/index.php?action_kouhyou_detail_004_kani=true&JigyosyoCd=2670701057-00&ServiceCd=430&Type=search", "url2": "http://www.arashiyamaryo.or.jp/" }, "geometry": { "type": "Point", "coordinates": [ 135.701446, 35.0258146 ] } },
{ "type": "Feature", "properties": { "内容": "メルシーうずまさ居宅介護支援事業所【居宅介護支援】京都府京都市右京区太秦一ノ井町41", "url": "https://www.kaigokensaku.mhlw.go.jp/26/index.php?action_kouhyou_detail_004_kani=true&JigyosyoCd=2670701164-00&ServiceCd=430&Type=search", "url2": "http://www.nanasekai.or.jp" }, "geometry": { "type": "Point", "coordinates": [ 135.710973100000047, 35.017932 ] } },
{ "type": "Feature", "properties": { "内容": "ケアプランセンターさが灯路【居宅介護支援】京都市右京区太秦一町芝町6番地1階", "url": "https://www.kaigokensaku.mhlw.go.jp/26/index.php?action_kouhyou_detail_004_kani=true&JigyosyoCd=2670701222-00&ServiceCd=430&Type=search", "url2": "http://sagatouro.com" }, "geometry": { "type": "Point", "coordinates": [ 135.697455257561984, 35.017464200438326 ] } },
{ "type": "Feature", "properties": { "内容": "居宅介護支援事業所ほわいえ四條【居宅介護支援】西院四条畑町１－３", "url": "https://www.kaigokensaku.mhlw.go.jp/26/index.php?action_kouhyou_detail_004_kani=true&JigyosyoCd=2670701487-00&ServiceCd=430&Type=search", "url2": "http://www.foyer4.jp" }, "geometry": { "type": "Point", "coordinates": [ 135.72401960000002, 35.0044166 ] } },
{ "type": "Feature", "properties": { "内容": "GTLケアプランセンター嵯峨有栖川【居宅介護支援】京都市右京区嵯峨明星町1-31", "url": "https://www.kaigokensaku.mhlw.go.jp/26/index.php?action_kouhyou_detail_004_kani=true&JigyosyoCd=2670701875-00&ServiceCd=430&Type=search", "url2": null }, "geometry": { "type": "Point", "coordinates": [ 135.692147200000022, 35.0136629 ] } },
{ "type": "Feature", "properties": { "内容": "内田病院　居宅介護支援事業所【居宅介護支援】梅津大縄場町6－9", "url": "https://www.kaigokensaku.mhlw.go.jp/26/index.php?action_kouhyou_detail_004_kani=true&JigyosyoCd=2670702477-00&ServiceCd=430&Type=search", "url2": "http://www.uchida-hospital.jp/" }, "geometry": { "type": "Point", "coordinates": [ 135.6911044, 35.0015063 ] } },
{ "type": "Feature", "properties": { "内容": "ライフサポートりんく【居宅介護支援】京都府京都市右京区常盤窪町１０番地３", "url": "https://www.kaigokensaku.mhlw.go.jp/26/index.php?action_kouhyou_detail_004_kani=true&JigyosyoCd=2670702808-00&ServiceCd=430&Type=search", "url2": "https://link-g.life/" }, "geometry": { "type": "Point", "coordinates": [ 135.705698295106515, 35.020912868505441 ] } },
{ "type": "Feature", "properties": { "内容": "ラシアス右京居宅介護支援事業所【居宅介護支援】京都府京都市右京区西京極大入町86番地1", "url": "https://www.kaigokensaku.mhlw.go.jp/26/index.php?action_kouhyou_detail_004_kani=true&JigyosyoCd=2670702519-00&ServiceCd=430&Type=search", "url2": "https://www.eminare-lacias.com" }, "geometry": { "type": "Point", "coordinates": [ 135.716381399999989, 34.9965311 ] } },
{ "type": "Feature", "properties": { "内容": "医療法人　朋生会　中尾クリニック　居宅介護支援事業所【居宅介護支援】京都市右京区嵯峨柳田町11-8", "url": "https://www.kaigokensaku.mhlw.go.jp/26/index.php?action_kouhyou_detail_004_kani=true&JigyosyoCd=2610705861-00&ServiceCd=430&Type=search", "url2": "http://www" }, "geometry": { "type": "Point", "coordinates": [ 135.6850948, 35.0140406 ] } },
{ "type": "Feature", "properties": { "内容": "嵐山寮居宅介護支援事業所【居宅介護支援】京都市右京区嵯峨天竜寺北造路町17番地", "url": "https://www.kaigokensaku.mhlw.go.jp/26/index.php?action_kouhyou_detail_004_kani=true&JigyosyoCd=2670700059-00&ServiceCd=430&Type=search", "url2": "http://www.arashiyamaryo.or.jp" }, "geometry": { "type": "Point", "coordinates": [ 135.677843510492721, 35.016624178136269 ] } },
{ "type": "Feature", "properties": { "内容": "居宅介護支援事業所こうめ【居宅介護支援】西京極西池田町13-2林ビル202", "url": "https://www.kaigokensaku.mhlw.go.jp/26/index.php?action_kouhyou_detail_004_kani=true&JigyosyoCd=2670702246-00&ServiceCd=430&Type=search", "url2": "https://koume.imatoku-medic.com/" }, "geometry": { "type": "Point", "coordinates": [ 135.719567899999987, 34.9918093 ] } },
{ "type": "Feature", "properties": { "内容": "居宅介護支援事業所はなかふぇ【居宅介護支援】京都府京都市伏見区深草平田町７－３メイズツイン１－Ｂ", "url": "https://www.kaigokensaku.mhlw.go.jp/26/index.php?action_kouhyou_detail_004_kani=true&JigyosyoCd=2670917190-00&ServiceCd=430&Type=search", "url2": "ｗｗｗ．ｈａｎａ-ｃａｆｅ．ｊｐ" }, "geometry": { "type": "Point", "coordinates": [ 135.765488, 34.9683433 ] } },
{ "type": "Feature", "properties": { "内容": "醍醐の里居宅介護支援事業所【居宅介護支援】京都府京都市伏見区醍醐内ヶ井戸19番地1", "url": "https://www.kaigokensaku.mhlw.go.jp/26/index.php?action_kouhyou_detail_004_kani=true&JigyosyoCd=2650980085-00&ServiceCd=430&Type=search", "url2": "http://www.daigonosato.or.jp/" }, "geometry": { "type": "Point", "coordinates": [ 135.823045800000045, 34.9636621 ] } },
{ "type": "Feature", "properties": { "内容": "メディカルケア　タカオカ居宅介護支援センター【居宅介護支援】京都市伏見区深草直違橋7丁目266-1メディカルケアタカオカ本社ビル", "url": "https://www.kaigokensaku.mhlw.go.jp/26/index.php?action_kouhyou_detail_004_kani=true&JigyosyoCd=2670900204-00&ServiceCd=430&Type=search", "url2": "http://care-net.biz/26/medicl-t/" }, "geometry": { "type": "Point", "coordinates": [ 135.771320396295096, 34.960340035288823 ] } },
{ "type": "Feature", "properties": { "内容": "カーティアスケアケアプランセンター桃山【居宅介護支援】京都市伏見区桃山町本多上野74番3サービス付き高齢者向け住宅シニアハウス桃山", "url": "https://www.kaigokensaku.mhlw.go.jp/26/index.php?action_kouhyou_detail_004_kani=true&JigyosyoCd=2670918131-00&ServiceCd=430&Type=search", "url2": null }, "geometry": { "type": "Point", "coordinates": [ 135.7752415, 34.9303303 ] } },
{ "type": "Feature", "properties": { "内容": "アイ竹田ケアプランセンター【居宅介護支援】京都府京都市伏見区竹田西段川原町54番地", "url": "https://www.kaigokensaku.mhlw.go.jp/26/index.php?action_kouhyou_detail_004_kani=true&JigyosyoCd=2670900881-00&ServiceCd=430&Type=search", "url2": "http://www.heartfreecare.com" }, "geometry": { "type": "Point", "coordinates": [ 135.753391599999986, 34.9595688 ] } },
{ "type": "Feature", "properties": { "内容": "医療法人社団恵寿会【居宅介護支援】醍醐高畑町30-1パセオダイゴロー西館2F", "url": "https://www.kaigokensaku.mhlw.go.jp/26/index.php?action_kouhyou_detail_004_kani=true&JigyosyoCd=2660990272-00&ServiceCd=430&Type=search", "url2": "http:www.myclinic.ne.jp/maruo_clinic/pc" }, "geometry": { "type": "Point", "coordinates": [ 135.8103623, 34.9513249 ] } },
{ "type": "Feature", "properties": { "内容": "スタークケアプランセンター伏見【居宅介護支援】鍋島町22-1プレスト桃山１F", "url": "https://www.kaigokensaku.mhlw.go.jp/26/index.php?action_kouhyou_detail_004_kani=true&JigyosyoCd=2670917661-00&ServiceCd=430&Type=search", "url2": "https://star-q.jp/" }, "geometry": { "type": "Point", "coordinates": [ 130.260344, 33.273760800000034 ] } },
{ "type": "Feature", "properties": { "内容": "ケアプランセンターアソシア【居宅介護支援】京都府京都市伏見区深草大亀谷東古御香町96-5", "url": "https://www.kaigokensaku.mhlw.go.jp/26/index.php?action_kouhyou_detail_004_kani=true&JigyosyoCd=2670601166-00&ServiceCd=430&Type=search", "url2": null }, "geometry": { "type": "Point", "coordinates": [ 135.787171923086873, 34.943617926983976 ] } },
{ "type": "Feature", "properties": { "内容": "居宅介護支援事業所　ソラスト伏見【居宅介護支援】竹田田中宮町91", "url": "https://www.kaigokensaku.mhlw.go.jp/26/index.php?action_kouhyou_detail_004_kani=true&JigyosyoCd=2670916986-00&ServiceCd=430&Type=search", "url2": null }, "geometry": { "type": "Point", "coordinates": [ 135.753419099999974, 34.9494391 ] } },
{ "type": "Feature", "properties": { "内容": "あやとり居宅介護支援事業所醍醐【居宅介護支援】京都府京都市伏見区小栗栖牛ケ淵町48－1あやとりクレイドル醍醐", "url": "https://www.kaigokensaku.mhlw.go.jp/26/index.php?action_kouhyou_detail_004_kani=true&JigyosyoCd=2670917513-00&ServiceCd=430&Type=search", "url2": "https://www.ayatorikaigo.jp/" }, "geometry": { "type": "Point", "coordinates": [ 135.806269125131138, 34.948285199903637 ] } },
{ "type": "Feature", "properties": { "内容": "ケアプランセンターテイクケア【居宅介護支援】京都府京都市伏見区石田内里町80-2", "url": "https://www.kaigokensaku.mhlw.go.jp/26/index.php?action_kouhyou_detail_004_kani=true&JigyosyoCd=2674101056-00&ServiceCd=430&Type=search", "url2": "http://hp.kaipoke.biz/sab/" }, "geometry": { "type": "Point", "coordinates": [ 135.806751, 34.938253 ] } },
{ "type": "Feature", "properties": { "内容": "ケアプランセンターあさひ【居宅介護支援】京都市伏見区深草西浦町二丁目96", "url": "https://www.kaigokensaku.mhlw.go.jp/26/index.php?action_kouhyou_detail_004_kani=true&JigyosyoCd=2670917364-00&ServiceCd=430&Type=search", "url2": null }, "geometry": { "type": "Point", "coordinates": [ 135.765176699999984, 34.9609968 ] } },
{ "type": "Feature", "properties": { "内容": "アプリシェイトケアプランセンター【居宅介護支援】京都市伏見区醍醐西大路町59-2パルアベニュー醍醐101", "url": "https://www.kaigokensaku.mhlw.go.jp/26/index.php?action_kouhyou_detail_004_kani=true&JigyosyoCd=2670917265-00&ServiceCd=430&Type=search", "url2": "http://www.appreciate-group.com/" }, "geometry": { "type": "Point", "coordinates": [ 135.816104799999948, 34.9495688 ] } },
{ "type": "Feature", "properties": { "内容": "ケアサポートこといろ【居宅介護支援】京都市伏見区深草薮之内町44グランドテラス晴雲101", "url": "https://www.kaigokensaku.mhlw.go.jp/26/index.php?action_kouhyou_detail_004_kani=true&JigyosyoCd=2670916747-00&ServiceCd=430&Type=search", "url2": null }, "geometry": { "type": "Point", "coordinates": [ 135.772073500000033, 34.9661465 ] } },
{ "type": "Feature", "properties": { "内容": "居宅介護支援グリーン【居宅介護支援】京都府京都市伏見区深草フケノ内町1-3", "url": "https://www.kaigokensaku.mhlw.go.jp/26/index.php?action_kouhyou_detail_004_kani=true&JigyosyoCd=2670918271-00&ServiceCd=430&Type=search", "url2": null }, "geometry": { "type": "Point", "coordinates": [ 135.7667717, 34.9688197 ] } },
{ "type": "Feature", "properties": { "内容": "ケアプランセンター　すみ香【居宅介護支援】京都府京都市伏見区納所薬師堂1-78", "url": "https://www.kaigokensaku.mhlw.go.jp/26/index.php?action_kouhyou_detail_004_kani=true&JigyosyoCd=2670918651-00&ServiceCd=430&Type=search", "url2": null }, "geometry": { "type": "Point", "coordinates": [ 135.7214013, 34.9092739 ] } },
{ "type": "Feature", "properties": { "内容": "同和園居宅介護支援事業所【居宅介護支援】京都市伏見区醍醐上ノ山町11番地", "url": "https://www.kaigokensaku.mhlw.go.jp/26/index.php?action_kouhyou_detail_004_kani=true&JigyosyoCd=2670900188-00&ServiceCd=430&Type=search", "url2": "https://www.dowaen.jp/" }, "geometry": { "type": "Point", "coordinates": [ 135.814693900000066, 34.9570819 ] } },
{ "type": "Feature", "properties": { "内容": "居宅介護支援事業所　あじさい【居宅介護支援】京都府京都市伏見区向島二ノ丸町151番81", "url": "https://www.kaigokensaku.mhlw.go.jp/26/index.php?action_kouhyou_detail_004_kani=true&JigyosyoCd=2670916937-00&ServiceCd=430&Type=search", "url2": "http://koshokai-swc.or.jp" }, "geometry": { "type": "Point", "coordinates": [ 135.7773502, 34.9168703 ] } },
{ "type": "Feature", "properties": { "内容": "スタークケアプランセンター伏見【居宅介護支援】鍋島町22-1プレスト桃山1階", "url": "https://www.kaigokensaku.mhlw.go.jp/26/index.php?action_kouhyou_detail_004_kani=true&JigyosyoCd=2670918701-00&ServiceCd=430&Type=search", "url2": "https://star-q.jp/" }, "geometry": { "type": "Point", "coordinates": [ 135.7681743, 34.9317525 ] } },
{ "type": "Feature", "properties": { "内容": "居宅介護支援事業所　れんげ【居宅介護支援】京都府京都市伏見区下鳥羽中円面田町20サンライフ　502号", "url": "https://www.kaigokensaku.mhlw.go.jp/26/index.php?action_kouhyou_detail_004_kani=true&JigyosyoCd=2670918503-00&ServiceCd=430&Type=search", "url2": null }, "geometry": { "type": "Point", "coordinates": [ 135.742326600000013, 34.9329017 ] } },
{ "type": "Feature", "properties": { "内容": "居宅介護支援事業所にこライフ【居宅介護支援】淀美豆町324番地59", "url": "https://www.kaigokensaku.mhlw.go.jp/26/index.php?action_kouhyou_detail_004_kani=true&JigyosyoCd=2670918735-00&ServiceCd=430&Type=search", "url2": null }, "geometry": { "type": "Point", "coordinates": [ 135.713700994373312, 34.900644167672397 ] } },
{ "type": "Feature", "properties": { "内容": "居宅介護支援事業所オプス【居宅介護支援】京都府京都市伏見区竹田浄菩提院町127", "url": "https://www.kaigokensaku.mhlw.go.jp/26/index.php?action_kouhyou_detail_004_kani=true&JigyosyoCd=2670918636-00&ServiceCd=430&Type=search", "url2": null }, "geometry": { "type": "Point", "coordinates": [ 135.7561355, 34.9507871 ] } },
{ "type": "Feature", "properties": { "内容": "ふじのもり居宅介護支援事業所【居宅介護支援】京都市伏見区深草西出町3番地", "url": "https://www.kaigokensaku.mhlw.go.jp/26/index.php?action_kouhyou_detail_004_kani=true&JigyosyoCd=2670900642-00&ServiceCd=430&Type=search", "url2": "http://www.i-kouseikai.com" }, "geometry": { "type": "Point", "coordinates": [ 135.774309200000062, 34.959524900000019 ] } },
{ "type": "Feature", "properties": { "内容": "めい居宅介護支援事業所【居宅介護支援】小栗栖牛ヶ淵町47三光マンション101", "url": "https://www.kaigokensaku.mhlw.go.jp/26/index.php?action_kouhyou_detail_004_kani=true&JigyosyoCd=2670917778-00&ServiceCd=430&Type=search", "url2": null }, "geometry": { "type": "Point", "coordinates": [ 135.806289, 34.9488684 ] } },
{ "type": "Feature", "properties": { "内容": "在宅支援センター　３６５【居宅介護支援】京都府京都市伏見区小栗栖山口町1-1", "url": "https://www.kaigokensaku.mhlw.go.jp/26/index.php?action_kouhyou_detail_004_kani=true&JigyosyoCd=2670918099-00&ServiceCd=430&Type=search", "url2": "http://www.365group.biz/" }, "geometry": { "type": "Point", "coordinates": [ 135.804583886913832, 34.947996672398595 ] } },
{ "type": "Feature", "properties": { "内容": "ケアコミット縁【居宅介護支援】京都府京都市伏見区向島二ノ丸町68-182", "url": "https://www.kaigokensaku.mhlw.go.jp/26/index.php?action_kouhyou_detail_004_kani=true&JigyosyoCd=2670918206-00&ServiceCd=430&Type=search", "url2": null }, "geometry": { "type": "Point", "coordinates": [ 135.7703426, 34.9218471 ] } },
{ "type": "Feature", "properties": { "内容": "オフィスRe・Cre【居宅介護支援】京都府京都市伏見区醍醐上端山町40-1", "url": "https://www.kaigokensaku.mhlw.go.jp/26/index.php?action_kouhyou_detail_004_kani=true&JigyosyoCd=2674101882-00&ServiceCd=430&Type=search", "url2": null }, "geometry": { "type": "Point", "coordinates": [ 135.821293145499425, 34.947572158649251 ] } },
{ "type": "Feature", "properties": { "内容": "みんなのケアマネステーション【居宅介護支援】京都府京都市伏見区竹田田中宮町97番地グリーンヴィレッジ吉田107号室", "url": "https://www.kaigokensaku.mhlw.go.jp/26/index.php?action_kouhyou_detail_004_kani=true&JigyosyoCd=2660990512-00&ServiceCd=430&Type=search", "url2": "http://hp.kaipoke.biz/xmk/141728/index_0001.html" }, "geometry": { "type": "Point", "coordinates": [ 135.7539873, 34.9488648 ] } },
{ "type": "Feature", "properties": { "内容": "一般財団法人　仁風会　京都南西病院【居宅介護支援】京都市伏見区久我東町8番地22", "url": "https://www.kaigokensaku.mhlw.go.jp/26/index.php?action_kouhyou_detail_004_kani=true&JigyosyoCd=2610904431-00&ServiceCd=430&Type=search", "url2": "http://www.jinpukai.or.jp" }, "geometry": { "type": "Point", "coordinates": [ 135.727246, 34.9343684 ] } },
{ "type": "Feature", "properties": { "内容": "こうふく介護サービス【居宅介護支援】京都府京都市伏見区向島四ツ谷池14-10", "url": "https://www.kaigokensaku.mhlw.go.jp/26/index.php?action_kouhyou_detail_004_kani=true&JigyosyoCd=2670901343-00&ServiceCd=430&Type=search", "url2": "http://hp.kaipoke.biz/pke/55893/base_0001.html" }, "geometry": { "type": "Point", "coordinates": [ 135.776395351434303, 34.919296884768194 ] } },
{ "type": "Feature", "properties": { "内容": "レーベン横大路居宅介護支援事業所【居宅介護支援】京都府京都市伏見区横大路鍬ノ本35", "url": "https://www.kaigokensaku.mhlw.go.jp/26/index.php?action_kouhyou_detail_004_kani=true&JigyosyoCd=2670901491-00&ServiceCd=430&Type=search", "url2": "https://www.mukaijima.jp/" }, "geometry": { "type": "Point", "coordinates": [ 135.740108600000013, 34.924204061895018 ] } },
{ "type": "Feature", "properties": { "内容": "伏見居宅介護支援事業所【居宅介護支援】京都府京都市伏見区桃山町丹後33番地168カサフェリッツ1階2号室", "url": "https://www.kaigokensaku.mhlw.go.jp/26/index.php?action_kouhyou_detail_004_kani=true&JigyosyoCd=2670918214-00&ServiceCd=430&Type=search", "url2": "https://www.seiwaen.or.jp/" }, "geometry": { "type": "Point", "coordinates": [ 135.7852604, 34.9320057 ] } },
{ "type": "Feature", "properties": { "内容": "老人保健施設白寿【居宅介護支援】京都府京都市伏見区石田森南町9番地", "url": "https://www.kaigokensaku.mhlw.go.jp/26/index.php?action_kouhyou_detail_004_kani=true&JigyosyoCd=2650980119-00&ServiceCd=430&Type=search", "url2": "https://www.takedahp.or.jp/group/welfare/hakuju/" }, "geometry": { "type": "Point", "coordinates": [ 135.805061300000034, 34.9390305 ] } },
{ "type": "Feature", "properties": { "内容": "医療法人社団高安医院　居宅介護支援事業所　訪問看護ステーション神川【居宅介護支援】京都府京都市伏見区中島中道町75", "url": "https://www.kaigokensaku.mhlw.go.jp/26/index.php?action_kouhyou_detail_004_kani=true&JigyosyoCd=2660990058-00&ServiceCd=430&Type=search", "url2": "http://takayasu-group.com" }, "geometry": { "type": "Point", "coordinates": [ 135.747525200000041, 34.9476143 ] } },
{ "type": "Feature", "properties": { "内容": "ケアマネジメント事務所醍醐【居宅介護支援】京都府京都市伏見区醍醐東合場町35番地４", "url": "https://www.kaigokensaku.mhlw.go.jp/26/index.php?action_kouhyou_detail_004_kani=true&JigyosyoCd=2674101155-00&ServiceCd=430&Type=search", "url2": "http://hp.kaipoke.biz/fd6" }, "geometry": { "type": "Point", "coordinates": [ 135.812076942568353, 34.942031713532771 ] } },
{ "type": "Feature", "properties": { "内容": "洛和ヴィラ桃山居宅介護支援事業所【居宅介護支援】京都市伏見区桃山町大島38-528", "url": "https://www.kaigokensaku.mhlw.go.jp/26/index.php?action_kouhyou_detail_004_kani=true&JigyosyoCd=2670900022-00&ServiceCd=430&Type=search", "url2": "http://www.rakuwa.or.jp" }, "geometry": { "type": "Point", "coordinates": [ 135.790532100000064, 34.9254563 ] } },
{ "type": "Feature", "properties": { "内容": "ヴィラ端山居宅介護支援事業所【居宅介護支援】京都市伏見区醍醐下端山町36", "url": "https://www.kaigokensaku.mhlw.go.jp/26/index.php?action_kouhyou_detail_004_kani=true&JigyosyoCd=2670900055-00&ServiceCd=430&Type=search", "url2": "https://www.villa.or.jp" }, "geometry": { "type": "Point", "coordinates": [ 135.81981559999997, 34.9478801 ] } },
{ "type": "Feature", "properties": { "内容": "春日丘居宅介護支援センター【居宅介護支援】京都市伏見区醍醐辰巳町12-1", "url": "https://www.kaigokensaku.mhlw.go.jp/26/index.php?action_kouhyou_detail_004_kani=true&JigyosyoCd=2670900147-00&ServiceCd=430&Type=search", "url2": "http://www.kyoro.or.jp" }, "geometry": { "type": "Point", "coordinates": [ 135.813999400000057, 34.9409084 ] } },
{ "type": "Feature", "properties": { "内容": "東高瀬川居宅介護支援センター【居宅介護支援】京都市伏見区北端町44-7", "url": "https://www.kaigokensaku.mhlw.go.jp/26/index.php?action_kouhyou_detail_004_kani=true&JigyosyoCd=2670900154-00&ServiceCd=430&Type=search", "url2": "http://www.kyouro.or.jp" }, "geometry": { "type": "Point", "coordinates": [ 135.754832800000031, 34.9453201 ] } },
{ "type": "Feature", "properties": { "内容": "みやびのその居宅介護支援センター【居宅介護支援】京都市伏見区深草泓ノ壺町35-1", "url": "https://www.kaigokensaku.mhlw.go.jp/26/index.php?action_kouhyou_detail_004_kani=true&JigyosyoCd=2670900162-00&ServiceCd=430&Type=search", "url2": "https://www.fujinokai.jp" }, "geometry": { "type": "Point", "coordinates": [ 135.7598074, 34.9491699 ] } },
{ "type": "Feature", "properties": { "内容": "京都市醍醐ケアプランセンター【居宅介護支援】京都市伏見区醍醐高畑町30-1　パセオダイゴロー西館1階", "url": "https://www.kaigokensaku.mhlw.go.jp/26/index.php?action_kouhyou_detail_004_kani=true&JigyosyoCd=2670900220-00&ServiceCd=430&Type=search", "url2": "http://www.syakyo-kyoto.net/" }, "geometry": { "type": "Point", "coordinates": [ 135.810355399999906, 34.9508685 ] } },
{ "type": "Feature", "properties": { "内容": "特定医療法人桃仁会居宅介護支援事業所【居宅介護支援】京都市伏見区桃山町伊賀78番地1在宅サポートセンター１階", "url": "https://www.kaigokensaku.mhlw.go.jp/26/index.php?action_kouhyou_detail_004_kani=true&JigyosyoCd=2670901145-00&ServiceCd=430&Type=search", "url2": "http://www.tojinkai.jp/facilities/kaigo.html" }, "geometry": { "type": "Point", "coordinates": [ 135.7779749, 34.9312415 ] } },
{ "type": "Feature", "properties": { "内容": "居宅介護支援事業所醍醐駅前【居宅介護支援】京都市伏見区醍醐高畑町29-3リバービル1階", "url": "https://www.kaigokensaku.mhlw.go.jp/26/index.php?action_kouhyou_detail_004_kani=true&JigyosyoCd=2670901319-00&ServiceCd=430&Type=search", "url2": "http://www.rakuwa.or.jp" }, "geometry": { "type": "Point", "coordinates": [ 135.8105498, 34.9496158 ] } },
{ "type": "Feature", "properties": { "内容": "社会福祉法人京都福祉サービス協会　醍醐ケアマネステーション【居宅介護支援】醍醐大構町16番地内海ビル4階", "url": "https://www.kaigokensaku.mhlw.go.jp/26/index.php?action_kouhyou_detail_004_kani=true&JigyosyoCd=2670901376-00&ServiceCd=430&Type=search", "url2": "http://kyoto-fukushi.org/" }, "geometry": { "type": "Point", "coordinates": [ 135.810494299999959, 34.9491797 ] } },
{ "type": "Feature", "properties": { "内容": "日野しみずの里居宅介護支援事業所【居宅介護支援】京都市伏見区日野田頬町７２番地１", "url": "https://www.kaigokensaku.mhlw.go.jp/26/index.php?action_kouhyou_detail_004_kani=true&JigyosyoCd=2670901434-00&ServiceCd=430&Type=search", "url2": "http://www.fushimi-shimizu.jp/" }, "geometry": { "type": "Point", "coordinates": [ 135.813052299999981, 34.9298899 ] } },
{ "type": "Feature", "properties": { "内容": "ヴィラ向島居宅介護支援事業所【居宅介護支援】京都市伏見区向島善阿弥町13-1ボンプレミール1階", "url": "https://www.kaigokensaku.mhlw.go.jp/26/index.php?action_kouhyou_detail_004_kani=true&JigyosyoCd=2670916754-00&ServiceCd=430&Type=search", "url2": "http://www.mukaijima.jp" }, "geometry": { "type": "Point", "coordinates": [ 135.771917196820027, 34.926187893257463 ] } },
{ "type": "Feature", "properties": { "内容": "フルール向島ケアプランセンター【居宅介護支援】京都府京都市伏見区向島清水町189-1高齢者複合施設向島美郷", "url": "https://www.kaigokensaku.mhlw.go.jp/26/index.php?action_kouhyou_detail_004_kani=true&JigyosyoCd=2670917240-00&ServiceCd=430&Type=search", "url2": "http://www.misugikai.jp/mukaijimamisato/index.html" }, "geometry": { "type": "Point", "coordinates": [ 135.784277309231584, 34.916800850735079 ] } },
{ "type": "Feature", "properties": { "内容": "墨染まちとくらしセンター居宅介護支援事業所【居宅介護支援】京都府京都市伏見区深草石橋町18-1墨染まちとくらしセンター", "url": "https://www.kaigokensaku.mhlw.go.jp/26/index.php?action_kouhyou_detail_004_kani=true&JigyosyoCd=2670917752-00&ServiceCd=430&Type=search", "url2": "http://www.kyoro.or.jp" }, "geometry": { "type": "Point", "coordinates": [ 135.7705057, 34.9475817 ] } },
{ "type": "Feature", "properties": { "内容": "淀本町ケアプランセンター【居宅介護支援】京都府京都市伏見区納所南城堀6-4", "url": "https://www.kaigokensaku.mhlw.go.jp/26/index.php?action_kouhyou_detail_004_kani=true&JigyosyoCd=2670918081-00&ServiceCd=430&Type=search", "url2": "https://kabucareandfeeling.com/" }, "geometry": { "type": "Point", "coordinates": [ 135.72029509075, 34.909533201293826 ] } },
{ "type": "Feature", "properties": { "内容": "洛和会医療介護サービスセンター淀店【居宅介護支援】淀美豆町1133", "url": "https://www.kaigokensaku.mhlw.go.jp/26/index.php?action_kouhyou_detail_004_kani=true&JigyosyoCd=2670918156-00&ServiceCd=430&Type=search", "url2": "http://www.rakuwa.or.jp/" }, "geometry": { "type": "Point", "coordinates": [ 135.713152, 34.899174 ] } },
{ "type": "Feature", "properties": { "内容": "介護支援センターくらしの相談室【居宅介護支援】京都市伏見区久我森の宮町3-6", "url": "https://www.kaigokensaku.mhlw.go.jp/26/index.php?action_kouhyou_detail_004_kani=true&JigyosyoCd=2650980051-00&ServiceCd=430&Type=search", "url2": "http://www.kurashino-harmony.or.jp/" }, "geometry": { "type": "Point", "coordinates": [ 135.730598699999973, 34.9415231 ] } },
{ "type": "Feature", "properties": { "内容": "蘇生会居宅介護支援サービスセンター【居宅介護支援】京都市伏見区下鳥羽上三栖町134番地", "url": "https://www.kaigokensaku.mhlw.go.jp/26/index.php?action_kouhyou_detail_004_kani=true&JigyosyoCd=2660990033-00&ServiceCd=430&Type=search", "url2": "http://www.soseikai.or.jp" }, "geometry": { "type": "Point", "coordinates": [ 135.746205499999974, 34.9336434 ] } },
{ "type": "Feature", "properties": { "内容": "居宅介護支援事業所すみれ【居宅介護支援】京都市伏見区下鳥羽中円面田町４０ドエルツクマ４３号室", "url": "https://www.kaigokensaku.mhlw.go.jp/26/index.php?action_kouhyou_detail_004_kani=true&JigyosyoCd=2670917463-00&ServiceCd=430&Type=search", "url2": null }, "geometry": { "type": "Point", "coordinates": [ 135.7418864, 34.9326075 ] } },
{ "type": "Feature", "properties": { "内容": "社会福祉法人　京都福祉サービス協会伏見ケアマネステーション【居宅介護支援】京都市伏見区大宮町577番地の1ルミエール丹波橋１階１０１Ａ", "url": "https://www.kaigokensaku.mhlw.go.jp/26/index.php?action_kouhyou_detail_004_kani=true&JigyosyoCd=2670900097-00&ServiceCd=430&Type=search", "url2": "http://kyoto-fukushi.org" }, "geometry": { "type": "Point", "coordinates": [ 135.757837800000061, 34.9386291 ] } },
{ "type": "Feature", "properties": { "内容": "京都福祉サービス協会久我の杜【居宅介護支援】京都市伏見区久我東町２０２－６", "url": "https://www.kaigokensaku.mhlw.go.jp/26/index.php?action_kouhyou_detail_004_kani=true&JigyosyoCd=2670900105-00&ServiceCd=430&Type=search", "url2": "https://www.kyoto-fukushi.org/office/detail/kgs/" }, "geometry": { "type": "Point", "coordinates": [ 135.727457100000038, 34.9337545 ] } },
{ "type": "Feature", "properties": { "内容": "城南ホーム居宅介護支援事業所【居宅介護支援】京都府京都市伏見区竹田中内畑町53番地", "url": "https://www.kaigokensaku.mhlw.go.jp/26/index.php?action_kouhyou_detail_004_kani=true&JigyosyoCd=2670900261-00&ServiceCd=430&Type=search", "url2": "http://www.seiwaen.or.jp" }, "geometry": { "type": "Point", "coordinates": [ 135.7536609, 34.9534582 ] } },
{ "type": "Feature", "properties": { "内容": "ウエジメディカル株式会社【居宅介護支援】京都市伏見区醍醐和泉町12番地", "url": "https://www.kaigokensaku.mhlw.go.jp/26/index.php?action_kouhyou_detail_004_kani=true&JigyosyoCd=2670900279-00&ServiceCd=430&Type=search", "url2": "http://ueji-medical.com" }, "geometry": { "type": "Point", "coordinates": [ 135.816429442258453, 34.947308720479995 ] } },
{ "type": "Feature", "properties": { "内容": "ももやまケアプランセンター【居宅介護支援】京都市伏見区桃山町立売1-6", "url": "https://www.kaigokensaku.mhlw.go.jp/26/index.php?action_kouhyou_detail_004_kani=true&JigyosyoCd=2670900444-00&ServiceCd=430&Type=search", "url2": "http://www.kenkouen.jp" }, "geometry": { "type": "Point", "coordinates": [ 135.77078110000005, 34.932032899999989 ] } },
{ "type": "Feature", "properties": { "内容": "あんしん在宅介護　えがお【居宅介護支援】京都市伏見区讃岐町163番地　桃山マンション1階", "url": "https://www.kaigokensaku.mhlw.go.jp/26/index.php?action_kouhyou_detail_004_kani=true&JigyosyoCd=2670900485-00&ServiceCd=430&Type=search", "url2": "http://www" }, "geometry": { "type": "Point", "coordinates": [ 135.765287100000023, 34.9316189 ] } },
{ "type": "Feature", "properties": { "内容": "居宅支援事業所　春日【居宅介護支援】京都市　伏見区　桃山町泰長老87ラミーユ桃山105", "url": "https://www.kaigokensaku.mhlw.go.jp/26/index.php?action_kouhyou_detail_004_kani=true&JigyosyoCd=2670900600-00&ServiceCd=430&Type=search", "url2": "http://www" }, "geometry": { "type": "Point", "coordinates": [ 135.768307137295551, 34.928828157193891 ] } },
{ "type": "Feature", "properties": { "内容": "ケアプランセンター　醍醐の家ほっこり【居宅介護支援】京都市伏見区醍醐南里町30-1", "url": "https://www.kaigokensaku.mhlw.go.jp/26/index.php?action_kouhyou_detail_004_kani=true&JigyosyoCd=2670900618-00&ServiceCd=430&Type=search", "url2": "http://www.kyoro.or.jp" }, "geometry": { "type": "Point", "coordinates": [ 135.814835499999958, 34.9465523 ] } },
{ "type": "Feature", "properties": { "内容": "居宅介護支援事業所さくら【居宅介護支援】京都市伏見区東浜南町６９１番地の１", "url": "https://www.kaigokensaku.mhlw.go.jp/26/index.php?action_kouhyou_detail_004_kani=true&JigyosyoCd=2670900808-00&ServiceCd=430&Type=search", "url2": "https://www.skr-kaigo.com/" }, "geometry": { "type": "Point", "coordinates": [ 135.758427745368977, 34.928510303781074 ] } },
{ "type": "Feature", "properties": { "内容": "居宅介護支援事業所みやこ【居宅介護支援】京都市伏見区車町297ピア車町１階", "url": "https://www.kaigokensaku.mhlw.go.jp/26/index.php?action_kouhyou_detail_004_kani=true&JigyosyoCd=2670900816-00&ServiceCd=430&Type=search", "url2": null }, "geometry": { "type": "Point", "coordinates": [ 135.758988573541274, 34.930832279864482 ] } },
{ "type": "Feature", "properties": { "内容": "京都生協醍醐山科ホームヘルプサービス【居宅介護支援】京都市伏見区石田内里町６０－８", "url": "https://www.kaigokensaku.mhlw.go.jp/26/index.php?action_kouhyou_detail_004_kani=true&JigyosyoCd=2670901004-00&ServiceCd=430&Type=search", "url2": null }, "geometry": { "type": "Point", "coordinates": [ 135.805944599999947, 34.9392444 ] } },
{ "type": "Feature", "properties": { "内容": "医療法人啓信会　ケアプランセンターリエゾン羽束師【居宅介護支援】羽束師古川町１６８－１", "url": "https://www.kaigokensaku.mhlw.go.jp/26/index.php?action_kouhyou_detail_004_kani=true&JigyosyoCd=2670901095-00&ServiceCd=430&Type=search", "url2": "http://ｗｗｗ.kyoto-keishinkai.or.jp/" }, "geometry": { "type": "Point", "coordinates": [ 135.723435, 34.9267221 ] } },
{ "type": "Feature", "properties": { "内容": "居宅介護支援センターまごのて伏見【居宅介護支援】京都府京都市伏見区竹田中島町２２０番地ハイクオリティクイナブリッジ１F", "url": "https://www.kaigokensaku.mhlw.go.jp/26/index.php?action_kouhyou_detail_004_kani=true&JigyosyoCd=2670901277-00&ServiceCd=430&Type=search", "url2": "http://just-life.info/" }, "geometry": { "type": "Point", "coordinates": [ 135.758857900000066, 34.9627436 ] } },
{ "type": "Feature", "properties": { "内容": "居宅介護支援事業所青い鳥【居宅介護支援】京都市伏見区横大路貴船２６－２グランヴィア貴船２０７", "url": "https://www.kaigokensaku.mhlw.go.jp/26/index.php?action_kouhyou_detail_004_kani=true&JigyosyoCd=2670901467-00&ServiceCd=430&Type=search", "url2": null }, "geometry": { "type": "Point", "coordinates": [ 135.7393362, 34.9291944 ] } },
{ "type": "Feature", "properties": { "内容": "ヴィラ稲荷山居宅介護支援事業所【居宅介護支援】京都市伏見区深草正覚町23番", "url": "https://www.kaigokensaku.mhlw.go.jp/26/index.php?action_kouhyou_detail_004_kani=true&JigyosyoCd=2670901673-00&ServiceCd=430&Type=search", "url2": "http://www.takedahp.or.jp/" }, "geometry": { "type": "Point", "coordinates": [ 135.773112399999945, 34.9733236 ] } },
{ "type": "Feature", "properties": { "内容": "医療法人清水会居宅介護支援事業所【居宅介護支援】深草越後屋敷町１７番地", "url": "https://www.kaigokensaku.mhlw.go.jp/26/index.php?action_kouhyou_detail_004_kani=true&JigyosyoCd=2670901699-00&ServiceCd=430&Type=search", "url2": "ksmcs.jp" }, "geometry": { "type": "Point", "coordinates": [ 135.763963800000056, 34.9493458 ] } },
{ "type": "Feature", "properties": { "内容": "ケアプランセンターはなみずき【居宅介護支援】京都市伏見区深草飯食町８９３－３グランレガロ藤森駅前1階", "url": "https://www.kaigokensaku.mhlw.go.jp/26/index.php?action_kouhyou_detail_004_kani=true&JigyosyoCd=2670916697-00&ServiceCd=430&Type=search", "url2": "http://www.kyoro.or.jp" }, "geometry": { "type": "Point", "coordinates": [ 135.769092129651341, 34.956200750204637 ] } },
{ "type": "Feature", "properties": { "内容": "京都在宅介護支援センターさいわい【居宅介護支援】向島本丸町28-2", "url": "https://www.kaigokensaku.mhlw.go.jp/26/index.php?action_kouhyou_detail_004_kani=true&JigyosyoCd=2670916994-00&ServiceCd=430&Type=search", "url2": "http://mukaijima-hospital.or.jp/病院ＨＰよりお入り下さい。" }, "geometry": { "type": "Point", "coordinates": [ 135.771256, 34.9229589 ] } },
{ "type": "Feature", "properties": { "内容": "医療法人新生十全会　居宅介護支援事業所　こもれびの家【居宅介護支援】京都府京都市伏見区日野西風呂町5番地", "url": "https://www.kaigokensaku.mhlw.go.jp/26/index.php?action_kouhyou_detail_004_kani=true&JigyosyoCd=2670917216-00&ServiceCd=430&Type=search", "url2": "http://www.juzenkai.or.jp/komorebi" }, "geometry": { "type": "Point", "coordinates": [ 135.813368567598019, 34.934968299539797 ] } },
{ "type": "Feature", "properties": { "内容": "そせい苑ケアプランセンター【居宅介護支援】京都市伏見区下鳥羽南円面田町122番地", "url": "https://www.kaigokensaku.mhlw.go.jp/26/index.php?action_kouhyou_detail_004_kani=true&JigyosyoCd=2670917562-00&ServiceCd=430&Type=search", "url2": "http://www.soseien.jp" }, "geometry": { "type": "Point", "coordinates": [ 135.740249800000015, 34.9309635 ] } },
{ "type": "Feature", "properties": { "内容": "居宅介護支援事業所・稲荷【居宅介護支援】京都府京都市伏見区深草鈴塚町2-2豊和マンション稲荷201号室", "url": "https://www.kaigokensaku.mhlw.go.jp/26/index.php?action_kouhyou_detail_004_kani=true&JigyosyoCd=2670917695-00&ServiceCd=430&Type=search", "url2": "http://www.rakufuku.jp/" }, "geometry": { "type": "Point", "coordinates": [ 135.768224855819625, 34.969593650892129 ] } },
{ "type": "Feature", "properties": { "内容": "居宅介護支援ボンヌサンテ【居宅介護支援】京都市伏見区深草一ノ坪町37南側", "url": "https://www.kaigokensaku.mhlw.go.jp/26/index.php?action_kouhyou_detail_004_kani=true&JigyosyoCd=2670917935-00&ServiceCd=430&Type=search", "url2": "https://www.yasuko-seikotsuin.com/bonnesante.html" }, "geometry": { "type": "Point", "coordinates": [ 135.768963600000035, 34.9688988 ] } },
{ "type": "Feature", "properties": { "内容": "サニーライフ京都伏見　居宅介護支援事業所【居宅介護支援】京都府京都市伏見区竹田中島町240番地", "url": "https://www.kaigokensaku.mhlw.go.jp/26/index.php?action_kouhyou_detail_004_kani=true&JigyosyoCd=2670918248-00&ServiceCd=430&Type=search", "url2": "kyotofushimi@sunnylife-group.co.jp" }, "geometry": { "type": "Point", "coordinates": [ 135.7589467, 34.9618642 ] } },
{ "type": "Feature", "properties": { "内容": "居宅介護支援事業所　ぜぶら【居宅介護支援】京都府京都市伏見区醍醐西大路町１番地6", "url": "https://www.kaigokensaku.mhlw.go.jp/26/index.php?action_kouhyou_detail_004_kani=true&JigyosyoCd=2670918313-00&ServiceCd=430&Type=search", "url2": null }, "geometry": { "type": "Point", "coordinates": [ 135.812750039811704, 34.949692748990138 ] } },
{ "type": "Feature", "properties": { "内容": "ケアプランセンターたもつ【居宅介護支援】京都府京都市伏見区深草七瀬川町891番地13", "url": "https://www.kaigokensaku.mhlw.go.jp/26/index.php?action_kouhyou_detail_004_kani=true&JigyosyoCd=2670918347-00&ServiceCd=430&Type=search", "url2": "https://tamotsu365.com/" }, "geometry": { "type": "Point", "coordinates": [ 135.7687606, 34.953242 ] } },
{ "type": "Feature", "properties": { "内容": "ケアフリー伏見【居宅介護支援】京都市伏見区両替町14-176", "url": "https://www.kaigokensaku.mhlw.go.jp/26/index.php?action_kouhyou_detail_004_kani=true&JigyosyoCd=2670918453-00&ServiceCd=430&Type=search", "url2": "https://www.carefree.co.jp/" }, "geometry": { "type": "Point", "coordinates": [ 135.7640762, 34.9432816 ] } },
{ "type": "Feature", "properties": { "内容": "スローハンドケア伏見ケアプランセンター【居宅介護支援】京都市伏見区阿波橋町４１５", "url": "https://www.kaigokensaku.mhlw.go.jp/26/index.php?action_kouhyou_detail_004_kani=true&JigyosyoCd=2670918644-00&ServiceCd=430&Type=search", "url2": "https://slowhandcare.com/kyotaku/" }, "geometry": { "type": "Point", "coordinates": [ 135.75554790000001, 34.9313409 ] } },
{ "type": "Feature", "properties": { "内容": "淀の里居宅介護支援事業所【居宅介護支援】京都市伏見区淀美豆町1055番地", "url": "https://www.kaigokensaku.mhlw.go.jp/26/index.php?action_kouhyou_detail_004_kani=true&JigyosyoCd=2670900436-00&ServiceCd=430&Type=search", "url2": "http://yodosato.life.coocan.jp/" }, "geometry": { "type": "Point", "coordinates": [ 135.712252799999987, 34.8976555 ] } },
{ "type": "Feature", "properties": { "内容": "ありんこケアプランセンター【居宅介護支援】京都府京都市伏見区桃山町丹後30-1リヴェール桃山壱番館101号室", "url": "https://www.kaigokensaku.mhlw.go.jp/26/index.php?action_kouhyou_detail_004_kani=true&JigyosyoCd=2670918198-00&ServiceCd=430&Type=search", "url2": "https://www.arincoarinco.com" }, "geometry": { "type": "Point", "coordinates": [ 135.784808700000013, 34.9325999 ] } },
{ "type": "Feature", "properties": { "内容": "居宅介護支援事業所　笑顔ぷらす【居宅介護支援】淀本町231-2正和フラット淀３０５号室", "url": "https://www.kaigokensaku.mhlw.go.jp/26/index.php?action_kouhyou_detail_004_kani=true&JigyosyoCd=2670917323-00&ServiceCd=430&Type=search", "url2": "http://www.smilelink15.com/" }, "geometry": { "type": "Point", "coordinates": [ 135.717827361357649, 34.907059979577703 ] } },
{ "type": "Feature", "properties": { "内容": "ケアプランセンター深草【居宅介護支援】京都市伏見区深草一ノ坪町40-6", "url": "https://www.kaigokensaku.mhlw.go.jp/26/index.php?action_kouhyou_detail_004_kani=true&JigyosyoCd=2670918891-00&ServiceCd=430&Type=search", "url2": "https://kyoro.or.jp/" }, "geometry": { "type": "Point", "coordinates": [ 135.768344399999989, 34.9689813 ] } },
{ "type": "Feature", "properties": { "内容": "居宅介護支援事業所　アイライフ【居宅介護支援】京都市伏見区深草飯食町８３２　第４９長栄ウィステリアヒルズ　２階４号", "url": "https://www.kaigokensaku.mhlw.go.jp/26/index.php?action_kouhyou_detail_004_kani=true&JigyosyoCd=2670901202-00&ServiceCd=430&Type=search", "url2": "http://ilife-kyoto.com/" }, "geometry": { "type": "Point", "coordinates": [ 135.76904049999996, 34.9544116 ] } },
{ "type": "Feature", "properties": { "内容": "ケアプランセンターピース【居宅介護支援】向島津田町17-1第７長栄マンションテンポ２号室", "url": "https://www.kaigokensaku.mhlw.go.jp/26/index.php?action_kouhyou_detail_004_kani=true&JigyosyoCd=2670918875-00&ServiceCd=430&Type=search", "url2": null }, "geometry": { "type": "Point", "coordinates": [ 135.767823666270459, 34.921147479575716 ] } },
{ "type": "Feature", "properties": { "内容": "桃山南口ケアプランセンター【居宅介護支援】京都府京都市伏見区桃山町丹後18番地32", "url": "https://www.kaigokensaku.mhlw.go.jp/26/index.php?action_kouhyou_detail_004_kani=true&JigyosyoCd=2670918883-00&ServiceCd=430&Type=search", "url2": "https://kabucareandfeeling.com/" }, "geometry": { "type": "Point", "coordinates": [ 135.784557, 34.9310967 ] } },
{ "type": "Feature", "properties": { "内容": "ケア・プラン花【居宅介護支援】京都府京都市山科区西野山中鳥井町91-2プレアール西野102", "url": "https://www.kaigokensaku.mhlw.go.jp/26/index.php?action_kouhyou_detail_004_kani=true&JigyosyoCd=2674101577-00&ServiceCd=430&Type=search", "url2": null }, "geometry": { "type": "Point", "coordinates": [ 135.799281899999983, 34.9701566 ] } },
{ "type": "Feature", "properties": { "内容": "ケアプランセンターひかり【居宅介護支援】京都市山科区西野大鳥井町５０－１５", "url": "https://www.kaigokensaku.mhlw.go.jp/26/index.php?action_kouhyou_detail_004_kani=true&JigyosyoCd=2674101437-00&ServiceCd=430&Type=search", "url2": null }, "geometry": { "type": "Point", "coordinates": [ 135.80560220000001, 34.9791438 ] } },
{ "type": "Feature", "properties": { "内容": "居宅介護支援センター愛生会おおやけの里【居宅介護支援】大宅向山10番5", "url": "https://www.kaigokensaku.mhlw.go.jp/26/index.php?action_kouhyou_detail_004_kani=true&JigyosyoCd=2674101841-00&ServiceCd=430&Type=search", "url2": "https://aiseikaihp.or.jp/ooyake/stay/" }, "geometry": { "type": "Point", "coordinates": [ 135.8206888, 34.964659900000022 ] } },
{ "type": "Feature", "properties": { "内容": "すばる居宅介護支援事業所【居宅介護支援】京都府京都市山科区椥辻番所ケ口町36-1レゾンド勧修寺　101号", "url": "https://www.kaigokensaku.mhlw.go.jp/26/index.php?action_kouhyou_detail_004_kani=true&JigyosyoCd=2674101510-00&ServiceCd=430&Type=search", "url2": null }, "geometry": { "type": "Point", "coordinates": [ 135.809924099999989, 34.9702208 ] } },
{ "type": "Feature", "properties": { "内容": "合同会社オフィス叶【居宅介護支援】御陵天徳町２１－５", "url": "https://www.kaigokensaku.mhlw.go.jp/26/index.php?action_kouhyou_detail_004_kani=true&JigyosyoCd=2674101403-00&ServiceCd=430&Type=search", "url2": "http://kanou/com" }, "geometry": { "type": "Point", "coordinates": [ 135.8120326, 34.99161 ] } },
{ "type": "Feature", "properties": { "内容": "ケアプランセンターつどい【居宅介護支援】京都市山科区御陵原西町12-3グレースコンフォート御陵602", "url": "https://www.kaigokensaku.mhlw.go.jp/26/index.php?action_kouhyou_detail_004_kani=true&JigyosyoCd=2674101817-00&ServiceCd=430&Type=search", "url2": null }, "geometry": { "type": "Point", "coordinates": [ 135.80242058846892, 34.995895722827754 ] } },
{ "type": "Feature", "properties": { "内容": "ふくなかま居宅介護支援センター【居宅介護支援】京都府京都市山科区四ノ宮山田町3番地6", "url": "https://www.kaigokensaku.mhlw.go.jp/26/index.php?action_kouhyou_detail_004_kani=true&JigyosyoCd=2674101346-00&ServiceCd=430&Type=search", "url2": "http://www.fukunamaka.co.jp/" }, "geometry": { "type": "Point", "coordinates": [ 135.827205995770328, 34.993795256491083 ] } },
{ "type": "Feature", "properties": { "内容": "西野の家「はなさんち」居宅介護支援事業所【居宅介護支援】京都府京都市山科区西野広見町４番地", "url": "https://www.kaigokensaku.mhlw.go.jp/26/index.php?action_kouhyou_detail_004_kani=true&JigyosyoCd=2674101395-00&ServiceCd=430&Type=search", "url2": "https://www.dowaen.jp/" }, "geometry": { "type": "Point", "coordinates": [ 135.808592454877811, 34.983797492878864 ] } },
{ "type": "Feature", "properties": { "内容": "居宅介護支援事業所　　　桜【居宅介護支援】京都府京都市山科区東野森野町２３番地４ルシェル山科森野町2番館701", "url": "https://www.kaigokensaku.mhlw.go.jp/26/index.php?action_kouhyou_detail_004_kani=true&JigyosyoCd=2674101593-00&ServiceCd=430&Type=search", "url2": null }, "geometry": { "type": "Point", "coordinates": [ 135.807151845368963, 34.974394564403937 ] } },
{ "type": "Feature", "properties": { "内容": "クローバー24居宅介護支援事業所【居宅介護支援】京都市山科区勧修寺西栗栖野町139番地7", "url": "https://www.kaigokensaku.mhlw.go.jp/26/index.php?action_kouhyou_detail_004_kani=true&JigyosyoCd=2674101916-00&ServiceCd=430&Type=search", "url2": "https://clover-24jikan.co.jp" }, "geometry": { "type": "Point", "coordinates": [ 135.8060969, 34.9698687 ] } },
{ "type": "Feature", "properties": { "内容": "こころ山科【居宅介護支援】京都市山科区四ノ宮神田町7番地1サンクラージュ山科三条503号", "url": "https://www.kaigokensaku.mhlw.go.jp/26/index.php?action_kouhyou_detail_004_kani=true&JigyosyoCd=2674101494-00&ServiceCd=430&Type=search", "url2": null }, "geometry": { "type": "Point", "coordinates": [ 135.821298800000022, 34.9899147 ] } },
{ "type": "Feature", "properties": { "内容": "介護支援センター　ひびき【居宅介護支援】京都市山科区東野北井ノ上町2-6", "url": "https://www.kaigokensaku.mhlw.go.jp/26/index.php?action_kouhyou_detail_004_kani=true&JigyosyoCd=2674100470-00&ServiceCd=430&Type=search", "url2": "http://www.kyo-hibiki.com" }, "geometry": { "type": "Point", "coordinates": [ 135.817279800000051, 34.9820572 ] } },
{ "type": "Feature", "properties": { "内容": "公益社団法人信和会ケアプランセンター虹【居宅介護支援】京都府京都市山科区小野西浦68の8レジデンス１階奥", "url": "https://www.kaigokensaku.mhlw.go.jp/26/index.php?action_kouhyou_detail_004_kani=true&JigyosyoCd=2664190085-00&ServiceCd=430&Type=search", "url2": "http://www.shinwakai-min.com/oyake/" }, "geometry": { "type": "Point", "coordinates": [ 135.8146458, 34.958840099999982 ] } },
{ "type": "Feature", "properties": { "内容": "社会福祉法人京都福祉サービス協会山科ケアマネステーション【居宅介護支援】椥辻平田町184番地", "url": "https://www.kaigokensaku.mhlw.go.jp/26/index.php?action_kouhyou_detail_004_kani=true&JigyosyoCd=2674100504-00&ServiceCd=430&Type=search", "url2": "http://www.kyoto-fukushi.org" }, "geometry": { "type": "Point", "coordinates": [ 135.813294493254062, 34.9682263517726 ] } },
{ "type": "Feature", "properties": { "内容": "ケアプランセンターきよみず苑【居宅介護支援】京都市山科区川田御出町２９", "url": "https://www.kaigokensaku.mhlw.go.jp/26/index.php?action_kouhyou_detail_004_kani=true&JigyosyoCd=2674101171-00&ServiceCd=430&Type=search", "url2": "https://eikoukaikyoto.jp/" }, "geometry": { "type": "Point", "coordinates": [ 135.794299571163947, 34.978168118859251 ] } },
{ "type": "Feature", "properties": { "内容": "ケアプランセンター夢眠やましな【居宅介護支援】京都市山科区勧修寺御所内町20-1", "url": "https://www.kaigokensaku.mhlw.go.jp/26/index.php?action_kouhyou_detail_004_kani=true&JigyosyoCd=2674101551-00&ServiceCd=430&Type=search", "url2": null }, "geometry": { "type": "Point", "coordinates": [ 135.8104389, 34.957389 ] } },
{ "type": "Feature", "properties": { "内容": "アビイロードやましな居宅介護支援事業所【居宅介護支援】京都府京都市山科区勧修寺南大日33-1", "url": "https://www.kaigokensaku.mhlw.go.jp/26/index.php?action_kouhyou_detail_004_kani=true&JigyosyoCd=2654180054-00&ServiceCd=430&Type=search", "url2": "http://www.toumonkai.net/" }, "geometry": { "type": "Point", "coordinates": [ 135.802467400000069, 34.9551595 ] } },
{ "type": "Feature", "properties": { "内容": "居宅介護支援事業所北花山【居宅介護支援】京都市山科区北花山中道町78-4イクアス山科2階（202）", "url": "https://www.kaigokensaku.mhlw.go.jp/26/index.php?action_kouhyou_detail_004_kani=true&JigyosyoCd=2664190036-00&ServiceCd=430&Type=search", "url2": "http://www.rakuwa.or.jp" }, "geometry": { "type": "Point", "coordinates": [ 135.801107371449206, 34.985871521651497 ] } },
{ "type": "Feature", "properties": { "内容": "社会福祉法人京都福祉サービス協会みささぎケアマネステーション【居宅介護支援】京都市山科区御陵原西町42番地", "url": "https://www.kaigokensaku.mhlw.go.jp/26/index.php?action_kouhyou_detail_004_kani=true&JigyosyoCd=2674100694-00&ServiceCd=430&Type=search", "url2": "https://www.kyoto-fukushi.org/" }, "geometry": { "type": "Point", "coordinates": [ 135.803534200000058, 34.9960162 ] } },
{ "type": "Feature", "properties": { "内容": "かんしゅうケアプランセンター【居宅介護支援】京都市山科区勧修寺東堂田町172コーポラス辻102", "url": "https://www.kaigokensaku.mhlw.go.jp/26/index.php?action_kouhyou_detail_004_kani=true&JigyosyoCd=2674101072-00&ServiceCd=430&Type=search", "url2": "http://care-net.biz/26/chouraku/" }, "geometry": { "type": "Point", "coordinates": [ 135.807942953733914, 34.965452588938419 ] } },
{ "type": "Feature", "properties": { "内容": "居宅介護支援事業所音羽【居宅介護支援】京都市山科区音羽八ノ坪17番地1", "url": "https://www.kaigokensaku.mhlw.go.jp/26/index.php?action_kouhyou_detail_004_kani=true&JigyosyoCd=2674101114-00&ServiceCd=430&Type=search", "url2": "http://www.rakuwa.or.jp/" }, "geometry": { "type": "Point", "coordinates": [ 135.826687008212303, 34.988156149111191 ] } },
{ "type": "Feature", "properties": { "内容": "ケア２１やましな【居宅介護支援】京都府京都市山科区竹鼻堂ノ前町24-6大栄外環ビル8F", "url": "https://www.kaigokensaku.mhlw.go.jp/26/index.php?action_kouhyou_detail_004_kani=true&JigyosyoCd=2674101205-00&ServiceCd=430&Type=search", "url2": "www.care21.co.jp" }, "geometry": { "type": "Point", "coordinates": [ 135.8172405, 34.98730650000001 ] } },
{ "type": "Feature", "properties": { "内容": "医療法人新生十全会　居宅介護支援事業所　ひだまりの家　小野【居宅介護支援】京都市山科区小野荘司町6番地1", "url": "https://www.kaigokensaku.mhlw.go.jp/26/index.php?action_kouhyou_detail_004_kani=true&JigyosyoCd=2674101213-00&ServiceCd=430&Type=search", "url2": "http://www.juzenkai.or.jp" }, "geometry": { "type": "Point", "coordinates": [ 135.816640453828427, 34.960502195355865 ] } },
{ "type": "Feature", "properties": { "内容": "リフレイン森野【居宅介護支援】京都府京都市山科区東野森野町11-1リフレイン森野", "url": "https://www.kaigokensaku.mhlw.go.jp/26/index.php?action_kouhyou_detail_004_kani=true&JigyosyoCd=2674101312-00&ServiceCd=430&Type=search", "url2": "https://morino11.com" }, "geometry": { "type": "Point", "coordinates": [ 135.807852100000019, 34.974957700000026 ] } },
{ "type": "Feature", "properties": { "内容": "ケアプラン事業所クスカメ【居宅介護支援】京都府京都市山科区小山谷田町46番地3", "url": "https://www.kaigokensaku.mhlw.go.jp/26/index.php?action_kouhyou_detail_004_kani=true&JigyosyoCd=2674101643-00&ServiceCd=430&Type=search", "url2": "https://www.kusukame401.com" }, "geometry": { "type": "Point", "coordinates": [ 135.837419899999986, 34.9860649 ] } },
{ "type": "Feature", "properties": { "内容": "株式会社Ｓｍｉｌｅ【居宅介護支援】京都府京都市山科区音羽森廻り町12番地1グラン・コート山科音羽304号室", "url": "https://www.kaigokensaku.mhlw.go.jp/26/index.php?action_kouhyou_detail_004_kani=true&JigyosyoCd=2674101676-00&ServiceCd=430&Type=search", "url2": null }, "geometry": { "type": "Point", "coordinates": [ 135.8227498, 34.9863216 ] } },
{ "type": "Feature", "properties": { "内容": "ケアプランアニモ【居宅介護支援】京都市山科区大宅御供田町1サントスクエアガーデンウエスト１階", "url": "https://www.kaigokensaku.mhlw.go.jp/26/index.php?action_kouhyou_detail_004_kani=true&JigyosyoCd=2674101759-00&ServiceCd=430&Type=search", "url2": null }, "geometry": { "type": "Point", "coordinates": [ 135.813719099999986, 34.9698178 ] } },
{ "type": "Feature", "properties": { "内容": "居宅介護支援事業所山科【居宅介護支援】京都市山科区音羽珍事町1番1双葉ビル101", "url": "https://www.kaigokensaku.mhlw.go.jp/26/index.php?action_kouhyou_detail_004_kani=true&JigyosyoCd=2674101775-00&ServiceCd=430&Type=search", "url2": "http://rakuwa.or.jp" }, "geometry": { "type": "Point", "coordinates": [ 135.829852732402031, 34.987096501643144 ] } },
{ "type": "Feature", "properties": { "内容": "居宅介護支援事業所御陵洛東園【居宅介護支援】御陵岡町1番地2", "url": "https://www.kaigokensaku.mhlw.go.jp/26/index.php?action_kouhyou_detail_004_kani=true&JigyosyoCd=2674101809-00&ServiceCd=430&Type=search", "url2": "http://www.wf-rakutouen.com/" }, "geometry": { "type": "Point", "coordinates": [ 135.8027626, 34.9937736 ] } },
{ "type": "Feature", "properties": { "内容": "洛和会音羽リハビリテーション病院居宅介護支援事業所【居宅介護支援】京都市山科区小山北溝町32-1", "url": "https://www.kaigokensaku.mhlw.go.jp/26/index.php?action_kouhyou_detail_004_kani=true&JigyosyoCd=2674101833-00&ServiceCd=430&Type=search", "url2": "http://www.rakuwa.or.jp" }, "geometry": { "type": "Point", "coordinates": [ 135.829734600000023, 34.9869984 ] } },
{ "type": "Feature", "properties": { "内容": "ケアプランセンター心愛【居宅介護支援】京都府京都市山科区椥辻草海道町23-117", "url": "https://www.kaigokensaku.mhlw.go.jp/26/index.php?action_kouhyou_detail_004_kani=true&JigyosyoCd=2674102039-00&ServiceCd=430&Type=search", "url2": null }, "geometry": { "type": "Point", "coordinates": [ 135.8186756, 34.9731981 ] } },
{ "type": "Feature", "properties": { "内容": "医療法人新生十全会　ケアプランセンターよりそい【居宅介護支援】京都市山科区日ノ岡夷谷町１１番地", "url": "https://www.kaigokensaku.mhlw.go.jp/26/index.php?action_kouhyou_detail_004_kani=true&JigyosyoCd=2664190200-00&ServiceCd=430&Type=search", "url2": "http://www.juzenkai.or.jp" }, "geometry": { "type": "Point", "coordinates": [ 135.7951338, 35.0006103 ] } },
{ "type": "Feature", "properties": { "内容": "香東園やましな居宅介護支援事業所【居宅介護支援】京都府京都市山科区西野野色町15-88", "url": "https://www.kaigokensaku.mhlw.go.jp/26/index.php?action_kouhyou_detail_004_kani=true&JigyosyoCd=2654180070-00&ServiceCd=430&Type=search", "url2": "http://www.koutouen.com/yamashina/" }, "geometry": { "type": "Point", "coordinates": [ 135.8045591, 34.9856813 ] } },
{ "type": "Feature", "properties": { "内容": "らくとうあん居宅介護支援事業所【居宅介護支援】京都府京都市山科区西野八幡田町10番地1", "url": "https://www.kaigokensaku.mhlw.go.jp/26/index.php?action_kouhyou_detail_004_kani=true&JigyosyoCd=2670800388-00&ServiceCd=430&Type=search", "url2": "http://take4.net" }, "geometry": { "type": "Point", "coordinates": [ 135.805458099803531, 34.987824445104543 ] } },
{ "type": "Feature", "properties": { "内容": "居宅介護支援センター　山科苑【居宅介護支援】京都市山科区大塚野溝町3番地", "url": "https://www.kaigokensaku.mhlw.go.jp/26/index.php?action_kouhyou_detail_004_kani=true&JigyosyoCd=2674100025-00&ServiceCd=430&Type=search", "url2": "http://ryokujukai.com/kyotaku/" }, "geometry": { "type": "Point", "coordinates": [ 135.833489399999962, 34.9834406 ] } },
{ "type": "Feature", "properties": { "内容": "ヴィラ山科居宅介護支援事業所【居宅介護支援】京都市山科区大宅御所田町115番地1", "url": "https://www.kaigokensaku.mhlw.go.jp/26/index.php?action_kouhyou_detail_004_kani=true&JigyosyoCd=2674100041-00&ServiceCd=430&Type=search", "url2": "http://www.takedahp.or.jp/" }, "geometry": { "type": "Point", "coordinates": [ 135.825856700000031, 34.9710253 ] } },
{ "type": "Feature", "properties": { "内容": "居宅介護支援センター愛生会山科病院【居宅介護支援】京都市山科区竹鼻四丁野町19番地の4", "url": "https://www.kaigokensaku.mhlw.go.jp/26/index.php?action_kouhyou_detail_004_kani=true&JigyosyoCd=2674100058-00&ServiceCd=430&Type=search", "url2": "http://www.aiseikaihp.or.jp" }, "geometry": { "type": "Point", "coordinates": [ 135.816189499405709, 34.987669587567353 ] } },
{ "type": "Feature", "properties": { "内容": "日ノ岡　居宅介護支援センター【居宅介護支援】京都市山科区日ノ岡朝田町50-7", "url": "https://www.kaigokensaku.mhlw.go.jp/26/index.php?action_kouhyou_detail_004_kani=true&JigyosyoCd=2674100280-00&ServiceCd=430&Type=search", "url2": "http://ryokujukai.com/" }, "geometry": { "type": "Point", "coordinates": [ 135.797154399999954, 34.9981241 ] } },
{ "type": "Feature", "properties": { "内容": "医療法人優誠会居宅介護支援事業所【居宅介護支援】京都府京都市山科区西野山射庭ノ上町67-632階", "url": "https://www.kaigokensaku.mhlw.go.jp/26/index.php?action_kouhyou_detail_004_kani=true&JigyosyoCd=2674101536-00&ServiceCd=430&Type=search", "url2": null }, "geometry": { "type": "Point", "coordinates": [ 135.796694236988714, 34.972698965826488 ] } },
{ "type": "Feature", "properties": { "内容": "ロイヤル居宅介護支援事業所【居宅介護支援】京都府京都市山科区勧修寺東堂田町５７番地", "url": "https://www.kaigokensaku.mhlw.go.jp/26/index.php?action_kouhyou_detail_004_kani=true&JigyosyoCd=2670918297-00&ServiceCd=430&Type=search", "url2": null }, "geometry": { "type": "Point", "coordinates": [ 135.807771365462315, 34.966090949788764 ] } },
{ "type": "Feature", "properties": { "内容": "ケアプランセンター　ゆきだるま【居宅介護支援】京都府京都市西京区樫原佃5-1サンフラワー110号室", "url": "https://www.kaigokensaku.mhlw.go.jp/26/index.php?action_kouhyou_detail_004_kani=true&JigyosyoCd=2674001090-00&ServiceCd=430&Type=search", "url2": null }, "geometry": { "type": "Point", "coordinates": [ 135.69545549999998, 34.9759941 ] } },
{ "type": "Feature", "properties": { "内容": "医療法人　弘正会　居宅介護支援事業所　西京都病院【居宅介護支援】京都市西京区御陵溝浦町24", "url": "https://www.kaigokensaku.mhlw.go.jp/26/index.php?action_kouhyou_detail_004_kani=true&JigyosyoCd=2614002414-00&ServiceCd=430&Type=search", "url2": "http://www.hospynkh.jp" }, "geometry": { "type": "Point", "coordinates": [ 135.693680699999959, 34.9799743 ] } },
{ "type": "Feature", "properties": { "内容": "合同会社京都ケアサポート【居宅介護支援】京都府京都市西京区大枝沓掛町14－185第一中原グリーンハイツ111号", "url": "https://www.kaigokensaku.mhlw.go.jp/26/index.php?action_kouhyou_detail_004_kani=true&JigyosyoCd=2674001710-00&ServiceCd=430&Type=search", "url2": null }, "geometry": { "type": "Point", "coordinates": [ 135.6612268, 34.9734168 ] } },
{ "type": "Feature", "properties": { "内容": "ざいたくしえんせんたーむけいあん【居宅介護支援】京都府京都市西京区山田猫塚町1ｰ70", "url": "https://www.kaigokensaku.mhlw.go.jp/26/index.php?action_kouhyou_detail_004_kani=true&JigyosyoCd=2674001280-00&ServiceCd=430&Type=search", "url2": null }, "geometry": { "type": "Point", "coordinates": [ 135.6903006, 34.9817694 ] } },
{ "type": "Feature", "properties": { "内容": "京都市西京ケアプランセンター【居宅介護支援】京都市西京区上桂前田町29-2", "url": "https://www.kaigokensaku.mhlw.go.jp/26/index.php?action_kouhyou_detail_004_kani=true&JigyosyoCd=2674000092-00&ServiceCd=430&Type=search", "url2": "http://www.syakyo-kyoto.net/" }, "geometry": { "type": "Point", "coordinates": [ 135.699642144180331, 34.986472125065141 ] } },
{ "type": "Feature", "properties": { "内容": "社会福祉法人京都福祉サービス協会西京事務所【居宅介護支援】桂下豆田町14番地7", "url": "https://www.kaigokensaku.mhlw.go.jp/26/index.php?action_kouhyou_detail_004_kani=true&JigyosyoCd=2674000795-00&ServiceCd=430&Type=search", "url2": "http://kyoto-fukushi.org/" }, "geometry": { "type": "Point", "coordinates": [ 135.704079328836116, 34.983320245546309 ] } },
{ "type": "Feature", "properties": { "内容": "洛西けいゆうの里居宅支援事業所【居宅介護支援】京都府京都市西京区大枝東長町1-36", "url": "https://www.kaigokensaku.mhlw.go.jp/26/index.php?action_kouhyou_detail_004_kani=true&JigyosyoCd=2674000019-00&ServiceCd=430&Type=search", "url2": "http://www.keiyukai.org" }, "geometry": { "type": "Point", "coordinates": [ 135.67909, 34.9671865 ] } },
{ "type": "Feature", "properties": { "内容": "居宅介護支援事業所　ソラスト桂坂【居宅介護支援】京都府京都市西京区御陵鴫谷9-5メゾンドノアン１階", "url": "https://www.kaigokensaku.mhlw.go.jp/26/index.php?action_kouhyou_detail_004_kani=true&JigyosyoCd=2674000654-00&ServiceCd=430&Type=search", "url2": "https://solasto-kaigo.com/care/area/solastokatsurazaka.html" }, "geometry": { "type": "Point", "coordinates": [ 135.687641111847711, 34.976369670460805 ] } },
{ "type": "Feature", "properties": { "内容": "ケアプランセンター大枝美郷【居宅介護支援】大枝西長町１２番地２５", "url": "https://www.kaigokensaku.mhlw.go.jp/26/index.php?action_kouhyou_detail_004_kani=true&JigyosyoCd=2674001512-00&ServiceCd=430&Type=search", "url2": "http://www.misugikai.jp/ooemisato/index.html" }, "geometry": { "type": "Point", "coordinates": [ 135.665851300000014, 34.9733865 ] } },
{ "type": "Feature", "properties": { "内容": "ケアプランwithブロッサム【居宅介護支援】樫原蛸田町４０－９", "url": "https://www.kaigokensaku.mhlw.go.jp/26/index.php?action_kouhyou_detail_004_kani=true&JigyosyoCd=2674001660-00&ServiceCd=430&Type=search", "url2": "https://k-fioretto.co.jp/" }, "geometry": { "type": "Point", "coordinates": [ 135.6887626, 34.97583 ] } },
{ "type": "Feature", "properties": { "内容": "居宅介護支援事業所・大枝【居宅介護支援】京都府京都市西京区大枝沓掛町25-22　大枝分館2階", "url": "https://www.kaigokensaku.mhlw.go.jp/26/index.php?action_kouhyou_detail_004_kani=true&JigyosyoCd=2674001819-00&ServiceCd=430&Type=search", "url2": "https://rakufuku.jp/home_care_support_office_ooe/" }, "geometry": { "type": "Point", "coordinates": [ 135.6499847, 34.9846333 ] } },
{ "type": "Feature", "properties": { "内容": "居宅介護支援事業所　かつらざか【居宅介護支援】京都府京都市西京区御陵大枝山町6-23-3", "url": "https://www.kaigokensaku.mhlw.go.jp/26/index.php?action_kouhyou_detail_004_kani=true&JigyosyoCd=2664090152-00&ServiceCd=430&Type=search", "url2": null }, "geometry": { "type": "Point", "coordinates": [ 135.6672427279251, 34.976235897987792 ] } },
{ "type": "Feature", "properties": { "内容": "ケアメイトぱる【居宅介護支援】京都府京都市西京区桂畑ケ田町１９０番地ル・サフィール五条1F", "url": "https://www.kaigokensaku.mhlw.go.jp/26/index.php?action_kouhyou_detail_004_kani=true&JigyosyoCd=2674001546-00&ServiceCd=430&Type=search", "url2": "https://carematepal.com/" }, "geometry": { "type": "Point", "coordinates": [ 135.7049999, 34.9921671 ] } },
{ "type": "Feature", "properties": { "内容": "パナソニックエイジフリーケアセンター桂・ケアマネジメント【居宅介護支援】京都府京都市西京区川島調子町93番地", "url": "https://www.kaigokensaku.mhlw.go.jp/26/index.php?action_kouhyou_detail_004_kani=true&JigyosyoCd=2674001827-00&ServiceCd=430&Type=search", "url2": "https://sumai.panasonic.jp/agefree/map/detail.php?id=45" }, "geometry": { "type": "Point", "coordinates": [ 135.6989275, 34.9730087 ] } },
{ "type": "Feature", "properties": { "内容": "京タンス居宅介護支援事業所【居宅介護支援】京都府京都市西京区桂畑ヶ田町61", "url": "https://www.kaigokensaku.mhlw.go.jp/26/index.php?action_kouhyou_detail_004_kani=true&JigyosyoCd=2674000886-00&ServiceCd=430&Type=search", "url2": "http://www.kyotansu.co.jp" }, "geometry": { "type": "Point", "coordinates": [ 135.703766447666567, 34.992269574473617 ] } },
{ "type": "Feature", "properties": { "内容": "洛和会医療介護サービスセンター西京桂店【居宅介護支援】京都市西京区川島調子町35-1", "url": "https://www.kaigokensaku.mhlw.go.jp/26/index.php?action_kouhyou_detail_004_kani=true&JigyosyoCd=2660790151-00&ServiceCd=430&Type=search", "url2": "http://www.rakuwa.or.jp" }, "geometry": { "type": "Point", "coordinates": [ 135.698264228683456, 34.97335220555648 ] } },
{ "type": "Feature", "properties": { "内容": "おうちデイケアプランセンター【居宅介護支援】京都市西京区大枝塚原町1番地61", "url": "https://www.kaigokensaku.mhlw.go.jp/26/index.php?action_kouhyou_detail_004_kani=true&JigyosyoCd=2674001462-00&ServiceCd=430&Type=search", "url2": "https://www.seijitsukikaku.com/" }, "geometry": { "type": "Point", "coordinates": [ 135.669428900000014, 34.975799 ] } },
{ "type": "Feature", "properties": { "内容": "洛西居宅介護支援事業所【居宅介護支援】京都府京都市西京区大枝西新林町5丁目1－26", "url": "https://www.kaigokensaku.mhlw.go.jp/26/index.php?action_kouhyou_detail_004_kani=true&JigyosyoCd=2674001587-00&ServiceCd=430&Type=search", "url2": "https://www.seiwaen.or.jp/" }, "geometry": { "type": "Point", "coordinates": [ 135.6668722, 34.9684825 ] } },
{ "type": "Feature", "properties": { "内容": "医療法人京都翔医会居宅介護支援事業所西京都病院【居宅介護支援】京都府京都市西京区御陵溝浦町26番14", "url": "https://www.kaigokensaku.mhlw.go.jp/26/index.php?action_kouhyou_detail_004_kani=true&JigyosyoCd=2674001637-00&ServiceCd=430&Type=search", "url2": "http://www.hospynkh.jp" }, "geometry": { "type": "Point", "coordinates": [ 135.6940329, 34.9793163 ] } },
{ "type": "Feature", "properties": { "内容": "まほろば居宅介護支援事業所【居宅介護支援】京都市西京区大原野上羽町39-1", "url": "https://www.kaigokensaku.mhlw.go.jp/26/index.php?action_kouhyou_detail_004_kani=true&JigyosyoCd=2674000027-00&ServiceCd=430&Type=search", "url2": "https://ooharanofukushikai.com/" }, "geometry": { "type": "Point", "coordinates": [ 135.674562199999968, 34.9527765 ] } },
{ "type": "Feature", "properties": { "内容": "西山寮介護支援センター【居宅介護支援】京都市西京区大原野石作町256番地1", "url": "https://www.kaigokensaku.mhlw.go.jp/26/index.php?action_kouhyou_detail_004_kani=true&JigyosyoCd=2674000084-00&ServiceCd=430&Type=search", "url2": null }, "geometry": { "type": "Point", "coordinates": [ 135.65354160000004, 34.9503986 ] } },
{ "type": "Feature", "properties": { "内容": "シミズ居宅介護支援事業所【居宅介護支援】京都市西京区大枝沓掛町13-222", "url": "https://www.kaigokensaku.mhlw.go.jp/26/index.php?action_kouhyou_detail_004_kani=true&JigyosyoCd=2674000282-00&ServiceCd=430&Type=search", "url2": "https://www.shimizu-hospital.or.jp/" }, "geometry": { "type": "Point", "coordinates": [ 135.6666851, 34.9752747 ] } },
{ "type": "Feature", "properties": { "内容": "アドナース洛西居宅介護支援【居宅介護支援】京都市西京区大原野西境谷町2丁目14-10", "url": "https://www.kaigokensaku.mhlw.go.jp/26/index.php?action_kouhyou_detail_004_kani=true&JigyosyoCd=2674001108-00&ServiceCd=430&Type=search", "url2": "http://adnurse.co.jp/" }, "geometry": { "type": "Point", "coordinates": [ 135.6692683, 34.9623508 ] } },
{ "type": "Feature", "properties": { "内容": "社会福祉法人　京都市社会福祉協議会　かたぎはらケアプランセンター【居宅介護支援】樫原百々ケ池３１番地の１８西京ふれあい地域福祉センター内", "url": "https://www.kaigokensaku.mhlw.go.jp/26/index.php?action_kouhyou_detail_004_kani=true&JigyosyoCd=2674001306-00&ServiceCd=430&Type=search", "url2": "https://www.syakyo-kyoto.net/katagihara/" }, "geometry": { "type": "Point", "coordinates": [ 135.688428149598764, 34.972191573757485 ] } },
{ "type": "Feature", "properties": { "内容": "指定居宅介護支援事業所「ケアネットよしだ」【居宅介護支援】京都府京都市西京区桂畑ヶ田町102", "url": "https://www.kaigokensaku.mhlw.go.jp/26/index.php?action_kouhyou_detail_004_kani=true&JigyosyoCd=2664090046-00&ServiceCd=430&Type=search", "url2": "http://www.carenet-yoshida.co.jp/" }, "geometry": { "type": "Point", "coordinates": [ 135.704323004278166, 34.993556153298968 ] } },
{ "type": "Feature", "properties": { "内容": "ウエルスタイル京都桂川居宅介護支援事業所【居宅介護支援】下津林南大般若町41", "url": "https://www.kaigokensaku.mhlw.go.jp/26/index.php?action_kouhyou_detail_004_kani=true&JigyosyoCd=2664090277-00&ServiceCd=430&Type=search", "url2": null }, "geometry": { "type": "Point", "coordinates": [ 135.7137932, 34.9744354 ] } },
{ "type": "Feature", "properties": { "内容": "桂川居宅介護支援事業所【居宅介護支援】京都市西京区下津林東大般若町32番地", "url": "https://www.kaigokensaku.mhlw.go.jp/26/index.php?action_kouhyou_detail_004_kani=true&JigyosyoCd=2674000050-00&ServiceCd=430&Type=search", "url2": "http://www.katsuragawaen.com/" }, "geometry": { "type": "Point", "coordinates": [ 135.713906599999973, 34.9760774 ] } },
{ "type": "Feature", "properties": { "内容": "博英社居宅介護支援事業所【居宅介護支援】京都府京都市西京区大原野西境谷町2丁目14-15", "url": "https://www.kaigokensaku.mhlw.go.jp/26/index.php?action_kouhyou_detail_004_kani=true&JigyosyoCd=2674000118-00&ServiceCd=430&Type=search", "url2": null }, "geometry": { "type": "Point", "coordinates": [ 135.669554400000038, 34.9620425 ] } },
{ "type": "Feature", "properties": { "内容": "居宅介護支援事業所　シオンの里【居宅介護支援】京都市西京区樫原秤谷町21-2", "url": "https://www.kaigokensaku.mhlw.go.jp/26/index.php?action_kouhyou_detail_004_kani=true&JigyosyoCd=2674000191-00&ServiceCd=430&Type=search", "url2": "http://zion1205.com" }, "geometry": { "type": "Point", "coordinates": [ 135.68330370000001, 34.9706446 ] } },
{ "type": "Feature", "properties": { "内容": "ケサポート八重【居宅介護支援】山田御道路町12番６号", "url": "https://www.kaigokensaku.mhlw.go.jp/26/index.php?action_kouhyou_detail_004_kani=true&JigyosyoCd=2674000522-00&ServiceCd=430&Type=search", "url2": null }, "geometry": { "type": "Point", "coordinates": [ 135.6891061, 34.9837934 ] } },
{ "type": "Feature", "properties": { "内容": "京都厚生園居宅介護支援事業所【居宅介護支援】京都市西京区山田平尾町46", "url": "https://www.kaigokensaku.mhlw.go.jp/26/index.php?action_kouhyou_detail_004_kani=true&JigyosyoCd=2674000555-00&ServiceCd=430&Type=search", "url2": "http://www.kyotokouseien.com" }, "geometry": { "type": "Point", "coordinates": [ 135.684493748379509, 34.982401553095066 ] } },
{ "type": "Feature", "properties": { "内容": "ぐりっど洛西ケアプランセンター【居宅介護支援】京都府京都市西京区大枝北福西町三丁目2-18", "url": "https://www.kaigokensaku.mhlw.go.jp/26/index.php?action_kouhyou_detail_004_kani=true&JigyosyoCd=2674000688-00&ServiceCd=430&Type=search", "url2": "https://gridrakusai.com" }, "geometry": { "type": "Point", "coordinates": [ 135.683161, 34.9598506 ] } },
{ "type": "Feature", "properties": { "内容": "京都桂ケアセンターそよ風【居宅介護支援】京都市西京区御陵塚ノ越町24－1", "url": "https://www.kaigokensaku.mhlw.go.jp/26/index.php?action_kouhyou_detail_004_kani=true&JigyosyoCd=2674000910-00&ServiceCd=430&Type=search", "url2": "https://corp.sykz.co.jp/" }, "geometry": { "type": "Point", "coordinates": [ 135.6889493, 34.9784257 ] } },
{ "type": "Feature", "properties": { "内容": "居宅介護支援事業所イーライフ桂【居宅介護支援】京都府京都市西京区桂朝日町151", "url": "https://www.kaigokensaku.mhlw.go.jp/26/index.php?action_kouhyou_detail_004_kani=true&JigyosyoCd=2674001124-00&ServiceCd=430&Type=search", "url2": "http://www.e-life-kyoto.com" }, "geometry": { "type": "Point", "coordinates": [ 135.710687499999949, 34.9798549 ] } },
{ "type": "Feature", "properties": { "内容": "居宅介護支援事業所・沓掛寮【居宅介護支援】京都市西京区大枝北沓掛町1丁目3番地１七彩すまいる館", "url": "https://www.kaigokensaku.mhlw.go.jp/26/index.php?action_kouhyou_detail_004_kani=true&JigyosyoCd=2674001132-00&ServiceCd=430&Type=search", "url2": "https://www.rakufuku.jp/" }, "geometry": { "type": "Point", "coordinates": [ 135.654970621426401, 34.988253039737977 ] } },
{ "type": "Feature", "properties": { "内容": "ケアプランセンター　フィット・西京【居宅介護支援】京都市西京区桂浅原町141番地カーサデルクオーレ桂離宮", "url": "https://www.kaigokensaku.mhlw.go.jp/26/index.php?action_kouhyou_detail_004_kani=true&JigyosyoCd=2674001256-00&ServiceCd=430&Type=search", "url2": null }, "geometry": { "type": "Point", "coordinates": [ 135.711505499999987, 34.9823552 ] } },
{ "type": "Feature", "properties": { "内容": "桂まほろばテラスケアプランセンター【居宅介護支援】京都府京都市西京区南大般若町1", "url": "https://www.kaigokensaku.mhlw.go.jp/26/index.php?action_kouhyou_detail_004_kani=true&JigyosyoCd=2674001371-00&ServiceCd=430&Type=search", "url2": "https://ooharanofukushikai.com/works/" }, "geometry": { "type": "Point", "coordinates": [ 135.711632458803791, 34.974933074323921 ] } },
{ "type": "Feature", "properties": { "内容": "ケアサポートふわり【居宅介護支援】大枝北福西町３丁目2-17　1F", "url": "https://www.kaigokensaku.mhlw.go.jp/26/index.php?action_kouhyou_detail_004_kani=true&JigyosyoCd=2674001496-00&ServiceCd=430&Type=search", "url2": null }, "geometry": { "type": "Point", "coordinates": [ 135.683084699999966, 34.959865 ] } },
{ "type": "Feature", "properties": { "内容": "居宅介護支援事業所　ソラストえがおの窓口【居宅介護支援】京都府京都市西京区下津林南大般若町120", "url": "https://www.kaigokensaku.mhlw.go.jp/26/index.php?action_kouhyou_detail_004_kani=true&JigyosyoCd=2674001504-00&ServiceCd=430&Type=search", "url2": null }, "geometry": { "type": "Point", "coordinates": [ 135.71134, 34.9736759 ] } },
{ "type": "Feature", "properties": { "内容": "ゆうらく居宅介護支援事業所【居宅介護支援】京都市西京区上桂東ノ口町159番地ラ・セーヌ桂１階", "url": "https://www.kaigokensaku.mhlw.go.jp/26/index.php?action_kouhyou_detail_004_kani=true&JigyosyoCd=2674001611-00&ServiceCd=430&Type=search", "url2": "http://hp.kaipoke.biz/krb/165865/index_0001.html" }, "geometry": { "type": "Point", "coordinates": [ 135.7047565, 34.9878072 ] } },
{ "type": "Feature", "properties": { "内容": "笑くぼ居宅介護支援事業所【居宅介護支援】京都府京都市西京区下津林北浦町２３－２ハイツ北浦１０１号室", "url": "https://www.kaigokensaku.mhlw.go.jp/26/index.php?action_kouhyou_detail_004_kani=true&JigyosyoCd=2674001264-00&ServiceCd=430&Type=search", "url2": null }, "geometry": { "type": "Point", "coordinates": [ 135.708882099999983, 34.9762496 ] } },
{ "type": "Feature", "properties": { "内容": "居宅介護支援事業所　オーバル【居宅介護支援】京都市西京区桂巽町6-1", "url": "https://www.kaigokensaku.mhlw.go.jp/26/index.php?action_kouhyou_detail_004_kani=true&JigyosyoCd=2674000415-00&ServiceCd=430&Type=search", "url2": "http://www.oval-care.com" }, "geometry": { "type": "Point", "coordinates": [ 135.701342299999965, 34.9835157 ] } },
{ "type": "Feature", "properties": { "内容": "京都ケアセンターそよ風【居宅介護支援】京都市西京区大枝東新林町2-13", "url": "https://www.kaigokensaku.mhlw.go.jp/26/index.php?action_kouhyou_detail_004_kani=true&JigyosyoCd=2674000753-00&ServiceCd=430&Type=search", "url2": null }, "geometry": { "type": "Point", "coordinates": [ 135.674862500000017, 34.9685364 ] } },
{ "type": "Feature", "properties": { "内容": "医療法人社団　　林樫原診療所　　居宅介護支援事業所【居宅介護支援】京都市西京区川島調子町44番地", "url": "https://www.kaigokensaku.mhlw.go.jp/26/index.php?action_kouhyou_detail_004_kani=true&JigyosyoCd=2614001309-00&ServiceCd=430&Type=search", "url2": "http://www.hayashi-katagihara.jp/" }, "geometry": { "type": "Point", "coordinates": [ 135.696860900000047, 34.9733582 ] } },
{ "type": "Feature", "properties": { "内容": "サポート桂【居宅介護支援】京都府京都市西京区山田猫塚町１２番地4", "url": "https://www.kaigokensaku.mhlw.go.jp/26/index.php?action_kouhyou_detail_004_kani=true&JigyosyoCd=2674000464-00&ServiceCd=430&Type=search", "url2": "https://www.katsura-care.jp/" }, "geometry": { "type": "Point", "coordinates": [ 135.689258800000061, 34.9832462 ] } },
{ "type": "Feature", "properties": { "内容": "空心福祉会ケアプランセンター【居宅介護支援】京都府福知山市字天田小字大塚14-1本部", "url": "https://www.kaigokensaku.mhlw.go.jp/26/index.php?action_kouhyou_detail_004_kani=true&JigyosyoCd=2672600117-00&ServiceCd=430&Type=search", "url2": "http://www.skymind.jp" }, "geometry": { "type": "Point", "coordinates": [ 135.123129572460925, 35.283594741929598 ] } },
{ "type": "Feature", "properties": { "内容": "京都生協福祉事業部福知山ホームヘルプサービスセンター【居宅介護支援】福知山市駅南町2丁目270駅南ニコニコハウス2階", "url": "https://www.kaigokensaku.mhlw.go.jp/26/index.php?action_kouhyou_detail_004_kani=true&JigyosyoCd=2672600281-00&ServiceCd=430&Type=search", "url2": "https://www.kyoto.coop/fukushi/" }, "geometry": { "type": "Point", "coordinates": [ 135.118213700000069, 35.294203 ] } },
{ "type": "Feature", "properties": { "内容": "居宅介護支援事業所　さくら苑【居宅介護支援】京都府福知山市字堀小字大岩谷3374番地", "url": "https://www.kaigokensaku.mhlw.go.jp/26/index.php?action_kouhyou_detail_004_kani=true&JigyosyoCd=2652680022-00&ServiceCd=430&Type=search", "url2": "http://www.fukuchikai.or.jp/sakura/" }, "geometry": { "type": "Point", "coordinates": [ 135.123966421673572, 35.270531159387829 ] } },
{ "type": "Feature", "properties": { "内容": "福知山市居宅介護支援事業所　ほほえみの里【居宅介護支援】京都府福知山市字長田小字松山下２３８－４", "url": "https://www.kaigokensaku.mhlw.go.jp/26/index.php?action_kouhyou_detail_004_kani=true&JigyosyoCd=2672600349-00&ServiceCd=430&Type=search", "url2": "http://www.fukugaku.or.jp/" }, "geometry": { "type": "Point", "coordinates": [ 135.173399533818042, 35.272918059078783 ] } },
{ "type": "Feature", "properties": { "内容": "社会福祉法人　福知山市社会福祉協議会三和支所【居宅介護支援】福知山市三和町千束515番地福知山市役所三和支所内", "url": "https://www.kaigokensaku.mhlw.go.jp/26/index.php?action_kouhyou_detail_004_kani=true&JigyosyoCd=2672600372-00&ServiceCd=430&Type=search", "url2": "http://www.fukuchiyama-shakyo.org" }, "geometry": { "type": "Point", "coordinates": [ 135.233141499999988, 35.2178177 ] } },
{ "type": "Feature", "properties": { "内容": "社会福祉法人　福知山市社会福祉協議会【居宅介護支援】福知山市内記１０番地の１８福知山市総合福祉会館内", "url": "https://www.kaigokensaku.mhlw.go.jp/26/index.php?action_kouhyou_detail_004_kani=true&JigyosyoCd=2672600067-00&ServiceCd=430&Type=search", "url2": "http://www.fukuchiyama-shakyo.org" }, "geometry": { "type": "Point", "coordinates": [ 135.12807650000002, 35.297972100000017 ] } },
{ "type": "Feature", "properties": { "内容": "福冨士会居宅介護支援事業所【居宅介護支援】京都府福知山市末広町４ー１３２階医事管理室内", "url": "https://www.kaigokensaku.mhlw.go.jp/26/index.php?action_kouhyou_detail_004_kani=true&JigyosyoCd=2612600938-00&ServiceCd=430&Type=search", "url2": "http://www.renaiss.jp" }, "geometry": { "type": "Point", "coordinates": [ 135.116684840197792, 35.298337259346738 ] } },
{ "type": "Feature", "properties": { "内容": "ミストラル介護センター【居宅介護支援】福知山市長田大野下2737番地12", "url": "https://www.kaigokensaku.mhlw.go.jp/26/index.php?action_kouhyou_detail_004_kani=true&JigyosyoCd=2672600034-00&ServiceCd=430&Type=search", "url2": "http://www.mistralservice.co.jp/" }, "geometry": { "type": "Point", "coordinates": [ 135.167718299999933, 35.2778343 ] } },
{ "type": "Feature", "properties": { "内容": "大江在宅介護支援センター【居宅介護支援】京都府福知山市大江町二俣1607番地", "url": "https://www.kaigokensaku.mhlw.go.jp/26/index.php?action_kouhyou_detail_004_kani=true&JigyosyoCd=2672500028-00&ServiceCd=430&Type=search", "url2": "http://isuzukai.org/" }, "geometry": { "type": "Point", "coordinates": [ 135.158376800000042, 35.4184222 ] } },
{ "type": "Feature", "properties": { "内容": "岩戸ホーム【居宅介護支援】京都府福知山市字猪野々31-1", "url": "https://www.kaigokensaku.mhlw.go.jp/26/index.php?action_kouhyou_detail_004_kani=true&JigyosyoCd=2672600083-00&ServiceCd=430&Type=search", "url2": "https://swc-seikouen.jp/iwato" }, "geometry": { "type": "Point", "coordinates": [ 135.043047900000033, 35.3280343 ] } },
{ "type": "Feature", "properties": { "内容": "三愛荘居宅介護支援事業所【居宅介護支援】京都府福知山市字猪崎25-1", "url": "https://www.kaigokensaku.mhlw.go.jp/26/index.php?action_kouhyou_detail_004_kani=true&JigyosyoCd=2672600109-00&ServiceCd=430&Type=search", "url2": "http://www.mitsumi.or.jp/" }, "geometry": { "type": "Point", "coordinates": [ 135.142555600000037, 35.30781 ] } },
{ "type": "Feature", "properties": { "内容": "駅南ニコニコハウス【居宅介護支援】福知山市駅南町2丁目270番地", "url": "https://www.kaigokensaku.mhlw.go.jp/26/index.php?action_kouhyou_detail_004_kani=true&JigyosyoCd=2672600323-00&ServiceCd=430&Type=search", "url2": "http://www.nikonikoplaza.com/f-silver/fukuchiyama-silver-indx.html" }, "geometry": { "type": "Point", "coordinates": [ 135.118214100000017, 35.2942067 ] } },
{ "type": "Feature", "properties": { "内容": "社会福祉法人福知山シルバー　ニコニコ介護支援ルーム【居宅介護支援】京都府福知山市字牧小字狭間２５０番５", "url": "https://www.kaigokensaku.mhlw.go.jp/26/index.php?action_kouhyou_detail_004_kani=true&JigyosyoCd=2672600125-00&ServiceCd=430&Type=search", "url2": "http://www.nikonikoplaza.com/f-silver/fukuchiyama-silver-indx.html" }, "geometry": { "type": "Point", "coordinates": [ 135.097619082520282, 35.332228520736997 ] } },
{ "type": "Feature", "properties": { "内容": "公益社団法人京都保健会ほっとステーションきぼう【居宅介護支援】福知山市字土１番地", "url": "https://www.kaigokensaku.mhlw.go.jp/26/index.php?action_kouhyou_detail_004_kani=true&JigyosyoCd=2662690094-00&ServiceCd=430&Type=search", "url2": "https://www.kyoto-hokenkai.or.jp" }, "geometry": { "type": "Point", "coordinates": [ 135.163286881242385, 35.297123727548232 ] } },
{ "type": "Feature", "properties": { "内容": "社会福祉法人　成光苑　サンヒルズ紫豊館【居宅介護支援】福知山市字榎原180-2", "url": "https://www.kaigokensaku.mhlw.go.jp/26/index.php?action_kouhyou_detail_004_kani=true&JigyosyoCd=2672600075-00&ServiceCd=430&Type=search", "url2": "http://www.shihoukan.jp/" }, "geometry": { "type": "Point", "coordinates": [ 135.062824500000033, 35.287367 ] } },
{ "type": "Feature", "properties": { "内容": "有限会社　コアライフ【居宅介護支援】京都府福知山市厚２３５番地", "url": "https://www.kaigokensaku.mhlw.go.jp/26/index.php?action_kouhyou_detail_004_kani=true&JigyosyoCd=2672600315-00&ServiceCd=430&Type=search", "url2": null }, "geometry": { "type": "Point", "coordinates": [ 135.105345599999936, 35.303715499999988 ] } },
{ "type": "Feature", "properties": { "内容": "ケアプランセンターかなや三丁目【居宅介護支援】京都府福知山市大江町金屋724番地", "url": "https://www.kaigokensaku.mhlw.go.jp/26/index.php?action_kouhyou_detail_004_kani=true&JigyosyoCd=2672500184-00&ServiceCd=430&Type=search", "url2": "http://blog.livedoor.jp/f_yumekoubou/" }, "geometry": { "type": "Point", "coordinates": [ 135.157983100000024, 35.3925447 ] } },
{ "type": "Feature", "properties": { "内容": "夜久野介護センター【居宅介護支援】京都府福知山市夜久野町平野1030番地", "url": "https://www.kaigokensaku.mhlw.go.jp/26/index.php?action_kouhyou_detail_004_kani=true&JigyosyoCd=2671900054-00&ServiceCd=430&Type=search", "url2": "http://greenvilla.kyoto.jp/" }, "geometry": { "type": "Point", "coordinates": [ 134.9356593, 35.344289 ] } },
{ "type": "Feature", "properties": { "内容": "株式会社栄光サービスセンター【居宅介護支援】京都府福知山市字内記48番地の7", "url": "https://www.kaigokensaku.mhlw.go.jp/26/index.php?action_kouhyou_detail_004_kani=true&JigyosyoCd=2672600216-00&ServiceCd=430&Type=search", "url2": "https://eikou-service.com/" }, "geometry": { "type": "Point", "coordinates": [ 135.127415400000018, 35.2980915 ] } },
{ "type": "Feature", "properties": { "内容": "居宅介護支援センター豊の郷【居宅介護支援】京都府福知山市字大門900番地", "url": "https://www.kaigokensaku.mhlw.go.jp/26/index.php?action_kouhyou_detail_004_kani=true&JigyosyoCd=2672600448-00&ServiceCd=430&Type=search", "url2": "https://www.kibounooka.or.jp/" }, "geometry": { "type": "Point", "coordinates": [ 135.078006499999987, 35.3040235 ] } },
{ "type": "Feature", "properties": { "内容": "居宅介護支援事業所ほっぷ【居宅介護支援】京都府福知山市荒河新町82番地", "url": "https://www.kaigokensaku.mhlw.go.jp/26/index.php?action_kouhyou_detail_004_kani=true&JigyosyoCd=2662690144-00&ServiceCd=430&Type=search", "url2": "http//www.houkan-hop.com" }, "geometry": { "type": "Point", "coordinates": [ 135.110554400000012, 35.3114815 ] } },
{ "type": "Feature", "properties": { "内容": "厚ニコニコハウス【居宅介護支援】京都府福知山市厚中町200番地厚ニコニコハウス", "url": "https://www.kaigokensaku.mhlw.go.jp/26/index.php?action_kouhyou_detail_004_kani=true&JigyosyoCd=2672600505-00&ServiceCd=430&Type=search", "url2": "http://www.nikonikoplaza.com/f-silver/index.html" }, "geometry": { "type": "Point", "coordinates": [ 135.110978199999977, 35.3054764 ] } },
{ "type": "Feature", "properties": { "内容": "ハートケア居宅介護支援事業所【居宅介護支援】京都府福知山市夜久野町額田１３９３－１", "url": "https://www.kaigokensaku.mhlw.go.jp/26/index.php?action_kouhyou_detail_004_kani=true&JigyosyoCd=2662690086-00&ServiceCd=430&Type=search", "url2": null }, "geometry": { "type": "Point", "coordinates": [ 134.996932199999947, 35.3203482 ] } },
{ "type": "Feature", "properties": { "内容": "コスモライフ北京都【居宅介護支援】京都福知山市東羽合町173番地", "url": "https://www.kaigokensaku.mhlw.go.jp/26/index.php?action_kouhyou_detail_004_kani=true&JigyosyoCd=2672600463-00&ServiceCd=430&Type=search", "url2": "http://cosmo-cosmolife.com" }, "geometry": { "type": "Point", "coordinates": [ 135.1134892, 35.295458300000014 ] } },
{ "type": "Feature", "properties": { "内容": "介護相談室つなぐ【居宅介護支援】京都府舞鶴市南浜町１６番地５", "url": "https://www.kaigokensaku.mhlw.go.jp/26/index.php?action_kouhyou_detail_004_kani=true&JigyosyoCd=2672700669-00&ServiceCd=430&Type=search", "url2": null }, "geometry": { "type": "Point", "coordinates": [ 135.3961014, 35.4657424 ] } },
{ "type": "Feature", "properties": { "内容": "医療法人岸本病院　居宅介護支援センター【居宅介護支援】京都府舞鶴市南浜町１－３", "url": "https://www.kaigokensaku.mhlw.go.jp/26/index.php?action_kouhyou_detail_004_kani=true&JigyosyoCd=2672700321-00&ServiceCd=430&Type=search", "url2": "http://www.myclinic.ne.jp/kisimoto/" }, "geometry": { "type": "Point", "coordinates": [ 135.3966408, 35.4698144 ] } },
{ "type": "Feature", "properties": { "内容": "居宅介護支援事業所みなと【居宅介護支援】京都府舞鶴市喜多617番地3", "url": "https://www.kaigokensaku.mhlw.go.jp/26/index.php?action_kouhyou_detail_004_kani=true&JigyosyoCd=2672700727-00&ServiceCd=430&Type=search", "url2": null }, "geometry": { "type": "Point", "coordinates": [ 135.3104999, 35.4589212 ] } },
{ "type": "Feature", "properties": { "内容": "ほーむけあセンター和心【居宅介護支援】字余部上684番地7", "url": "https://www.kaigokensaku.mhlw.go.jp/26/index.php?action_kouhyou_detail_004_kani=true&JigyosyoCd=2672700602-00&ServiceCd=430&Type=search", "url2": null }, "geometry": { "type": "Point", "coordinates": [ 135.365283012644056, 35.467385133899953 ] } },
{ "type": "Feature", "properties": { "内容": "オリエンタル株式会社【居宅介護支援】京都府舞鶴市字行永2036番地の2", "url": "https://www.kaigokensaku.mhlw.go.jp/26/index.php?action_kouhyou_detail_004_kani=true&JigyosyoCd=2672700073-00&ServiceCd=430&Type=search", "url2": null }, "geometry": { "type": "Point", "coordinates": [ 135.402335099999959, 35.46046 ] } },
{ "type": "Feature", "properties": { "内容": "合資会社　小春日和　居宅介護支援事業所【居宅介護支援】京都府舞鶴市字行永小字打木585番地ソーシンビル402", "url": "https://www.kaigokensaku.mhlw.go.jp/26/index.php?action_kouhyou_detail_004_kani=true&JigyosyoCd=2672700263-00&ServiceCd=430&Type=search", "url2": "http://koharukaigo.com" }, "geometry": { "type": "Point", "coordinates": [ 135.397509307309605, 35.456334535393729 ] } },
{ "type": "Feature", "properties": { "内容": "在宅介護支援センターやすらぎ【居宅介護支援】舞鶴市字安岡小字中山1076", "url": "https://www.kaigokensaku.mhlw.go.jp/26/index.php?action_kouhyou_detail_004_kani=true&JigyosyoCd=2672700016-00&ServiceCd=430&Type=search", "url2": "http://daijukai.jp/" }, "geometry": { "type": "Point", "coordinates": [ 135.438679, 35.489932 ] } },
{ "type": "Feature", "properties": { "内容": "医療法人社団　外松医院居宅介護支援事業所【居宅介護支援】舞鶴市字竹屋９８番地の1", "url": "https://www.kaigokensaku.mhlw.go.jp/26/index.php?action_kouhyou_detail_004_kani=true&JigyosyoCd=2672700347-00&ServiceCd=430&Type=search", "url2": "https:www.sotomatsu-iin.com" }, "geometry": { "type": "Point", "coordinates": [ 135.326556100000062, 35.4505158 ] } },
{ "type": "Feature", "properties": { "内容": "公益社団法人京都保健会まいづる協立診療所【居宅介護支援】舞鶴市字上安小字水力199-30", "url": "https://www.kaigokensaku.mhlw.go.jp/26/index.php?action_kouhyou_detail_004_kani=true&JigyosyoCd=2612701488-00&ServiceCd=430&Type=search", "url2": "http://www.kyoto-hokenkai.or.jp/" }, "geometry": { "type": "Point", "coordinates": [ 135.342199, 35.449774 ] } },
{ "type": "Feature", "properties": { "内容": "荒木クリニック　居宅介護支援センター【居宅介護支援】京都府舞鶴市京田45番地の2", "url": "https://www.kaigokensaku.mhlw.go.jp/26/index.php?action_kouhyou_detail_004_kani=true&JigyosyoCd=2612701751-00&ServiceCd=430&Type=search", "url2": "http://arakiclinic.com" }, "geometry": { "type": "Point", "coordinates": [ 135.326298784655791, 35.427018331720909 ] } },
{ "type": "Feature", "properties": { "内容": "エスペラルケアプランセンター東舞鶴【居宅介護支援】京都府舞鶴市字大波下小字前田765番16", "url": "https://www.kaigokensaku.mhlw.go.jp/26/index.php?action_kouhyou_detail_004_kani=true&JigyosyoCd=2652780038-00&ServiceCd=430&Type=search", "url2": "https://esp.iseikaihp.com/fcl/esp-hm/index.html" }, "geometry": { "type": "Point", "coordinates": [ 135.399327932510403, 35.502367071390353 ] } },
{ "type": "Feature", "properties": { "内容": "有限会社　ピア・サポート居宅介護支援事業所【居宅介護支援】京都府舞鶴市竜宮町3番地の18", "url": "https://www.kaigokensaku.mhlw.go.jp/26/index.php?action_kouhyou_detail_004_kani=true&JigyosyoCd=2662790068-00&ServiceCd=430&Type=search", "url2": "https://www.peer-support2003.com" }, "geometry": { "type": "Point", "coordinates": [ 135.4060872, 35.4809242 ] } },
{ "type": "Feature", "properties": { "内容": "在宅介護支援センター安寿【居宅介護支援】京都府舞鶴市上安481番地", "url": "https://www.kaigokensaku.mhlw.go.jp/26/index.php?action_kouhyou_detail_004_kani=true&JigyosyoCd=2672700032-00&ServiceCd=430&Type=search", "url2": "https://maizuru-anjukai.net/" }, "geometry": { "type": "Point", "coordinates": [ 135.344651500000026, 35.455596 ] } },
{ "type": "Feature", "properties": { "内容": "在宅介護支援センター　真愛の家【居宅介護支援】京都府舞鶴市字上安小字中ノ脇１６９７番地３６", "url": "https://www.kaigokensaku.mhlw.go.jp/26/index.php?action_kouhyou_detail_004_kani=true&JigyosyoCd=2672700040-00&ServiceCd=430&Type=search", "url2": "http://www.sinainoie.org" }, "geometry": { "type": "Point", "coordinates": [ 135.385991800000056, 35.4747971 ] } },
{ "type": "Feature", "properties": { "内容": "株式会社メタルエッグ介護事業部あっぷる【居宅介護支援】舞鶴市字小倉222-5", "url": "https://www.kaigokensaku.mhlw.go.jp/26/index.php?action_kouhyou_detail_004_kani=true&JigyosyoCd=2672700149-00&ServiceCd=430&Type=search", "url2": null }, "geometry": { "type": "Point", "coordinates": [ 135.4242772, 35.4812881 ] } },
{ "type": "Feature", "properties": { "内容": "在宅介護支援センターグリーンプラザ博愛【居宅介護支援】京都府舞鶴市字市場390番地", "url": "https://www.kaigokensaku.mhlw.go.jp/26/index.php?action_kouhyou_detail_004_kani=true&JigyosyoCd=2672700164-00&ServiceCd=430&Type=search", "url2": "http://www.hakuaien.jp" }, "geometry": { "type": "Point", "coordinates": [ 135.416739, 35.4752888 ] } },
{ "type": "Feature", "properties": { "内容": "居宅介護支援事業所　ひまわり【居宅介護支援】京都府舞鶴市森町２４番地１", "url": "https://www.kaigokensaku.mhlw.go.jp/26/index.php?action_kouhyou_detail_004_kani=true&JigyosyoCd=2672700396-00&ServiceCd=430&Type=search", "url2": null }, "geometry": { "type": "Point", "coordinates": [ 135.393594, 35.4667037 ] } },
{ "type": "Feature", "properties": { "内容": "アザレア舞鶴居宅介護支援事業所【居宅介護支援】京都府舞鶴市字余部下816", "url": "https://www.kaigokensaku.mhlw.go.jp/26/index.php?action_kouhyou_detail_004_kani=true&JigyosyoCd=2672700503-00&ServiceCd=430&Type=search", "url2": "http://seihoukai.com/" }, "geometry": { "type": "Point", "coordinates": [ 135.36522410436865, 35.477443676453575 ] } },
{ "type": "Feature", "properties": { "内容": "ケアプランセンター　そう【居宅介護支援】京都府舞鶴市鹿原西町２００番地の２", "url": "https://www.kaigokensaku.mhlw.go.jp/26/index.php?action_kouhyou_detail_004_kani=true&JigyosyoCd=2672700651-00&ServiceCd=430&Type=search", "url2": null }, "geometry": { "type": "Point", "coordinates": [ 135.439078078573601, 35.480055820097697 ] } },
{ "type": "Feature", "properties": { "内容": "ケアプランセンターてとて【居宅介護支援】京都府舞鶴市七日市３４９番地１", "url": "https://www.kaigokensaku.mhlw.go.jp/26/index.php?action_kouhyou_detail_004_kani=true&JigyosyoCd=2672700339-00&ServiceCd=430&Type=search", "url2": null }, "geometry": { "type": "Point", "coordinates": [ 135.33230869999997, 35.4279943 ] } },
{ "type": "Feature", "properties": { "内容": "ケアプランセンター田園【居宅介護支援】京都府舞鶴市字志高５５３番地５", "url": "https://www.kaigokensaku.mhlw.go.jp/26/index.php?action_kouhyou_detail_004_kani=true&JigyosyoCd=2672700487-00&ServiceCd=430&Type=search", "url2": null }, "geometry": { "type": "Point", "coordinates": [ 135.250894474204983, 35.43563335755772 ] } },
{ "type": "Feature", "properties": { "内容": "小谷整形外科医院　居宅介護支援事業所【居宅介護支援】舞鶴市字伊佐津小字大長瀬51番地3", "url": "https://www.kaigokensaku.mhlw.go.jp/26/index.php?action_kouhyou_detail_004_kani=true&JigyosyoCd=2612701702-00&ServiceCd=430&Type=search", "url2": "https://kotaniseikei.wixsite.com/mysite" }, "geometry": { "type": "Point", "coordinates": [ 135.333622399999967, 35.440995 ] } },
{ "type": "Feature", "properties": { "内容": "ケア・オフィス舞夢【居宅介護支援】舞鶴市字桑飼上小字深田１０８８番地１", "url": "https://www.kaigokensaku.mhlw.go.jp/26/index.php?action_kouhyou_detail_004_kani=true&JigyosyoCd=2672700388-00&ServiceCd=430&Type=search", "url2": "http://www.maimu.jp/" }, "geometry": { "type": "Point", "coordinates": [ 135.218924, 35.4222532 ] } },
{ "type": "Feature", "properties": { "内容": "医療法人弘愛会　西村内科　　さくらプラザ介護支援センター【居宅介護支援】舞鶴市字浜782番地", "url": "https://www.kaigokensaku.mhlw.go.jp/26/index.php?action_kouhyou_detail_004_kani=true&JigyosyoCd=2612701447-00&ServiceCd=430&Type=search", "url2": "http://www.eonet.ne.jp/~sakuraplaza/" }, "geometry": { "type": "Point", "coordinates": [ 135.395227100000056, 35.472155800000039 ] } },
{ "type": "Feature", "properties": { "内容": "ニチイケアセンター綾部【居宅介護支援】京都府綾部市青野町舘ノ後47番地", "url": "https://www.kaigokensaku.mhlw.go.jp/26/index.php?action_kouhyou_detail_004_kani=true&JigyosyoCd=2671800106-00&ServiceCd=430&Type=search", "url2": "http://www.nichiigakkan.co.jp" }, "geometry": { "type": "Point", "coordinates": [ 135.2623423, 35.3031769 ] } },
{ "type": "Feature", "properties": { "内容": "高齢者支援センタ－松寿苑居宅介護支援事業所【居宅介護支援】京都府綾部市八津合町寺町1番地1・25番地", "url": "https://www.kaigokensaku.mhlw.go.jp/26/index.php?action_kouhyou_detail_004_kani=true&JigyosyoCd=2671800130-00&ServiceCd=430&Type=search", "url2": "http://www.asjn.jp" }, "geometry": { "type": "Point", "coordinates": [ 135.402188600000045, 35.36235 ] } },
{ "type": "Feature", "properties": { "内容": "居宅介護支援事業所　そわん【居宅介護支援】京都府綾部市青野町西吉美前51", "url": "https://www.kaigokensaku.mhlw.go.jp/26/index.php?action_kouhyou_detail_004_kani=true&JigyosyoCd=2671800338-00&ServiceCd=430&Type=search", "url2": null }, "geometry": { "type": "Point", "coordinates": [ 135.258596191863774, 35.307252726798694 ] } },
{ "type": "Feature", "properties": { "内容": "どんぐりの家　居宅介護支援事業所【居宅介護支援】京都府綾部市里町向屋敷33番地", "url": "https://www.kaigokensaku.mhlw.go.jp/26/index.php?action_kouhyou_detail_004_kani=true&JigyosyoCd=2671800296-00&ServiceCd=430&Type=search", "url2": "http://dongurinoie.sakura.ne.jp" }, "geometry": { "type": "Point", "coordinates": [ 135.259817399999946, 35.3148616 ] } },
{ "type": "Feature", "properties": { "内容": "公益社団法人京都保健会あやべ協立診療所【居宅介護支援】綾部市駅前通1番地", "url": "https://www.kaigokensaku.mhlw.go.jp/26/index.php?action_kouhyou_detail_004_kani=true&JigyosyoCd=2611801131-00&ServiceCd=430&Type=search", "url2": "http://www.kyoto-hokenkai.or.jp/" }, "geometry": { "type": "Point", "coordinates": [ 135.252398835581971, 35.299270221857661 ] } },
{ "type": "Feature", "properties": { "内容": "綾部市社会福祉協議会【居宅介護支援】綾部市川糸町南古屋敷5の1", "url": "https://www.kaigokensaku.mhlw.go.jp/26/index.php?action_kouhyou_detail_004_kani=true&JigyosyoCd=2671800015-00&ServiceCd=430&Type=search", "url2": "https://www.ayabe-shakyo.or.jp" }, "geometry": { "type": "Point", "coordinates": [ 135.261184100000037, 35.2984024 ] } },
{ "type": "Feature", "properties": { "内容": "綾部東部在宅介護支援センター【居宅介護支援】京都府綾部市十倉名畑町欠戸29-1", "url": "https://www.kaigokensaku.mhlw.go.jp/26/index.php?action_kouhyou_detail_004_kani=true&JigyosyoCd=2671800239-00&ServiceCd=430&Type=search", "url2": "http://ｗｗｗ.kyoto-chogen-or.jp" }, "geometry": { "type": "Point", "coordinates": [ 135.347454540753233, 35.336331122476835 ] } },
{ "type": "Feature", "properties": { "内容": "ふきのとう居宅介護支援事業所【居宅介護支援】京都府綾部市岡町長田3番地の1", "url": "https://www.kaigokensaku.mhlw.go.jp/26/index.php?action_kouhyou_detail_004_kani=true&JigyosyoCd=2671800346-00&ServiceCd=430&Type=search", "url2": "https://www.fukinotou-ayabe.com" }, "geometry": { "type": "Point", "coordinates": [ 135.2393921, 35.3015813 ] } },
{ "type": "Feature", "properties": { "内容": "松寿苑居宅介護支援事業所【居宅介護支援】京都府綾部市田野町田野山2番地169", "url": "https://www.kaigokensaku.mhlw.go.jp/26/index.php?action_kouhyou_detail_004_kani=true&JigyosyoCd=2671800031-00&ServiceCd=430&Type=search", "url2": "http://www.asjn.jp" }, "geometry": { "type": "Point", "coordinates": [ 135.248691, 35.2870483 ] } },
{ "type": "Feature", "properties": { "内容": "綾部市立病院訪問看護ステーション【居宅介護支援】京都府綾部市青野町大塚２０番地の１", "url": "https://www.kaigokensaku.mhlw.go.jp/26/index.php?action_kouhyou_detail_004_kani=true&JigyosyoCd=2661890034-00&ServiceCd=430&Type=search", "url2": "http://www.ayabe-hsp.or.jp/houmon.html" }, "geometry": { "type": "Point", "coordinates": [ 135.255742670639052, 35.307630946559598 ] } },
{ "type": "Feature", "properties": { "内容": "つばめ居宅介護支援事業所【居宅介護支援】京都府綾部市西町一丁目４９番地の１ITビル３階", "url": "https://www.kaigokensaku.mhlw.go.jp/26/index.php?action_kouhyou_detail_004_kani=true&JigyosyoCd=2671800387-00&ServiceCd=430&Type=search", "url2": null }, "geometry": { "type": "Point", "coordinates": [ 135.2563619, 35.2980043 ] } },
{ "type": "Feature", "properties": { "内容": "ミストラル居宅介護支援事業所【居宅介護支援】京都府綾部市栗町土居ノ内31", "url": "https://www.kaigokensaku.mhlw.go.jp/26/index.php?action_kouhyou_detail_004_kani=true&JigyosyoCd=2671800403-00&ServiceCd=430&Type=search", "url2": "https://mistralservice.co.jp/" }, "geometry": { "type": "Point", "coordinates": [ 135.2242568, 35.3159128 ] } },
{ "type": "Feature", "properties": { "内容": "医療法人相幸会　ケアプランセンター頼政道【居宅介護支援】京都府宇治市平尾台４丁目３－３", "url": "https://www.kaigokensaku.mhlw.go.jp/26/index.php?action_kouhyou_detail_004_kani=true&JigyosyoCd=2671201107-00&ServiceCd=430&Type=search", "url2": "http://www.kadosaka-naika.jp/" }, "geometry": { "type": "Point", "coordinates": [ 135.812296025794922, 34.924652084858359 ] } },
{ "type": "Feature", "properties": { "内容": "医療法人糖心会べっぷ居宅介護支援事業所【居宅介護支援】京都府宇治市宇治半白17番地1宇治プラザ202", "url": "https://www.kaigokensaku.mhlw.go.jp/26/index.php?action_kouhyou_detail_004_kani=true&JigyosyoCd=2661290367-00&ServiceCd=430&Type=search", "url2": null }, "geometry": { "type": "Point", "coordinates": [ 135.789638200000013, 34.892214100000018 ] } },
{ "type": "Feature", "properties": { "内容": "社会福祉法人同胞会ケアプランセンターりふれ【居宅介護支援】京都府宇治市伊勢田町若林61－1", "url": "https://www.kaigokensaku.mhlw.go.jp/26/index.php?action_kouhyou_detail_004_kani=true&JigyosyoCd=2671201024-00&ServiceCd=430&Type=search", "url2": "http://www.douhounoie.jp" }, "geometry": { "type": "Point", "coordinates": [ 135.776145521148692, 34.887146003038403 ] } },
{ "type": "Feature", "properties": { "内容": "ケアステーションあさくら【居宅介護支援】宇治市大久保町北ノ山104サンビーム大久保105", "url": "https://www.kaigokensaku.mhlw.go.jp/26/index.php?action_kouhyou_detail_004_kani=true&JigyosyoCd=2661290102-00&ServiceCd=430&Type=search", "url2": "http:///iryouseikyou.jp" }, "geometry": { "type": "Point", "coordinates": [ 135.774148299999979, 34.8720671 ] } },
{ "type": "Feature", "properties": { "内容": "医療法人栄仁会ケアプランセンターおうばく【居宅介護支援】京都府宇治市五ケ庄戸ノ内7番25", "url": "https://www.kaigokensaku.mhlw.go.jp/26/index.php?action_kouhyou_detail_004_kani=true&JigyosyoCd=2671200596-00&ServiceCd=430&Type=search", "url2": "http://www.eijinkai.or.jp" }, "geometry": { "type": "Point", "coordinates": [ 135.79981852318727, 34.904182425187912 ] } },
{ "type": "Feature", "properties": { "内容": "宇治徳洲会介護センター【居宅介護支援】京都府宇治市槙島町石橋63番", "url": "https://www.kaigokensaku.mhlw.go.jp/26/index.php?action_kouhyou_detail_004_kani=true&JigyosyoCd=2611201597-00&ServiceCd=430&Type=search", "url2": "https://www.ujitoku.or.jp/" }, "geometry": { "type": "Point", "coordinates": [ 135.788273335544233, 34.904062432655714 ] } },
{ "type": "Feature", "properties": { "内容": "みんなのケアマネステーション槇島【居宅介護支援】京都府宇治市槇島町落合126番地の3プルネード・マキシマ102号室", "url": "https://www.kaigokensaku.mhlw.go.jp/26/index.php?action_kouhyou_detail_004_kani=true&JigyosyoCd=2661290508-00&ServiceCd=430&Type=search", "url2": null }, "geometry": { "type": "Point", "coordinates": [ 135.774141500000013, 34.9111946 ] } },
{ "type": "Feature", "properties": { "内容": "宇治病院ケアプランセンター【居宅介護支援】京都府宇治市五ケ庄芝ノ東28-3", "url": "https://www.kaigokensaku.mhlw.go.jp/26/index.php?action_kouhyou_detail_004_kani=true&JigyosyoCd=2671200901-00&ServiceCd=430&Type=search", "url2": "http://www.uji-hosp.or.jp/" }, "geometry": { "type": "Point", "coordinates": [ 135.801859299999933, 34.9168131 ] } },
{ "type": "Feature", "properties": { "内容": "居宅介護支援事業所きさと【居宅介護支援】京都府宇治市木幡中村15-63", "url": "https://www.kaigokensaku.mhlw.go.jp/26/index.php?action_kouhyou_detail_004_kani=true&JigyosyoCd=2671201388-00&ServiceCd=430&Type=search", "url2": "http://naika,com/" }, "geometry": { "type": "Point", "coordinates": [ 135.798392093254051, 34.922797626963195 ] } },
{ "type": "Feature", "properties": { "内容": "伝書鳩居宅介護支援事業所【居宅介護支援】宇治市広野町丸山２９－２", "url": "https://www.kaigokensaku.mhlw.go.jp/26/index.php?action_kouhyou_detail_004_kani=true&JigyosyoCd=2671200448-00&ServiceCd=430&Type=search", "url2": null }, "geometry": { "type": "Point", "coordinates": [ 135.787097899999907, 34.8757865 ] } },
{ "type": "Feature", "properties": { "内容": "ケアプランセンターリエゾン宇治おおくぼ【居宅介護支援】京都府宇治市大久保町山ノ内55番地2リエゾン宇治おおくぼ", "url": "https://www.kaigokensaku.mhlw.go.jp/26/index.php?action_kouhyou_detail_004_kani=true&JigyosyoCd=2671201008-00&ServiceCd=430&Type=search", "url2": "http://www.kyoto-keishinkai.or.jp/" }, "geometry": { "type": "Point", "coordinates": [ 135.770954377632165, 34.871110384621446 ] } },
{ "type": "Feature", "properties": { "内容": "新日本ケアサービス【居宅介護支援】京都府宇治市宇治野神65", "url": "https://www.kaigokensaku.mhlw.go.jp/26/index.php?action_kouhyou_detail_004_kani=true&JigyosyoCd=2671200158-00&ServiceCd=430&Type=search", "url2": "http://www" }, "geometry": { "type": "Point", "coordinates": [ 135.7934636, 34.8809415 ] } },
{ "type": "Feature", "properties": { "内容": "ケアプランセンター　さくら【居宅介護支援】京都府宇治市神明宮西37-33古川ビル２F", "url": "https://www.kaigokensaku.mhlw.go.jp/26/index.php?action_kouhyou_detail_004_kani=true&JigyosyoCd=2671201438-00&ServiceCd=430&Type=search", "url2": null }, "geometry": { "type": "Point", "coordinates": [ 135.789919, 34.879605 ] } },
{ "type": "Feature", "properties": { "内容": "医療法人社団服部医院【居宅介護支援】京都府宇治市宇治壱番68番地", "url": "https://www.kaigokensaku.mhlw.go.jp/26/index.php?action_kouhyou_detail_004_kani=true&JigyosyoCd=2611201936-00&ServiceCd=430&Type=search", "url2": "http://www" }, "geometry": { "type": "Point", "coordinates": [ 135.801762199999956, 34.8897378 ] } },
{ "type": "Feature", "properties": { "内容": "一般財団法人宇治市福祉サービス公社　東宇治【居宅介護支援】宇治市五ケ庄折坂５－１４９", "url": "https://www.kaigokensaku.mhlw.go.jp/26/index.php?action_kouhyou_detail_004_kani=true&JigyosyoCd=2671200075-00&ServiceCd=430&Type=search", "url2": "https://www.poppo.or.jp/" }, "geometry": { "type": "Point", "coordinates": [ 135.806391699999949, 34.9076778 ] } },
{ "type": "Feature", "properties": { "内容": "ヴィラ鳳凰居宅介護支援事業所【居宅介護支援】京都府宇治市宇治里尻36番35", "url": "https://www.kaigokensaku.mhlw.go.jp/26/index.php?action_kouhyou_detail_004_kani=true&JigyosyoCd=2671200554-00&ServiceCd=430&Type=search", "url2": "https://www.takedahp.or.jp/group/welfare/kyotoninchisho02/kyotakukaigo.html" }, "geometry": { "type": "Point", "coordinates": [ 135.801778799999965, 34.8929819 ] } },
{ "type": "Feature", "properties": { "内容": "まごころ園居宅介護支援事業所【居宅介護支援】京都府宇治市広野町東裏108-42階", "url": "https://www.kaigokensaku.mhlw.go.jp/26/index.php?action_kouhyou_detail_004_kani=true&JigyosyoCd=2671200752-00&ServiceCd=430&Type=search", "url2": "https://www.micro-fukushikai.or.jp" }, "geometry": { "type": "Point", "coordinates": [ 135.781877221192929, 34.875225004143005 ] } },
{ "type": "Feature", "properties": { "内容": "白川明星園介護サービスセンター【居宅介護支援】宇治市神明宮西5番地２階", "url": "https://www.kaigokensaku.mhlw.go.jp/26/index.php?action_kouhyou_detail_004_kani=true&JigyosyoCd=2671200646-00&ServiceCd=430&Type=search", "url2": "http://www.myoujyo.or.jp" }, "geometry": { "type": "Point", "coordinates": [ 135.787750499999987, 34.8778974 ] } },
{ "type": "Feature", "properties": { "内容": "宇治市小倉介護サービスセンター【居宅介護支援】京都府宇治市小倉町西畑1-4", "url": "https://www.kaigokensaku.mhlw.go.jp/26/index.php?action_kouhyou_detail_004_kani=true&JigyosyoCd=2671200059-00&ServiceCd=430&Type=search", "url2": "http://www.myoujyo.or.jp/ogura/" }, "geometry": { "type": "Point", "coordinates": [ 135.782597600000031, 34.8877878 ] } },
{ "type": "Feature", "properties": { "内容": "宇治明星園介護サービスセンター【居宅介護支援】京都府宇治市菟道岡谷16番地の3", "url": "https://www.kaigokensaku.mhlw.go.jp/26/index.php?action_kouhyou_detail_004_kani=true&JigyosyoCd=2671200042-00&ServiceCd=430&Type=search", "url2": "http://www.myoujyo.or.jp" }, "geometry": { "type": "Point", "coordinates": [ 135.820362899999964, 34.897343 ] } },
{ "type": "Feature", "properties": { "内容": "一般財団法人宇治市福祉サービス公社　中宇治【居宅介護支援】京都府宇治市宇治琵琶１－３", "url": "https://www.kaigokensaku.mhlw.go.jp/26/index.php?action_kouhyou_detail_004_kani=true&JigyosyoCd=2671200877-00&ServiceCd=430&Type=search", "url2": "http://www.poppo.or.jp" }, "geometry": { "type": "Point", "coordinates": [ 135.799057100000027, 34.886424300000016 ] } },
{ "type": "Feature", "properties": { "内容": "宇治病院ケアプランセンター大久保【居宅介護支援】京都府宇治市大久保町上ノ山32-２石田ビル１階", "url": "https://www.kaigokensaku.mhlw.go.jp/26/index.php?action_kouhyou_detail_004_kani=true&JigyosyoCd=2671201404-00&ServiceCd=430&Type=search", "url2": "https://uji-hp.or.jp" }, "geometry": { "type": "Point", "coordinates": [ 135.777500922753916, 34.870869053511584 ] } },
{ "type": "Feature", "properties": { "内容": "社会福祉法人不動園　天ヶ瀬苑居宅介護支援事業所【居宅介護支援】京都府宇治市宇治妙楽１７５番１１宇治橋ふれあい館　２階", "url": "https://www.kaigokensaku.mhlw.go.jp/26/index.php?action_kouhyou_detail_004_kani=true&JigyosyoCd=2671200976-00&ServiceCd=430&Type=search", "url2": "http://fudouen.com/" }, "geometry": { "type": "Point", "coordinates": [ 135.805167399999959, 34.8920627 ] } },
{ "type": "Feature", "properties": { "内容": "社会医療法人岡本病院（財団）岡本介護支援センターひまわり【居宅介護支援】京都府宇治市神明石塚54-18おかもとクリニック", "url": "https://www.kaigokensaku.mhlw.go.jp/26/index.php?action_kouhyou_detail_004_kani=true&JigyosyoCd=2611201530-00&ServiceCd=430&Type=search", "url2": "http://www.okamoto-hp.or.jp" }, "geometry": { "type": "Point", "coordinates": [ 135.78366276441804, 34.884702994081685 ] } },
{ "type": "Feature", "properties": { "内容": "居宅介護支援センターうじがわ【居宅介護支援】京都府宇治市小倉町老ノ木31", "url": "https://www.kaigokensaku.mhlw.go.jp/26/index.php?action_kouhyou_detail_004_kani=true&JigyosyoCd=2611201514-00&ServiceCd=430&Type=search", "url2": "kyotauji2@jinshinkai.or.jp" }, "geometry": { "type": "Point", "coordinates": [ 135.784441499999929, 34.8941787 ] } },
{ "type": "Feature", "properties": { "内容": "居宅介護支援事業所宇治【居宅介護支援】宇治市宇治山本－25-2", "url": "https://www.kaigokensaku.mhlw.go.jp/26/index.php?action_kouhyou_detail_004_kani=true&JigyosyoCd=2671200471-00&ServiceCd=430&Type=search", "url2": "http://www.rakuwa.or.jp" }, "geometry": { "type": "Point", "coordinates": [ 135.810326767810807, 34.894612276952131 ] } },
{ "type": "Feature", "properties": { "内容": "ニチイケアセンター宇治【居宅介護支援】京都府宇治市宇治壱番134－1宇治荒川ビル1Ｆ", "url": "https://www.kaigokensaku.mhlw.go.jp/26/index.php?action_kouhyou_detail_004_kani=true&JigyosyoCd=2671200208-00&ServiceCd=430&Type=search", "url2": "http://www.nichiigakkan.co.jp" }, "geometry": { "type": "Point", "coordinates": [ 135.799302399999988, 34.8870604 ] } },
{ "type": "Feature", "properties": { "内容": "ニングルの森　平尾【居宅介護支援】京都府宇治市平尾台1丁目3-8", "url": "https://www.kaigokensaku.mhlw.go.jp/26/index.php?action_kouhyou_detail_004_kani=true&JigyosyoCd=2671200117-00&ServiceCd=430&Type=search", "url2": "http://www.ninguru.co.jp" }, "geometry": { "type": "Point", "coordinates": [ 135.8118829, 34.9242709 ] } },
{ "type": "Feature", "properties": { "内容": "宇治さわらび園居宅介護支援事業所【居宅介護支援】宇治市槙島町郡50-1", "url": "https://www.kaigokensaku.mhlw.go.jp/26/index.php?action_kouhyou_detail_004_kani=true&JigyosyoCd=2671200141-00&ServiceCd=430&Type=search", "url2": "http://www.sawarabi.or.jp/" }, "geometry": { "type": "Point", "coordinates": [ 135.792054199999939, 34.9029278 ] } },
{ "type": "Feature", "properties": { "内容": "一般財団法人宇治市福祉サービス公社　広野【居宅介護支援】京都府宇治市広野町大開７２－１", "url": "https://www.kaigokensaku.mhlw.go.jp/26/index.php?action_kouhyou_detail_004_kani=true&JigyosyoCd=2671200240-00&ServiceCd=430&Type=search", "url2": "http://www.poppo.or.jp" }, "geometry": { "type": "Point", "coordinates": [ 135.792364, 34.8752616 ] } },
{ "type": "Feature", "properties": { "内容": "ケアーセンターしらいと【居宅介護支援】京都府宇治市木幡正中５７番地４サンシティ正中１０１号", "url": "https://www.kaigokensaku.mhlw.go.jp/26/index.php?action_kouhyou_detail_004_kani=true&JigyosyoCd=2661290342-00&ServiceCd=430&Type=search", "url2": null }, "geometry": { "type": "Point", "coordinates": [ 135.800535200000013, 34.930075 ] } },
{ "type": "Feature", "properties": { "内容": "平盛居宅介護支援事業所【居宅介護支援】宇治市大久保町平盛91-3", "url": "https://www.kaigokensaku.mhlw.go.jp/26/index.php?action_kouhyou_detail_004_kani=true&JigyosyoCd=2671200018-00&ServiceCd=430&Type=search", "url2": "https://fudouen.com/" }, "geometry": { "type": "Point", "coordinates": [ 135.763828099999955, 34.8702761 ] } },
{ "type": "Feature", "properties": { "内容": "一般財団法人　宇治市福祉サービス公社西小倉【居宅介護支援】小倉町山際63-1", "url": "https://www.kaigokensaku.mhlw.go.jp/26/index.php?action_kouhyou_detail_004_kani=true&JigyosyoCd=2671200083-00&ServiceCd=430&Type=search", "url2": "http://www.poppo.or.jp" }, "geometry": { "type": "Point", "coordinates": [ 135.775398200000041, 34.888543299999974 ] } },
{ "type": "Feature", "properties": { "内容": "ケアプランセンター　フィット・宇治【居宅介護支援】木幡北畠24カーサデルクオーレ宇治", "url": "https://www.kaigokensaku.mhlw.go.jp/26/index.php?action_kouhyou_detail_004_kani=true&JigyosyoCd=2671201081-00&ServiceCd=430&Type=search", "url2": null }, "geometry": { "type": "Point", "coordinates": [ 135.8023681, 34.9271907 ] } },
{ "type": "Feature", "properties": { "内容": "ケアプランセンターレイズ宇治【居宅介護支援】京都府宇治市宇治戸ノ内39‐6", "url": "https://www.kaigokensaku.mhlw.go.jp/26/index.php?action_kouhyou_detail_004_kani=true&JigyosyoCd=2671201669-00&ServiceCd=430&Type=search", "url2": null }, "geometry": { "type": "Point", "coordinates": [ 135.7986465, 34.8909578 ] } },
{ "type": "Feature", "properties": { "内容": "ケアプランこむぎ【居宅介護支援】京都府宇治市明星町２丁目６番地の141", "url": "https://www.kaigokensaku.mhlw.go.jp/26/index.php?action_kouhyou_detail_004_kani=true&JigyosyoCd=2671201677-00&ServiceCd=430&Type=search", "url2": "https://komugicare.com" }, "geometry": { "type": "Point", "coordinates": [ 135.818463900000012, 34.8944092 ] } },
{ "type": "Feature", "properties": { "内容": "ケアプランセンター　ナービス宇治【居宅介護支援】京都府宇治市莵道田中20番地1", "url": "https://www.kaigokensaku.mhlw.go.jp/26/index.php?action_kouhyou_detail_004_kani=true&JigyosyoCd=2671201651-00&ServiceCd=430&Type=search", "url2": "https://joylife.alsok.co.jp" }, "geometry": { "type": "Point", "coordinates": [ 135.8089563, 34.8979513 ] } },
{ "type": "Feature", "properties": { "内容": "ケアプランセンター長寿【居宅介護支援】京都府宇治市小倉町南堀池65番地41", "url": "https://www.kaigokensaku.mhlw.go.jp/26/index.php?action_kouhyou_detail_004_kani=true&JigyosyoCd=2671201701-00&ServiceCd=430&Type=search", "url2": null }, "geometry": { "type": "Point", "coordinates": [ 135.776382, 34.8939982 ] } },
{ "type": "Feature", "properties": { "内容": "ケアプランセンター真恵【居宅介護支援】京都府宇治市広野町丸山７メイゾンドボワー１０３", "url": "https://www.kaigokensaku.mhlw.go.jp/26/index.php?action_kouhyou_detail_004_kani=true&JigyosyoCd=2671201016-00&ServiceCd=430&Type=search", "url2": null }, "geometry": { "type": "Point", "coordinates": [ 135.784575099999984, 34.875209700000021 ] } },
{ "type": "Feature", "properties": { "内容": "ワンサポート京都【居宅介護支援】京都府宇治市菟道只川32-3", "url": "https://www.kaigokensaku.mhlw.go.jp/26/index.php?action_kouhyou_detail_004_kani=true&JigyosyoCd=2671201768-00&ServiceCd=430&Type=search", "url2": null }, "geometry": { "type": "Point", "coordinates": [ 135.813639599999988, 34.8985975 ] } },
{ "type": "Feature", "properties": { "内容": "医療法人社団神野医院ケアプランセンターライヴ【居宅介護支援】六地蔵町並39番地じんのクリニック介護センターライヴ", "url": "https://www.kaigokensaku.mhlw.go.jp/26/index.php?action_kouhyou_detail_004_kani=true&JigyosyoCd=2671200836-00&ServiceCd=430&Type=search", "url2": "http://jinno-mg.or.jp/" }, "geometry": { "type": "Point", "coordinates": [ 135.799784, 34.933628 ] } },
{ "type": "Feature", "properties": { "内容": "居宅介護支援事業所青嵐荘【居宅介護支援】京都府宮津市字江尻267番地3", "url": "https://www.kaigokensaku.mhlw.go.jp/26/index.php?action_kouhyou_detail_004_kani=true&JigyosyoCd=2672100068-00&ServiceCd=430&Type=search", "url2": "http://www.seiransou.jp" }, "geometry": { "type": "Point", "coordinates": [ 135.198504270100443, 35.58050794726195 ] } },
{ "type": "Feature", "properties": { "内容": "夕凪の里　居宅介護支援事業所【居宅介護支援】京都府宮津市字波路小字新町２４３３番地", "url": "https://www.kaigokensaku.mhlw.go.jp/26/index.php?action_kouhyou_detail_004_kani=true&JigyosyoCd=2672100134-00&ServiceCd=430&Type=search", "url2": "https://428kai.or.jp/" }, "geometry": { "type": "Point", "coordinates": [ 135.206713760665906, 35.537733139511104 ] } },
{ "type": "Feature", "properties": { "内容": "天橋園居宅介護支援事業所【居宅介護支援】京都府宮津市字惣４２０番地の1", "url": "https://www.kaigokensaku.mhlw.go.jp/26/index.php?action_kouhyou_detail_004_kani=true&JigyosyoCd=2672100027-00&ServiceCd=430&Type=search", "url2": "http://www.hokuseikai.or.jp/" }, "geometry": { "type": "Point", "coordinates": [ 135.201019, 35.531160500000034 ] } },
{ "type": "Feature", "properties": { "内容": "なぎさ苑居宅介護支援事業所【居宅介護支援】京都府宮津市字須津2268番地の1", "url": "https://www.kaigokensaku.mhlw.go.jp/26/index.php?action_kouhyou_detail_004_kani=true&JigyosyoCd=2652180015-00&ServiceCd=430&Type=search", "url2": "http://www.hokuseikai.or.jp/nagisaen/" }, "geometry": { "type": "Point", "coordinates": [ 135.159832899999969, 35.5534904 ] } },
{ "type": "Feature", "properties": { "内容": "指定居宅介護支援事業所きずな【居宅介護支援】京都府亀岡市安町野々神38-2サカイビル２Ｆ", "url": "https://www.kaigokensaku.mhlw.go.jp/26/index.php?action_kouhyou_detail_004_kani=true&JigyosyoCd=2671600464-00&ServiceCd=430&Type=search", "url2": "http://npo-wels/org" }, "geometry": { "type": "Point", "coordinates": [ 135.572378128654464, 35.014106474645203 ] } },
{ "type": "Feature", "properties": { "内容": "ムツミ老人介護支援センター【居宅介護支援】京都府亀岡市下矢田町君塚8番地", "url": "https://www.kaigokensaku.mhlw.go.jp/26/index.php?action_kouhyou_detail_004_kani=true&JigyosyoCd=2611600558-00&ServiceCd=430&Type=search", "url2": "http://www.eonet.ne.jp/~mutumihp" }, "geometry": { "type": "Point", "coordinates": [ 135.577376714958206, 35.002046843323953 ] } },
{ "type": "Feature", "properties": { "内容": "ケアプランセンターえんじゅ亀岡【居宅介護支援】京都府亀岡市安町58-2", "url": "https://www.kaigokensaku.mhlw.go.jp/26/index.php?action_kouhyou_detail_004_kani=true&JigyosyoCd=2671600480-00&ServiceCd=430&Type=search", "url2": null }, "geometry": { "type": "Point", "coordinates": [ 135.573992399999952, 35.0155191 ] } },
{ "type": "Feature", "properties": { "内容": "医療法人社団飯野小児科内科医院【居宅介護支援】京都府亀岡市南つつじヶ丘大葉台2丁目44-1", "url": "https://www.kaigokensaku.mhlw.go.jp/26/index.php?action_kouhyou_detail_004_kani=true&JigyosyoCd=2611601515-00&ServiceCd=430&Type=search", "url2": null }, "geometry": { "type": "Point", "coordinates": [ 135.589796699999965, 34.9917768 ] } },
{ "type": "Feature", "properties": { "内容": "亀岡あゆみ居宅介護支援事業所【居宅介護支援】京都府亀岡市篠町篠下中筋45-3", "url": "https://www.kaigokensaku.mhlw.go.jp/26/index.php?action_kouhyou_detail_004_kani=true&JigyosyoCd=2671600118-00&ServiceCd=430&Type=search", "url2": "http://www.kameoka-ayumi.com" }, "geometry": { "type": "Point", "coordinates": [ 135.612760900000012, 35.0048846 ] } },
{ "type": "Feature", "properties": { "内容": "陽生苑　居宅介護支援事業所【居宅介護支援】京都府亀岡市篠町篠洗川47番地1", "url": "https://www.kaigokensaku.mhlw.go.jp/26/index.php?action_kouhyou_detail_004_kani=true&JigyosyoCd=2651680023-00&ServiceCd=430&Type=search", "url2": "https://youseien.sakura.ne.jp/" }, "geometry": { "type": "Point", "coordinates": [ 135.603348, 34.9989933 ] } },
{ "type": "Feature", "properties": { "内容": "医療法人大澤会居宅介護支援事業所こもれび【居宅介護支援】京都府亀岡市千代川町北ノ庄向条24番地", "url": "https://www.kaigokensaku.mhlw.go.jp/26/index.php?action_kouhyou_detail_004_kani=true&JigyosyoCd=2651680015-00&ServiceCd=430&Type=search", "url2": "http://www.osawa-komorebi.com" }, "geometry": { "type": "Point", "coordinates": [ 135.528977, 35.052152 ] } },
{ "type": "Feature", "properties": { "内容": "居宅介護支援事業所「花もみじ」【居宅介護支援】京都府亀岡市余部町清水26番地1", "url": "https://www.kaigokensaku.mhlw.go.jp/26/index.php?action_kouhyou_detail_004_kani=true&JigyosyoCd=2671600613-00&ServiceCd=430&Type=search", "url2": null }, "geometry": { "type": "Point", "coordinates": [ 135.576676137959311, 35.018020678748861 ] } },
{ "type": "Feature", "properties": { "内容": "第二亀岡園老人介護支援センター【居宅介護支援】京都府亀岡市ひえ田野町奥条古畑2番地", "url": "https://www.kaigokensaku.mhlw.go.jp/26/index.php?action_kouhyou_detail_004_kani=true&JigyosyoCd=2671600035-00&ServiceCd=430&Type=search", "url2": "http://www.rishoukai.com/" }, "geometry": { "type": "Point", "coordinates": [ 135.50986469999998, 35.0297009 ] } },
{ "type": "Feature", "properties": { "内容": "社会福祉法人亀岡市社会福祉協議会居宅介護支援センター【居宅介護支援】京都府亀岡市余部町樋又61番地の1ふれあいプラザ内", "url": "https://www.kaigokensaku.mhlw.go.jp/26/index.php?action_kouhyou_detail_004_kani=true&JigyosyoCd=2671600027-00&ServiceCd=430&Type=search", "url2": "http://www.fukukame-net.or.jp" }, "geometry": { "type": "Point", "coordinates": [ 135.565127930271956, 35.014729331657129 ] } },
{ "type": "Feature", "properties": { "内容": "医療法人亀岡病院　居宅介護総合支援センター【居宅介護支援】京都府亀岡市新町15", "url": "https://www.kaigokensaku.mhlw.go.jp/26/index.php?action_kouhyou_detail_004_kani=true&JigyosyoCd=2671600175-00&ServiceCd=430&Type=search", "url2": "https://kameokahp.com/kyotaku/service/center.html" }, "geometry": { "type": "Point", "coordinates": [ 135.580438125795041, 35.010093162396018 ] } },
{ "type": "Feature", "properties": { "内容": "なのはな居宅介護支援事業所【居宅介護支援】京都府亀岡市千代川町小川１丁目７番８号", "url": "https://www.kaigokensaku.mhlw.go.jp/26/index.php?action_kouhyou_detail_004_kani=true&JigyosyoCd=2671600654-00&ServiceCd=430&Type=search", "url2": null }, "geometry": { "type": "Point", "coordinates": [ 135.545484, 35.0456908 ] } },
{ "type": "Feature", "properties": { "内容": "亀岡シミズ居宅介護支援事業所【居宅介護支援】亀岡市西つつじヶ丘1丁目16番3号", "url": "https://www.kaigokensaku.mhlw.go.jp/26/index.php?action_kouhyou_detail_004_kani=true&JigyosyoCd=2671600191-00&ServiceCd=430&Type=search", "url2": "http://www.shimizu-hospital.or.jp" }, "geometry": { "type": "Point", "coordinates": [ 135.59530970000003, 35.0028843 ] } },
{ "type": "Feature", "properties": { "内容": "ゆずりは居宅介護支援事業所【居宅介護支援】京都府亀岡市篠町柏原上小井根１番地58", "url": "https://www.kaigokensaku.mhlw.go.jp/26/index.php?action_kouhyou_detail_004_kani=true&JigyosyoCd=2671600712-00&ServiceCd=430&Type=search", "url2": "http://hp.kaipoke.biz/vpf" }, "geometry": { "type": "Point", "coordinates": [ 135.5929643, 35.0103184 ] } },
{ "type": "Feature", "properties": { "内容": "株式会社康生会　三愛の里　居宅介護支援事業所【居宅介護支援】宇津根町土井ノ内４８ー１", "url": "https://www.kaigokensaku.mhlw.go.jp/26/index.php?action_kouhyou_detail_004_kani=true&JigyosyoCd=2671600787-00&ServiceCd=430&Type=search", "url2": "https://www.san-ainosato.com/" }, "geometry": { "type": "Point", "coordinates": [ 135.567437213491843, 35.023165977067244 ] } },
{ "type": "Feature", "properties": { "内容": "居宅介護支援事業所そらいろ【居宅介護支援】篠町馬堀駅前2丁目4-3WESTVALLEYKYOTO馬堀102号", "url": "https://www.kaigokensaku.mhlw.go.jp/26/index.php?action_kouhyou_detail_004_kani=true&JigyosyoCd=2671600811-00&ServiceCd=430&Type=search", "url2": "http://liberaxio.com" }, "geometry": { "type": "Point", "coordinates": [ 135.603464699999989, 35.0108142 ] } },
{ "type": "Feature", "properties": { "内容": "亀岡友愛園【居宅介護支援】京都府亀岡市本梅町ナベ倉12", "url": "https://www.kaigokensaku.mhlw.go.jp/26/index.php?action_kouhyou_detail_004_kani=true&JigyosyoCd=2671600019-00&ServiceCd=430&Type=search", "url2": "http://www.yuaien.or.jp" }, "geometry": { "type": "Point", "coordinates": [ 135.495763600000032, 35.0186629 ] } },
{ "type": "Feature", "properties": { "内容": "医療法人啓信会訪問看護ステーションきづ川はろー【居宅介護支援】城陽市平川西六反46番地１", "url": "https://www.kaigokensaku.mhlw.go.jp/26/index.php?action_kouhyou_detail_004_kani=true&JigyosyoCd=2662890033-00&ServiceCd=430&Type=search", "url2": "http://www" }, "geometry": { "type": "Point", "coordinates": [ 135.761353399999962, 34.8660653 ] } },
{ "type": "Feature", "properties": { "内容": "居宅介護支援センター萌木の村【居宅介護支援】城陽市寺田奥山1-6", "url": "https://www.kaigokensaku.mhlw.go.jp/26/index.php?action_kouhyou_detail_004_kani=true&JigyosyoCd=2672800089-00&ServiceCd=430&Type=search", "url2": "http://www.kyoto-keishinkai.or.jp/" }, "geometry": { "type": "Point", "coordinates": [ 135.802052199999906, 34.8570274 ] } },
{ "type": "Feature", "properties": { "内容": "医療法人晴風園　訪問看護ステーションゆりかご【居宅介護支援】城陽市寺田垣内後43-10", "url": "https://www.kaigokensaku.mhlw.go.jp/26/index.php?action_kouhyou_detail_004_kani=true&JigyosyoCd=2662890017-00&ServiceCd=430&Type=search", "url2": "https://hoyu-hp.jp/" }, "geometry": { "type": "Point", "coordinates": [ 135.778193500000043, 34.8565884 ] } },
{ "type": "Feature", "properties": { "内容": "指定居宅介護支援事業所　ひだまり【居宅介護支援】京都府城陽市平川浜道裏２０－１", "url": "https://www.kaigokensaku.mhlw.go.jp/26/index.php?action_kouhyou_detail_004_kani=true&JigyosyoCd=2672800063-00&ServiceCd=430&Type=search", "url2": "http://www.joyofukushikai.com/" }, "geometry": { "type": "Point", "coordinates": [ 135.765275200000019, 34.8676013 ] } },
{ "type": "Feature", "properties": { "内容": "ケアプランセンター　コネクト【居宅介護支援】京都府城陽市久世下大谷46番地５", "url": "https://www.kaigokensaku.mhlw.go.jp/26/index.php?action_kouhyou_detail_004_kani=true&JigyosyoCd=2672800436-00&ServiceCd=430&Type=search", "url2": null }, "geometry": { "type": "Point", "coordinates": [ 135.7845103, 34.8677456 ] } },
{ "type": "Feature", "properties": { "内容": "きらっと介護支援センター【居宅介護支援】京都府城陽市寺田高田56-17", "url": "https://www.kaigokensaku.mhlw.go.jp/26/index.php?action_kouhyou_detail_004_kani=true&JigyosyoCd=2672800212-00&ServiceCd=430&Type=search", "url2": "https://www.kiratto.or.jp/" }, "geometry": { "type": "Point", "coordinates": [ 135.77856783749391, 34.853618512453465 ] } },
{ "type": "Feature", "properties": { "内容": "ケアプランセンタ―　beone【居宅介護支援】京都府城陽市寺田水度坂１５番地２５８", "url": "https://www.kaigokensaku.mhlw.go.jp/26/index.php?action_kouhyou_detail_004_kani=true&JigyosyoCd=2672800543-00&ServiceCd=430&Type=search", "url2": null }, "geometry": { "type": "Point", "coordinates": [ 135.785563257672123, 34.855602493957605 ] } },
{ "type": "Feature", "properties": { "内容": "ハートケア城陽【居宅介護支援】京都府城陽市寺田樋尻18-63階", "url": "https://www.kaigokensaku.mhlw.go.jp/26/index.php?action_kouhyou_detail_004_kani=true&JigyosyoCd=2672800444-00&ServiceCd=430&Type=search", "url2": "http://kango.medi-care.co.jp/" }, "geometry": { "type": "Point", "coordinates": [ 135.770232399999941, 34.85257570000001 ] } },
{ "type": "Feature", "properties": { "内容": "ケアプランセンターユキちゃん【居宅介護支援】京都府城陽市寺田樋尻56番地の29", "url": "https://www.kaigokensaku.mhlw.go.jp/26/index.php?action_kouhyou_detail_004_kani=true&JigyosyoCd=2672800519-00&ServiceCd=430&Type=search", "url2": "https://www.yuki-channel.com/" }, "geometry": { "type": "Point", "coordinates": [ 135.7700375, 34.853183 ] } },
{ "type": "Feature", "properties": { "内容": "社会福祉法人　城陽市社会福祉協議会　居宅介護支援事業所【居宅介護支援】京都府城陽市寺田袋尻23-6セゾン城陽", "url": "https://www.kaigokensaku.mhlw.go.jp/26/index.php?action_kouhyou_detail_004_kani=true&JigyosyoCd=2672800022-00&ServiceCd=430&Type=search", "url2": "https://jyoshakyo.or.jp/" }, "geometry": { "type": "Point", "coordinates": [ 135.781437520011707, 34.852188104503355 ] } },
{ "type": "Feature", "properties": { "内容": "花しょうぶケアプランセンター【居宅介護支援】京都府城陽市寺田大川原17番地の5号", "url": "https://www.kaigokensaku.mhlw.go.jp/26/index.php?action_kouhyou_detail_004_kani=true&JigyosyoCd=2672800451-00&ServiceCd=430&Type=search", "url2": null }, "geometry": { "type": "Point", "coordinates": [ 135.7882889, 34.8504069 ] } },
{ "type": "Feature", "properties": { "内容": "居宅介護支援事業所　ほほえみ【居宅介護支援】城陽市枇杷庄大堀９４", "url": "https://www.kaigokensaku.mhlw.go.jp/26/index.php?action_kouhyou_detail_004_kani=true&JigyosyoCd=2672800154-00&ServiceCd=430&Type=search", "url2": null }, "geometry": { "type": "Point", "coordinates": [ 135.770083099999965, 34.8365791 ] } },
{ "type": "Feature", "properties": { "内容": "コクラ医院　居宅介護支援センター【居宅介護支援】京都府城陽市久世下大谷18-103", "url": "https://www.kaigokensaku.mhlw.go.jp/26/index.php?action_kouhyou_detail_004_kani=true&JigyosyoCd=2672800527-00&ServiceCd=430&Type=search", "url2": "https://www.kokura-iin.com" }, "geometry": { "type": "Point", "coordinates": [ 135.7816302, 34.8691876 ] } },
{ "type": "Feature", "properties": { "内容": "医療法人清福会安見内科医院介護支援事業所【居宅介護支援】京都府城陽市枇杷庄鹿背田３７番地９", "url": "https://www.kaigokensaku.mhlw.go.jp/26/index.php?action_kouhyou_detail_004_kani=true&JigyosyoCd=2612801445-00&ServiceCd=430&Type=search", "url2": null }, "geometry": { "type": "Point", "coordinates": [ 135.7733464, 34.8390388 ] } },
{ "type": "Feature", "properties": { "内容": "居宅介護支援ホワイティー【居宅介護支援】城陽市市辺小梨間31-8", "url": "https://www.kaigokensaku.mhlw.go.jp/26/index.php?action_kouhyou_detail_004_kani=true&JigyosyoCd=2672800220-00&ServiceCd=430&Type=search", "url2": "http://www.whyty.jp/" }, "geometry": { "type": "Point", "coordinates": [ 135.802237993917856, 34.8273831 ] } },
{ "type": "Feature", "properties": { "内容": "居宅介護支援友愛【居宅介護支援】京都府城陽市寺田乾出北４５番地", "url": "https://www.kaigokensaku.mhlw.go.jp/26/index.php?action_kouhyou_detail_004_kani=true&JigyosyoCd=2672800287-00&ServiceCd=430&Type=search", "url2": "https://uihm.jp" }, "geometry": { "type": "Point", "coordinates": [ 135.770263699999987, 34.8560801 ] } },
{ "type": "Feature", "properties": { "内容": "向陽苑居宅介護支援事業所【居宅介護支援】京都府向日市上植野町五ノ坪1番地の2", "url": "https://www.kaigokensaku.mhlw.go.jp/26/index.php?action_kouhyou_detail_004_kani=true&JigyosyoCd=2673100018-00&ServiceCd=430&Type=search", "url2": "http://www.kouyou26.com/" }, "geometry": { "type": "Point", "coordinates": [ 135.711297599999966, 34.9376427 ] } },
{ "type": "Feature", "properties": { "内容": "SOMPOケア京都東向日居宅介護支援【居宅介護支援】京都府向日市寺戸町殿長15-1そんぽの家Ｓ京都東向日", "url": "https://www.kaigokensaku.mhlw.go.jp/26/index.php?action_kouhyou_detail_004_kani=true&JigyosyoCd=2673100323-00&ServiceCd=430&Type=search", "url2": "https://www.amille.jp/" }, "geometry": { "type": "Point", "coordinates": [ 135.702826499999986, 34.9513077 ] } },
{ "type": "Feature", "properties": { "内容": "居宅介護支援事業所こころ【居宅介護支援】京都府向日市上植野町吉備寺８番地パネフリ第二ビル４Ｆ", "url": "https://www.kaigokensaku.mhlw.go.jp/26/index.php?action_kouhyou_detail_004_kani=true&JigyosyoCd=2673100125-00&ServiceCd=430&Type=search", "url2": "https://kaigo-cocoro.com/" }, "geometry": { "type": "Point", "coordinates": [ 135.702062260374419, 34.933882552910603 ] } },
{ "type": "Feature", "properties": { "内容": "居宅介護支援事業所にこにこハウス【居宅介護支援】京都府向日市物集女町坂本12-11キャッスルササイ101号室", "url": "https://www.kaigokensaku.mhlw.go.jp/26/index.php?action_kouhyou_detail_004_kani=true&JigyosyoCd=2673100349-00&ServiceCd=430&Type=search", "url2": null }, "geometry": { "type": "Point", "coordinates": [ 135.693591436271902, 34.96840673404278 ] } },
{ "type": "Feature", "properties": { "内容": "しあわせケアプランセンター【居宅介護支援】京都府向日市上植野町樋爪８－19", "url": "https://www.kaigokensaku.mhlw.go.jp/26/index.php?action_kouhyou_detail_004_kani=true&JigyosyoCd=2673100208-00&ServiceCd=430&Type=search", "url2": null }, "geometry": { "type": "Point", "coordinates": [ 135.709357247221334, 34.933485663080134 ] } },
{ "type": "Feature", "properties": { "内容": "居宅介護支援事業所　サンフラワーガーデン【居宅介護支援】京都府向日市物集女町森ノ下12番地1", "url": "https://www.kaigokensaku.mhlw.go.jp/26/index.php?action_kouhyou_detail_004_kani=true&JigyosyoCd=2673100133-00&ServiceCd=430&Type=search", "url2": "https://sgarden.or.jp/wordpress/" }, "geometry": { "type": "Point", "coordinates": [ 135.69982159999995, 34.962987 ] } },
{ "type": "Feature", "properties": { "内容": "乙訓医療生活協同組合医誠会診療所【居宅介護支援】京都府向日市寺戸町殿長37番地", "url": "https://www.kaigokensaku.mhlw.go.jp/26/index.php?action_kouhyou_detail_004_kani=true&JigyosyoCd=2613100656-00&ServiceCd=430&Type=search", "url2": "http://www.otokuni-hcoop.com/" }, "geometry": { "type": "Point", "coordinates": [ 135.700373899999931, 34.9504383 ] } },
{ "type": "Feature", "properties": { "内容": "居宅介護支援事業所サニーリッジ【居宅介護支援】京都府向日市物集女町池ノ裏18-1", "url": "https://www.kaigokensaku.mhlw.go.jp/26/index.php?action_kouhyou_detail_004_kani=true&JigyosyoCd=2673100075-00&ServiceCd=430&Type=search", "url2": "http://www.sunny-ridge.jp/sunnyridge/kyotaku/" }, "geometry": { "type": "Point", "coordinates": [ 135.694812273240217, 34.965739998321276 ] } },
{ "type": "Feature", "properties": { "内容": "向日市社協居宅介護支援事業所【居宅介護支援】京都府向日市寺戸町西野辺1-7向日市福祉会館内", "url": "https://www.kaigokensaku.mhlw.go.jp/26/index.php?action_kouhyou_detail_004_kani=true&JigyosyoCd=2673100026-00&ServiceCd=430&Type=search", "url2": "https://muko-shakyo.or.jp/" }, "geometry": { "type": "Point", "coordinates": [ 135.700071100000059, 34.948269 ] } },
{ "type": "Feature", "properties": { "内容": "ケアセンター回生居宅介護支援事業所【居宅介護支援】向日市物集女町中海道19番地の5", "url": "https://www.kaigokensaku.mhlw.go.jp/26/index.php?action_kouhyou_detail_004_kani=true&JigyosyoCd=2653180014-00&ServiceCd=430&Type=search", "url2": "http://www.kaiseikai.or.jp" }, "geometry": { "type": "Point", "coordinates": [ 135.691264, 34.9627287 ] } },
{ "type": "Feature", "properties": { "内容": "居宅介護支援事業所すみれ【居宅介護支援】京都府長岡京市奥海印寺八戸木18-1", "url": "https://www.kaigokensaku.mhlw.go.jp/26/index.php?action_kouhyou_detail_004_kani=true&JigyosyoCd=2673000580-00&ServiceCd=430&Type=search", "url2": null }, "geometry": { "type": "Point", "coordinates": [ 135.67547060000004, 34.9230209 ] } },
{ "type": "Feature", "properties": { "内容": "ラポールおとくに居宅介護支援事業所【居宅介護支援】長岡京市天神1丁目8-21　201", "url": "https://www.kaigokensaku.mhlw.go.jp/26/index.php?action_kouhyou_detail_004_kani=true&JigyosyoCd=2673000275-00&ServiceCd=430&Type=search", "url2": "https://rapor-rakusai.jimdofree.com/" }, "geometry": { "type": "Point", "coordinates": [ 135.69121249091728, 34.924068249663968 ] } },
{ "type": "Feature", "properties": { "内容": "千春会居宅介護支援事業所開田【居宅介護支援】京都府長岡京市開田２丁目1２番３号", "url": "https://www.kaigokensaku.mhlw.go.jp/26/index.php?action_kouhyou_detail_004_kani=true&JigyosyoCd=2613000575-00&ServiceCd=430&Type=search", "url2": "http://www.senshunkai.or.jp/" }, "geometry": { "type": "Point", "coordinates": [ 135.69792110000003, 34.9248296 ] } },
{ "type": "Feature", "properties": { "内容": "ケアプランセンターりつ【居宅介護支援】京都府長岡京市神足２丁目１８－１", "url": "https://www.kaigokensaku.mhlw.go.jp/26/index.php?action_kouhyou_detail_004_kani=true&JigyosyoCd=2673000853-00&ServiceCd=430&Type=search", "url2": null }, "geometry": { "type": "Point", "coordinates": [ 135.697595799999988, 34.9189086 ] } },
{ "type": "Feature", "properties": { "内容": "居宅介護支援事業所　梅ヶ丘ケアサポート【居宅介護支援】京都府長岡京市梅が丘２丁目９８", "url": "https://www.kaigokensaku.mhlw.go.jp/26/index.php?action_kouhyou_detail_004_kani=true&JigyosyoCd=2673000358-00&ServiceCd=430&Type=search", "url2": null }, "geometry": { "type": "Point", "coordinates": [ 135.685522600000013, 34.9190242 ] } },
{ "type": "Feature", "properties": { "内容": "社会福祉法人海印寺徳寿会竹の里ホーム居宅介護支援事業所【居宅介護支援】京都府長岡京市奥海印寺走田1-1", "url": "https://www.kaigokensaku.mhlw.go.jp/26/index.php?action_kouhyou_detail_004_kani=true&JigyosyoCd=2673000044-00&ServiceCd=430&Type=search", "url2": "http://www.takenosato-home.com/" }, "geometry": { "type": "Point", "coordinates": [ 135.675653799999964, 34.9273621 ] } },
{ "type": "Feature", "properties": { "内容": "きょうと福祉倶楽部【居宅介護支援】京都府長岡京市天神4－7－12ハイツ東台101", "url": "https://www.kaigokensaku.mhlw.go.jp/26/index.php?action_kouhyou_detail_004_kani=true&JigyosyoCd=2673000234-00&ServiceCd=430&Type=search", "url2": "http://www.fukushi-club.com/" }, "geometry": { "type": "Point", "coordinates": [ 135.684901299999979, 34.9279862 ] } },
{ "type": "Feature", "properties": { "内容": "ケアプランセンター　音色【居宅介護支援】京都府長岡京市井ノ内下印田16－1アサワハイツ101号室", "url": "https://www.kaigokensaku.mhlw.go.jp/26/index.php?action_kouhyou_detail_004_kani=true&JigyosyoCd=2673000861-00&ServiceCd=430&Type=search", "url2": null }, "geometry": { "type": "Point", "coordinates": [ 135.6919809, 34.941838500000017 ] } },
{ "type": "Feature", "properties": { "内容": "ピースフル空　居宅介護支援事業所【居宅介護支援】京都府長岡京市緑が丘２５番６号", "url": "https://www.kaigokensaku.mhlw.go.jp/26/index.php?action_kouhyou_detail_004_kani=true&JigyosyoCd=2673000705-00&ServiceCd=430&Type=search", "url2": null }, "geometry": { "type": "Point", "coordinates": [ 135.695763, 34.916116500000015 ] } },
{ "type": "Feature", "properties": { "内容": "ニチイケアセンター長岡京【居宅介護支援】京都府長岡京市神足芝本4", "url": "https://www.kaigokensaku.mhlw.go.jp/26/index.php?action_kouhyou_detail_004_kani=true&JigyosyoCd=2673000069-00&ServiceCd=430&Type=search", "url2": null }, "geometry": { "type": "Point", "coordinates": [ 135.704939800000034, 34.9226052 ] } },
{ "type": "Feature", "properties": { "内容": "居宅介護支援事業所ふじ【居宅介護支援】京都府長岡京市久貝二丁目4番34号", "url": "https://www.kaigokensaku.mhlw.go.jp/26/index.php?action_kouhyou_detail_004_kani=true&JigyosyoCd=2673000309-00&ServiceCd=430&Type=search", "url2": null }, "geometry": { "type": "Point", "coordinates": [ 135.700301500000023, 34.9131809 ] } },
{ "type": "Feature", "properties": { "内容": "ケアプランセンターはんぶんこ【居宅介護支援】京都府長岡京市長法寺川原谷27", "url": "https://www.kaigokensaku.mhlw.go.jp/26/index.php?action_kouhyou_detail_004_kani=true&JigyosyoCd=2673000747-00&ServiceCd=430&Type=search", "url2": "https://liv-r.co.jp/kitaeroom/hanbunko/" }, "geometry": { "type": "Point", "coordinates": [ 135.683243414768413, 34.928196788844815 ] } },
{ "type": "Feature", "properties": { "内容": "居宅介護支援事業所　アゼリア【居宅介護支援】長岡京市友岡4丁目114番地", "url": "https://www.kaigokensaku.mhlw.go.jp/26/index.php?action_kouhyou_detail_004_kani=true&JigyosyoCd=2653080016-00&ServiceCd=430&Type=search", "url2": "http://www.nagaoka.or.jp" }, "geometry": { "type": "Point", "coordinates": [ 135.690063061630752, 34.913268949453752 ] } },
{ "type": "Feature", "properties": { "内容": "訪問看護・介護アゼリア居宅介護支援事業所【居宅介護支援】京都府長岡京市友岡4丁目20番15号", "url": "https://www.kaigokensaku.mhlw.go.jp/26/index.php?action_kouhyou_detail_004_kani=true&JigyosyoCd=2663090021-00&ServiceCd=430&Type=search", "url2": "http://www.nagaoka.or.jp/" }, "geometry": { "type": "Point", "coordinates": [ 135.6892335, 34.914144100000016 ] } },
{ "type": "Feature", "properties": { "内容": "居宅介護支援事業所「西山の郷」【居宅介護支援】奥海印寺多貝垣外17-1", "url": "https://www.kaigokensaku.mhlw.go.jp/26/index.php?action_kouhyou_detail_004_kani=true&JigyosyoCd=2673000887-00&ServiceCd=430&Type=search", "url2": "https://wwwcareheart-garden.com" }, "geometry": { "type": "Point", "coordinates": [ 135.6764921, 34.9234545 ] } },
{ "type": "Feature", "properties": { "内容": "居宅介護支援事業所え～る天神の杜【居宅介護支援】京都府長岡京市天神二丁目3番10号", "url": "https://www.kaigokensaku.mhlw.go.jp/26/index.php?action_kouhyou_detail_004_kani=true&JigyosyoCd=2673000879-00&ServiceCd=430&Type=search", "url2": "http://www.tenjin-no-mori.or.jp" }, "geometry": { "type": "Point", "coordinates": [ 135.6868154, 34.925387 ] } },
{ "type": "Feature", "properties": { "内容": "医療法人　総心会【居宅介護支援】京都府長岡京市天神1丁目20-10", "url": "https://www.kaigokensaku.mhlw.go.jp/26/index.php?action_kouhyou_detail_004_kani=true&JigyosyoCd=2613000799-00&ServiceCd=430&Type=search", "url2": "http://www.nagaokakyo-hospital.or.jp" }, "geometry": { "type": "Point", "coordinates": [ 135.690679637542758, 34.922853576462202 ] } },
{ "type": "Feature", "properties": { "内容": "居宅介護支援事業所　ゆき【居宅介護支援】京都府長岡京市井ノ内上印田一番地の六", "url": "https://www.kaigokensaku.mhlw.go.jp/26/index.php?action_kouhyou_detail_004_kani=true&JigyosyoCd=2673000671-00&ServiceCd=430&Type=search", "url2": null }, "geometry": { "type": "Point", "coordinates": [ 135.6906315, 34.9427304 ] } },
{ "type": "Feature", "properties": { "内容": "さがの福寿苑ケアプランセンター【居宅介護支援】京都府長岡京市勝竜寺二ノ坪16－1", "url": "https://www.kaigokensaku.mhlw.go.jp/26/index.php?action_kouhyou_detail_004_kani=true&JigyosyoCd=2673000754-00&ServiceCd=430&Type=search", "url2": null }, "geometry": { "type": "Point", "coordinates": [ 135.7023729, 34.9113106 ] } },
{ "type": "Feature", "properties": { "内容": "あいケア・コミュニティ居宅介護支援事業所【居宅介護支援】京都府長岡京市友岡2丁目11-1コーポ安田201号室", "url": "https://www.kaigokensaku.mhlw.go.jp/26/index.php?action_kouhyou_detail_004_kani=true&JigyosyoCd=2663090062-00&ServiceCd=430&Type=search", "url2": "https://aicare-community.amebaownd.com/" }, "geometry": { "type": "Point", "coordinates": [ 135.694547874985204, 34.915522212399345 ] } },
{ "type": "Feature", "properties": { "内容": "社会福祉法人　長岡京市社会福祉協議会　きりしま苑【居宅介護支援】京都府　長岡京市東神足2丁目15番2号", "url": "https://www.kaigokensaku.mhlw.go.jp/26/index.php?action_kouhyou_detail_004_kani=true&JigyosyoCd=2673000028-00&ServiceCd=430&Type=search", "url2": "http://www.nagaokakyo-shakyo.jp" }, "geometry": { "type": "Point", "coordinates": [ 135.7027845, 34.9200414 ] } },
{ "type": "Feature", "properties": { "内容": "らふケアプランセンター【居宅介護支援】京都府長岡京市井ノ内南内畑37", "url": "https://www.kaigokensaku.mhlw.go.jp/26/index.php?action_kouhyou_detail_004_kani=true&JigyosyoCd=2673000788-00&ServiceCd=430&Type=search", "url2": null }, "geometry": { "type": "Point", "coordinates": [ 135.686752540965784, 34.942782021046085 ] } },
{ "type": "Feature", "properties": { "内容": "せーのケアマネステーション【居宅介護支援】京都府長岡京市馬場２丁目２－１８グラシィオ長岡１０３号室", "url": "https://www.kaigokensaku.mhlw.go.jp/26/index.php?action_kouhyou_detail_004_kani=true&JigyosyoCd=2673000598-00&ServiceCd=430&Type=search", "url2": null }, "geometry": { "type": "Point", "coordinates": [ 135.701779474868772, 34.927712772313605 ] } },
{ "type": "Feature", "properties": { "内容": "居宅介護支援事業所　天神の杜【居宅介護支援】奥海印寺竹ノ下19番地", "url": "https://www.kaigokensaku.mhlw.go.jp/26/index.php?action_kouhyou_detail_004_kani=true&JigyosyoCd=2673000168-00&ServiceCd=430&Type=search", "url2": "https://tenjin-no-mori.or.jp/" }, "geometry": { "type": "Point", "coordinates": [ 135.686769499999969, 34.9254431 ] } },
{ "type": "Feature", "properties": { "内容": "スマイル居宅介護支援事業所【居宅介護支援】京都府長岡京市神足麦生１１", "url": "https://www.kaigokensaku.mhlw.go.jp/26/index.php?action_kouhyou_detail_004_kani=true&JigyosyoCd=2673000895-00&ServiceCd=430&Type=search", "url2": "https://smilecare.company/company/" }, "geometry": { "type": "Point", "coordinates": [ 135.710156341803014, 34.923520040643325 ] } },
{ "type": "Feature", "properties": { "内容": "すてっぷケアプランセンター長岡京【居宅介護支援】京都府長岡京市花山１丁目３６番地", "url": "https://www.kaigokensaku.mhlw.go.jp/26/index.php?action_kouhyou_detail_004_kani=true&JigyosyoCd=2663090161-00&ServiceCd=430&Type=search", "url2": "https://onestepcloser.co.jp/" }, "geometry": { "type": "Point", "coordinates": [ 135.69022, 34.920115399999979 ] } },
{ "type": "Feature", "properties": { "内容": "居宅介護支援事業所　正光【居宅介護支援】開田一丁目9-18　井上マンション　１－D", "url": "https://www.kaigokensaku.mhlw.go.jp/26/index.php?action_kouhyou_detail_004_kani=true&JigyosyoCd=2673000499-00&ServiceCd=430&Type=search", "url2": null }, "geometry": { "type": "Point", "coordinates": [ 135.69617740000001, 34.930931 ] } },
{ "type": "Feature", "properties": { "内容": "ケアサービスセンター　くつろぎ【居宅介護支援】京都府八幡市男山吉井27-12", "url": "https://www.kaigokensaku.mhlw.go.jp/26/index.php?action_kouhyou_detail_004_kani=true&JigyosyoCd=2672900319-00&ServiceCd=430&Type=search", "url2": null }, "geometry": { "type": "Point", "coordinates": [ 135.702648599999947, 34.8578803 ] } },
{ "type": "Feature", "properties": { "内容": "ツクイ京都男山【居宅介護支援】男山八望3-1　B47-105B47-105", "url": "https://www.kaigokensaku.mhlw.go.jp/26/index.php?action_kouhyou_detail_004_kani=true&JigyosyoCd=2672900517-00&ServiceCd=430&Type=search", "url2": "http:/www.tsukui.net" }, "geometry": { "type": "Point", "coordinates": [ 135.697062254492209, 34.862642423285862 ] } },
{ "type": "Feature", "properties": { "内容": "有智の郷ケアマネージメントセンター【居宅介護支援】京都府八幡市内里北ノ口5-1", "url": "https://www.kaigokensaku.mhlw.go.jp/26/index.php?action_kouhyou_detail_004_kani=true&JigyosyoCd=2672900327-00&ServiceCd=430&Type=search", "url2": "http://ws-kyoto.jp/" }, "geometry": { "type": "Point", "coordinates": [ 135.72822229999997, 34.8637933 ] } },
{ "type": "Feature", "properties": { "内容": "医療法人社団医聖会　介護老人保健施設梨の里【居宅介護支援】京都府八幡市八幡柿木垣内25番地1", "url": "https://www.kaigokensaku.mhlw.go.jp/26/index.php?action_kouhyou_detail_004_kani=true&JigyosyoCd=2652980026-00&ServiceCd=430&Type=search", "url2": "http://www.iseikai.jp" }, "geometry": { "type": "Point", "coordinates": [ 135.707444714016674, 34.870466048866426 ] } },
{ "type": "Feature", "properties": { "内容": "医療法人昭洋会ケアプランセンター【居宅介護支援】京都府八幡市八幡山柴１７番地", "url": "https://www.kaigokensaku.mhlw.go.jp/26/index.php?action_kouhyou_detail_004_kani=true&JigyosyoCd=2612900932-00&ServiceCd=430&Type=search", "url2": "http://nakamura-med.com/branch-office/" }, "geometry": { "type": "Point", "coordinates": [ 135.7041183, 34.8815681 ] } },
{ "type": "Feature", "properties": { "内容": "京都八勝館　居宅介護支援事業所【居宅介護支援】京都府八幡市橋本塩釜21番地", "url": "https://www.kaigokensaku.mhlw.go.jp/26/index.php?action_kouhyou_detail_004_kani=true&JigyosyoCd=2672900020-00&ServiceCd=430&Type=search", "url2": "http://www.hassyoukan.jp/" }, "geometry": { "type": "Point", "coordinates": [ 135.68543150000005, 34.8758594 ] } },
{ "type": "Feature", "properties": { "内容": "株式会社　サンてらす【居宅介護支援】京都府八幡市八幡科手30番4", "url": "https://www.kaigokensaku.mhlw.go.jp/26/index.php?action_kouhyou_detail_004_kani=true&JigyosyoCd=2672900129-00&ServiceCd=430&Type=search", "url2": "http://santerasu.com/" }, "geometry": { "type": "Point", "coordinates": [ 135.698139272877484, 34.886187573085806 ] } },
{ "type": "Feature", "properties": { "内容": "八幡市居宅介護支援センターやまばと【居宅介護支援】京都府八幡市男山金振２４－１", "url": "https://www.kaigokensaku.mhlw.go.jp/26/index.php?action_kouhyou_detail_004_kani=true&JigyosyoCd=2672900012-00&ServiceCd=430&Type=search", "url2": "http://ymbt-ds.jp/yamabato/" }, "geometry": { "type": "Point", "coordinates": [ 135.693522700000017, 34.8567922 ] } },
{ "type": "Feature", "properties": { "内容": "医療法人社団　医泉会　ケアプランセンターいずみ【居宅介護支援】男山泉２－２", "url": "https://www.kaigokensaku.mhlw.go.jp/26/index.php?action_kouhyou_detail_004_kani=true&JigyosyoCd=2672900509-00&ServiceCd=430&Type=search", "url2": null }, "geometry": { "type": "Point", "coordinates": [ 135.69448, 34.8643548 ] } },
{ "type": "Feature", "properties": { "内容": "社会福祉法人　八幡市社会福祉協議会【居宅介護支援】八幡市八幡東浦５番地", "url": "https://www.kaigokensaku.mhlw.go.jp/26/index.php?action_kouhyou_detail_004_kani=true&JigyosyoCd=2672900061-00&ServiceCd=430&Type=search", "url2": "http://www.yawata-shakyo.or.jp" }, "geometry": { "type": "Point", "coordinates": [ 135.713436799999954, 34.8802021 ] } },
{ "type": "Feature", "properties": { "内容": "男山病院　居宅介護支援事業所【居宅介護支援】八幡市男山泉19社会医療法人美杉会　男山病院内", "url": "https://www.kaigokensaku.mhlw.go.jp/26/index.php?action_kouhyou_detail_004_kani=true&JigyosyoCd=2672900368-00&ServiceCd=430&Type=search", "url2": "http://www.misugikai.jp" }, "geometry": { "type": "Point", "coordinates": [ 135.693625399999974, 34.8614002 ] } },
{ "type": "Feature", "properties": { "内容": "スローハンドケア八幡ケアプランセンター【居宅介護支援】京都府八幡市八幡科手29番地10", "url": "https://www.kaigokensaku.mhlw.go.jp/26/index.php?action_kouhyou_detail_004_kani=true&JigyosyoCd=2672900525-00&ServiceCd=430&Type=search", "url2": "https://www.talent-clip.jp/slowhandyawata" }, "geometry": { "type": "Point", "coordinates": [ 135.6985259, 34.8860073 ] } },
{ "type": "Feature", "properties": { "内容": "ケアプランセンターイツキ【居宅介護支援】京都府八幡市八幡土井29第三オクセビル３階", "url": "https://www.kaigokensaku.mhlw.go.jp/26/index.php?action_kouhyou_detail_004_kani=true&JigyosyoCd=2672900541-00&ServiceCd=430&Type=search", "url2": "https://is-itsuki.com" }, "geometry": { "type": "Point", "coordinates": [ 135.702973077909888, 34.884830304963955 ] } },
{ "type": "Feature", "properties": { "内容": "有限会社　初メ【居宅介護支援】京都府京田辺市三山木中央六丁目7番地２３", "url": "https://www.kaigokensaku.mhlw.go.jp/26/index.php?action_kouhyou_detail_004_kani=true&JigyosyoCd=2673200255-00&ServiceCd=430&Type=search", "url2": "http://www" }, "geometry": { "type": "Point", "coordinates": [ 135.780210799999963, 34.7996352 ] } },
{ "type": "Feature", "properties": { "内容": "医療法人　芳松会田辺病院　居宅介護支援事業所【居宅介護支援】京都府京田辺市飯岡南原55番地", "url": "https://www.kaigokensaku.mhlw.go.jp/26/index.php?action_kouhyou_detail_004_kani=true&JigyosyoCd=2613200084-00&ServiceCd=430&Type=search", "url2": "http://www.kyotanabe-hosp.or.jp" }, "geometry": { "type": "Point", "coordinates": [ 135.794445600000017, 34.8041322 ] } },
{ "type": "Feature", "properties": { "内容": "ケアプランセンター　あい【居宅介護支援】京都府京田辺市田辺辻28番地エトワール・ショウ102号", "url": "https://www.kaigokensaku.mhlw.go.jp/26/index.php?action_kouhyou_detail_004_kani=true&JigyosyoCd=2673200446-00&ServiceCd=430&Type=search", "url2": "https://www.aimurasaki.com" }, "geometry": { "type": "Point", "coordinates": [ 135.766694799999982, 34.8211448 ] } },
{ "type": "Feature", "properties": { "内容": "居宅介護支援事業所レスタート【居宅介護支援】京都府京田辺市大住ケ丘三丁目１１番地１", "url": "https://www.kaigokensaku.mhlw.go.jp/26/index.php?action_kouhyou_detail_004_kani=true&JigyosyoCd=2673200479-00&ServiceCd=430&Type=search", "url2": "https://restart.town/" }, "geometry": { "type": "Point", "coordinates": [ 135.741099931752586, 34.831437017879246 ] } },
{ "type": "Feature", "properties": { "内容": "居宅介護支援事業所　つつきの郷【居宅介護支援】京都府京田辺市三山木西ノ河原４３－２", "url": "https://www.kaigokensaku.mhlw.go.jp/26/index.php?action_kouhyou_detail_004_kani=true&JigyosyoCd=2673200222-00&ServiceCd=430&Type=search", "url2": "http://www.tsutsukinosato.or.jp/" }, "geometry": { "type": "Point", "coordinates": [ 135.7778442, 34.800749 ] } },
{ "type": "Feature", "properties": { "内容": "ケアプランセンターリエゾン健康村【居宅介護支援】京田辺市大住大坪55-14", "url": "https://www.kaigokensaku.mhlw.go.jp/26/index.php?action_kouhyou_detail_004_kani=true&JigyosyoCd=2673200297-00&ServiceCd=430&Type=search", "url2": "http://www.kyoto-keishinkai.or.jp" }, "geometry": { "type": "Point", "coordinates": [ 135.7571815, 34.8305658 ] } },
{ "type": "Feature", "properties": { "内容": "浪花企画居宅介護支援事業所【居宅介護支援】京都府京田辺市三山木中央九丁目7番地14アルテアローザ102", "url": "https://www.kaigokensaku.mhlw.go.jp/26/index.php?action_kouhyou_detail_004_kani=true&JigyosyoCd=2673200412-00&ServiceCd=430&Type=search", "url2": null }, "geometry": { "type": "Point", "coordinates": [ 135.787040575463095, 34.799709509981525 ] } },
{ "type": "Feature", "properties": { "内容": "医療法人社団　石鎚会　京都田辺中央病院居宅介護支援センター【居宅介護支援】京都府京田辺市田辺戸絶1番地", "url": "https://www.kaigokensaku.mhlw.go.jp/26/index.php?action_kouhyou_detail_004_kani=true&JigyosyoCd=2673200073-00&ServiceCd=430&Type=search", "url2": "http://www.sekitetsukai.kyoto" }, "geometry": { "type": "Point", "coordinates": [ 135.771436816481668, 34.826811491897601 ] } },
{ "type": "Feature", "properties": { "内容": "京田辺市社会福祉協議会ケアプランセンター【居宅介護支援】京都府京田辺市興戸犬伏5番地の８", "url": "https://www.kaigokensaku.mhlw.go.jp/26/index.php?action_kouhyou_detail_004_kani=true&JigyosyoCd=2673200107-00&ServiceCd=430&Type=search", "url2": "http://www.kyotanabesyakyou.com" }, "geometry": { "type": "Point", "coordinates": [ 135.772338799999943, 34.813059 ] } },
{ "type": "Feature", "properties": { "内容": "サンワセイフテイー京鈴居宅介護支援事業所【居宅介護支援】京都府京田辺市宮津西浦１番地", "url": "https://www.kaigokensaku.mhlw.go.jp/26/index.php?action_kouhyou_detail_004_kani=true&JigyosyoCd=2673200230-00&ServiceCd=430&Type=search", "url2": null }, "geometry": { "type": "Point", "coordinates": [ 135.783911664694216, 34.789950866138959 ] } },
{ "type": "Feature", "properties": { "内容": "九十九園京田辺市居宅介護支援センター【居宅介護支援】京都府京田辺市大住池平99番1", "url": "https://www.kaigokensaku.mhlw.go.jp/26/index.php?action_kouhyou_detail_004_kani=true&JigyosyoCd=2673200032-00&ServiceCd=430&Type=search", "url2": "http://www.tsukumo-en.or.jp" }, "geometry": { "type": "Point", "coordinates": [ 135.740963500000021, 34.8390539 ] } },
{ "type": "Feature", "properties": { "内容": "居宅介護支援事業所　みねケアプランセンター【居宅介護支援】大住ケ丘3丁目7－4", "url": "https://www.kaigokensaku.mhlw.go.jp/26/index.php?action_kouhyou_detail_004_kani=true&JigyosyoCd=2673200404-00&ServiceCd=430&Type=search", "url2": null }, "geometry": { "type": "Point", "coordinates": [ 135.742690830688503, 34.83019548880128 ] } },
{ "type": "Feature", "properties": { "内容": "ＪＡ京都やましろ介護サービスセンター【居宅介護支援】京都府京田辺市草内宮ノ後38-1", "url": "https://www.kaigokensaku.mhlw.go.jp/26/index.php?action_kouhyou_detail_004_kani=true&JigyosyoCd=2673200164-00&ServiceCd=430&Type=search", "url2": null }, "geometry": { "type": "Point", "coordinates": [ 135.786141885333393, 34.812821097010541 ] } },
{ "type": "Feature", "properties": { "内容": "ケアプランセンターたもつ京田辺【居宅介護支援】京都府京田辺市草内一ノ坪21-16", "url": "https://www.kaigokensaku.mhlw.go.jp/26/index.php?action_kouhyou_detail_004_kani=true&JigyosyoCd=2673200578-00&ServiceCd=430&Type=search", "url2": "https://tamotsu365.com/" }, "geometry": { "type": "Point", "coordinates": [ 135.7853854, 34.8198047 ] } },
{ "type": "Feature", "properties": { "内容": "おかもとケアプラン京田辺【居宅介護支援】京都府京田辺市田辺中央６丁目７－１サンフローライタ１０１号", "url": "https://www.kaigokensaku.mhlw.go.jp/26/index.php?action_kouhyou_detail_004_kani=true&JigyosyoCd=2673200438-00&ServiceCd=430&Type=search", "url2": "https://okamoto-hns.com/" }, "geometry": { "type": "Point", "coordinates": [ 135.770633299999986, 34.8224804 ] } },
{ "type": "Feature", "properties": { "内容": "ケアプランセンターさんぽみち【居宅介護支援】京都府京田辺市河原里ノ内63-5サンシティ新田辺A棟101号", "url": "https://www.kaigokensaku.mhlw.go.jp/26/index.php?action_kouhyou_detail_004_kani=true&JigyosyoCd=2673200503-00&ServiceCd=430&Type=search", "url2": null }, "geometry": { "type": "Point", "coordinates": [ 135.775037200000014, 34.8189357 ] } },
{ "type": "Feature", "properties": { "内容": "京丹後市立弥栄病院指定居宅介護支援事業所【居宅介護支援】京都府京丹後市弥栄町溝谷3452-1", "url": "https://www.kaigokensaku.mhlw.go.jp/26/index.php?action_kouhyou_detail_004_kani=true&JigyosyoCd=2619600253-00&ServiceCd=430&Type=search", "url2": "http://www" }, "geometry": { "type": "Point", "coordinates": [ 135.091269799999964, 35.6581508 ] } },
{ "type": "Feature", "properties": { "内容": "きらり居宅介護支援事業所【居宅介護支援】京都府京丹後市大宮町河辺２３９２", "url": "https://www.kaigokensaku.mhlw.go.jp/26/index.php?action_kouhyou_detail_004_kani=true&JigyosyoCd=2673300295-00&ServiceCd=430&Type=search", "url2": "http://kizunaーcereservise.com" }, "geometry": { "type": "Point", "coordinates": [ 135.08834509999997, 35.6052287 ] } },
{ "type": "Feature", "properties": { "内容": "京丹後市やさか老人保健施設ふくじゅ【居宅介護支援】京都府京丹後市弥栄町溝谷5422番地の1", "url": "https://www.kaigokensaku.mhlw.go.jp/26/index.php?action_kouhyou_detail_004_kani=true&JigyosyoCd=2673300345-00&ServiceCd=430&Type=search", "url2": "https://yasaka-fukujyu.jp/" }, "geometry": { "type": "Point", "coordinates": [ 135.08971360000001, 35.657984 ] } },
{ "type": "Feature", "properties": { "内容": "ケアプランのんののんな【居宅介護支援】京都府京丹後市大宮町河辺1050TANGAOミモザ館", "url": "https://www.kaigokensaku.mhlw.go.jp/26/index.php?action_kouhyou_detail_004_kani=true&JigyosyoCd=2673300220-00&ServiceCd=430&Type=search", "url2": "https://tango-nonno-nonna.com/" }, "geometry": { "type": "Point", "coordinates": [ 135.091597710172266, 35.594368632651687 ] } },
{ "type": "Feature", "properties": { "内容": "介護ステーション　ふるさと【居宅介護支援】京都府京丹後市網野町小浜613番地2", "url": "https://www.kaigokensaku.mhlw.go.jp/26/index.php?action_kouhyou_detail_004_kani=true&JigyosyoCd=2673300238-00&ServiceCd=430&Type=search", "url2": "https://www.furusatonokai.net" }, "geometry": { "type": "Point", "coordinates": [ 135.037314400000014, 35.6945482 ] } },
{ "type": "Feature", "properties": { "内容": "京丹後居宅介護支援事業所【居宅介護支援】京都府京丹後市大宮町周枳347", "url": "https://www.kaigokensaku.mhlw.go.jp/26/index.php?action_kouhyou_detail_004_kani=true&JigyosyoCd=2673300139-00&ServiceCd=430&Type=search", "url2": null }, "geometry": { "type": "Point", "coordinates": [ 135.099448199999983, 35.5957534 ] } },
{ "type": "Feature", "properties": { "内容": "久美浜居宅介護支援事業所【居宅介護支援】京都府京丹後市久美浜町栃谷2375番地", "url": "https://www.kaigokensaku.mhlw.go.jp/26/index.php?action_kouhyou_detail_004_kani=true&JigyosyoCd=2673300246-00&ServiceCd=430&Type=search", "url2": "http://www.kitatango.jp" }, "geometry": { "type": "Point", "coordinates": [ 134.905148300000064, 35.5923516 ] } },
{ "type": "Feature", "properties": { "内容": "いちがお園在宅介護支援センター【居宅介護支援】京都府京丹後市丹後町岩木487番地", "url": "https://www.kaigokensaku.mhlw.go.jp/26/index.php?action_kouhyou_detail_004_kani=true&JigyosyoCd=2672300015-00&ServiceCd=430&Type=search", "url2": "http://www.ichigaoen.com/" }, "geometry": { "type": "Point", "coordinates": [ 135.108297499999907, 35.7255354 ] } },
{ "type": "Feature", "properties": { "内容": "居宅介護支援事業所海山園【居宅介護支援】京都府京丹後市久美浜町湊宮467-60", "url": "https://www.kaigokensaku.mhlw.go.jp/26/index.php?action_kouhyou_detail_004_kani=true&JigyosyoCd=2672400062-00&ServiceCd=430&Type=search", "url2": "http://taiyoufukushikai.jp/" }, "geometry": { "type": "Point", "coordinates": [ 134.925792, 35.6416938 ] } },
{ "type": "Feature", "properties": { "内容": "丹後園居宅介護支援事業所【居宅介護支援】京都府京丹後市網野町木津225番地の2", "url": "https://www.kaigokensaku.mhlw.go.jp/26/index.php?action_kouhyou_detail_004_kani=true&JigyosyoCd=2672300023-00&ServiceCd=430&Type=search", "url2": "https://tangoen.net/" }, "geometry": { "type": "Point", "coordinates": [ 134.964789985844419, 35.655690019318968 ] } },
{ "type": "Feature", "properties": { "内容": "居宅介護支援事業所満寿園【居宅介護支援】京都府京丹後市弥栄町溝谷３９番地の６特別養護老人ホーム満寿園内", "url": "https://www.kaigokensaku.mhlw.go.jp/26/index.php?action_kouhyou_detail_004_kani=true&JigyosyoCd=2673300204-00&ServiceCd=430&Type=search", "url2": "http://www.ashiginu.or.jp" }, "geometry": { "type": "Point", "coordinates": [ 135.1162852, 35.6550507 ] } },
{ "type": "Feature", "properties": { "内容": "おおみや苑在宅介護支援センター【居宅介護支援】京丹後市大宮町口大野295番地", "url": "https://www.kaigokensaku.mhlw.go.jp/26/index.php?action_kouhyou_detail_004_kani=true&JigyosyoCd=2672200025-00&ServiceCd=430&Type=search", "url2": "http://www.oomiyaen.com" }, "geometry": { "type": "Point", "coordinates": [ 135.0827663, 35.5919342 ] } },
{ "type": "Feature", "properties": { "内容": "はなまる居宅介護支援事業所【居宅介護支援】弥栄町堤743番地の7", "url": "https://www.kaigokensaku.mhlw.go.jp/26/index.php?action_kouhyou_detail_004_kani=true&JigyosyoCd=2673300188-00&ServiceCd=430&Type=search", "url2": null }, "geometry": { "type": "Point", "coordinates": [ 135.093053105696043, 35.654142509042039 ] } },
{ "type": "Feature", "properties": { "内容": "総合老人福祉施設　はごろも苑【居宅介護支援】京都府京丹後市峰山町長岡2093", "url": "https://www.kaigokensaku.mhlw.go.jp/26/index.php?action_kouhyou_detail_004_kani=true&JigyosyoCd=2672200017-00&ServiceCd=430&Type=search", "url2": "http://www.mineyama-fukusikai.jp/" }, "geometry": { "type": "Point", "coordinates": [ 135.066146409769658, 35.596951146849982 ] } },
{ "type": "Feature", "properties": { "内容": "社会福祉法人長生園居宅介護支援事業所【居宅介護支援】京都府南丹市園部町上木崎町坪ノ内19番地", "url": "https://www.kaigokensaku.mhlw.go.jp/26/index.php?action_kouhyou_detail_004_kani=true&JigyosyoCd=2671500102-00&ServiceCd=430&Type=search", "url2": "http://www.choseien.com" }, "geometry": { "type": "Point", "coordinates": [ 135.472361699999965, 35.1156483 ] } },
{ "type": "Feature", "properties": { "内容": "ケアプランセンターふわりぃ【居宅介護支援】京都府南丹市日吉町上胡麻辻ノ本17番地", "url": "https://www.kaigokensaku.mhlw.go.jp/26/index.php?action_kouhyou_detail_004_kani=true&JigyosyoCd=2673400251-00&ServiceCd=430&Type=search", "url2": "http://www.worldone-care.com" }, "geometry": { "type": "Point", "coordinates": [ 135.462553299999968, 35.1937505 ] } },
{ "type": "Feature", "properties": { "内容": "居宅介護支援事業所　ふれあいハート【居宅介護支援】京都府南丹市日吉町上胡麻谷ノ奥45-2山口ハイツ　１０３号", "url": "https://www.kaigokensaku.mhlw.go.jp/26/index.php?action_kouhyou_detail_004_kani=true&JigyosyoCd=2673400293-00&ServiceCd=430&Type=search", "url2": "https://assistnpo.org/" }, "geometry": { "type": "Point", "coordinates": [ 135.45775230000001, 35.1882072 ] } },
{ "type": "Feature", "properties": { "内容": "明治国際医療大学附属ケアプランセンター【居宅介護支援】京都府南丹市日吉町保野田長通16-3", "url": "https://www.kaigokensaku.mhlw.go.jp/26/index.php?action_kouhyou_detail_004_kani=true&JigyosyoCd=2663490049-00&ServiceCd=430&Type=search", "url2": null }, "geometry": { "type": "Point", "coordinates": [ 135.489740899999987, 35.1801384 ] } },
{ "type": "Feature", "properties": { "内容": "公益財団法人　南丹市福祉シルバー人材センター【居宅介護支援】京都府南丹市園部町小桜町61番地5", "url": "https://www.kaigokensaku.mhlw.go.jp/26/index.php?action_kouhyou_detail_004_kani=true&JigyosyoCd=2671500128-00&ServiceCd=430&Type=search", "url2": "https://www.sjc.ne.jp/sonosilv/" }, "geometry": { "type": "Point", "coordinates": [ 135.470387399999936, 35.1067297 ] } },
{ "type": "Feature", "properties": { "内容": "ほほえみおおい　居宅介護支援事業所【居宅介護支援】京都府南丹市八木町西田山崎17番地", "url": "https://www.kaigokensaku.mhlw.go.jp/26/index.php?action_kouhyou_detail_004_kani=true&JigyosyoCd=2673400038-00&ServiceCd=430&Type=search", "url2": "http://care-net.biz/26/nantanshakyo/" }, "geometry": { "type": "Point", "coordinates": [ 135.540837300000021, 35.077486299999983 ] } },
{ "type": "Feature", "properties": { "内容": "ほほえみかぐら居宅介護支援事業所【居宅介護支援】京都府南丹市日吉町保野田垣ノ内6番地4", "url": "https://www.kaigokensaku.mhlw.go.jp/26/index.php?action_kouhyou_detail_004_kani=true&JigyosyoCd=2673400053-00&ServiceCd=430&Type=search", "url2": "http://care-net.biz/26/nantanshakyo/" }, "geometry": { "type": "Point", "coordinates": [ 135.499776600000018, 35.1648289 ] } },
{ "type": "Feature", "properties": { "内容": "居宅介護支援事業所　美山こぶしの里【居宅介護支援】京都府南丹市美山町高野素崎14－2", "url": "https://www.kaigokensaku.mhlw.go.jp/26/index.php?action_kouhyou_detail_004_kani=true&JigyosyoCd=2671700116-00&ServiceCd=430&Type=search", "url2": "http://www.nananokai.com/" }, "geometry": { "type": "Point", "coordinates": [ 135.554592599999978, 35.3016866 ] } },
{ "type": "Feature", "properties": { "内容": "居宅介護支援事業所ふぁいと【居宅介護支援】京都府南丹市園部町新町16", "url": "https://www.kaigokensaku.mhlw.go.jp/26/index.php?action_kouhyou_detail_004_kani=true&JigyosyoCd=2673400186-00&ServiceCd=430&Type=search", "url2": null }, "geometry": { "type": "Point", "coordinates": [ 135.477483799999959, 35.1097518 ] } },
{ "type": "Feature", "properties": { "内容": "居宅介護支援センターほっこり【居宅介護支援】京都府南丹市八木町八木東久保20-3", "url": "https://www.kaigokensaku.mhlw.go.jp/26/index.php?action_kouhyou_detail_004_kani=true&JigyosyoCd=2673400061-00&ServiceCd=430&Type=search", "url2": null }, "geometry": { "type": "Point", "coordinates": [ 135.5324382, 35.0717997 ] } },
{ "type": "Feature", "properties": { "内容": "ラポール八木居宅介護支援センター【居宅介護支援】京都府南丹市八木町諸畑後町14番地", "url": "https://www.kaigokensaku.mhlw.go.jp/26/index.php?action_kouhyou_detail_004_kani=true&JigyosyoCd=2671500037-00&ServiceCd=430&Type=search", "url2": "http://www.misyoukai.com" }, "geometry": { "type": "Point", "coordinates": [ 135.531826599999931, 35.1034559 ] } },
{ "type": "Feature", "properties": { "内容": "在宅事業施設ケアリング　ケアプランセンター希繋【居宅介護支援】京都府南丹市園部町美園町４号１番", "url": "https://www.kaigokensaku.mhlw.go.jp/26/index.php?action_kouhyou_detail_004_kani=true&JigyosyoCd=2673400269-00&ServiceCd=430&Type=search", "url2": "http://misonokai.com/" }, "geometry": { "type": "Point", "coordinates": [ 135.472507, 35.1082582 ] } },
{ "type": "Feature", "properties": { "内容": "ケアプランセンター手とて【居宅介護支援】京都府南丹市園部町新町80番地", "url": "https://www.kaigokensaku.mhlw.go.jp/26/index.php?action_kouhyou_detail_004_kani=true&JigyosyoCd=2673400194-00&ServiceCd=430&Type=search", "url2": null }, "geometry": { "type": "Point", "coordinates": [ 135.478347699999972, 35.1088325 ] } },
{ "type": "Feature", "properties": { "内容": "美山やすらぎホーム【居宅介護支援】京都府南丹市美山町島小栗栖山13番地の1美山やすらぎホーム", "url": "https://www.kaigokensaku.mhlw.go.jp/26/index.php?action_kouhyou_detail_004_kani=true&JigyosyoCd=2671700017-00&ServiceCd=430&Type=search", "url2": "http://www.hokusoukai.com/" }, "geometry": { "type": "Point", "coordinates": [ 135.553292, 35.2620929 ] } },
{ "type": "Feature", "properties": { "内容": "はぎの里ケアプランセンター【居宅介護支援】京都府南丹市日吉町胡麻萩原１５番地", "url": "https://www.kaigokensaku.mhlw.go.jp/26/index.php?action_kouhyou_detail_004_kani=true&JigyosyoCd=2671500086-00&ServiceCd=430&Type=search", "url2": "http://web1.kcn.jp/haginosato" }, "geometry": { "type": "Point", "coordinates": [ 135.486066100000016, 35.1840992 ] } },
{ "type": "Feature", "properties": { "内容": "居宅介護支援事業所　縁寿【居宅介護支援】京都府南丹市日吉町田原殿垣内73－1", "url": "https://www.kaigokensaku.mhlw.go.jp/26/index.php?action_kouhyou_detail_004_kani=true&JigyosyoCd=2673400285-00&ServiceCd=430&Type=search", "url2": null }, "geometry": { "type": "Point", "coordinates": [ 135.52136680000001, 35.1949933 ] } },
{ "type": "Feature", "properties": { "内容": "シミズふないの里居宅介護支援事業所【居宅介護支援】京都府南丹市八木町西田山崎16", "url": "https://www.kaigokensaku.mhlw.go.jp/26/index.php?action_kouhyou_detail_004_kani=true&JigyosyoCd=2653480018-00&ServiceCd=430&Type=search", "url2": "https://www.shimizu-hospital.or.jp/kaigo/care/funai/" }, "geometry": { "type": "Point", "coordinates": [ 135.539965100000018, 35.077650199999965 ] } },
{ "type": "Feature", "properties": { "内容": "医療法人社団菫会園部病院居宅介護支援事業所【居宅介護支援】京都府南丹市園部町美園町5号8番地7", "url": "https://www.kaigokensaku.mhlw.go.jp/26/index.php?action_kouhyou_detail_004_kani=true&JigyosyoCd=2673400228-00&ServiceCd=430&Type=search", "url2": "http://sonobe-hp.com/" }, "geometry": { "type": "Point", "coordinates": [ 135.474017499999974, 35.1088185 ] } },
{ "type": "Feature", "properties": { "内容": "ケアマネジメント真心【居宅介護支援】木津清水４５－１", "url": "https://www.kaigokensaku.mhlw.go.jp/26/index.php?action_kouhyou_detail_004_kani=true&JigyosyoCd=2673500183-00&ServiceCd=430&Type=search", "url2": null }, "geometry": { "type": "Point", "coordinates": [ 135.819625503041038, 34.736386275074175 ] } },
{ "type": "Feature", "properties": { "内容": "福丸ケアプランセンター【居宅介護支援】木津川市城山台10丁目16-9", "url": "https://www.kaigokensaku.mhlw.go.jp/26/index.php?action_kouhyou_detail_004_kani=true&JigyosyoCd=2673500175-00&ServiceCd=430&Type=search", "url2": null }, "geometry": { "type": "Point", "coordinates": [ 135.8330631, 34.7273079 ] } },
{ "type": "Feature", "properties": { "内容": "合同会社　合歓【居宅介護支援】京都府木津川市州見台六丁目２番地2", "url": "https://www.kaigokensaku.mhlw.go.jp/26/index.php?action_kouhyou_detail_004_kani=true&JigyosyoCd=2673500415-00&ServiceCd=430&Type=search", "url2": null }, "geometry": { "type": "Point", "coordinates": [ 135.8201175, 34.7132943 ] } },
{ "type": "Feature", "properties": { "内容": "ケアプランセンターイツキ　山城南【居宅介護支援】京都府木津川市上狛日詰24-4", "url": "https://www.kaigokensaku.mhlw.go.jp/26/index.php?action_kouhyou_detail_004_kani=true&JigyosyoCd=2673500456-00&ServiceCd=430&Type=search", "url2": "https://ls-itsuki.com/" }, "geometry": { "type": "Point", "coordinates": [ 135.820722446557625, 34.748561532138233 ] } },
{ "type": "Feature", "properties": { "内容": "加茂の里居宅介護支援事業所【居宅介護支援】京都府木津川市加茂町駅東4-1-3", "url": "https://www.kaigokensaku.mhlw.go.jp/26/index.php?action_kouhyou_detail_004_kani=true&JigyosyoCd=2671400048-00&ServiceCd=430&Type=search", "url2": "http://www.takedahp.or.jp/" }, "geometry": { "type": "Point", "coordinates": [ 135.871787, 34.7543971 ] } },
{ "type": "Feature", "properties": { "内容": "ろっぽのみみ【居宅介護支援】京都府木津川市加茂町兎並船屋13番地", "url": "https://www.kaigokensaku.mhlw.go.jp/26/index.php?action_kouhyou_detail_004_kani=true&JigyosyoCd=2673500266-00&ServiceCd=430&Type=search", "url2": "329.yom@gmail.com" }, "geometry": { "type": "Point", "coordinates": [ 135.872723, 34.757855 ] } },
{ "type": "Feature", "properties": { "内容": "ゆりのき居宅介護支援事業所【居宅介護支援】京都府木津川市木津川台１丁目１９番１", "url": "https://www.kaigokensaku.mhlw.go.jp/26/index.php?action_kouhyou_detail_004_kani=true&JigyosyoCd=2673500035-00&ServiceCd=430&Type=search", "url2": "http://www.iseikai.jp/yurinoki/index.html" }, "geometry": { "type": "Point", "coordinates": [ 135.79262719999997, 34.7469796 ] } },
{ "type": "Feature", "properties": { "内容": "ケアプランセンターいずみ【居宅介護支援】京都府木津川市相楽城下１００－１", "url": "https://www.kaigokensaku.mhlw.go.jp/26/index.php?action_kouhyou_detail_004_kani=true&JigyosyoCd=2663590012-00&ServiceCd=430&Type=search", "url2": "https://www.fureai-net.com/care_plan_center/#izumi" }, "geometry": { "type": "Point", "coordinates": [ 135.797379800000044, 34.737883599999989 ] } },
{ "type": "Feature", "properties": { "内容": "社会福祉法人木津川市社会福祉協議会　ケアセンターハッピーコスモス　居宅介護支援事業所【居宅介護支援】京都府木津川市相楽山松川４２番地２", "url": "https://www.kaigokensaku.mhlw.go.jp/26/index.php?action_kouhyou_detail_004_kani=true&JigyosyoCd=2673500019-00&ServiceCd=430&Type=search", "url2": "http://www.kyoshakyo.or.jp/kizugawa/" }, "geometry": { "type": "Point", "coordinates": [ 135.802438702532982, 34.724755208221069 ] } },
{ "type": "Feature", "properties": { "内容": "居宅介護支援事業所　きはだの郷【居宅介護支援】京都府木津川市梅美台一丁目2-2", "url": "https://www.kaigokensaku.mhlw.go.jp/26/index.php?action_kouhyou_detail_004_kani=true&JigyosyoCd=2671400063-00&ServiceCd=430&Type=search", "url2": "https://www.kihada-kaigo.com/" }, "geometry": { "type": "Point", "coordinates": [ 135.836546692544147, 34.715438269850885 ] } },
{ "type": "Feature", "properties": { "内容": "ケアプランセンターみかのはら【居宅介護支援】京都府木津川市加茂町里中森１－５", "url": "https://www.kaigokensaku.mhlw.go.jp/26/index.php?action_kouhyou_detail_004_kani=true&JigyosyoCd=2673500084-00&ServiceCd=430&Type=search", "url2": null }, "geometry": { "type": "Point", "coordinates": [ 135.86944323762259, 34.754120002058691 ] } },
{ "type": "Feature", "properties": { "内容": "さがなかケアプランセンター【居宅介護支援】京都府木津川市相楽台9-6-7", "url": "https://www.kaigokensaku.mhlw.go.jp/26/index.php?action_kouhyou_detail_004_kani=true&JigyosyoCd=2673500472-00&ServiceCd=430&Type=search", "url2": "https://sites.google.com/view/keiai-corporation/%E3%83%9B%E3%83%BC%E3%83%A0" }, "geometry": { "type": "Point", "coordinates": [ 135.795087, 34.7268776 ] } },
{ "type": "Feature", "properties": { "内容": "医療法人広和会山下医院　ケアプランセンター【居宅介護支援】京都府木津川市相楽高下46", "url": "https://www.kaigokensaku.mhlw.go.jp/26/index.php?action_kouhyou_detail_004_kani=true&JigyosyoCd=2613500335-00&ServiceCd=430&Type=search", "url2": null }, "geometry": { "type": "Point", "coordinates": [ 135.8040447, 34.7370623 ] } },
{ "type": "Feature", "properties": { "内容": "加茂介護保険相談センター【居宅介護支援】京都府木津川市南加茂台5丁目１１－７", "url": "https://www.kaigokensaku.mhlw.go.jp/26/index.php?action_kouhyou_detail_004_kani=true&JigyosyoCd=2671400295-00&ServiceCd=430&Type=search", "url2": "http://active-go.jp/" }, "geometry": { "type": "Point", "coordinates": [ 135.8715321, 34.7392838 ] } },
{ "type": "Feature", "properties": { "内容": "ケアプランセンターやましろ【居宅介護支援】京都府木津川市木津駅前一丁目27番地", "url": "https://www.kaigokensaku.mhlw.go.jp/26/index.php?action_kouhyou_detail_004_kani=true&JigyosyoCd=2673500357-00&ServiceCd=430&Type=search", "url2": null }, "geometry": { "type": "Point", "coordinates": [ 135.823686789549271, 34.736371473170259 ] } },
{ "type": "Feature", "properties": { "内容": "ソーシャル・サポートきづがわ【居宅介護支援】京都府木津川市木津池田25番地1", "url": "https://www.kaigokensaku.mhlw.go.jp/26/index.php?action_kouhyou_detail_004_kani=true&JigyosyoCd=2673500241-00&ServiceCd=430&Type=search", "url2": "http://hp.kaipoke.biz/byt/102874/base_0001.html" }, "geometry": { "type": "Point", "coordinates": [ 135.821452696180131, 34.735478167853806 ] } },
{ "type": "Feature", "properties": { "内容": "みのりケアプランセンター【居宅介護支援】京都府木津川市相楽大里71番地1", "url": "https://www.kaigokensaku.mhlw.go.jp/26/index.php?action_kouhyou_detail_004_kani=true&JigyosyoCd=2673500274-00&ServiceCd=430&Type=search", "url2": "http://www.minori-fukushi.biz" }, "geometry": { "type": "Point", "coordinates": [ 135.799666600000023, 34.7343044 ] } },
{ "type": "Feature", "properties": { "内容": "つかさ社会福祉士事務所【居宅介護支援】木津清水41ドゥエットA101", "url": "https://www.kaigokensaku.mhlw.go.jp/26/index.php?action_kouhyou_detail_004_kani=true&JigyosyoCd=2673500233-00&ServiceCd=430&Type=search", "url2": null }, "geometry": { "type": "Point", "coordinates": [ 135.819260899999989, 34.7361062 ] } },
{ "type": "Feature", "properties": { "内容": "あすてるケアプランセンター【居宅介護支援】京都府木津川市城山台11丁目5番地2", "url": "https://www.kaigokensaku.mhlw.go.jp/26/index.php?action_kouhyou_detail_004_kani=true&JigyosyoCd=2671400022-00&ServiceCd=430&Type=search", "url2": "http://www.houbaikai.com/" }, "geometry": { "type": "Point", "coordinates": [ 135.838829065075771, 34.728693713137794 ] } },
{ "type": "Feature", "properties": { "内容": "医療法人　社団　中川医院　居宅介護支援事業所【居宅介護支援】京都府乙訓郡大山崎町大山崎堀尻16－1", "url": "https://www.kaigokensaku.mhlw.go.jp/26/index.php?action_kouhyou_detail_004_kani=true&JigyosyoCd=2611001518-00&ServiceCd=430&Type=search", "url2": "http://www.kyotaku@nakagawa-iin.com" }, "geometry": { "type": "Point", "coordinates": [ 135.685562, 34.8987512 ] } },
{ "type": "Feature", "properties": { "内容": "居宅介護支援事業所・さわだ【居宅介護支援】京都府乙訓郡大山崎町大山崎鏡田3番地の87", "url": "https://www.kaigokensaku.mhlw.go.jp/26/index.php?action_kouhyou_detail_004_kani=true&JigyosyoCd=2671000053-00&ServiceCd=430&Type=search", "url2": null }, "geometry": { "type": "Point", "coordinates": [ 135.688097800000037, 34.8951266 ] } },
{ "type": "Feature", "properties": { "内容": "居宅介護支援事業所　洛和ヴィラ天王山【居宅介護支援】京都府乙訓郡大山崎町字大山崎小字松原36-6", "url": "https://www.kaigokensaku.mhlw.go.jp/26/index.php?action_kouhyou_detail_004_kani=true&JigyosyoCd=2671000046-00&ServiceCd=430&Type=search", "url2": "http://www.rakuwa.or.jp" }, "geometry": { "type": "Point", "coordinates": [ 135.687118085952761, 34.901578163825462 ] } },
{ "type": "Feature", "properties": { "内容": "社会福祉法人　大山崎町社会福祉協議会【居宅介護支援】大山崎町字円明寺小字百々10番地の2", "url": "https://www.kaigokensaku.mhlw.go.jp/26/index.php?action_kouhyou_detail_004_kani=true&JigyosyoCd=2671000012-00&ServiceCd=430&Type=search", "url2": "http://oyamazaki-shakyo.or.jp/" }, "geometry": { "type": "Point", "coordinates": [ 135.687114599999973, 34.9026507 ] } },
{ "type": "Feature", "properties": { "内容": "居宅介護支援事業所　おむすび【居宅介護支援】京都府久世郡久御山町大橋辺北島22-9", "url": "https://www.kaigokensaku.mhlw.go.jp/26/index.php?action_kouhyou_detail_004_kani=true&JigyosyoCd=2661190039-00&ServiceCd=430&Type=search", "url2": null }, "geometry": { "type": "Point", "coordinates": [ 135.7179609, 34.8983878 ] } },
{ "type": "Feature", "properties": { "内容": "株式会社傍楽　ケアプランセンター月【居宅介護支援】京都府久世郡久御山町栄３丁目１－２０", "url": "https://www.kaigokensaku.mhlw.go.jp/26/index.php?action_kouhyou_detail_004_kani=true&JigyosyoCd=2671100184-00&ServiceCd=430&Type=search", "url2": null }, "geometry": { "type": "Point", "coordinates": [ 135.7611963, 34.8790287 ] } },
{ "type": "Feature", "properties": { "内容": "社会福祉法人　久御山町社会福祉協議会【居宅介護支援】京都府久世郡久御山町島田ミスノ　11番地", "url": "https://www.kaigokensaku.mhlw.go.jp/26/index.php?action_kouhyou_detail_004_kani=true&JigyosyoCd=2671100010-00&ServiceCd=430&Type=search", "url2": "http://www.kyoshakyo.or.jp/kumiyama/" }, "geometry": { "type": "Point", "coordinates": [ 135.732276800000022, 34.8820774 ] } },
{ "type": "Feature", "properties": { "内容": "居宅介護支援事業所　東楽生苑【居宅介護支援】京都府久世郡久御山町林北畑105番地久御山団地17棟103号", "url": "https://www.kaigokensaku.mhlw.go.jp/26/index.php?action_kouhyou_detail_004_kani=true&JigyosyoCd=2671100077-00&ServiceCd=430&Type=search", "url2": "http://kumiyama-rakuseien.or.jp/" }, "geometry": { "type": "Point", "coordinates": [ 135.756914333698973, 34.878360014252266 ] } },
{ "type": "Feature", "properties": { "内容": "医療法人啓信会　ケアプランセンターリエゾン久御山ひしの里【居宅介護支援】京都府久世郡久御山町佐古内屋敷81-1", "url": "https://www.kaigokensaku.mhlw.go.jp/26/index.php?action_kouhyou_detail_004_kani=true&JigyosyoCd=2651180016-00&ServiceCd=430&Type=search", "url2": "http://www.kyoto－keishinkai.or.jp/" }, "geometry": { "type": "Point", "coordinates": [ 135.751434396156355, 34.880272376328755 ] } },
{ "type": "Feature", "properties": { "内容": "居宅介護支援事業所　ふれあい【居宅介護支援】京都府久世郡久御山町佐山西ノ口１３８くみやま岡本病院内１階", "url": "https://www.kaigokensaku.mhlw.go.jp/26/index.php?action_kouhyou_detail_004_kani=true&JigyosyoCd=2671100192-00&ServiceCd=430&Type=search", "url2": "https://www.okamoto-hp.or.jp/oka1/medical/kyotaku.html" }, "geometry": { "type": "Point", "coordinates": [ 135.747328030688465, 34.873130577448151 ] } },
{ "type": "Feature", "properties": { "内容": "弥勒会　井手町　在宅介護支援センター【居宅介護支援】京都府綴喜郡井手町大字井手小字弥勒1番地の1", "url": "https://www.kaigokensaku.mhlw.go.jp/26/index.php?action_kouhyou_detail_004_kani=true&JigyosyoCd=2671300206-00&ServiceCd=430&Type=search", "url2": "http://www.fushimi-shimizu.jp/" }, "geometry": { "type": "Point", "coordinates": [ 135.817804099999989, 34.7986139 ] } },
{ "type": "Feature", "properties": { "内容": "ケアプランセンターかおり【居宅介護支援】京都府綴喜郡宇治田原町大字郷之口小字本町10-1", "url": "https://www.kaigokensaku.mhlw.go.jp/26/index.php?action_kouhyou_detail_004_kani=true&JigyosyoCd=2671300230-00&ServiceCd=430&Type=search", "url2": null }, "geometry": { "type": "Point", "coordinates": [ 135.853116799999952, 34.8521731 ] } },
{ "type": "Feature", "properties": { "内容": "宇治田原町在宅介護支援センター【居宅介護支援】京都府綴喜郡宇治田原町大字禅定寺小字砂川１１５－１", "url": "https://www.kaigokensaku.mhlw.go.jp/26/index.php?action_kouhyou_detail_004_kani=true&JigyosyoCd=2671300057-00&ServiceCd=430&Type=search", "url2": "http://www.sunvillage-ujitawara.jp/" }, "geometry": { "type": "Point", "coordinates": [ 135.8776732, 34.8648442 ] } },
{ "type": "Feature", "properties": { "内容": "医療法人社団どろんこ会山口医院ケアプランセンター【居宅介護支援】京都府綴喜郡宇治田原町銘城台7-2,7-19", "url": "https://www.kaigokensaku.mhlw.go.jp/26/index.php?action_kouhyou_detail_004_kani=true&JigyosyoCd=2611301314-00&ServiceCd=430&Type=search", "url2": "http://www.doronko.or.jp/" }, "geometry": { "type": "Point", "coordinates": [ 135.8446123, 34.8433905 ] } },
{ "type": "Feature", "properties": { "内容": "笠置町指定居宅介護支援事業所【居宅介護支援】京都府相楽郡笠置町大字笠置小字隅田24番地", "url": "https://www.kaigokensaku.mhlw.go.jp/26/index.php?action_kouhyou_detail_004_kani=true&JigyosyoCd=2671400154-00&ServiceCd=430&Type=search", "url2": "http://www" }, "geometry": { "type": "Point", "coordinates": [ 135.9342335, 34.7571138 ] } },
{ "type": "Feature", "properties": { "内容": "和楽会居宅介護支援事業所【居宅介護支援】京都府相楽郡和束町大字釜塚小字縄手25番地", "url": "https://www.kaigokensaku.mhlw.go.jp/26/index.php?action_kouhyou_detail_004_kani=true&JigyosyoCd=2671400352-00&ServiceCd=430&Type=search", "url2": "http://www.waraku.or.jp" }, "geometry": { "type": "Point", "coordinates": [ 135.905982828172341, 34.794665052738551 ] } },
{ "type": "Feature", "properties": { "内容": "元気塾ケアプランセンター【居宅介護支援】京都府相楽郡精華町東畑荒内45-1", "url": "https://www.kaigokensaku.mhlw.go.jp/26/index.php?action_kouhyou_detail_004_kani=true&JigyosyoCd=2671400386-00&ServiceCd=430&Type=search", "url2": null }, "geometry": { "type": "Point", "coordinates": [ 135.751797931738309, 34.749765994290605 ] } },
{ "type": "Feature", "properties": { "内容": "ケアプランセンター結【居宅介護支援】京都府相楽郡精華町光台4丁目11-2", "url": "https://www.kaigokensaku.mhlw.go.jp/26/index.php?action_kouhyou_detail_004_kani=true&JigyosyoCd=2671400485-00&ServiceCd=430&Type=search", "url2": "http://stayion-ennmusubi.com" }, "geometry": { "type": "Point", "coordinates": [ 135.7630388, 34.7420711 ] } },
{ "type": "Feature", "properties": { "内容": "居宅介護支援ななみ【居宅介護支援】京都府相楽郡精華町桜が丘三丁目27-22", "url": "https://www.kaigokensaku.mhlw.go.jp/26/index.php?action_kouhyou_detail_004_kani=true&JigyosyoCd=2671400493-00&ServiceCd=430&Type=search", "url2": null }, "geometry": { "type": "Point", "coordinates": [ 135.7757393, 34.7257915 ] } },
{ "type": "Feature", "properties": { "内容": "介護老人保健施設　とちのき【居宅介護支援】京都府相楽郡精華町精華台7丁目4-1", "url": "https://www.kaigokensaku.mhlw.go.jp/26/index.php?action_kouhyou_detail_004_kani=true&JigyosyoCd=2651480010-00&ServiceCd=430&Type=search", "url2": "https://iseikai.jp" }, "geometry": { "type": "Point", "coordinates": [ 135.786647099999982, 34.7492404 ] } },
{ "type": "Feature", "properties": { "内容": "（福）　　精華町社会福祉協議会【居宅介護支援】京都府相楽郡精華町南稲八妻砂留22-1", "url": "https://www.kaigokensaku.mhlw.go.jp/26/index.php?action_kouhyou_detail_004_kani=true&JigyosyoCd=2671400089-00&ServiceCd=430&Type=search", "url2": "https://seikashakyo.or.jp" }, "geometry": { "type": "Point", "coordinates": [ 135.7770557, 34.7539109 ] } },
{ "type": "Feature", "properties": { "内容": "ファインケアプランセンター【居宅介護支援】京都府相楽郡精華町桜が丘３丁目１番の６エスペローマ高の原イースト１番館１階", "url": "https://www.kaigokensaku.mhlw.go.jp/26/index.php?action_kouhyou_detail_004_kani=true&JigyosyoCd=2671400428-00&ServiceCd=430&Type=search", "url2": "http://www.houbaikai.com/" }, "geometry": { "type": "Point", "coordinates": [ 135.77839849999998, 34.7289844 ] } },
{ "type": "Feature", "properties": { "内容": "精華町在宅介護支援センター神の園【居宅介護支援】京都府相楽郡精華町大字北稲八間小字焼山6", "url": "https://www.kaigokensaku.mhlw.go.jp/26/index.php?action_kouhyou_detail_004_kani=true&JigyosyoCd=2671400071-00&ServiceCd=430&Type=search", "url2": "http://kami-home.jp/" }, "geometry": { "type": "Point", "coordinates": [ 135.781830500000069, 34.7635553 ] } },
{ "type": "Feature", "properties": { "内容": "ケアプランセンターHannari【居宅介護支援】京都府相楽郡精華町狛田二丁目８番地２", "url": "https://www.kaigokensaku.mhlw.go.jp/26/index.php?action_kouhyou_detail_004_kani=true&JigyosyoCd=2671400501-00&ServiceCd=430&Type=search", "url2": null }, "geometry": { "type": "Point", "coordinates": [ 135.796661110589611, 34.779486838617743 ] } },
{ "type": "Feature", "properties": { "内容": "クローバーケアプランセンター【居宅介護支援】京都府相楽郡精華町桜が丘二丁目14-4", "url": "https://www.kaigokensaku.mhlw.go.jp/26/index.php?action_kouhyou_detail_004_kani=true&JigyosyoCd=2671400477-00&ServiceCd=430&Type=search", "url2": null }, "geometry": { "type": "Point", "coordinates": [ 135.7803337, 34.7311487 ] } },
{ "type": "Feature", "properties": { "内容": "医療法人　竹澤内科小児科医院居宅介護支援事業所【居宅介護支援】京都府相楽郡南山城村大字北大河原小字殿田106", "url": "https://www.kaigokensaku.mhlw.go.jp/26/index.php?action_kouhyou_detail_004_kani=true&JigyosyoCd=2611401114-00&ServiceCd=430&Type=search", "url2": "http://www" }, "geometry": { "type": "Point", "coordinates": [ 136.024407185094191, 34.766138519929875 ] } },
{ "type": "Feature", "properties": { "内容": "南山城村社会福祉協議会【居宅介護支援】京都府相楽郡南山城村大字北大河原小字大稲葉4番地", "url": "https://www.kaigokensaku.mhlw.go.jp/26/index.php?action_kouhyou_detail_004_kani=true&JigyosyoCd=2671400014-00&ServiceCd=430&Type=search", "url2": "https://sites.google.com/view/minamiyamashirosyakyo" }, "geometry": { "type": "Point", "coordinates": [ 136.025708, 34.7649645 ] } },
{ "type": "Feature", "properties": { "内容": "長老苑在宅介護支援センター　指定居宅介護支援事業所【居宅介護支援】京都府船井郡京丹波町市場丸ヶ野8番地2", "url": "https://www.kaigokensaku.mhlw.go.jp/26/index.php?action_kouhyou_detail_004_kani=true&JigyosyoCd=2671500060-00&ServiceCd=430&Type=search", "url2": "http://tyorouen.com/" }, "geometry": { "type": "Point", "coordinates": [ 135.413355599999932, 35.2579235 ] } },
{ "type": "Feature", "properties": { "内容": "山彦居宅介護支援センター【居宅介護支援】京都府船井郡京丹波町三ノ宮縄手３９番地", "url": "https://www.kaigokensaku.mhlw.go.jp/26/index.php?action_kouhyou_detail_004_kani=true&JigyosyoCd=2671500110-00&ServiceCd=430&Type=search", "url2": "https://yamabikokai-kyoto.com" }, "geometry": { "type": "Point", "coordinates": [ 135.331533499999978, 35.2215675 ] } },
{ "type": "Feature", "properties": { "内容": "特定非営利活動法人クローバー・サービス【居宅介護支援】京都府船井郡京丹波町橋爪桧山53番地", "url": "https://www.kaigokensaku.mhlw.go.jp/26/index.php?action_kouhyou_detail_004_kani=true&JigyosyoCd=2671500193-00&ServiceCd=430&Type=search", "url2": "http://www.cloverservice.or.jp" }, "geometry": { "type": "Point", "coordinates": [ 135.375225300000011, 35.1780819 ] } },
{ "type": "Feature", "properties": { "内容": "国保京丹波町病院居宅介護支援事業所【居宅介護支援】京都府船井郡京丹波町和田大下28番地", "url": "https://www.kaigokensaku.mhlw.go.jp/26/index.php?action_kouhyou_detail_004_kani=true&JigyosyoCd=2619600287-00&ServiceCd=430&Type=search", "url2": "http://www.kyotamba-hospital.jp/" }, "geometry": { "type": "Point", "coordinates": [ 135.374036400000023, 35.1807372 ] } },
{ "type": "Feature", "properties": { "内容": "丹波高原荘福祉サービスセンター【居宅介護支援】京都府船井郡京丹波町実勢大平37-1", "url": "https://www.kaigokensaku.mhlw.go.jp/26/index.php?action_kouhyou_detail_004_kani=true&JigyosyoCd=2671500094-00&ServiceCd=430&Type=search", "url2": "http://kougensou.net/index.html" }, "geometry": { "type": "Point", "coordinates": [ 135.436005490737926, 35.178764800503522 ] } },
{ "type": "Feature", "properties": { "内容": "京丹波町社会福祉協議会【居宅介護支援】京都府船井郡京丹波町和田田中6-1京丹波町瑞穂保健福祉センターほほえみ", "url": "https://www.kaigokensaku.mhlw.go.jp/26/index.php?action_kouhyou_detail_004_kani=true&JigyosyoCd=2671500318-00&ServiceCd=430&Type=search", "url2": "http://www.kyoshakyo.or.jp/kyotanba" }, "geometry": { "type": "Point", "coordinates": [ 135.372744900000043, 35.1814066 ] } },
{ "type": "Feature", "properties": { "内容": "伊根在宅介護支援センター【居宅介護支援】京都府与謝郡伊根町字六万部小字ヤクシノ上154番地", "url": "https://www.kaigokensaku.mhlw.go.jp/26/index.php?action_kouhyou_detail_004_kani=true&JigyosyoCd=2672000011-00&ServiceCd=430&Type=search", "url2": "https://yosagun-fukushikai.net/" }, "geometry": { "type": "Point", "coordinates": [ 135.272639199999958, 35.6751459 ] } },
{ "type": "Feature", "properties": { "内容": "医療法人仁寿会いわさく診療所　居宅介護支援事業所【居宅介護支援】京都府与謝郡与謝野町字四辻７５９番地", "url": "https://www.kaigokensaku.mhlw.go.jp/26/index.php?action_kouhyou_detail_004_kani=true&JigyosyoCd=2612000436-00&ServiceCd=430&Type=search", "url2": "http://www.i-jinju.or.jp/jinju/index2.html" }, "geometry": { "type": "Point", "coordinates": [ 135.09914073439333, 35.529782975334683 ] } },
{ "type": "Feature", "properties": { "内容": "支援センターかなで【居宅介護支援】京都府与謝郡与謝野町字岩屋小字庄内600番地3", "url": "https://www.kaigokensaku.mhlw.go.jp/26/index.php?action_kouhyou_detail_004_kani=true&JigyosyoCd=2672000029-00&ServiceCd=430&Type=search", "url2": "http://yofuku.or.jp/nijigaoka/" }, "geometry": { "type": "Point", "coordinates": [ 135.152841399999943, 35.5653085 ] } },
{ "type": "Feature", "properties": { "内容": "きずな居宅介護支援事業所【居宅介護支援】与謝郡与謝野町字三河内883番地2", "url": "https://www.kaigokensaku.mhlw.go.jp/26/index.php?action_kouhyou_detail_004_kani=true&JigyosyoCd=2672000268-00&ServiceCd=430&Type=search", "url2": "https://kizuna-careservice.com/" }, "geometry": { "type": "Point", "coordinates": [ 135.095494199999962, 35.520971 ] } },
{ "type": "Feature", "properties": { "内容": "丹後福祉応援団居宅介護支援事業所【居宅介護支援】京都府与謝郡与謝野町字加悦802-7", "url": "https://www.kaigokensaku.mhlw.go.jp/26/index.php?action_kouhyou_detail_004_kani=true&JigyosyoCd=2672000334-00&ServiceCd=430&Type=search", "url2": "https://tangofukushi-ouendan.wixsite.com/ouendan" }, "geometry": { "type": "Point", "coordinates": [ 135.089898573155182, 35.5056525 ] } },
{ "type": "Feature", "properties": { "内容": "与謝の園居宅介護支援事業所【居宅介護支援】京都府与謝郡与謝野町字明石2120番地", "url": "https://www.kaigokensaku.mhlw.go.jp/26/index.php?action_kouhyou_detail_004_kani=true&JigyosyoCd=2672000094-00&ServiceCd=430&Type=search", "url2": "http://www.hokuseikai.or.jp/yozanoen/" }, "geometry": { "type": "Point", "coordinates": [ 135.106780379153463, 35.507975027452645 ] } },
{ "type": "Feature", "properties": { "内容": "与謝野町社会福祉協議会介護事業所【居宅介護支援】京都府与謝郡与謝野町字岩滝2272番地1岩滝ふれあいセンター", "url": "https://www.kaigokensaku.mhlw.go.jp/26/index.php?action_kouhyou_detail_004_kani=true&JigyosyoCd=2672000169-00&ServiceCd=430&Type=search", "url2": "http://www.kyoshakyo.or.jp/yosano/" }, "geometry": { "type": "Point", "coordinates": [ 135.150608199999965, 35.5639949 ] } },
{ "type": "Feature", "properties": { "内容": "医療法人　南斗六星会　居宅介護支援事業所【居宅介護支援】京都府与謝郡与謝野町字下山田９９－３", "url": "https://www.kaigokensaku.mhlw.go.jp/26/index.php?action_kouhyou_detail_004_kani=true&JigyosyoCd=2612000584-00&ServiceCd=430&Type=search", "url2": "https://nantorokusei.com" }, "geometry": { "type": "Point", "coordinates": [ 135.12108588765517, 35.541447948646258 ] } }
]
}
