{
"type": "FeatureCollection",
"name": "geo_26_2",
"crs": { "type": "name", "properties": { "name": "urn:ogc:def:crs:OGC:1.3:CRS84" } },
"features": [
{ "type": "Feature", "properties": { "ID": "2622610309342", "正式名称": "四条タカクラクリニック", "機関区分": 2, "都道府県コード": 26, "市区町村コード": 104, "所在地": "京都府京都市中京区帯屋町番地高倉ビル３０２号室", "緯度": 35.00463, "経度": 135.762584, "url": "https://www.iryou.teikyouseido.mhlw.go.jp/znk-web/juminkanja/S2430/initialize?prefCd=26&kikanCd=2610309342&kikanKbn=2", "url2": "https://st-clinic.jp/", "内容": "四条タカクラクリニック【2:診療所】【診療科目:内科_糖尿病内科_婦人科】京都府京都市中京区帯屋町番地高倉ビル３０２号室" }, "geometry": { "type": "Point", "coordinates": [ 135.762584, 35.00463 ] } },
{ "type": "Feature", "properties": { "ID": "2622612900668", "正式名称": "しげまつ耳鼻咽喉科医院", "機関区分": 2, "都道府県コード": 26, "市区町村コード": 210, "所在地": "京都府八幡市男山長沢２３－１２", "緯度": 34.864622, "経度": 135.693467, "url": "https://www.iryou.teikyouseido.mhlw.go.jp/znk-web/juminkanja/S2430/initialize?prefCd=26&kikanCd=2612900668&kikanKbn=2", "url2": "https://www.sige-ent.com/", "内容": "しげまつ耳鼻咽喉科医院【2:診療所】【診療科目:耳鼻いんこう科】京都府八幡市男山長沢２３－１２" }, "geometry": { "type": "Point", "coordinates": [ 135.693467, 34.864622 ] } },
{ "type": "Feature", "properties": { "ID": "2622614001374", "正式名称": "小石医院", "機関区分": 2, "都道府県コード": 26, "市区町村コード": 111, "所在地": "京都府京都市西京区桂坤町１６－２", "緯度": 34.979703, "経度": 135.697966, "url": "https://www.iryou.teikyouseido.mhlw.go.jp/znk-web/juminkanja/S2430/initialize?prefCd=26&kikanCd=2614001374&kikanKbn=2", "url2": "https://www.koishi.com/", "内容": "小石医院【2:診療所】【診療科目:皮膚科】京都府京都市西京区桂坤町１６－２" }, "geometry": { "type": "Point", "coordinates": [ 135.697966, 34.979703 ] } },
{ "type": "Feature", "properties": { "ID": "2622614103212", "正式名称": "医療法人　ＩＤＡクリニック", "機関区分": 2, "都道府県コード": 26, "市区町村コード": 110, "所在地": "京都府京都市山科区安朱南屋敷町３５ラクトＤ６Ｆ", "緯度": 34.99075, "経度": 135.81801, "url": "https://www.iryou.teikyouseido.mhlw.go.jp/znk-web/juminkanja/S2430/initialize?prefCd=26&kikanCd=2614103212&kikanKbn=2", "url2": "ida-clinic.com", "内容": "医療法人　ＩＤＡクリニック【2:診療所】【診療科目:産婦人科_婦人科_産婦人科（生殖医療）】京都府京都市山科区安朱南屋敷町３５ラクトＤ６Ｆ" }, "geometry": { "type": "Point", "coordinates": [ 135.81801, 34.99075 ] } },
{ "type": "Feature", "properties": { "ID": "2622620000001", "正式名称": "京都府医師会久多診療所", "機関区分": 2, "都道府県コード": 26, "市区町村コード": 103, "所在地": "京都府京都市左京区久多下の町２０３", "緯度": 35.26423, "経度": 135.822971, "url": "https://www.iryou.teikyouseido.mhlw.go.jp/znk-web/juminkanja/S2430/initialize?prefCd=26&kikanCd=2620000001&kikanKbn=2", "url2": null, "内容": "京都府医師会久多診療所【2:診療所】【診療科目:内科_小児科】京都府京都市左京区久多下の町２０３" }, "geometry": { "type": "Point", "coordinates": [ 135.822971, 35.26423 ] } },
{ "type": "Feature", "properties": { "ID": "2622620000011", "正式名称": "医療法人瑞明会　たなか睡眠クリニック", "機関区分": 2, "都道府県コード": 26, "市区町村コード": 106, "所在地": "京都府京都市下京区四条通柳馬場西入立売中之町９９四条ＳＥＴビル５Ｆ", "緯度": 35.003368, "経度": 135.763543, "url": "https://www.iryou.teikyouseido.mhlw.go.jp/znk-web/juminkanja/S2430/initialize?prefCd=26&kikanCd=2620000011&kikanKbn=2", "url2": "http://www.kyotosleep.net", "内容": "医療法人瑞明会　たなか睡眠クリニック【2:診療所】【診療科目:内科_耳鼻いんこう科_精神科_神経科】京都府京都市下京区四条通柳馬場西入立売中之町９９四条ＳＥＴビル５Ｆ" }, "geometry": { "type": "Point", "coordinates": [ 135.763543, 35.003368 ] } },
{ "type": "Feature", "properties": { "ID": "2622620000018", "正式名称": "大熊眼科医院", "機関区分": 2, "都道府県コード": 26, "市区町村コード": 106, "所在地": "京都府京都市下京区四条烏丸西入函谷鉾町８９　函谷鉾ビル４Ｆ", "緯度": 35.003896, "経度": 135.758488, "url": "https://www.iryou.teikyouseido.mhlw.go.jp/znk-web/juminkanja/S2430/initialize?prefCd=26&kikanCd=2620000018&kikanKbn=2", "url2": null, "内容": "大熊眼科医院【2:診療所】【診療科目:眼科】京都府京都市下京区四条烏丸西入函谷鉾町８９　函谷鉾ビル４Ｆ" }, "geometry": { "type": "Point", "coordinates": [ 135.758488, 35.003896 ] } },
{ "type": "Feature", "properties": { "ID": "2622620000024", "正式名称": "勝見医院", "機関区分": 2, "都道府県コード": 26, "市区町村コード": 106, "所在地": "京都府京都市下京区河原町通松原上ル清水町２８９－２", "緯度": 34.99923, "経度": 135.767932, "url": "https://www.iryou.teikyouseido.mhlw.go.jp/znk-web/juminkanja/S2430/initialize?prefCd=26&kikanCd=2620000024&kikanKbn=2", "url2": null, "内容": "勝見医院【2:診療所】【診療科目:内科_耳鼻いんこう科】京都府京都市下京区河原町通松原上ル清水町２８９－２" }, "geometry": { "type": "Point", "coordinates": [ 135.767932, 34.99923 ] } },
{ "type": "Feature", "properties": { "ID": "2622620000027", "正式名称": "いかだ皮膚科クリニック", "機関区分": 2, "都道府県コード": 26, "市区町村コード": 106, "所在地": "京都府京都市下京区西橋詰町７５８プロスペクト河原町五条２０２", "緯度": 34.997036, "経度": 135.767043, "url": "https://www.iryou.teikyouseido.mhlw.go.jp/znk-web/juminkanja/S2430/initialize?prefCd=26&kikanCd=2620000027&kikanKbn=2", "url2": null, "内容": "いかだ皮膚科クリニック【2:診療所】【診療科目:皮膚科】京都府京都市下京区西橋詰町７５８プロスペクト河原町五条２０２" }, "geometry": { "type": "Point", "coordinates": [ 135.767043, 34.997036 ] } },
{ "type": "Feature", "properties": { "ID": "2622620000031", "正式名称": "山本医院", "機関区分": 2, "都道府県コード": 26, "市区町村コード": 106, "所在地": "京都府京都市下京区寺町通仏光寺下る恵美須之町５２３番", "緯度": 35.000508, "経度": 135.766793, "url": "https://www.iryou.teikyouseido.mhlw.go.jp/znk-web/juminkanja/S2430/initialize?prefCd=26&kikanCd=2620000031&kikanKbn=2", "url2": null, "内容": "山本医院【2:診療所】【診療科目:内科_小児科_皮膚科_アレルギー科】京都府京都市下京区寺町通仏光寺下る恵美須之町５２３番" }, "geometry": { "type": "Point", "coordinates": [ 135.766793, 35.000508 ] } },
{ "type": "Feature", "properties": { "ID": "2622620000032", "正式名称": "前田内科医院", "機関区分": 2, "都道府県コード": 26, "市区町村コード": 106, "所在地": "京都府京都市下京区御幸町通四条下ル大寿町４０４", "緯度": 35.002845, "経度": 135.766295, "url": "https://www.iryou.teikyouseido.mhlw.go.jp/znk-web/juminkanja/S2430/initialize?prefCd=26&kikanCd=2620000032&kikanKbn=2", "url2": null, "内容": "前田内科医院【2:診療所】【診療科目:内科_循環器内科_腎臓内科_外科_皮膚科】京都府京都市下京区御幸町通四条下ル大寿町４０４" }, "geometry": { "type": "Point", "coordinates": [ 135.766295, 35.002845 ] } },
{ "type": "Feature", "properties": { "ID": "2622620000033", "正式名称": "青木眼科診療所", "機関区分": 2, "都道府県コード": 26, "市区町村コード": 106, "所在地": "京都府京都市下京区御幸町通高辻下る桝屋町４６９－１", "緯度": 34.999647, "経度": 135.766376, "url": "https://www.iryou.teikyouseido.mhlw.go.jp/znk-web/juminkanja/S2430/initialize?prefCd=26&kikanCd=2620000033&kikanKbn=2", "url2": null, "内容": "青木眼科診療所【2:診療所】【診療科目:眼科】京都府京都市下京区御幸町通高辻下る桝屋町４６９－１" }, "geometry": { "type": "Point", "coordinates": [ 135.766376, 34.999647 ] } },
{ "type": "Feature", "properties": { "ID": "2622620000036", "正式名称": "医療法人佐伯医院", "機関区分": 2, "都道府県コード": 26, "市区町村コード": 106, "所在地": "京都府京都市下京区永原町１４９", "緯度": 35.002137, "経度": 135.76376, "url": "https://www.iryou.teikyouseido.mhlw.go.jp/znk-web/juminkanja/S2430/initialize?prefCd=26&kikanCd=2620000036&kikanKbn=2", "url2": "https://www.saekiiin.com", "内容": "医療法人佐伯医院【2:診療所】【診療科目:産科_婦人科】京都府京都市下京区永原町１４９" }, "geometry": { "type": "Point", "coordinates": [ 135.76376, 35.002137 ] } },
{ "type": "Feature", "properties": { "ID": "2622620000037", "正式名称": "医療法人仏光会小西仏光寺診療所", "機関区分": 2, "都道府県コード": 26, "市区町村コード": 106, "所在地": "京都府京都市下京区仏光寺通柳馬場西入東前町３９８番地", "緯度": 35.001257, "経度": 135.762988, "url": "https://www.iryou.teikyouseido.mhlw.go.jp/znk-web/juminkanja/S2430/initialize?prefCd=26&kikanCd=2620000037&kikanKbn=2", "url2": "http://bukkoji-clinic.com", "内容": "医療法人仏光会小西仏光寺診療所【2:診療所】【診療科目:内科_小児科】京都府京都市下京区仏光寺通柳馬場西入東前町３９８番地" }, "geometry": { "type": "Point", "coordinates": [ 135.762988, 35.001257 ] } },
{ "type": "Feature", "properties": { "ID": "2622620000041", "正式名称": "井上医院", "機関区分": 2, "都道府県コード": 26, "市区町村コード": 106, "所在地": "京都府京都市下京区東洞院通四条下る元悪王子町３７番地豊元四条烏丸ビル２Ｆ", "緯度": 35.003368, "経度": 135.760904, "url": "https://www.iryou.teikyouseido.mhlw.go.jp/znk-web/juminkanja/S2430/initialize?prefCd=26&kikanCd=2620000041&kikanKbn=2", "url2": null, "内容": "井上医院【2:診療所】【診療科目:小児科】京都府京都市下京区東洞院通四条下る元悪王子町３７番地豊元四条烏丸ビル２Ｆ" }, "geometry": { "type": "Point", "coordinates": [ 135.760904, 35.003368 ] } },
{ "type": "Feature", "properties": { "ID": "2622620000042", "正式名称": "谷山クリニック", "機関区分": 2, "都道府県コード": 26, "市区町村コード": 106, "所在地": "京都府京都市下京区東洞院通四条下ル元悪王子町４６　やさか長砂ビル１階", "緯度": 35.002979, "経度": 135.760932, "url": "https://www.iryou.teikyouseido.mhlw.go.jp/znk-web/juminkanja/S2430/initialize?prefCd=26&kikanCd=2620000042&kikanKbn=2", "url2": null, "内容": "谷山クリニック【2:診療所】【診療科目:精神科_心療内科】京都府京都市下京区東洞院通四条下ル元悪王子町４６　やさか長砂ビル１階" }, "geometry": { "type": "Point", "coordinates": [ 135.760932, 35.002979 ] } },
{ "type": "Feature", "properties": { "ID": "2622620000043", "正式名称": "松尾外科医院", "機関区分": 2, "都道府県コード": 26, "市区町村コード": 106, "所在地": "京都府京都市下京区東洞院通高辻上ル高橋町６３２", "緯度": 35.000396, "経度": 135.761266, "url": "https://www.iryou.teikyouseido.mhlw.go.jp/znk-web/juminkanja/S2430/initialize?prefCd=26&kikanCd=2620000043&kikanKbn=2", "url2": null, "内容": "松尾外科医院【2:診療所】【診療科目:外科_消化器外科_肛門外科_皮膚科】京都府京都市下京区東洞院通高辻上ル高橋町６３２" }, "geometry": { "type": "Point", "coordinates": [ 135.761266, 35.000396 ] } },
{ "type": "Feature", "properties": { "ID": "2622620000045", "正式名称": "医療法人冨井医院", "機関区分": 2, "都道府県コード": 26, "市区町村コード": 106, "所在地": "京都府京都市下京区正面通西木屋町西入梅湊町９２番地", "緯度": 34.991731, "経度": 135.765071, "url": "https://www.iryou.teikyouseido.mhlw.go.jp/znk-web/juminkanja/S2430/initialize?prefCd=26&kikanCd=2620000045&kikanKbn=2", "url2": "https://tomii-cl.com", "内容": "医療法人冨井医院【2:診療所】【診療科目:内科_脳神経内科】京都府京都市下京区正面通西木屋町西入梅湊町９２番地" }, "geometry": { "type": "Point", "coordinates": [ 135.765071, 34.991731 ] } },
{ "type": "Feature", "properties": { "ID": "2622620000047", "正式名称": "社会医療法人健康会　内浜診療所", "機関区分": 2, "都道府県コード": 26, "市区町村コード": 106, "所在地": "京都府京都市下京区七条通河原町東入材木町４６０", "緯度": 34.989425, "経度": 135.764516, "url": "https://www.iryou.teikyouseido.mhlw.go.jp/znk-web/juminkanja/S2430/initialize?prefCd=26&kikanCd=2620000047&kikanKbn=2", "url2": "kyotominami.or.jp", "内容": "社会医療法人健康会　内浜診療所【2:診療所】【診療科目:内科_外科_精神科】京都府京都市下京区七条通河原町東入材木町４６０" }, "geometry": { "type": "Point", "coordinates": [ 135.764516, 34.989425 ] } },
{ "type": "Feature", "properties": { "ID": "2622620000049", "正式名称": "安東医院", "機関区分": 2, "都道府県コード": 26, "市区町村コード": 106, "所在地": "京都府京都市下京区間之町通下珠数屋町上る西玉水町２７９", "緯度": 34.990592, "経度": 135.761627, "url": "https://www.iryou.teikyouseido.mhlw.go.jp/znk-web/juminkanja/S2430/initialize?prefCd=26&kikanCd=2620000049&kikanKbn=2", "url2": null, "内容": "安東医院【2:診療所】【診療科目:内科_神経内科_精神科】京都府京都市下京区間之町通下珠数屋町上る西玉水町２７９" }, "geometry": { "type": "Point", "coordinates": [ 135.761627, 34.990592 ] } },
{ "type": "Feature", "properties": { "ID": "2622620000050", "正式名称": "医療法人佐々木医院", "機関区分": 2, "都道府県コード": 26, "市区町村コード": 106, "所在地": "京都府京都市下京区室町通五条下る大黒町２１５", "緯度": 34.99523, "経度": 135.758266, "url": "https://www.iryou.teikyouseido.mhlw.go.jp/znk-web/juminkanja/S2430/initialize?prefCd=26&kikanCd=2620000050&kikanKbn=2", "url2": null, "内容": "医療法人佐々木医院【2:診療所】【診療科目:内科_消化器内科_小児科】京都府京都市下京区室町通五条下る大黒町２１５" }, "geometry": { "type": "Point", "coordinates": [ 135.758266, 34.99523 ] } },
{ "type": "Feature", "properties": { "ID": "2622620000054", "正式名称": "きしもと内科クリニック", "機関区分": 2, "都道府県コード": 26, "市区町村コード": 106, "所在地": "京都府京都市下京区松原通堺町西入杉屋町２８１", "緯度": 34.998897, "経度": 135.763377, "url": "https://www.iryou.teikyouseido.mhlw.go.jp/znk-web/juminkanja/S2430/initialize?prefCd=26&kikanCd=2620000054&kikanKbn=2", "url2": "https://sites.google.com/site/kishimotonaika/", "内容": "きしもと内科クリニック【2:診療所】【診療科目:内科_消化器内科】京都府京都市下京区松原通堺町西入杉屋町２８１" }, "geometry": { "type": "Point", "coordinates": [ 135.763377, 34.998897 ] } },
{ "type": "Feature", "properties": { "ID": "2622620000057", "正式名称": "間嶋胃腸科内科医院", "機関区分": 2, "都道府県コード": 26, "市区町村コード": 106, "所在地": "京都府京都市下京区間之町通り六条下ル夷ノ町８８", "緯度": 34.993758, "経度": 135.761655, "url": "https://www.iryou.teikyouseido.mhlw.go.jp/znk-web/juminkanja/S2430/initialize?prefCd=26&kikanCd=2620000057&kikanKbn=2", "url2": null, "内容": "間嶋胃腸科内科医院【2:診療所】【診療科目:内科_神経内科_外科_小児科_皮膚科_泌尿器科_アレルギー科_リウマチ科_放射線科】京都府京都市下京区間之町通り六条下ル夷ノ町８８" }, "geometry": { "type": "Point", "coordinates": [ 135.761655, 34.993758 ] } },
{ "type": "Feature", "properties": { "ID": "2622620000058", "正式名称": "川喜多医院", "機関区分": 2, "都道府県コード": 26, "市区町村コード": 106, "所在地": "京都府京都市下京区花屋町通高倉東入升屋町７６", "緯度": 34.993397, "経度": 135.76271, "url": "https://www.iryou.teikyouseido.mhlw.go.jp/znk-web/juminkanja/S2430/initialize?prefCd=26&kikanCd=2620000058&kikanKbn=2", "url2": null, "内容": "川喜多医院【2:診療所】【診療科目:胃腸内科_外科_整形外科】京都府京都市下京区花屋町通高倉東入升屋町７６" }, "geometry": { "type": "Point", "coordinates": [ 135.76271, 34.993397 ] } },
{ "type": "Feature", "properties": { "ID": "2622620000066", "正式名称": "医療法人三輪眼科", "機関区分": 2, "都道府県コード": 26, "市区町村コード": 106, "所在地": "京都府京都市下京区烏丸通七条下ル東塩小路町７１８鳥居ビル３階", "緯度": 34.987426, "経度": 135.759989, "url": "https://www.iryou.teikyouseido.mhlw.go.jp/znk-web/juminkanja/S2430/initialize?prefCd=26&kikanCd=2620000066&kikanKbn=2", "url2": null, "内容": "医療法人三輪眼科【2:診療所】【診療科目:内科_小児科】京都府京都市下京区烏丸通七条下ル東塩小路町７１８鳥居ビル３階" }, "geometry": { "type": "Point", "coordinates": [ 135.759989, 34.987426 ] } },
{ "type": "Feature", "properties": { "ID": "2622620000068", "正式名称": "京都医療生活協同組合中野眼科京都駅前診療所", "機関区分": 2, "都道府県コード": 26, "市区町村コード": 106, "所在地": "京都府京都市下京区烏丸七条下る東塩小路町７２０　京都駅前するがやビル４Ｆ", "緯度": 34.987787, "経度": 135.759544, "url": "https://www.iryou.teikyouseido.mhlw.go.jp/znk-web/juminkanja/S2430/initialize?prefCd=26&kikanCd=2620000068&kikanKbn=2", "url2": "http://www.kyo-con.or.jp/", "内容": "京都医療生活協同組合中野眼科京都駅前診療所【2:診療所】【診療科目:小児眼科_眼科_緑内障、コンタクトレンズ診療】京都府京都市下京区烏丸七条下る東塩小路町７２０　京都駅前するがやビル４Ｆ" }, "geometry": { "type": "Point", "coordinates": [ 135.759544, 34.987787 ] } },
{ "type": "Feature", "properties": { "ID": "2622620000070", "正式名称": "医療法人創健会西村診療所", "機関区分": 2, "都道府県コード": 26, "市区町村コード": 106, "所在地": "京都府京都市下京区烏丸通塩小路下ル東塩小路町９０１ホテルグランヴィア京都３Ｆ", "緯度": 34.986148, "経度": 135.758461, "url": "https://www.iryou.teikyouseido.mhlw.go.jp/znk-web/juminkanja/S2430/initialize?prefCd=26&kikanCd=2620000070&kikanKbn=2", "url2": null, "内容": "医療法人創健会西村診療所【2:診療所】【診療科目:内科_循環器内科_消化器内科_婦人科_放射線科】京都府京都市下京区烏丸通塩小路下ル東塩小路町９０１ホテルグランヴィア京都３Ｆ" }, "geometry": { "type": "Point", "coordinates": [ 135.758461, 34.986148 ] } },
{ "type": "Feature", "properties": { "ID": "2622620000073", "正式名称": "品川スキンクリニック　京都院", "機関区分": 2, "都道府県コード": 26, "市区町村コード": 106, "所在地": "京都府京都市下京区烏丸通七条下る東塩小路町７３５－１京阪京都ビル５階", "緯度": 34.988759, "経度": 135.760044, "url": "https://www.iryou.teikyouseido.mhlw.go.jp/znk-web/juminkanja/S2430/initialize?prefCd=26&kikanCd=2620000073&kikanKbn=2", "url2": "https://shinagawa-skin.com/clinic/kyoto/", "内容": "品川スキンクリニック　京都院【2:診療所】【診療科目:美容外科_美容皮膚科】京都府京都市下京区烏丸通七条下る東塩小路町７３５－１京阪京都ビル５階" }, "geometry": { "type": "Point", "coordinates": [ 135.760044, 34.988759 ] } },
{ "type": "Feature", "properties": { "ID": "2622620000075", "正式名称": "医療法人財団康生会タケダクリニック", "機関区分": 2, "都道府県コード": 26, "市区町村コード": 106, "所在地": "京都府京都市下京区塩小路通西洞院東入東塩小路町６０８番地　日本生命京都三哲ビル３Ｆ", "緯度": 34.987592, "経度": 135.755933, "url": "https://www.iryou.teikyouseido.mhlw.go.jp/znk-web/juminkanja/S2430/initialize?prefCd=26&kikanCd=2620000075&kikanKbn=2", "url2": null, "内容": "医療法人財団康生会タケダクリニック【2:診療所】【診療科目:内科】京都府京都市下京区塩小路通西洞院東入東塩小路町６０８番地　日本生命京都三哲ビル３Ｆ" }, "geometry": { "type": "Point", "coordinates": [ 135.755933, 34.987592 ] } },
{ "type": "Feature", "properties": { "ID": "2622620000076", "正式名称": "中西医院", "機関区分": 2, "都道府県コード": 26, "市区町村コード": 106, "所在地": "京都府京都市下京区七条通り　烏丸東入る　南側　オグシビル　４階", "緯度": 34.98712, "経度": 135.761377, "url": "https://www.iryou.teikyouseido.mhlw.go.jp/znk-web/juminkanja/S2430/initialize?prefCd=26&kikanCd=2620000076&kikanKbn=2", "url2": null, "内容": "中西医院【2:診療所】【診療科目:内科_神経内科_精神科_神経科】京都府京都市下京区七条通り　烏丸東入る　南側　オグシビル　４階" }, "geometry": { "type": "Point", "coordinates": [ 135.761377, 34.98712 ] } },
{ "type": "Feature", "properties": { "ID": "2622620000077", "正式名称": "医療法人社団和田クリニック", "機関区分": 2, "都道府県コード": 26, "市区町村コード": 106, "所在地": "京都府京都市下京区塩小路通東洞院東入東塩小路町５４７番地３明石屋ビル２Ｆ", "緯度": 34.987092, "経度": 135.761488, "url": "https://www.iryou.teikyouseido.mhlw.go.jp/znk-web/juminkanja/S2430/initialize?prefCd=26&kikanCd=2620000077&kikanKbn=2", "url2": "http://www.mfis.pref.kyoto.lg.jp/ap/co/WebCoParts/kyoto-wada-clinic.com", "内容": "医療法人社団和田クリニック【2:診療所】【診療科目:内科_消化器内科_胃腸内科_外科_放射線科】京都府京都市下京区塩小路通東洞院東入東塩小路町５４７番地３明石屋ビル２Ｆ" }, "geometry": { "type": "Point", "coordinates": [ 135.761488, 34.987092 ] } },
{ "type": "Feature", "properties": { "ID": "2622620000080", "正式名称": "ごうだクリニック", "機関区分": 2, "都道府県コード": 26, "市区町村コード": 106, "所在地": "京都府京都市下京区西洞院通塩小路下る東塩小路町９３７　アユマビル３Ｆ", "緯度": 34.986676, "経度": 135.755461, "url": "https://www.iryou.teikyouseido.mhlw.go.jp/znk-web/juminkanja/S2430/initialize?prefCd=26&kikanCd=2620000080&kikanKbn=2", "url2": null, "内容": "ごうだクリニック【2:診療所】【診療科目:精神科_心療内科】京都府京都市下京区西洞院通塩小路下る東塩小路町９３７　アユマビル３Ｆ" }, "geometry": { "type": "Point", "coordinates": [ 135.755461, 34.986676 ] } },
{ "type": "Feature", "properties": { "ID": "2622620000082", "正式名称": "医療法人冨士森形成外科医院", "機関区分": 2, "都道府県コード": 26, "市区町村コード": 106, "所在地": "京都府京都市下京区西洞院通東塩小路町６０８番地９日生三哲ビル２Ｆ", "緯度": 34.987425, "経度": 135.755878, "url": "https://www.iryou.teikyouseido.mhlw.go.jp/znk-web/juminkanja/S2430/initialize?prefCd=26&kikanCd=2620000082&kikanKbn=2", "url2": null, "内容": "医療法人冨士森形成外科医院【2:診療所】【診療科目:形成外科】京都府京都市下京区西洞院通東塩小路町６０８番地９日生三哲ビル２Ｆ" }, "geometry": { "type": "Point", "coordinates": [ 135.755878, 34.987425 ] } },
{ "type": "Feature", "properties": { "ID": "2622620000086", "正式名称": "清水ヴェリィ形成外科クリニック", "機関区分": 2, "都道府県コード": 26, "市区町村コード": 106, "所在地": "京都府京都市下京区東洞院通七条下ル東塩小路町７１７－１京都駅前ビルＢＦ１", "緯度": 34.98737, "経度": 135.760544, "url": "https://www.iryou.teikyouseido.mhlw.go.jp/znk-web/juminkanja/S2430/initialize?prefCd=26&kikanCd=2620000086&kikanKbn=2", "url2": "http://www.very.ne.jp/about/accessmap.html", "内容": "清水ヴェリィ形成外科クリニック【2:診療所】【診療科目:形成外科_美容外科_皮膚科】京都府京都市下京区東洞院通七条下ル東塩小路町７１７－１京都駅前ビルＢＦ１" }, "geometry": { "type": "Point", "coordinates": [ 135.760544, 34.98737 ] } },
{ "type": "Feature", "properties": { "ID": "2622620000091", "正式名称": "医療法人川口内科医院", "機関区分": 2, "都道府県コード": 26, "市区町村コード": 106, "所在地": "京都府京都市下京区七条通油小路東入大黒町２５３番地", "緯度": 34.988898, "経度": 135.7551, "url": "https://www.iryou.teikyouseido.mhlw.go.jp/znk-web/juminkanja/S2430/initialize?prefCd=26&kikanCd=2620000091&kikanKbn=2", "url2": "https://kawaguchi-naika.jp/", "内容": "医療法人川口内科医院【2:診療所】【診療科目:内科_糖尿病内科_リハビリテーション科】京都府京都市下京区七条通油小路東入大黒町２５３番地" }, "geometry": { "type": "Point", "coordinates": [ 135.7551, 34.988898 ] } },
{ "type": "Feature", "properties": { "ID": "2622620000093", "正式名称": "肥後診療所", "機関区分": 2, "都道府県コード": 26, "市区町村コード": 106, "所在地": "京都府京都市下京区下魚棚通堀川西入鎌屋町２０", "緯度": 34.988481, "経度": 135.752572, "url": "https://www.iryou.teikyouseido.mhlw.go.jp/znk-web/juminkanja/S2430/initialize?prefCd=26&kikanCd=2620000093&kikanKbn=2", "url2": null, "内容": "肥後診療所【2:診療所】【診療科目:内科_皮膚科】京都府京都市下京区下魚棚通堀川西入鎌屋町２０" }, "geometry": { "type": "Point", "coordinates": [ 135.752572, 34.988481 ] } },
{ "type": "Feature", "properties": { "ID": "2622620000096", "正式名称": "医療法人ふじた医院", "機関区分": 2, "都道府県コード": 26, "市区町村コード": 106, "所在地": "京都府京都市下京区大宮通七条下る御器屋町６７", "緯度": 34.988925, "経度": 135.748934, "url": "https://www.iryou.teikyouseido.mhlw.go.jp/znk-web/juminkanja/S2430/initialize?prefCd=26&kikanCd=2620000096&kikanKbn=2", "url2": "http://www.fujita-clinic.or.jp/", "内容": "医療法人ふじた医院【2:診療所】【診療科目:内科_消化器内科_リハビリテーション科】京都府京都市下京区大宮通七条下る御器屋町６７" }, "geometry": { "type": "Point", "coordinates": [ 135.748934, 34.988925 ] } },
{ "type": "Feature", "properties": { "ID": "2622620000098", "正式名称": "医療法人福島医院", "機関区分": 2, "都道府県コード": 26, "市区町村コード": 106, "所在地": "京都府京都市下京区新町通北小路上る平野町７６６", "緯度": 34.990731, "経度": 135.757072, "url": "https://www.iryou.teikyouseido.mhlw.go.jp/znk-web/juminkanja/S2430/initialize?prefCd=26&kikanCd=2620000098&kikanKbn=2", "url2": "http://www.terra.dti.ne.jp/~ken18", "内容": "医療法人福島医院【2:診療所】【診療科目:内科_神経内科_外科_整形外科_皮膚科_精神科_心療内科】京都府京都市下京区新町通北小路上る平野町７６６" }, "geometry": { "type": "Point", "coordinates": [ 135.757072, 34.990731 ] } },
{ "type": "Feature", "properties": { "ID": "2622620000099", "正式名称": "大岩医院", "機関区分": 2, "都道府県コード": 26, "市区町村コード": 106, "所在地": "京都府京都市下京区西洞院通六条下ル東側町５１３", "緯度": 34.993619, "経度": 135.755266, "url": "https://www.iryou.teikyouseido.mhlw.go.jp/znk-web/juminkanja/S2430/initialize?prefCd=26&kikanCd=2620000099&kikanKbn=2", "url2": "http://www.ishikai.or.jp/oiwaclinic/", "内容": "大岩医院【2:診療所】【診療科目:内科_神経内科】京都府京都市下京区西洞院通六条下ル東側町５１３" }, "geometry": { "type": "Point", "coordinates": [ 135.755266, 34.993619 ] } },
{ "type": "Feature", "properties": { "ID": "2622620000101", "正式名称": "医療法人大岡医院七条診療所", "機関区分": 2, "都道府県コード": 26, "市区町村コード": 106, "所在地": "京都府京都市下京区西洞院通正面下ル鍛冶屋町４３５－１", "緯度": 34.99062, "経度": 135.7551, "url": "https://www.iryou.teikyouseido.mhlw.go.jp/znk-web/juminkanja/S2430/initialize?prefCd=26&kikanCd=2620000101&kikanKbn=2", "url2": "http://www.chiryo.jp/index.htm", "内容": "医療法人大岡医院七条診療所【2:診療所】【診療科目:耳鼻いんこう科】京都府京都市下京区西洞院通正面下ル鍛冶屋町４３５－１" }, "geometry": { "type": "Point", "coordinates": [ 135.7551, 34.99062 ] } },
{ "type": "Feature", "properties": { "ID": "2622620000102", "正式名称": "松田久医院", "機関区分": 2, "都道府県コード": 26, "市区町村コード": 106, "所在地": "京都府京都市下京区油小路通五条下ル中金仏町２１５番地", "緯度": 34.996008, "経度": 135.7536, "url": "https://www.iryou.teikyouseido.mhlw.go.jp/znk-web/juminkanja/S2430/initialize?prefCd=26&kikanCd=2620000102&kikanKbn=2", "url2": null, "内容": "松田久医院【2:診療所】【診療科目:内科】京都府京都市下京区油小路通五条下ル中金仏町２１５番地" }, "geometry": { "type": "Point", "coordinates": [ 135.7536, 34.996008 ] } },
{ "type": "Feature", "properties": { "ID": "2622620000103", "正式名称": "医療福祉法人　健康会　第二南診療所", "機関区分": 2, "都道府県コード": 26, "市区町村コード": 106, "所在地": "京都府京都市下京区東中筋通花屋町下る柳町３３２番地", "緯度": 34.991953, "経度": 135.754239, "url": "https://www.iryou.teikyouseido.mhlw.go.jp/znk-web/juminkanja/S2430/initialize?prefCd=26&kikanCd=2620000103&kikanKbn=2", "url2": null, "内容": "医療福祉法人　健康会　第二南診療所【2:診療所】【診療科目:内科_外科_整形外科】京都府京都市下京区東中筋通花屋町下る柳町３３２番地" }, "geometry": { "type": "Point", "coordinates": [ 135.754239, 34.991953 ] } },
{ "type": "Feature", "properties": { "ID": "2622620000105", "正式名称": "医療法人　池田クリニック", "機関区分": 2, "都道府県コード": 26, "市区町村コード": 106, "所在地": "京都府京都市下京区五条通り堀川西入柿本町５７９番地五条堀川ビル３階", "緯度": 34.99598, "経度": 135.751933, "url": "https://www.iryou.teikyouseido.mhlw.go.jp/znk-web/juminkanja/S2430/initialize?prefCd=26&kikanCd=2620000105&kikanKbn=2", "url2": null, "内容": "医療法人　池田クリニック【2:診療所】【診療科目:内科】京都府京都市下京区五条通り堀川西入柿本町５７９番地五条堀川ビル３階" }, "geometry": { "type": "Point", "coordinates": [ 135.751933, 34.99598 ] } },
{ "type": "Feature", "properties": { "ID": "2622620000106", "正式名称": "医療法人弘操会馬淵診療所", "機関区分": 2, "都道府県コード": 26, "市区町村コード": 106, "所在地": "京都府京都市下京区黒門通五条上る柿本町５９０番地４", "緯度": 34.996702, "経度": 135.750406, "url": "https://www.iryou.teikyouseido.mhlw.go.jp/znk-web/juminkanja/S2430/initialize?prefCd=26&kikanCd=2620000106&kikanKbn=2", "url2": null, "内容": "医療法人弘操会馬淵診療所【2:診療所】【診療科目:内科_人工透析内科】京都府京都市下京区黒門通五条上る柿本町５９０番地４" }, "geometry": { "type": "Point", "coordinates": [ 135.750406, 34.996702 ] } },
{ "type": "Feature", "properties": { "ID": "2622620000109", "正式名称": "耳鼻咽喉科　加藤医院", "機関区分": 2, "都道府県コード": 26, "市区町村コード": 106, "所在地": "京都府京都市下京区大宮通花屋町上る堀之上町５４１", "緯度": 34.99298, "経度": 135.74935, "url": "https://www.iryou.teikyouseido.mhlw.go.jp/znk-web/juminkanja/S2430/initialize?prefCd=26&kikanCd=2620000109&kikanKbn=2", "url2": null, "内容": "耳鼻咽喉科　加藤医院【2:診療所】【診療科目:耳鼻いんこう科】京都府京都市下京区大宮通花屋町上る堀之上町５４１" }, "geometry": { "type": "Point", "coordinates": [ 135.74935, 34.99298 ] } },
{ "type": "Feature", "properties": { "ID": "2622620000110", "正式名称": "内科田中医院", "機関区分": 2, "都道府県コード": 26, "市区町村コード": 106, "所在地": "京都府京都市下京区大宮通花屋町上る堀之上町５４１番地", "緯度": 34.99298, "経度": 135.74935, "url": "https://www.iryou.teikyouseido.mhlw.go.jp/znk-web/juminkanja/S2430/initialize?prefCd=26&kikanCd=2620000110&kikanKbn=2", "url2": null, "内容": "内科田中医院【2:診療所】【診療科目:内科】京都府京都市下京区大宮通花屋町上る堀之上町５４１番地" }, "geometry": { "type": "Point", "coordinates": [ 135.74935, 34.99298 ] } },
{ "type": "Feature", "properties": { "ID": "2622620000111", "正式名称": "檜垣医院", "機関区分": 2, "都道府県コード": 26, "市区町村コード": 106, "所在地": "京都府京都市下京区下松屋町花屋町下ル突抜二丁目３７５", "緯度": 34.991647, "経度": 135.748323, "url": "https://www.iryou.teikyouseido.mhlw.go.jp/znk-web/juminkanja/S2430/initialize?prefCd=26&kikanCd=2620000111&kikanKbn=2", "url2": null, "内容": "檜垣医院【2:診療所】【診療科目:内科_小児科】京都府京都市下京区下松屋町花屋町下ル突抜二丁目３７５" }, "geometry": { "type": "Point", "coordinates": [ 135.748323, 34.991647 ] } },
{ "type": "Feature", "properties": { "ID": "2622620000113", "正式名称": "横村医院", "機関区分": 2, "都道府県コード": 26, "市区町村コード": 106, "所在地": "京都府京都市下京区大宮通松原下る西門前町４２４", "緯度": 34.997397, "経度": 135.74935, "url": "https://www.iryou.teikyouseido.mhlw.go.jp/znk-web/juminkanja/S2430/initialize?prefCd=26&kikanCd=2620000113&kikanKbn=2", "url2": null, "内容": "横村医院【2:診療所】【診療科目:内科】京都府京都市下京区大宮通松原下る西門前町４２４" }, "geometry": { "type": "Point", "coordinates": [ 135.74935, 34.997397 ] } },
{ "type": "Feature", "properties": { "ID": "2622620000115", "正式名称": "武田医院", "機関区分": 2, "都道府県コード": 26, "市区町村コード": 106, "所在地": "京都府京都市下京区大宮通五条下ル　下五条町４４８番地の２", "緯度": 34.996063, "経度": 135.748961, "url": "https://www.iryou.teikyouseido.mhlw.go.jp/znk-web/juminkanja/S2430/initialize?prefCd=26&kikanCd=2620000115&kikanKbn=2", "url2": "http://www.takedaiin.com/", "内容": "武田医院【2:診療所】【診療科目:内科_小児科_アレルギー科】京都府京都市下京区大宮通五条下ル　下五条町４４８番地の２" }, "geometry": { "type": "Point", "coordinates": [ 135.748961, 34.996063 ] } },
{ "type": "Feature", "properties": { "ID": "2622620000116", "正式名称": "広沢医院", "機関区分": 2, "都道府県コード": 26, "市区町村コード": 106, "所在地": "京都府京都市下京区下松屋町通松原下る上長福寺町２１８", "緯度": 34.998674, "経度": 135.748489, "url": "https://www.iryou.teikyouseido.mhlw.go.jp/znk-web/juminkanja/S2430/initialize?prefCd=26&kikanCd=2620000116&kikanKbn=2", "url2": "https://hirosawa-clinic.com/", "内容": "広沢医院【2:診療所】【診療科目:神経内科_精神科_心療内科】京都府京都市下京区下松屋町通松原下る上長福寺町２１８" }, "geometry": { "type": "Point", "coordinates": [ 135.748489, 34.998674 ] } },
{ "type": "Feature", "properties": { "ID": "2622620000117", "正式名称": "横江医院", "機関区分": 2, "都道府県コード": 26, "市区町村コード": 106, "所在地": "京都府京都市下京区大宮通松原下ル上五条町３９６", "緯度": 34.997924, "経度": 135.749045, "url": "https://www.iryou.teikyouseido.mhlw.go.jp/znk-web/juminkanja/S2430/initialize?prefCd=26&kikanCd=2620000117&kikanKbn=2", "url2": null, "内容": "横江医院【2:診療所】【診療科目:内科_小児科】京都府京都市下京区大宮通松原下ル上五条町３９６" }, "geometry": { "type": "Point", "coordinates": [ 135.749045, 34.997924 ] } },
{ "type": "Feature", "properties": { "ID": "2622620000120", "正式名称": "京都医療生活協同組合中野眼科四条分院", "機関区分": 2, "都道府県コード": 26, "市区町村コード": 106, "所在地": "京都府京都市下京区大宮通四条下ル四条大宮町２　日本生命四条大宮ビル２階", "緯度": 35.003368, "経度": 135.748294, "url": "https://www.iryou.teikyouseido.mhlw.go.jp/znk-web/juminkanja/S2430/initialize?prefCd=26&kikanCd=2620000120&kikanKbn=2", "url2": "http://www.kyo-con.or.jp/", "内容": "京都医療生活協同組合中野眼科四条分院【2:診療所】【診療科目:小児眼科_眼科_緑内障、コンタクトレンズ診療】京都府京都市下京区大宮通四条下ル四条大宮町２　日本生命四条大宮ビル２階" }, "geometry": { "type": "Point", "coordinates": [ 135.748294, 35.003368 ] } },
{ "type": "Feature", "properties": { "ID": "2622620000122", "正式名称": "医療法人中島会　戸田眼科", "機関区分": 2, "都道府県コード": 26, "市区町村コード": 106, "所在地": "京都府京都市下京区猪熊通仏光寺下る槌屋町３２５の１", "緯度": 35.000563, "経度": 135.750711, "url": "https://www.iryou.teikyouseido.mhlw.go.jp/znk-web/juminkanja/S2430/initialize?prefCd=26&kikanCd=2620000122&kikanKbn=2", "url2": null, "内容": "医療法人中島会　戸田眼科【2:診療所】【診療科目:眼科】京都府京都市下京区猪熊通仏光寺下る槌屋町３２５の１" }, "geometry": { "type": "Point", "coordinates": [ 135.750711, 35.000563 ] } },
{ "type": "Feature", "properties": { "ID": "2622620000123", "正式名称": "児嶋医院", "機関区分": 2, "都道府県コード": 26, "市区町村コード": 106, "所在地": "京都府京都市下京区仏光寺通猪熊西入西田町５９５番２", "緯度": 35.001229, "経度": 135.749683, "url": "https://www.iryou.teikyouseido.mhlw.go.jp/znk-web/juminkanja/S2430/initialize?prefCd=26&kikanCd=2620000123&kikanKbn=2", "url2": null, "内容": "児嶋医院【2:診療所】【診療科目:内科_外科_整形外科_麻酔科】京都府京都市下京区仏光寺通猪熊西入西田町５９５番２" }, "geometry": { "type": "Point", "coordinates": [ 135.749683, 35.001229 ] } },
{ "type": "Feature", "properties": { "ID": "2622620000125", "正式名称": "辰巳医院", "機関区分": 2, "都道府県コード": 26, "市区町村コード": 106, "所在地": "京都府京都市下京区東洞院通り五条上ル深草町５８９－６", "緯度": 34.996813, "経度": 135.761182, "url": "https://www.iryou.teikyouseido.mhlw.go.jp/znk-web/juminkanja/S2430/initialize?prefCd=26&kikanCd=2620000125&kikanKbn=2", "url2": null, "内容": "辰巳医院【2:診療所】【診療科目:内科_外科_皮膚科_泌尿器科_放射線科】京都府京都市下京区東洞院通り五条上ル深草町５８９－６" }, "geometry": { "type": "Point", "coordinates": [ 135.761182, 34.996813 ] } },
{ "type": "Feature", "properties": { "ID": "2622620000130", "正式名称": "種田産婦人科", "機関区分": 2, "都道府県コード": 26, "市区町村コード": 106, "所在地": "京都府京都市下京区万寿寺通烏丸西入御供石町３５７", "緯度": 34.99773, "経度": 135.758933, "url": "https://www.iryou.teikyouseido.mhlw.go.jp/znk-web/juminkanja/S2430/initialize?prefCd=26&kikanCd=2620000130&kikanKbn=2", "url2": "http://oida-hp.com/", "内容": "種田産婦人科【2:診療所】【診療科目:産婦人科】京都府京都市下京区万寿寺通烏丸西入御供石町３５７" }, "geometry": { "type": "Point", "coordinates": [ 135.758933, 34.99773 ] } },
{ "type": "Feature", "properties": { "ID": "2622620000131", "正式名称": "ふてんま医院", "機関区分": 2, "都道府県コード": 26, "市区町村コード": 106, "所在地": "京都府京都市下京区室町通五条上ル坂東屋町２６６ロイヤルハイツ室町１Ｆ", "緯度": 34.997202, "経度": 135.758183, "url": "https://www.iryou.teikyouseido.mhlw.go.jp/znk-web/juminkanja/S2430/initialize?prefCd=26&kikanCd=2620000131&kikanKbn=2", "url2": null, "内容": "ふてんま医院【2:診療所】【診療科目:精神科_心療内科】京都府京都市下京区室町通五条上ル坂東屋町２６６ロイヤルハイツ室町１Ｆ" }, "geometry": { "type": "Point", "coordinates": [ 135.758183, 34.997202 ] } },
{ "type": "Feature", "properties": { "ID": "2622620000132", "正式名称": "医療法人財団佐々木会　深江形成整形外科医院", "機関区分": 2, "都道府県コード": 26, "市区町村コード": 106, "所在地": "京都府京都市下京区新町通四条下ル四条町３４８", "緯度": 35.003452, "経度": 135.756433, "url": "https://www.iryou.teikyouseido.mhlw.go.jp/znk-web/juminkanja/S2430/initialize?prefCd=26&kikanCd=2620000132&kikanKbn=2", "url2": "http://www.fukae-clinic.or.jp/", "内容": "医療法人財団佐々木会　深江形成整形外科医院【2:診療所】【診療科目:内科_整形外科_形成外科_美容外科_皮膚科_リハビリテーション科】京都府京都市下京区新町通四条下ル四条町３４８" }, "geometry": { "type": "Point", "coordinates": [ 135.756433, 35.003452 ] } },
{ "type": "Feature", "properties": { "ID": "2622620000133", "正式名称": "医療法人水越医院", "機関区分": 2, "都道府県コード": 26, "市区町村コード": 106, "所在地": "京都府京都市下京区新町通綾小路下ル船鉾町３８８", "緯度": 35.002035, "経度": 135.756488, "url": "https://www.iryou.teikyouseido.mhlw.go.jp/znk-web/juminkanja/S2430/initialize?prefCd=26&kikanCd=2620000133&kikanKbn=2", "url2": null, "内容": "医療法人水越医院【2:診療所】【診療科目:耳鼻いんこう科_アレルギー科】京都府京都市下京区新町通綾小路下ル船鉾町３８８" }, "geometry": { "type": "Point", "coordinates": [ 135.756488, 35.002035 ] } },
{ "type": "Feature", "properties": { "ID": "2622620000134", "正式名称": "医療法人岡林医院", "機関区分": 2, "都道府県コード": 26, "市区町村コード": 106, "所在地": "京都府京都市下京区西洞院通松原下る永倉町５５５番地４", "緯度": 34.998035, "経度": 135.755016, "url": "https://www.iryou.teikyouseido.mhlw.go.jp/znk-web/juminkanja/S2430/initialize?prefCd=26&kikanCd=2620000134&kikanKbn=2", "url2": "http://www.okabayashi-iin.jp/", "内容": "医療法人岡林医院【2:診療所】【診療科目:内科_循環器内科_消化器内科_小児科】京都府京都市下京区西洞院通松原下る永倉町５５５番地４" }, "geometry": { "type": "Point", "coordinates": [ 135.755016, 34.998035 ] } },
{ "type": "Feature", "properties": { "ID": "2622620000135", "正式名称": "医療法人社団美友会　産科・婦人科　松本クリニック", "機関区分": 2, "都道府県コード": 26, "市区町村コード": 106, "所在地": "京都府京都市下京区西洞院通松原下る永倉町５５８番地", "緯度": 34.998202, "経度": 135.75535, "url": "https://www.iryou.teikyouseido.mhlw.go.jp/znk-web/juminkanja/S2430/initialize?prefCd=26&kikanCd=2620000135&kikanKbn=2", "url2": null, "内容": "医療法人社団美友会　産科・婦人科　松本クリニック【2:診療所】【診療科目:産科_婦人科】京都府京都市下京区西洞院通松原下る永倉町５５８番地" }, "geometry": { "type": "Point", "coordinates": [ 135.75535, 34.998202 ] } },
{ "type": "Feature", "properties": { "ID": "2622620000136", "正式名称": "医療法人鈴木内科医院", "機関区分": 2, "都道府県コード": 26, "市区町村コード": 106, "所在地": "京都府京都市下京区仏光寺通油小路東入ル木賊山町１６８", "緯度": 35.001396, "経度": 135.754072, "url": "https://www.iryou.teikyouseido.mhlw.go.jp/znk-web/juminkanja/S2430/initialize?prefCd=26&kikanCd=2620000136&kikanKbn=2", "url2": null, "内容": "医療法人鈴木内科医院【2:診療所】【診療科目:内科】京都府京都市下京区仏光寺通油小路東入ル木賊山町１６８" }, "geometry": { "type": "Point", "coordinates": [ 135.754072, 35.001396 ] } },
{ "type": "Feature", "properties": { "ID": "2622620000137", "正式名称": "医療法人社団洛和会矢野医院", "機関区分": 2, "都道府県コード": 26, "市区町村コード": 106, "所在地": "京都府京都市下京区仏光寺通油小路東入木賊山町１６５番地", "緯度": 35.001146, "経度": 135.753933, "url": "https://www.iryou.teikyouseido.mhlw.go.jp/znk-web/juminkanja/S2430/initialize?prefCd=26&kikanCd=2620000137&kikanKbn=2", "url2": null, "内容": "医療法人社団洛和会矢野医院【2:診療所】【診療科目:内科】京都府京都市下京区仏光寺通油小路東入木賊山町１６５番地" }, "geometry": { "type": "Point", "coordinates": [ 135.753933, 35.001146 ] } },
{ "type": "Feature", "properties": { "ID": "2622620000139", "正式名称": "梅鉢医院", "機関区分": 2, "都道府県コード": 26, "市区町村コード": 106, "所在地": "京都府京都市下京区油小路通リ綾小路下ル風早町５７０番地", "緯度": 35.001841, "経度": 135.753405, "url": "https://www.iryou.teikyouseido.mhlw.go.jp/znk-web/juminkanja/S2430/initialize?prefCd=26&kikanCd=2620000139&kikanKbn=2", "url2": null, "内容": "梅鉢医院【2:診療所】【診療科目:内科_小児科】京都府京都市下京区油小路通リ綾小路下ル風早町５７０番地" }, "geometry": { "type": "Point", "coordinates": [ 135.753405, 35.001841 ] } },
{ "type": "Feature", "properties": { "ID": "2622620000141", "正式名称": "皮膚科岡田佳子医院", "機関区分": 2, "都道府県コード": 26, "市区町村コード": 106, "所在地": "京都府京都市下京区室町通綾小路上ル鶏鉾町４８０オフィスワン四条烏丸５Ｆ", "緯度": 35.002813, "経度": 135.757766, "url": "https://www.iryou.teikyouseido.mhlw.go.jp/znk-web/juminkanja/S2430/initialize?prefCd=26&kikanCd=2620000141&kikanKbn=2", "url2": "https://okada-keiko.com/access/", "内容": "皮膚科岡田佳子医院【2:診療所】【診療科目:皮膚科_アレルギー科】京都府京都市下京区室町通綾小路上ル鶏鉾町４８０オフィスワン四条烏丸５Ｆ" }, "geometry": { "type": "Point", "coordinates": [ 135.757766, 35.002813 ] } },
{ "type": "Feature", "properties": { "ID": "2622620000143", "正式名称": "渡辺医院", "機関区分": 2, "都道府県コード": 26, "市区町村コード": 106, "所在地": "京都府京都市下京区立売中之町９２番地ＡｏＫｉビル７Ｆ", "緯度": 35.003452, "経度": 135.763071, "url": "https://www.iryou.teikyouseido.mhlw.go.jp/znk-web/juminkanja/S2430/initialize?prefCd=26&kikanCd=2620000143&kikanKbn=2", "url2": null, "内容": "渡辺医院【2:診療所】【診療科目:内科_眼科】京都府京都市下京区立売中之町９２番地ＡｏＫｉビル７Ｆ" }, "geometry": { "type": "Point", "coordinates": [ 135.763071, 35.003452 ] } },
{ "type": "Feature", "properties": { "ID": "2622620000144", "正式名称": "医療法人　円相会　渡邊醫院", "機関区分": 2, "都道府県コード": 26, "市区町村コード": 106, "所在地": "京都府京都市下京区四条通り室町西入る月鉾町６３　第三蘆原共栄ビル８Ｆ", "緯度": 35.003563, "経度": 135.757544, "url": "https://www.iryou.teikyouseido.mhlw.go.jp/znk-web/juminkanja/S2430/initialize?prefCd=26&kikanCd=2620000144&kikanKbn=2", "url2": null, "内容": "医療法人　円相会　渡邊醫院【2:診療所】【診療科目:内科_リハビリテーション科】京都府京都市下京区四条通り室町西入る月鉾町６３　第三蘆原共栄ビル８Ｆ" }, "geometry": { "type": "Point", "coordinates": [ 135.757544, 35.003563 ] } },
{ "type": "Feature", "properties": { "ID": "2622620000145", "正式名称": "医療法人　小畑内科クリニック", "機関区分": 2, "都道府県コード": 26, "市区町村コード": 106, "所在地": "京都府京都市下京区四条通新町東入月鉾町６２番地住友生命ビル３Ｆ", "緯度": 35.003924, "経度": 135.757821, "url": "https://www.iryou.teikyouseido.mhlw.go.jp/znk-web/juminkanja/S2430/initialize?prefCd=26&kikanCd=2620000145&kikanKbn=2", "url2": "http://www.obata-medical-clinic.com/", "内容": "医療法人　小畑内科クリニック【2:診療所】【診療科目:内科_呼吸器内科_循環器内科_消化器内科】京都府京都市下京区四条通新町東入月鉾町６２番地住友生命ビル３Ｆ" }, "geometry": { "type": "Point", "coordinates": [ 135.757821, 35.003924 ] } },
{ "type": "Feature", "properties": { "ID": "2622620000146", "正式名称": "医療法人啓信会京都四条診療所", "機関区分": 2, "都道府県コード": 26, "市区町村コード": 106, "所在地": "京都府京都市下京区醒ヶ井通四条下ル高野堂町４１４番地", "緯度": 35.00284, "経度": 135.75285, "url": "https://www.iryou.teikyouseido.mhlw.go.jp/znk-web/juminkanja/S2430/initialize?prefCd=26&kikanCd=2620000146&kikanKbn=2", "url2": "https://www.kyoto-keishinkai.or.jp/dock/shijo/index.html", "内容": "医療法人啓信会京都四条診療所【2:診療所】【診療科目:内科】京都府京都市下京区醒ヶ井通四条下ル高野堂町４１４番地" }, "geometry": { "type": "Point", "coordinates": [ 135.75285, 35.00284 ] } },
{ "type": "Feature", "properties": { "ID": "2622620000150", "正式名称": "医療法人岡崎医院", "機関区分": 2, "都道府県コード": 26, "市区町村コード": 106, "所在地": "京都府京都市下京区中堂寺前田町８", "緯度": 34.994369, "経度": 135.746128, "url": "https://www.iryou.teikyouseido.mhlw.go.jp/znk-web/juminkanja/S2430/initialize?prefCd=26&kikanCd=2620000150&kikanKbn=2", "url2": null, "内容": "医療法人岡崎医院【2:診療所】【診療科目:内科】京都府京都市下京区中堂寺前田町８" }, "geometry": { "type": "Point", "coordinates": [ 135.746128, 34.994369 ] } },
{ "type": "Feature", "properties": { "ID": "2622620000151", "正式名称": "医療法人立岡神経内科", "機関区分": 2, "都道府県コード": 26, "市区町村コード": 106, "所在地": "京都府京都市下京区中堂寺坊城町３１番地２", "緯度": 34.996508, "経度": 135.743878, "url": "https://www.iryou.teikyouseido.mhlw.go.jp/znk-web/juminkanja/S2430/initialize?prefCd=26&kikanCd=2620000151&kikanKbn=2", "url2": "http://www.ne.jp/asahi/tatsuoka/clinic/", "内容": "医療法人立岡神経内科【2:診療所】【診療科目:内科_神経内科】京都府京都市下京区中堂寺坊城町３１番地２" }, "geometry": { "type": "Point", "coordinates": [ 135.743878, 34.996508 ] } },
{ "type": "Feature", "properties": { "ID": "2622620000152", "正式名称": "かわむら内科", "機関区分": 2, "都道府県コード": 26, "市区町村コード": 106, "所在地": "京都府京都市下京区中堂寺南町１０５番地ゴールドハイツ五条２０３号", "緯度": 34.995619, "経度": 135.739573, "url": "https://www.iryou.teikyouseido.mhlw.go.jp/znk-web/juminkanja/S2430/initialize?prefCd=26&kikanCd=2620000152&kikanKbn=2", "url2": null, "内容": "かわむら内科【2:診療所】【診療科目:内科_小児科】京都府京都市下京区中堂寺南町１０５番地ゴールドハイツ五条２０３号" }, "geometry": { "type": "Point", "coordinates": [ 135.739573, 34.995619 ] } },
{ "type": "Feature", "properties": { "ID": "2622620000153", "正式名称": "飛田医院", "機関区分": 2, "都道府県コード": 26, "市区町村コード": 106, "所在地": "京都府京都市下京区中堂寺南町１０８", "緯度": 34.99573, "経度": 135.74049, "url": "https://www.iryou.teikyouseido.mhlw.go.jp/znk-web/juminkanja/S2430/initialize?prefCd=26&kikanCd=2620000153&kikanKbn=2", "url2": "http://www.hida-clinic.jp/", "内容": "飛田医院【2:診療所】【診療科目:泌尿器科】京都府京都市下京区中堂寺南町１０８" }, "geometry": { "type": "Point", "coordinates": [ 135.74049, 34.99573 ] } },
{ "type": "Feature", "properties": { "ID": "2622620000154", "正式名称": "医療法人　三宝会　小笠原クリニック", "機関区分": 2, "都道府県コード": 26, "市区町村コード": 106, "所在地": "京都府京都市下京区中堂寺南町１０８番地", "緯度": 34.995702, "経度": 135.740462, "url": "https://www.iryou.teikyouseido.mhlw.go.jp/znk-web/juminkanja/S2430/initialize?prefCd=26&kikanCd=2620000154&kikanKbn=2", "url2": null, "内容": "医療法人　三宝会　小笠原クリニック【2:診療所】【診療科目:内科_内分泌内科_消化器内科】京都府京都市下京区中堂寺南町１０８番地" }, "geometry": { "type": "Point", "coordinates": [ 135.740462, 34.995702 ] } },
{ "type": "Feature", "properties": { "ID": "2622620000156", "正式名称": "社会医療法人健康会千本診療所", "機関区分": 2, "都道府県コード": 26, "市区町村コード": 106, "所在地": "京都府京都市下京区観喜寺町１０－１５", "緯度": 34.989008, "経度": 135.744323, "url": "https://www.iryou.teikyouseido.mhlw.go.jp/znk-web/juminkanja/S2430/initialize?prefCd=26&kikanCd=2620000156&kikanKbn=2", "url2": "http://www.kyotominami.or.jp", "内容": "社会医療法人健康会千本診療所【2:診療所】【診療科目:内科】京都府京都市下京区観喜寺町１０－１５" }, "geometry": { "type": "Point", "coordinates": [ 135.744323, 34.989008 ] } },
{ "type": "Feature", "properties": { "ID": "2622620000162", "正式名称": "やすおか医院", "機関区分": 2, "都道府県コード": 26, "市区町村コード": 106, "所在地": "京都府京都市下京区七条御所ノ内北町３０－２", "緯度": 34.987036, "経度": 135.730269, "url": "https://www.iryou.teikyouseido.mhlw.go.jp/znk-web/juminkanja/S2430/initialize?prefCd=26&kikanCd=2620000162&kikanKbn=2", "url2": null, "内容": "やすおか医院【2:診療所】【診療科目:内科】京都府京都市下京区七条御所ノ内北町３０－２" }, "geometry": { "type": "Point", "coordinates": [ 135.730269, 34.987036 ] } },
{ "type": "Feature", "properties": { "ID": "2622620000163", "正式名称": "たけのうちクリニック", "機関区分": 2, "都道府県コード": 26, "市区町村コード": 106, "所在地": "京都府京都市下京区七条御所ノ内北町８４ニューインダストリービル５Ｆ", "緯度": 34.987675, "経度": 135.732213, "url": "https://www.iryou.teikyouseido.mhlw.go.jp/znk-web/juminkanja/S2430/initialize?prefCd=26&kikanCd=2620000163&kikanKbn=2", "url2": null, "内容": "たけのうちクリニック【2:診療所】【診療科目:精神科_心療内科】京都府京都市下京区七条御所ノ内北町８４ニューインダストリービル５Ｆ" }, "geometry": { "type": "Point", "coordinates": [ 135.732213, 34.987675 ] } },
{ "type": "Feature", "properties": { "ID": "2622620000164", "正式名称": "藤本医院", "機関区分": 2, "都道府県コード": 26, "市区町村コード": 106, "所在地": "京都府京都市下京区七条御所ノ内中町４０", "緯度": 34.98562, "経度": 135.731158, "url": "https://www.iryou.teikyouseido.mhlw.go.jp/znk-web/juminkanja/S2430/initialize?prefCd=26&kikanCd=2620000164&kikanKbn=2", "url2": null, "内容": "藤本医院【2:診療所】【診療科目:内科】京都府京都市下京区七条御所ノ内中町４０" }, "geometry": { "type": "Point", "coordinates": [ 135.731158, 34.98562 ] } },
{ "type": "Feature", "properties": { "ID": "2622620000165", "正式名称": "まつお小児科アレルギークリニック", "機関区分": 2, "都道府県コード": 26, "市区町村コード": 106, "所在地": "京都府京都市下京区西七条北東野町１２２", "緯度": 34.989315, "経度": 135.738533, "url": "https://www.iryou.teikyouseido.mhlw.go.jp/znk-web/juminkanja/S2430/initialize?prefCd=26&kikanCd=2620000165&kikanKbn=2", "url2": "http://www.matsuo-clinic.net/", "内容": "まつお小児科アレルギークリニック【2:診療所】【診療科目:小児科_アレルギー科】京都府京都市下京区西七条北東野町１２２" }, "geometry": { "type": "Point", "coordinates": [ 135.738533, 34.989315 ] } },
{ "type": "Feature", "properties": { "ID": "2622620000166", "正式名称": "西山医院", "機関区分": 2, "都道府県コード": 26, "市区町村コード": 106, "所在地": "京都府京都市下京区西七条南東野町１５８", "緯度": 34.988425, "経度": 135.738351, "url": "https://www.iryou.teikyouseido.mhlw.go.jp/znk-web/juminkanja/S2430/initialize?prefCd=26&kikanCd=2620000166&kikanKbn=2", "url2": null, "内容": "西山医院【2:診療所】【診療科目:耳鼻いんこう科】京都府京都市下京区西七条南東野町１５８" }, "geometry": { "type": "Point", "coordinates": [ 135.738351, 34.988425 ] } },
{ "type": "Feature", "properties": { "ID": "2622620000167", "正式名称": "医療法人山川医院", "機関区分": 2, "都道府県コード": 26, "市区町村コード": 106, "所在地": "京都府京都市下京区西七条南東野町４３番地", "緯度": 34.988397, "経度": 135.736518, "url": "https://www.iryou.teikyouseido.mhlw.go.jp/znk-web/juminkanja/S2430/initialize?prefCd=26&kikanCd=2620000167&kikanKbn=2", "url2": null, "内容": "医療法人山川医院【2:診療所】【診療科目:内科_整形外科】京都府京都市下京区西七条南東野町４３番地" }, "geometry": { "type": "Point", "coordinates": [ 135.736518, 34.988397 ] } },
{ "type": "Feature", "properties": { "ID": "2622620000169", "正式名称": "西七条診療所", "機関区分": 2, "都道府県コード": 26, "市区町村コード": 106, "所在地": "京都府京都市下京区朱雀裏畑町７３", "緯度": 34.987953, "経度": 135.740796, "url": "https://www.iryou.teikyouseido.mhlw.go.jp/znk-web/juminkanja/S2430/initialize?prefCd=26&kikanCd=2620000169&kikanKbn=2", "url2": "http://www.nisinana.net/", "内容": "西七条診療所【2:診療所】【診療科目:内科_外科_小児科_皮膚科_放射線科】京都府京都市下京区朱雀裏畑町７３" }, "geometry": { "type": "Point", "coordinates": [ 135.740796, 34.987953 ] } },
{ "type": "Feature", "properties": { "ID": "2622620000170", "正式名称": "医療法人社団河合医院", "機関区分": 2, "都道府県コード": 26, "市区町村コード": 106, "所在地": "京都府京都市下京区西七条南西野町６０番地", "緯度": 34.988147, "経度": 135.733602, "url": "https://www.iryou.teikyouseido.mhlw.go.jp/znk-web/juminkanja/S2430/initialize?prefCd=26&kikanCd=2620000170&kikanKbn=2", "url2": "http://www.kawai-clinic.net/link.html", "内容": "医療法人社団河合医院【2:診療所】【診療科目:皮膚科】京都府京都市下京区西七条南西野町６０番地" }, "geometry": { "type": "Point", "coordinates": [ 135.733602, 34.988147 ] } },
{ "type": "Feature", "properties": { "ID": "2622620000173", "正式名称": "川口耳鼻咽喉科医院", "機関区分": 2, "都道府県コード": 26, "市区町村コード": 106, "所在地": "京都府京都市下京区西七条北衣田町３６", "緯度": 34.989369, "経度": 135.731546, "url": "https://www.iryou.teikyouseido.mhlw.go.jp/znk-web/juminkanja/S2430/initialize?prefCd=26&kikanCd=2620000173&kikanKbn=2", "url2": null, "内容": "川口耳鼻咽喉科医院【2:診療所】【診療科目:耳鼻いんこう科】京都府京都市下京区西七条北衣田町３６" }, "geometry": { "type": "Point", "coordinates": [ 135.731546, 34.989369 ] } },
{ "type": "Feature", "properties": { "ID": "2622620000174", "正式名称": "医療法人財団医恵会七条武田クリニック", "機関区分": 2, "都道府県コード": 26, "市区町村コード": 106, "所在地": "京都府京都市下京区西七条南衣田町３番地", "緯度": 34.98898, "経度": 135.73088, "url": "https://www.iryou.teikyouseido.mhlw.go.jp/znk-web/juminkanja/S2430/initialize?prefCd=26&kikanCd=2620000174&kikanKbn=2", "url2": null, "内容": "医療法人財団医恵会七条武田クリニック【2:診療所】【診療科目:糖尿病内科_呼吸器内科_循環器内科_消化器内科_腎臓内科_脳神経外科_形成外科_婦人科_皮膚科_アレルギー科_放射線診断科】京都府京都市下京区西七条南衣田町３番地" }, "geometry": { "type": "Point", "coordinates": [ 135.73088, 34.98898 ] } },
{ "type": "Feature", "properties": { "ID": "2622620000175", "正式名称": "医療法人　青木医院", "機関区分": 2, "都道府県コード": 26, "市区町村コード": 106, "所在地": "京都府京都市下京区西七条南衣田町５８", "緯度": 34.988869, "経度": 135.732185, "url": "https://www.iryou.teikyouseido.mhlw.go.jp/znk-web/juminkanja/S2430/initialize?prefCd=26&kikanCd=2620000175&kikanKbn=2", "url2": "http://www.aoki-iin.jp/", "内容": "医療法人　青木医院【2:診療所】【診療科目:内科_脳神経外科】京都府京都市下京区西七条南衣田町５８" }, "geometry": { "type": "Point", "coordinates": [ 135.732185, 34.988869 ] } },
{ "type": "Feature", "properties": { "ID": "2622620000176", "正式名称": "佐藤医院", "機関区分": 2, "都道府県コード": 26, "市区町村コード": 106, "所在地": "京都府京都市下京区西七条南月読町３５", "緯度": 34.988369, "経度": 135.72988, "url": "https://www.iryou.teikyouseido.mhlw.go.jp/znk-web/juminkanja/S2430/initialize?prefCd=26&kikanCd=2620000176&kikanKbn=2", "url2": "http://www.satoiin.com/", "内容": "佐藤医院【2:診療所】【診療科目:眼科】京都府京都市下京区西七条南月読町３５" }, "geometry": { "type": "Point", "coordinates": [ 135.72988, 34.988369 ] } },
{ "type": "Feature", "properties": { "ID": "2622620000179", "正式名称": "南部産婦人科医院", "機関区分": 2, "都道府県コード": 26, "市区町村コード": 106, "所在地": "京都府京都市下京区西七条市部町１３２", "緯度": 34.99078, "経度": 135.736102, "url": "https://www.iryou.teikyouseido.mhlw.go.jp/znk-web/juminkanja/S2430/initialize?prefCd=26&kikanCd=2620000179&kikanKbn=2", "url2": "https://www.nanbu-obgy.com/", "内容": "南部産婦人科医院【2:診療所】【診療科目:小児科_産婦人科_産科_婦人科】京都府京都市下京区西七条市部町１３２" }, "geometry": { "type": "Point", "coordinates": [ 135.736102, 34.99078 ] } },
{ "type": "Feature", "properties": { "ID": "2622620000182", "正式名称": "山本クリニック", "機関区分": 2, "都道府県コード": 26, "市区町村コード": 108, "所在地": "京都府京都市右京区京北周山町室谷１の２", "緯度": 35.152517, "経度": 135.634436, "url": "https://www.iryou.teikyouseido.mhlw.go.jp/znk-web/juminkanja/S2430/initialize?prefCd=26&kikanCd=2620000182&kikanKbn=2", "url2": null, "内容": "山本クリニック【2:診療所】【診療科目:内科_リハビリテーション科_放射線科】京都府京都市右京区京北周山町室谷１の２" }, "geometry": { "type": "Point", "coordinates": [ 135.634436, 35.152517 ] } },
{ "type": "Feature", "properties": { "ID": "2622620000189", "正式名称": "社会福祉法人市原寮はなせ診療所", "機関区分": 2, "都道府県コード": 26, "市区町村コード": 103, "所在地": "京都府京都市左京区花脊別所町８７８番地", "緯度": 35.175684, "経度": 135.784006, "url": "https://www.iryou.teikyouseido.mhlw.go.jp/znk-web/juminkanja/S2430/initialize?prefCd=26&kikanCd=2620000189&kikanKbn=2", "url2": null, "内容": "社会福祉法人市原寮はなせ診療所【2:診療所】【診療科目:内科】京都府京都市左京区花脊別所町８７８番地" }, "geometry": { "type": "Point", "coordinates": [ 135.784006, 35.175684 ] } },
{ "type": "Feature", "properties": { "ID": "2622620000190", "正式名称": "京都府医師会鞍馬診療所", "機関区分": 2, "都道府県コード": 26, "市区町村コード": 103, "所在地": "京都府京都市左京区鞍馬本町２５４", "緯度": 35.113968, "経度": 135.772787, "url": "https://www.iryou.teikyouseido.mhlw.go.jp/znk-web/juminkanja/S2430/initialize?prefCd=26&kikanCd=2620000190&kikanKbn=2", "url2": null, "内容": "京都府医師会鞍馬診療所【2:診療所】【診療科目:内科_小児科】京都府京都市左京区鞍馬本町２５４" }, "geometry": { "type": "Point", "coordinates": [ 135.772787, 35.113968 ] } },
{ "type": "Feature", "properties": { "ID": "2622620000191", "正式名称": "特別養護老人ホーム市原寮静市診療所", "機関区分": 2, "都道府県コード": 26, "市区町村コード": 103, "所在地": "京都府京都市左京区静市市原町１２７８番地", "緯度": 35.090553, "経度": 135.76165, "url": "https://www.iryou.teikyouseido.mhlw.go.jp/znk-web/juminkanja/S2430/initialize?prefCd=26&kikanCd=2620000191&kikanKbn=2", "url2": null, "内容": "特別養護老人ホーム市原寮静市診療所【2:診療所】【診療科目:内科_整形外科_眼科_精神科】京都府京都市左京区静市市原町１２７８番地" }, "geometry": { "type": "Point", "coordinates": [ 135.76165, 35.090553 ] } },
{ "type": "Feature", "properties": { "ID": "2622620000192", "正式名称": "垣内医院", "機関区分": 2, "都道府県コード": 26, "市区町村コード": 103, "所在地": "京都府京都市左京区静市市原町４６７－２", "緯度": 35.082665, "経度": 135.761762, "url": "https://www.iryou.teikyouseido.mhlw.go.jp/znk-web/juminkanja/S2430/initialize?prefCd=26&kikanCd=2620000192&kikanKbn=2", "url2": null, "内容": "垣内医院【2:診療所】【診療科目:内科_小児科_皮膚科】京都府京都市左京区静市市原町４６７－２" }, "geometry": { "type": "Point", "coordinates": [ 135.761762, 35.082665 ] } },
{ "type": "Feature", "properties": { "ID": "2622620000193", "正式名称": "医療法人北村クリニック", "機関区分": 2, "都道府県コード": 26, "市区町村コード": 103, "所在地": "京都府京都市左京区静市市原町７４４－７", "緯度": 35.073166, "経度": 135.766623, "url": "https://www.iryou.teikyouseido.mhlw.go.jp/znk-web/juminkanja/S2430/initialize?prefCd=26&kikanCd=2620000193&kikanKbn=2", "url2": "https://kitamura-clinic-kyoto.com", "内容": "医療法人北村クリニック【2:診療所】【診療科目:内科_外科_リハビリテーション科】京都府京都市左京区静市市原町７４４－７" }, "geometry": { "type": "Point", "coordinates": [ 135.766623, 35.073166 ] } },
{ "type": "Feature", "properties": { "ID": "2622620000199", "正式名称": "医療法人医幸会辻際醍醐診療所", "機関区分": 2, "都道府県コード": 26, "市区町村コード": 109, "所在地": "京都府京都市伏見区醍醐新町裏町１番地１９", "緯度": 34.958013, "経度": 135.815235, "url": "https://www.iryou.teikyouseido.mhlw.go.jp/znk-web/juminkanja/S2430/initialize?prefCd=26&kikanCd=2620000199&kikanKbn=2", "url2": "http://tsujigiwa.sakura.ne.jp/", "内容": "医療法人医幸会辻際醍醐診療所【2:診療所】【診療科目:内科_糖尿病内科_外科_乳腺外科_整形外科_小児科_皮膚科_泌尿器科_放射線科】京都府京都市伏見区醍醐新町裏町１番地１９" }, "geometry": { "type": "Point", "coordinates": [ 135.815235, 34.958013 ] } },
{ "type": "Feature", "properties": { "ID": "2622620000203", "正式名称": "医療法人井上医院", "機関区分": 2, "都道府県コード": 26, "市区町村コード": 109, "所在地": "京都府京都市伏見区醍醐落保町７１番地", "緯度": 34.949181, "経度": 135.818097, "url": "https://www.iryou.teikyouseido.mhlw.go.jp/znk-web/juminkanja/S2430/initialize?prefCd=26&kikanCd=2620000203&kikanKbn=2", "url2": null, "内容": "医療法人井上医院【2:診療所】【診療科目:内科】京都府京都市伏見区醍醐落保町７１番地" }, "geometry": { "type": "Point", "coordinates": [ 135.818097, 34.949181 ] } },
{ "type": "Feature", "properties": { "ID": "2622620000206", "正式名称": "医療法人医仁会辰巳診療所", "機関区分": 2, "都道府県コード": 26, "市区町村コード": 109, "所在地": "京都府京都市伏見区醍醐外山街道町２１番地", "緯度": 34.940626, "経度": 135.81357, "url": "https://www.iryou.teikyouseido.mhlw.go.jp/znk-web/juminkanja/S2430/initialize?prefCd=26&kikanCd=2620000206&kikanKbn=2", "url2": "http://www.takedahp.or.jp/", "内容": "医療法人医仁会辰巳診療所【2:診療所】【診療科目:内科_外科_整形外科_小児科】京都府京都市伏見区醍醐外山街道町２１番地" }, "geometry": { "type": "Point", "coordinates": [ 135.81357, 34.940626 ] } },
{ "type": "Feature", "properties": { "ID": "2622620000207", "正式名称": "医療法人緑萌会辻医院", "機関区分": 2, "都道府県コード": 26, "市区町村コード": 109, "所在地": "京都府京都市伏見区醍醐合場町１８番地の１１", "緯度": 34.942598, "経度": 135.812042, "url": "https://www.iryou.teikyouseido.mhlw.go.jp/znk-web/juminkanja/S2430/initialize?prefCd=26&kikanCd=2620000207&kikanKbn=2", "url2": "https://daigo-tsuji-iin.jp/", "内容": "医療法人緑萌会辻医院【2:診療所】【診療科目:内科_呼吸器内科_小児科】京都府京都市伏見区醍醐合場町１８番地の１１" }, "geometry": { "type": "Point", "coordinates": [ 135.812042, 34.942598 ] } },
{ "type": "Feature", "properties": { "ID": "2622620000208", "正式名称": "医療法人社団にしむらこどもクリニック", "機関区分": 2, "都道府県コード": 26, "市区町村コード": 109, "所在地": "京都府京都市伏見区醍醐和泉町２８番地２０", "緯度": 34.948181, "経度": 135.815708, "url": "https://www.iryou.teikyouseido.mhlw.go.jp/znk-web/juminkanja/S2430/initialize?prefCd=26&kikanCd=2620000208&kikanKbn=2", "url2": "http://www.n-ccl.or.jp/", "内容": "医療法人社団にしむらこどもクリニック【2:診療所】【診療科目:小児科】京都府京都市伏見区醍醐和泉町２８番地２０" }, "geometry": { "type": "Point", "coordinates": [ 135.815708, 34.948181 ] } },
{ "type": "Feature", "properties": { "ID": "2622620000210", "正式名称": "医療法人社団來須医院", "機関区分": 2, "都道府県コード": 26, "市区町村コード": 109, "所在地": "京都府京都市伏見区醍醐御霊ヶ下町１の２", "緯度": 34.949181, "経度": 135.813264, "url": "https://www.iryou.teikyouseido.mhlw.go.jp/znk-web/juminkanja/S2430/initialize?prefCd=26&kikanCd=2620000210&kikanKbn=2", "url2": "http://kurusuiin.com/", "内容": "医療法人社団來須医院【2:診療所】【診療科目:内科_皮膚科】京都府京都市伏見区醍醐御霊ヶ下町１の２" }, "geometry": { "type": "Point", "coordinates": [ 135.813264, 34.949181 ] } },
{ "type": "Feature", "properties": { "ID": "2622620000211", "正式名称": "医療法人　森田整形外科", "機関区分": 2, "都道府県コード": 26, "市区町村コード": 109, "所在地": "京都府京都市伏見区醍醐鍵尾町１２－１", "緯度": 34.945764, "経度": 135.808986, "url": "https://www.iryou.teikyouseido.mhlw.go.jp/znk-web/juminkanja/S2430/initialize?prefCd=26&kikanCd=2620000211&kikanKbn=2", "url2": null, "内容": "医療法人　森田整形外科【2:診療所】【診療科目:整形外科_リウマチ科_リハビリテーション科】京都府京都市伏見区醍醐鍵尾町１２－１" }, "geometry": { "type": "Point", "coordinates": [ 135.808986, 34.945764 ] } },
{ "type": "Feature", "properties": { "ID": "2622620000212", "正式名称": "医療法人社団松本クリニック", "機関区分": 2, "都道府県コード": 26, "市区町村コード": 109, "所在地": "京都府京都市伏見区醍醐新開１４－１", "緯度": 34.943987, "経度": 135.807681, "url": "https://www.iryou.teikyouseido.mhlw.go.jp/znk-web/juminkanja/S2430/initialize?prefCd=26&kikanCd=2620000212&kikanKbn=2", "url2": null, "内容": "医療法人社団松本クリニック【2:診療所】【診療科目:内科】京都府京都市伏見区醍醐新開１４－１" }, "geometry": { "type": "Point", "coordinates": [ 135.807681, 34.943987 ] } },
{ "type": "Feature", "properties": { "ID": "2622620000213", "正式名称": "京都市伏見保健センター醍醐支所", "機関区分": 2, "都道府県コード": 26, "市区町村コード": 109, "所在地": "京都府京都市伏見区醍醐大構町２８", "緯度": 34.94757, "経度": 135.809292, "url": "https://www.iryou.teikyouseido.mhlw.go.jp/znk-web/juminkanja/S2430/initialize?prefCd=26&kikanCd=2620000213&kikanKbn=2", "url2": null, "内容": "京都市伏見保健センター醍醐支所【2:診療所】【診療科目:内科_小児科】京都府京都市伏見区醍醐大構町２８" }, "geometry": { "type": "Point", "coordinates": [ 135.809292, 34.94757 ] } },
{ "type": "Feature", "properties": { "ID": "2622620000217", "正式名称": "醍醐渡辺クリニック", "機関区分": 2, "都道府県コード": 26, "市区町村コード": 109, "所在地": "京都府京都市伏見区醍醐高畑町３０－１５", "緯度": 34.949903, "経度": 135.810208, "url": "https://www.iryou.teikyouseido.mhlw.go.jp/znk-web/juminkanja/S2430/initialize?prefCd=26&kikanCd=2620000217&kikanKbn=2", "url2": "http://www.d-w-c.jp/", "内容": "醍醐渡辺クリニック【2:診療所】【診療科目:内科_小児科_産婦人科】京都府京都市伏見区醍醐高畑町３０－１５" }, "geometry": { "type": "Point", "coordinates": [ 135.810208, 34.949903 ] } },
{ "type": "Feature", "properties": { "ID": "2622620000222", "正式名称": "医療法人社団恵寿会まるおクリニック", "機関区分": 2, "都道府県コード": 26, "市区町村コード": 109, "所在地": "京都府京都市伏見区醍醐高畑町３０番地の１パセオダイゴロー西館２Ｆ", "緯度": 34.951902, "経度": 135.810653, "url": "https://www.iryou.teikyouseido.mhlw.go.jp/znk-web/juminkanja/S2430/initialize?prefCd=26&kikanCd=2620000222&kikanKbn=2", "url2": "http://www.myclinic.ne.jp/maruo_clinic/pc/", "内容": "医療法人社団恵寿会まるおクリニック【2:診療所】【診療科目:内科_血液内科_糖尿病内科_循環器内科_消化器内科_整形外科_小児科_アレルギー科】京都府京都市伏見区醍醐高畑町３０番地の１パセオダイゴロー西館２Ｆ" }, "geometry": { "type": "Point", "coordinates": [ 135.810653, 34.951902 ] } },
{ "type": "Feature", "properties": { "ID": "2622620000225", "正式名称": "荒巻整形外科リハビリテーション科医院", "機関区分": 2, "都道府県コード": 26, "市区町村コード": 109, "所在地": "京都府京都市伏見区石田大受町２０－１１", "緯度": 34.943098, "経度": 135.80832, "url": "https://www.iryou.teikyouseido.mhlw.go.jp/znk-web/juminkanja/S2430/initialize?prefCd=26&kikanCd=2620000225&kikanKbn=2", "url2": null, "内容": "荒巻整形外科リハビリテーション科医院【2:診療所】【診療科目:整形外科_リウマチ科_リハビリテーション科】京都府京都市伏見区石田大受町２０－１１" }, "geometry": { "type": "Point", "coordinates": [ 135.80832, 34.943098 ] } },
{ "type": "Feature", "properties": { "ID": "2622620000226", "正式名称": "金久医院", "機関区分": 2, "都道府県コード": 26, "市区町村コード": 109, "所在地": "京都府京都市伏見区石田内里町５９－１", "緯度": 34.939626, "経度": 135.806015, "url": "https://www.iryou.teikyouseido.mhlw.go.jp/znk-web/juminkanja/S2430/initialize?prefCd=26&kikanCd=2620000226&kikanKbn=2", "url2": null, "内容": "金久医院【2:診療所】【診療科目:内科】京都府京都市伏見区石田内里町５９－１" }, "geometry": { "type": "Point", "coordinates": [ 135.806015, 34.939626 ] } },
{ "type": "Feature", "properties": { "ID": "2622620000229", "正式名称": "いしだ小児科医院", "機関区分": 2, "都道府県コード": 26, "市区町村コード": 109, "所在地": "京都府京都市伏見区石田大山町７の１４", "緯度": 34.939515, "経度": 135.808709, "url": "https://www.iryou.teikyouseido.mhlw.go.jp/znk-web/juminkanja/S2430/initialize?prefCd=26&kikanCd=2620000229&kikanKbn=2", "url2": null, "内容": "いしだ小児科医院【2:診療所】【診療科目:小児科】京都府京都市伏見区石田大山町７の１４" }, "geometry": { "type": "Point", "coordinates": [ 135.808709, 34.939515 ] } },
{ "type": "Feature", "properties": { "ID": "2622620000234", "正式名称": "医療法人西村耳鼻咽喉科医院", "機関区分": 2, "都道府県コード": 26, "市区町村コード": 109, "所在地": "京都府京都市伏見区小栗栖森本町２０番地の１０５", "緯度": 34.943903, "経度": 135.800293, "url": "https://www.iryou.teikyouseido.mhlw.go.jp/znk-web/juminkanja/S2430/initialize?prefCd=26&kikanCd=2620000234&kikanKbn=2", "url2": null, "内容": "医療法人西村耳鼻咽喉科医院【2:診療所】【診療科目:耳鼻いんこう科】京都府京都市伏見区小栗栖森本町２０番地の１０５" }, "geometry": { "type": "Point", "coordinates": [ 135.800293, 34.943903 ] } },
{ "type": "Feature", "properties": { "ID": "2622620000237", "正式名称": "尾石クリニック", "機関区分": 2, "都道府県コード": 26, "市区町村コード": 107, "所在地": "京都府京都市南区東九条室町６４番地４ハイライズ田中善八条口５階", "緯度": 34.984148, "経度": 135.756906, "url": "https://www.iryou.teikyouseido.mhlw.go.jp/znk-web/juminkanja/S2430/initialize?prefCd=26&kikanCd=2620000237&kikanKbn=2", "url2": null, "内容": "尾石クリニック【2:診療所】【診療科目:精神科】京都府京都市南区東九条室町６４番地４ハイライズ田中善八条口５階" }, "geometry": { "type": "Point", "coordinates": [ 135.756906, 34.984148 ] } },
{ "type": "Feature", "properties": { "ID": "2622620000241", "正式名称": "社団法人京都保健会九条診療所", "機関区分": 2, "都道府県コード": 26, "市区町村コード": 107, "所在地": "京都府京都市南区東九条上御霊町２", "緯度": 34.980593, "経度": 135.761405, "url": "https://www.iryou.teikyouseido.mhlw.go.jp/znk-web/juminkanja/S2430/initialize?prefCd=26&kikanCd=2620000241&kikanKbn=2", "url2": "http://www.kyoto-hokenkai.or.jp/", "内容": "社団法人京都保健会九条診療所【2:診療所】【診療科目:内科_歯科】京都府京都市南区東九条上御霊町２" }, "geometry": { "type": "Point", "coordinates": [ 135.761405, 34.980593 ] } },
{ "type": "Feature", "properties": { "ID": "2622620000246", "正式名称": "東整形外科", "機関区分": 2, "都道府県コード": 26, "市区町村コード": 107, "所在地": "京都府京都市南区東九条中御霊町２２", "緯度": 34.978093, "経度": 135.761878, "url": "https://www.iryou.teikyouseido.mhlw.go.jp/znk-web/juminkanja/S2430/initialize?prefCd=26&kikanCd=2620000246&kikanKbn=2", "url2": null, "内容": "東整形外科【2:診療所】【診療科目:整形外科】京都府京都市南区東九条中御霊町２２" }, "geometry": { "type": "Point", "coordinates": [ 135.761878, 34.978093 ] } },
{ "type": "Feature", "properties": { "ID": "2622620000247", "正式名称": "小山内科・循環器科医院", "機関区分": 2, "都道府県コード": 26, "市区町村コード": 107, "所在地": "京都府京都市南区東九条東御霊町１７", "緯度": 34.978204, "経度": 135.763239, "url": "https://www.iryou.teikyouseido.mhlw.go.jp/znk-web/juminkanja/S2430/initialize?prefCd=26&kikanCd=2620000247&kikanKbn=2", "url2": null, "内容": "小山内科・循環器科医院【2:診療所】【診療科目:内科】京都府京都市南区東九条東御霊町１７" }, "geometry": { "type": "Point", "coordinates": [ 135.763239, 34.978204 ] } },
{ "type": "Feature", "properties": { "ID": "2622620000250", "正式名称": "オーツボ診療所", "機関区分": 2, "都道府県コード": 26, "市区町村コード": 107, "所在地": "京都府京都市南区東九条東御霊町３０", "緯度": 34.979371, "経度": 135.763072, "url": "https://www.iryou.teikyouseido.mhlw.go.jp/znk-web/juminkanja/S2430/initialize?prefCd=26&kikanCd=2620000250&kikanKbn=2", "url2": null, "内容": "オーツボ診療所【2:診療所】【診療科目:内科_外科_脳神経外科】京都府京都市南区東九条東御霊町３０" }, "geometry": { "type": "Point", "coordinates": [ 135.763072, 34.979371 ] } },
{ "type": "Feature", "properties": { "ID": "2622620000253", "正式名称": "内田医院", "機関区分": 2, "都道府県コード": 26, "市区町村コード": 107, "所在地": "京都府京都市南区東九条南烏丸町３５－６", "緯度": 34.977649, "経度": 135.759961, "url": "https://www.iryou.teikyouseido.mhlw.go.jp/znk-web/juminkanja/S2430/initialize?prefCd=26&kikanCd=2620000253&kikanKbn=2", "url2": null, "内容": "内田医院【2:診療所】【診療科目:内科_外科_整形外科_皮膚科_泌尿器科】京都府京都市南区東九条南烏丸町３５－６" }, "geometry": { "type": "Point", "coordinates": [ 135.759961, 34.977649 ] } },
{ "type": "Feature", "properties": { "ID": "2622620000254", "正式名称": "遠坂眼科", "機関区分": 2, "都道府県コード": 26, "市区町村コード": 107, "所在地": "京都府京都市南区東九条南烏丸町３３", "緯度": 34.979149, "経度": 135.760017, "url": "https://www.iryou.teikyouseido.mhlw.go.jp/znk-web/juminkanja/S2430/initialize?prefCd=26&kikanCd=2620000254&kikanKbn=2", "url2": null, "内容": "遠坂眼科【2:診療所】【診療科目:眼科】京都府京都市南区東九条南烏丸町３３" }, "geometry": { "type": "Point", "coordinates": [ 135.760017, 34.979149 ] } },
{ "type": "Feature", "properties": { "ID": "2622620000256", "正式名称": "京都共和会札ノ辻診療所", "機関区分": 2, "都道府県コード": 26, "市区町村コード": 107, "所在地": "京都府京都市南区東九条明田町３９", "緯度": 34.975982, "経度": 135.760239, "url": "https://www.iryou.teikyouseido.mhlw.go.jp/znk-web/juminkanja/S2430/initialize?prefCd=26&kikanCd=2620000256&kikanKbn=2", "url2": null, "内容": "京都共和会札ノ辻診療所【2:診療所】【診療科目:内科_外科_小児科】京都府京都市南区東九条明田町３９" }, "geometry": { "type": "Point", "coordinates": [ 135.760239, 34.975982 ] } },
{ "type": "Feature", "properties": { "ID": "2622620000258", "正式名称": "岡本クリニック", "機関区分": 2, "都道府県コード": 26, "市区町村コード": 107, "所在地": "京都府京都市南区東九条中殿田町１１－２", "緯度": 34.981843, "経度": 135.757739, "url": "https://www.iryou.teikyouseido.mhlw.go.jp/znk-web/juminkanja/S2430/initialize?prefCd=26&kikanCd=2620000258&kikanKbn=2", "url2": null, "内容": "岡本クリニック【2:診療所】【診療科目:内科_アレルギー科】京都府京都市南区東九条中殿田町１１－２" }, "geometry": { "type": "Point", "coordinates": [ 135.757739, 34.981843 ] } },
{ "type": "Feature", "properties": { "ID": "2622620000263", "正式名称": "京都市山ノ本診療所", "機関区分": 2, "都道府県コード": 26, "市区町村コード": 107, "所在地": "京都府京都市南区上鳥羽山ノ本町６０", "緯度": 34.961761, "経度": 135.737381, "url": "https://www.iryou.teikyouseido.mhlw.go.jp/znk-web/juminkanja/S2430/initialize?prefCd=26&kikanCd=2620000263&kikanKbn=2", "url2": null, "内容": "京都市山ノ本診療所【2:診療所】【診療科目:内科_小児科_リウマチ科_放射線科】京都府京都市南区上鳥羽山ノ本町６０" }, "geometry": { "type": "Point", "coordinates": [ 135.737381, 34.961761 ] } },
{ "type": "Feature", "properties": { "ID": "2622620000265", "正式名称": "檜垣医院", "機関区分": 2, "都道府県コード": 26, "市区町村コード": 107, "所在地": "京都府京都市南区上鳥羽南中ノ坪町３０", "緯度": 34.9679, "経度": 135.74088, "url": "https://www.iryou.teikyouseido.mhlw.go.jp/znk-web/juminkanja/S2430/initialize?prefCd=26&kikanCd=2620000265&kikanKbn=2", "url2": null, "内容": "檜垣医院【2:診療所】【診療科目:内科_循環器内科_消化器内科】京都府京都市南区上鳥羽南中ノ坪町３０" }, "geometry": { "type": "Point", "coordinates": [ 135.74088, 34.9679 ] } },
{ "type": "Feature", "properties": { "ID": "2622620000268", "正式名称": "公益社団法人京都保健会久世診療所", "機関区分": 2, "都道府県コード": 26, "市区町村コード": 107, "所在地": "京都府京都市南区久世殿城町３３", "緯度": 34.957622, "経度": 135.716216, "url": "https://www.iryou.teikyouseido.mhlw.go.jp/znk-web/juminkanja/S2430/initialize?prefCd=26&kikanCd=2620000268&kikanKbn=2", "url2": null, "内容": "公益社団法人京都保健会久世診療所【2:診療所】【診療科目:内科_消化器内科_外科_肛門外科】京都府京都市南区久世殿城町３３" }, "geometry": { "type": "Point", "coordinates": [ 135.716216, 34.957622 ] } },
{ "type": "Feature", "properties": { "ID": "2622620000270", "正式名称": "医療法人大築山診療所", "機関区分": 2, "都道府県コード": 26, "市区町村コード": 107, "所在地": "京都府京都市南区久世大薮町１９６番１", "緯度": 34.958539, "経度": 135.72141, "url": "https://www.iryou.teikyouseido.mhlw.go.jp/znk-web/juminkanja/S2430/initialize?prefCd=26&kikanCd=2620000270&kikanKbn=2", "url2": null, "内容": "医療法人大築山診療所【2:診療所】【診療科目:内科_小児科】京都府京都市南区久世大薮町１９６番１" }, "geometry": { "type": "Point", "coordinates": [ 135.72141, 34.958539 ] } },
{ "type": "Feature", "properties": { "ID": "2622620000271", "正式名称": "医療法人啓生会やすだ医院", "機関区分": 2, "都道府県コード": 26, "市区町村コード": 107, "所在地": "京都府京都市南区久世中久世町２丁目６０－６", "緯度": 34.960752, "経度": 135.713183, "url": "https://www.iryou.teikyouseido.mhlw.go.jp/znk-web/juminkanja/S2430/initialize?prefCd=26&kikanCd=2620000271&kikanKbn=2", "url2": "http://www.keiseikai.net/", "内容": "医療法人啓生会やすだ医院【2:診療所】【診療科目:呼吸器内科_外科_呼吸器外科_リハビリテーション科】京都府京都市南区久世中久世町２丁目６０－６" }, "geometry": { "type": "Point", "coordinates": [ 135.713183, 34.960752 ] } },
{ "type": "Feature", "properties": { "ID": "2622620000276", "正式名称": "医療法人くろやなぎ医院", "機関区分": 2, "都道府県コード": 26, "市区町村コード": 107, "所在地": "京都府京都市南区久世上久世町２５８番地", "緯度": 34.965027, "経度": 135.714815, "url": "https://www.iryou.teikyouseido.mhlw.go.jp/znk-web/juminkanja/S2430/initialize?prefCd=26&kikanCd=2620000276&kikanKbn=2", "url2": "https://www.kuroyanagi-iida.com", "内容": "医療法人くろやなぎ医院【2:診療所】【診療科目:内科_循環器内科_小児科】京都府京都市南区久世上久世町２５８番地" }, "geometry": { "type": "Point", "coordinates": [ 135.714815, 34.965027 ] } },
{ "type": "Feature", "properties": { "ID": "2622620000277", "正式名称": "永井診療所", "機関区分": 2, "都道府県コード": 26, "市区町村コード": 107, "所在地": "京都府京都市南区久世上久世町４３４", "緯度": 34.964149, "経度": 135.715549, "url": "https://www.iryou.teikyouseido.mhlw.go.jp/znk-web/juminkanja/S2430/initialize?prefCd=26&kikanCd=2620000277&kikanKbn=2", "url2": null, "内容": "永井診療所【2:診療所】【診療科目:内科_小児科_放射線科】京都府京都市南区久世上久世町４３４" }, "geometry": { "type": "Point", "coordinates": [ 135.715549, 34.964149 ] } },
{ "type": "Feature", "properties": { "ID": "2622620000278", "正式名称": "田辺診療所", "機関区分": 2, "都道府県コード": 26, "市区町村コード": 107, "所在地": "京都府京都市南区吉祥院宮ノ東町２堀場製作所", "緯度": 34.983953, "経度": 135.723075, "url": "https://www.iryou.teikyouseido.mhlw.go.jp/znk-web/juminkanja/S2430/initialize?prefCd=26&kikanCd=2620000278&kikanKbn=2", "url2": null, "内容": "田辺診療所【2:診療所】【診療科目:内科】京都府京都市南区吉祥院宮ノ東町２堀場製作所" }, "geometry": { "type": "Point", "coordinates": [ 135.723075, 34.983953 ] } },
{ "type": "Feature", "properties": { "ID": "2622620000281", "正式名称": "藤代医院", "機関区分": 2, "都道府県コード": 26, "市区町村コード": 107, "所在地": "京都府京都市南区吉祥院八反田町１９の４", "緯度": 34.974177, "経度": 135.740769, "url": "https://www.iryou.teikyouseido.mhlw.go.jp/znk-web/juminkanja/S2430/initialize?prefCd=26&kikanCd=2620000281&kikanKbn=2", "url2": null, "内容": "藤代医院【2:診療所】【診療科目:耳鼻いんこう科】京都府京都市南区吉祥院八反田町１９の４" }, "geometry": { "type": "Point", "coordinates": [ 135.740769, 34.974177 ] } },
{ "type": "Feature", "properties": { "ID": "2622620000284", "正式名称": "医療法人大森医院", "機関区分": 2, "都道府県コード": 26, "市区町村コード": 107, "所在地": "京都府京都市南区吉祥院清水町３５番地の３", "緯度": 34.979315, "経度": 135.733019, "url": "https://www.iryou.teikyouseido.mhlw.go.jp/znk-web/juminkanja/S2430/initialize?prefCd=26&kikanCd=2620000284&kikanKbn=2", "url2": "http://www.ishikai.or.jp/ohmori-clinic/", "内容": "医療法人大森医院【2:診療所】【診療科目:胃腸内科_外科_耳鼻いんこう科】京都府京都市南区吉祥院清水町３５番地の３" }, "geometry": { "type": "Point", "coordinates": [ 135.733019, 34.979315 ] } },
{ "type": "Feature", "properties": { "ID": "2622620000285", "正式名称": "医療法人　伊藤会　吉祥院診療所", "機関区分": 2, "都道府県コード": 26, "市区町村コード": 107, "所在地": "京都府京都市南区吉祥院砂ノ町４５番地", "緯度": 34.968983, "経度": 135.731908, "url": "https://www.iryou.teikyouseido.mhlw.go.jp/znk-web/juminkanja/S2430/initialize?prefCd=26&kikanCd=2620000285&kikanKbn=2", "url2": null, "内容": "医療法人　伊藤会　吉祥院診療所【2:診療所】【診療科目:内科】京都府京都市南区吉祥院砂ノ町４５番地" }, "geometry": { "type": "Point", "coordinates": [ 135.731908, 34.968983 ] } },
{ "type": "Feature", "properties": { "ID": "2622620000287", "正式名称": "医療法人恵周会竹内医院", "機関区分": 2, "都道府県コード": 26, "市区町村コード": 107, "所在地": "京都府京都市南区吉祥院里ノ内町８３", "緯度": 34.972399, "経度": 135.73238, "url": "https://www.iryou.teikyouseido.mhlw.go.jp/znk-web/juminkanja/S2430/initialize?prefCd=26&kikanCd=2620000287&kikanKbn=2", "url2": null, "内容": "医療法人恵周会竹内医院【2:診療所】【診療科目:外科_整形外科_皮膚科】京都府京都市南区吉祥院里ノ内町８３" }, "geometry": { "type": "Point", "coordinates": [ 135.73238, 34.972399 ] } },
{ "type": "Feature", "properties": { "ID": "2622620000289", "正式名称": "公益社団法人京都保健会吉祥院こども診療所", "機関区分": 2, "都道府県コード": 26, "市区町村コード": 107, "所在地": "京都府京都市南区吉祥院西浦町２３", "緯度": 34.972482, "経度": 135.728575, "url": "https://www.iryou.teikyouseido.mhlw.go.jp/znk-web/juminkanja/S2430/initialize?prefCd=26&kikanCd=2620000289&kikanKbn=2", "url2": "http://www.kyoto-hokenkai.or.jp/kiti-kodomo/", "内容": "公益社団法人京都保健会吉祥院こども診療所【2:診療所】【診療科目:小児科】京都府京都市南区吉祥院西浦町２３" }, "geometry": { "type": "Point", "coordinates": [ 135.728575, 34.972482 ] } },
{ "type": "Feature", "properties": { "ID": "2622620000295", "正式名称": "堀井眼科クリニック", "機関区分": 2, "都道府県コード": 26, "市区町村コード": 107, "所在地": "京都府京都市南区西九条島町８", "緯度": 34.979176, "経度": 135.753462, "url": "https://www.iryou.teikyouseido.mhlw.go.jp/znk-web/juminkanja/S2430/initialize?prefCd=26&kikanCd=2620000295&kikanKbn=2", "url2": null, "内容": "堀井眼科クリニック【2:診療所】【診療科目:眼科】京都府京都市南区西九条島町８" }, "geometry": { "type": "Point", "coordinates": [ 135.753462, 34.979176 ] } },
{ "type": "Feature", "properties": { "ID": "2622620000296", "正式名称": "医療法人耳鼻咽喉科和多田医院", "機関区分": 2, "都道府県コード": 26, "市区町村コード": 107, "所在地": "京都府京都市南区西九条比永城町６６", "緯度": 34.978621, "経度": 135.74899, "url": "https://www.iryou.teikyouseido.mhlw.go.jp/znk-web/juminkanja/S2430/initialize?prefCd=26&kikanCd=2620000296&kikanKbn=2", "url2": "https://www/watada-jibika.com/", "内容": "医療法人耳鼻咽喉科和多田医院【2:診療所】【診療科目:耳鼻いんこう科】京都府京都市南区西九条比永城町６６" }, "geometry": { "type": "Point", "coordinates": [ 135.74899, 34.978621 ] } },
{ "type": "Feature", "properties": { "ID": "2622620000305", "正式名称": "宮谷眼科医院", "機関区分": 2, "都道府県コード": 26, "市区町村コード": 107, "所在地": "京都府京都市南区唐橋川久保町１１", "緯度": 34.978426, "経度": 135.73538, "url": "https://www.iryou.teikyouseido.mhlw.go.jp/znk-web/juminkanja/S2430/initialize?prefCd=26&kikanCd=2620000305&kikanKbn=2", "url2": null, "内容": "宮谷眼科医院【2:診療所】【診療科目:眼科】京都府京都市南区唐橋川久保町１１" }, "geometry": { "type": "Point", "coordinates": [ 135.73538, 34.978426 ] } },
{ "type": "Feature", "properties": { "ID": "2622620000306", "正式名称": "高木小児科医院", "機関区分": 2, "都道府県コード": 26, "市区町村コード": 107, "所在地": "京都府京都市南区唐橋堂ノ前町１５－５", "緯度": 34.978176, "経度": 135.738102, "url": "https://www.iryou.teikyouseido.mhlw.go.jp/znk-web/juminkanja/S2430/initialize?prefCd=26&kikanCd=2620000306&kikanKbn=2", "url2": null, "内容": "高木小児科医院【2:診療所】【診療科目:小児科】京都府京都市南区唐橋堂ノ前町１５－５" }, "geometry": { "type": "Point", "coordinates": [ 135.738102, 34.978176 ] } },
{ "type": "Feature", "properties": { "ID": "2622620000307", "正式名称": "関医院内科・循環器科", "機関区分": 2, "都道府県コード": 26, "市区町村コード": 107, "所在地": "京都府京都市南区唐橋堂ノ前町１６番地", "緯度": 34.978343, "経度": 135.738852, "url": "https://www.iryou.teikyouseido.mhlw.go.jp/znk-web/juminkanja/S2430/initialize?prefCd=26&kikanCd=2620000307&kikanKbn=2", "url2": null, "内容": "関医院内科・循環器科【2:診療所】【診療科目:内科】京都府京都市南区唐橋堂ノ前町１６番地" }, "geometry": { "type": "Point", "coordinates": [ 135.738852, 34.978343 ] } },
{ "type": "Feature", "properties": { "ID": "2622620000309", "正式名称": "医療法人同仁会（社団）　同仁会クリニック", "機関区分": 2, "都道府県コード": 26, "市区町村コード": 107, "所在地": "京都府京都市南区唐橋羅城門町３０番地京都メディックスビル１階", "緯度": 34.978843, "経度": 135.740046, "url": "https://www.iryou.teikyouseido.mhlw.go.jp/znk-web/juminkanja/S2430/initialize?prefCd=26&kikanCd=2620000309&kikanKbn=2", "url2": "http://www.do-clinic.com/", "内容": "医療法人同仁会（社団）　同仁会クリニック【2:診療所】【診療科目:内科_糖尿病内科_脂質代謝内科_整形外科】京都府京都市南区唐橋羅城門町３０番地京都メディックスビル１階" }, "geometry": { "type": "Point", "coordinates": [ 135.740046, 34.978843 ] } },
{ "type": "Feature", "properties": { "ID": "2622620000310", "正式名称": "医療法人社団景和会大内眼科", "機関区分": 2, "都道府県コード": 26, "市区町村コード": 107, "所在地": "京都府京都市南区唐橋羅城門町４７番地１", "緯度": 34.979065, "経度": 135.741879, "url": "https://www.iryou.teikyouseido.mhlw.go.jp/znk-web/juminkanja/S2430/initialize?prefCd=26&kikanCd=2620000310&kikanKbn=2", "url2": "http://www.ouchi-ganka.com/", "内容": "医療法人社団景和会大内眼科【2:診療所】【診療科目:眼科】京都府京都市南区唐橋羅城門町４７番地１" }, "geometry": { "type": "Point", "coordinates": [ 135.741879, 34.979065 ] } },
{ "type": "Feature", "properties": { "ID": "2622620000311", "正式名称": "医療法人社団健貢会山田医院", "機関区分": 2, "都道府県コード": 26, "市区町村コード": 107, "所在地": "京都府京都市南区唐橋琵琶町１２番地４", "緯度": 34.977537, "経度": 135.738713, "url": "https://www.iryou.teikyouseido.mhlw.go.jp/znk-web/juminkanja/S2430/initialize?prefCd=26&kikanCd=2620000311&kikanKbn=2", "url2": null, "内容": "医療法人社団健貢会山田医院【2:診療所】【診療科目:外科_整形外科_泌尿器科_リハビリテーション科】京都府京都市南区唐橋琵琶町１２番地４" }, "geometry": { "type": "Point", "coordinates": [ 135.738713, 34.977537 ] } },
{ "type": "Feature", "properties": { "ID": "2622620000313", "正式名称": "横山整形外科", "機関区分": 2, "都道府県コード": 26, "市区町村コード": 107, "所在地": "京都府京都市南区唐橋琵琶町５番地", "緯度": 34.976899, "経度": 135.738852, "url": "https://www.iryou.teikyouseido.mhlw.go.jp/znk-web/juminkanja/S2430/initialize?prefCd=26&kikanCd=2620000313&kikanKbn=2", "url2": null, "内容": "横山整形外科【2:診療所】【診療科目:整形外科_リウマチ科_リハビリテーション科】京都府京都市南区唐橋琵琶町５番地" }, "geometry": { "type": "Point", "coordinates": [ 135.738852, 34.976899 ] } },
{ "type": "Feature", "properties": { "ID": "2622620000315", "正式名称": "島岡医院", "機関区分": 2, "都道府県コード": 26, "市区町村コード": 107, "所在地": "京都府京都市南区唐橋平垣町６８", "緯度": 34.980759, "経度": 135.735741, "url": "https://www.iryou.teikyouseido.mhlw.go.jp/znk-web/juminkanja/S2430/initialize?prefCd=26&kikanCd=2620000315&kikanKbn=2", "url2": "https://www.shimaoka-ob-gy.minami.kyoto.jp/", "内容": "島岡医院【2:診療所】【診療科目:内科_小児科_産婦人科】京都府京都市南区唐橋平垣町６８" }, "geometry": { "type": "Point", "coordinates": [ 135.735741, 34.980759 ] } },
{ "type": "Feature", "properties": { "ID": "2622620000316", "正式名称": "医療法人社団山下医院", "機関区分": 2, "都道府県コード": 26, "市区町村コード": 107, "所在地": "京都府京都市南区八条通大宮西入ル九条町３９９番地の２８", "緯度": 34.984176, "経度": 135.747851, "url": "https://www.iryou.teikyouseido.mhlw.go.jp/znk-web/juminkanja/S2430/initialize?prefCd=26&kikanCd=2620000316&kikanKbn=2", "url2": null, "内容": "医療法人社団山下医院【2:診療所】【診療科目:整形外科_リウマチ科_リハビリテーション科】京都府京都市南区八条通大宮西入ル九条町３９９番地の２８" }, "geometry": { "type": "Point", "coordinates": [ 135.747851, 34.984176 ] } },
{ "type": "Feature", "properties": { "ID": "2622620000317", "正式名称": "大矢医院", "機関区分": 2, "都道府県コード": 26, "市区町村コード": 107, "所在地": "京都府京都市南区四ツ塚町１番地", "緯度": 34.979398, "経度": 135.745962, "url": "https://www.iryou.teikyouseido.mhlw.go.jp/znk-web/juminkanja/S2430/initialize?prefCd=26&kikanCd=2620000317&kikanKbn=2", "url2": null, "内容": "大矢医院【2:診療所】【診療科目:内科_外科_皮膚科】京都府京都市南区四ツ塚町１番地" }, "geometry": { "type": "Point", "coordinates": [ 135.745962, 34.979398 ] } },
{ "type": "Feature", "properties": { "ID": "2622620000324", "正式名称": "医療法人小川医院", "機関区分": 2, "都道府県コード": 26, "市区町村コード": 102, "所在地": "京都府京都市上京区寺之内通室町東入下柳原南半町２４３", "緯度": 35.033948, "経度": 135.757959, "url": "https://www.iryou.teikyouseido.mhlw.go.jp/znk-web/juminkanja/S2430/initialize?prefCd=26&kikanCd=2620000324&kikanKbn=2", "url2": null, "内容": "医療法人小川医院【2:診療所】【診療科目:内科_小児科_放射線科】京都府京都市上京区寺之内通室町東入下柳原南半町２４３" }, "geometry": { "type": "Point", "coordinates": [ 135.757959, 35.033948 ] } },
{ "type": "Feature", "properties": { "ID": "2622620000328", "正式名称": "太田内科クリニック", "機関区分": 2, "都道府県コード": 26, "市区町村コード": 102, "所在地": "京都府京都市上京区今出川通堀川東入飛鳥井町２６３　シリウス星の子１Ｆ", "緯度": 35.029532, "経度": 135.753182, "url": "https://www.iryou.teikyouseido.mhlw.go.jp/znk-web/juminkanja/S2430/initialize?prefCd=26&kikanCd=2620000328&kikanKbn=2", "url2": "http://www.otaclinic.com/", "内容": "太田内科クリニック【2:診療所】【診療科目:内科_アレルギー科】京都府京都市上京区今出川通堀川東入飛鳥井町２６３　シリウス星の子１Ｆ" }, "geometry": { "type": "Point", "coordinates": [ 135.753182, 35.029532 ] } },
{ "type": "Feature", "properties": { "ID": "2622620000329", "正式名称": "社会医療法人西陣健康会クリニックほりかわ", "機関区分": 2, "都道府県コード": 26, "市区町村コード": 102, "所在地": "京都府京都市上京区堀川通今出川上る北舟橋町８４５番地", "緯度": 35.03106, "経度": 135.752154, "url": "https://www.iryou.teikyouseido.mhlw.go.jp/znk-web/juminkanja/S2430/initialize?prefCd=26&kikanCd=2620000329&kikanKbn=2", "url2": "http://www.horikawa-hp.or.jp/", "内容": "社会医療法人西陣健康会クリニックほりかわ【2:診療所】【診療科目:内科_呼吸器内科_循環器内科_消化器内科_腎臓内科_神経内科_外科_脳神経外科_整形外科_眼科_耳鼻いんこう科_皮膚科_泌尿器科_精神科_心療内科_リウマチ科_リハビリテーション科_放射線科】京都府京都市上京区堀川通今出川上る北舟橋町８４５番地" }, "geometry": { "type": "Point", "coordinates": [ 135.752154, 35.03106 ] } },
{ "type": "Feature", "properties": { "ID": "2622620000331", "正式名称": "菅野医院", "機関区分": 2, "都道府県コード": 26, "市区町村コード": 102, "所在地": "京都府京都市上京区上立売通堀川東入堀之上町２６", "緯度": 35.032115, "経度": 135.753293, "url": "https://www.iryou.teikyouseido.mhlw.go.jp/znk-web/juminkanja/S2430/initialize?prefCd=26&kikanCd=2620000331&kikanKbn=2", "url2": null, "内容": "菅野医院【2:診療所】【診療科目:内科_小児科】京都府京都市上京区上立売通堀川東入堀之上町２６" }, "geometry": { "type": "Point", "coordinates": [ 135.753293, 35.032115 ] } },
{ "type": "Feature", "properties": { "ID": "2622620000332", "正式名称": "耳鼻咽喉科・アレルギー科任医院", "機関区分": 2, "都道府県コード": 26, "市区町村コード": 102, "所在地": "京都府京都市上京区油小路通今出川上る実相院町１５１番地２２", "緯度": 35.030421, "経度": 135.753487, "url": "https://www.iryou.teikyouseido.mhlw.go.jp/znk-web/juminkanja/S2430/initialize?prefCd=26&kikanCd=2620000332&kikanKbn=2", "url2": null, "内容": "耳鼻咽喉科・アレルギー科任医院【2:診療所】【診療科目:耳鼻いんこう科】京都府京都市上京区油小路通今出川上る実相院町１５１番地２２" }, "geometry": { "type": "Point", "coordinates": [ 135.753487, 35.030421 ] } },
{ "type": "Feature", "properties": { "ID": "2622620000333", "正式名称": "おおの小児科", "機関区分": 2, "都道府県コード": 26, "市区町村コード": 102, "所在地": "京都府京都市上京区堀川寺之内上ル３丁目上天神町６３５", "緯度": 35.036281, "経度": 135.751098, "url": "https://www.iryou.teikyouseido.mhlw.go.jp/znk-web/juminkanja/S2430/initialize?prefCd=26&kikanCd=2620000333&kikanKbn=2", "url2": null, "内容": "おおの小児科【2:診療所】【診療科目:小児科_アレルギー科】京都府京都市上京区堀川寺之内上ル３丁目上天神町６３５" }, "geometry": { "type": "Point", "coordinates": [ 135.751098, 35.036281 ] } },
{ "type": "Feature", "properties": { "ID": "2622620000334", "正式名称": "医療法人高橋医院", "機関区分": 2, "都道府県コード": 26, "市区町村コード": 102, "所在地": "京都府京都市上京区大宮通鞍馬口上ル若宮竪町８１", "緯度": 35.0381193, "経度": 135.7491186, "url": "https://www.iryou.teikyouseido.mhlw.go.jp/znk-web/juminkanja/S2430/initialize?prefCd=26&kikanCd=2620000334&kikanKbn=2", "url2": null, "内容": "医療法人高橋医院【2:診療所】【診療科目:内科】京都府京都市上京区大宮通鞍馬口上ル若宮竪町８１" }, "geometry": { "type": "Point", "coordinates": [ 135.7491186, 35.0381193 ] } },
{ "type": "Feature", "properties": { "ID": "2622620000336", "正式名称": "医療法人社団西村医院", "機関区分": 2, "都道府県コード": 26, "市区町村コード": 102, "所在地": "京都府京都市上京区寺町通今出川上る五丁目西入桜木町４１５－５", "緯度": 35.034698, "経度": 135.764514, "url": "https://www.iryou.teikyouseido.mhlw.go.jp/znk-web/juminkanja/S2430/initialize?prefCd=26&kikanCd=2620000336&kikanKbn=2", "url2": null, "内容": "医療法人社団西村医院【2:診療所】【診療科目:内科_外科_整形外科_皮膚科_放射線科】京都府京都市上京区寺町通今出川上る五丁目西入桜木町４１５－５" }, "geometry": { "type": "Point", "coordinates": [ 135.764514, 35.034698 ] } },
{ "type": "Feature", "properties": { "ID": "2622620000338", "正式名称": "竹上内科クリニック", "機関区分": 2, "都道府県コード": 26, "市区町村コード": 102, "所在地": "京都府京都市上京区出町桝形上ル青竜町１９９　仲製作所ビル１階", "緯度": 35.031282, "経度": 135.769458, "url": "https://www.iryou.teikyouseido.mhlw.go.jp/znk-web/juminkanja/S2430/initialize?prefCd=26&kikanCd=2620000338&kikanKbn=2", "url2": "http://www.myclinic.ne.jp/takegami/", "内容": "竹上内科クリニック【2:診療所】【診療科目:内科_神経内科_リハビリテーション科】京都府京都市上京区出町桝形上ル青竜町１９９　仲製作所ビル１階" }, "geometry": { "type": "Point", "coordinates": [ 135.769458, 35.031282 ] } },
{ "type": "Feature", "properties": { "ID": "2622620000343", "正式名称": "医療法人社団精和会御所東クリニック", "機関区分": 2, "都道府県コード": 26, "市区町村コード": 102, "所在地": "京都府京都市上京区寺町通今出川下ル扇町２６８", "緯度": 35.028671, "経度": 135.768097, "url": "https://www.iryou.teikyouseido.mhlw.go.jp/znk-web/juminkanja/S2430/initialize?prefCd=26&kikanCd=2620000343&kikanKbn=2", "url2": "http://www.myclinic.ne.jp/mura514/", "内容": "医療法人社団精和会御所東クリニック【2:診療所】【診療科目:内科_外科_乳腺外科_整形外科_リハビリテーション科】京都府京都市上京区寺町通今出川下ル扇町２６８" }, "geometry": { "type": "Point", "coordinates": [ 135.768097, 35.028671 ] } },
{ "type": "Feature", "properties": { "ID": "2622620000346", "正式名称": "梶山医院", "機関区分": 2, "都道府県コード": 26, "市区町村コード": 102, "所在地": "京都府京都市上京区出水通智恵光院西入田村備前町２３１－２", "緯度": 35.021255, "経度": 135.745655, "url": "https://www.iryou.teikyouseido.mhlw.go.jp/znk-web/juminkanja/S2430/initialize?prefCd=26&kikanCd=2620000346&kikanKbn=2", "url2": null, "内容": "梶山医院【2:診療所】【診療科目:内科_小児科】京都府京都市上京区出水通智恵光院西入田村備前町２３１－２" }, "geometry": { "type": "Point", "coordinates": [ 135.745655, 35.021255 ] } },
{ "type": "Feature", "properties": { "ID": "2622620000348", "正式名称": "内田医院", "機関区分": 2, "都道府県コード": 26, "市区町村コード": 102, "所在地": "京都府京都市上京区中町丸太町上ル俵屋町４３２", "緯度": 35.018395, "経度": 135.769764, "url": "https://www.iryou.teikyouseido.mhlw.go.jp/znk-web/juminkanja/S2430/initialize?prefCd=26&kikanCd=2620000348&kikanKbn=2", "url2": null, "内容": "内田医院【2:診療所】【診療科目:内科_消化器内科】京都府京都市上京区中町丸太町上ル俵屋町４３２" }, "geometry": { "type": "Point", "coordinates": [ 135.769764, 35.018395 ] } },
{ "type": "Feature", "properties": { "ID": "2622620000350", "正式名称": "医療法人耳鼻咽喉科大島医院", "機関区分": 2, "都道府県コード": 26, "市区町村コード": 102, "所在地": "京都府京都市上京区烏丸通鞍馬口下ル上御霊中町４５７－１０", "緯度": 35.036837, "経度": 135.75907, "url": "https://www.iryou.teikyouseido.mhlw.go.jp/znk-web/juminkanja/S2430/initialize?prefCd=26&kikanCd=2620000350&kikanKbn=2", "url2": null, "内容": "医療法人耳鼻咽喉科大島医院【2:診療所】【診療科目:耳鼻いんこう科】京都府京都市上京区烏丸通鞍馬口下ル上御霊中町４５７－１０" }, "geometry": { "type": "Point", "coordinates": [ 135.75907, 35.036837 ] } },
{ "type": "Feature", "properties": { "ID": "2622620000352", "正式名称": "医療法人つばき医院", "機関区分": 2, "都道府県コード": 26, "市区町村コード": 102, "所在地": "京都府京都市上京区上御霊前通烏丸東入上御霊前町４１０番地", "緯度": 35.036365, "経度": 135.75957, "url": "https://www.iryou.teikyouseido.mhlw.go.jp/znk-web/juminkanja/S2430/initialize?prefCd=26&kikanCd=2620000352&kikanKbn=2", "url2": "https://www.tsubakimental.com/", "内容": "医療法人つばき医院【2:診療所】【診療科目:精神科_心療内科】京都府京都市上京区上御霊前通烏丸東入上御霊前町４１０番地" }, "geometry": { "type": "Point", "coordinates": [ 135.75957, 35.036365 ] } },
{ "type": "Feature", "properties": { "ID": "2622620000357", "正式名称": "医療法人社団コマキ外科・胃腸科医院", "機関区分": 2, "都道府県コード": 26, "市区町村コード": 102, "所在地": "京都府京都市上京区今出川通室町西入堀出シ町３０８番地", "緯度": 35.029199, "経度": 135.757487, "url": "https://www.iryou.teikyouseido.mhlw.go.jp/znk-web/juminkanja/S2430/initialize?prefCd=26&kikanCd=2620000357&kikanKbn=2", "url2": null, "内容": "医療法人社団コマキ外科・胃腸科医院【2:診療所】【診療科目:外科_整形外科_放射線科】京都府京都市上京区今出川通室町西入堀出シ町３０８番地" }, "geometry": { "type": "Point", "coordinates": [ 135.757487, 35.029199 ] } },
{ "type": "Feature", "properties": { "ID": "2622620000358", "正式名称": "上田内科医院", "機関区分": 2, "都道府県コード": 26, "市区町村コード": 102, "所在地": "京都府京都市上京区元誓願寺通油小路西入仲之町４６０－３", "緯度": 35.028365, "経度": 135.752876, "url": "https://www.iryou.teikyouseido.mhlw.go.jp/znk-web/juminkanja/S2430/initialize?prefCd=26&kikanCd=2620000358&kikanKbn=2", "url2": null, "内容": "上田内科医院【2:診療所】【診療科目:内科_血液内科_循環器内科_小児科】京都府京都市上京区元誓願寺通油小路西入仲之町４６０－３" }, "geometry": { "type": "Point", "coordinates": [ 135.752876, 35.028365 ] } },
{ "type": "Feature", "properties": { "ID": "2622620000359", "正式名称": "百々眼科診療所", "機関区分": 2, "都道府県コード": 26, "市区町村コード": 102, "所在地": "京都府京都市上京区針屋町３６３", "緯度": 35.028865, "経度": 135.754432, "url": "https://www.iryou.teikyouseido.mhlw.go.jp/znk-web/juminkanja/S2430/initialize?prefCd=26&kikanCd=2620000359&kikanKbn=2", "url2": null, "内容": "百々眼科診療所【2:診療所】【診療科目:眼科】京都府京都市上京区針屋町３６３" }, "geometry": { "type": "Point", "coordinates": [ 135.754432, 35.028865 ] } },
{ "type": "Feature", "properties": { "ID": "2622620000370", "正式名称": "多田医院", "機関区分": 2, "都道府県コード": 26, "市区町村コード": 102, "所在地": "京都府京都市上京区下立売通大宮東入橋西二丁目６３５", "緯度": 35.01995, "経度": 135.749571, "url": "https://www.iryou.teikyouseido.mhlw.go.jp/znk-web/juminkanja/S2430/initialize?prefCd=26&kikanCd=2620000370&kikanKbn=2", "url2": "https://www.tada-clinic-kyoto.com/", "内容": "多田医院【2:診療所】【診療科目:内科_糖尿病内科_小児科】京都府京都市上京区下立売通大宮東入橋西二丁目６３５" }, "geometry": { "type": "Point", "coordinates": [ 135.749571, 35.01995 ] } },
{ "type": "Feature", "properties": { "ID": "2622620000372", "正式名称": "三宅医院", "機関区分": 2, "都道府県コード": 26, "市区町村コード": 102, "所在地": "京都府京都市上京区下立売通葭屋町西入西橋詰町２８２", "緯度": 35.020116, "経度": 135.751127, "url": "https://www.iryou.teikyouseido.mhlw.go.jp/znk-web/juminkanja/S2430/initialize?prefCd=26&kikanCd=2620000372&kikanKbn=2", "url2": null, "内容": "三宅医院【2:診療所】【診療科目:内科_呼吸器内科_循環器内科】京都府京都市上京区下立売通葭屋町西入西橋詰町２８２" }, "geometry": { "type": "Point", "coordinates": [ 135.751127, 35.020116 ] } },
{ "type": "Feature", "properties": { "ID": "2622620000373", "正式名称": "永原医院", "機関区分": 2, "都道府県コード": 26, "市区町村コード": 102, "所在地": "京都府京都市上京区智恵光院通丸太町下ル主税町９９９", "緯度": 35.017394, "経度": 135.745127, "url": "https://www.iryou.teikyouseido.mhlw.go.jp/znk-web/juminkanja/S2430/initialize?prefCd=26&kikanCd=2620000373&kikanKbn=2", "url2": "https://nagahara-iin.com/access/", "内容": "永原医院【2:診療所】【診療科目:内科_呼吸器内科_循環器内科_リウマチ科】京都府京都市上京区智恵光院通丸太町下ル主税町９９９" }, "geometry": { "type": "Point", "coordinates": [ 135.745127, 35.017394 ] } },
{ "type": "Feature", "properties": { "ID": "2622620000374", "正式名称": "佐々木医院", "機関区分": 2, "都道府県コード": 26, "市区町村コード": 102, "所在地": "京都府京都市上京区丸太町通大宮東入藁屋町５３６", "緯度": 35.017228, "経度": 135.749238, "url": "https://www.iryou.teikyouseido.mhlw.go.jp/znk-web/juminkanja/S2430/initialize?prefCd=26&kikanCd=2620000374&kikanKbn=2", "url2": null, "内容": "佐々木医院【2:診療所】【診療科目:内科_外科】京都府京都市上京区丸太町通大宮東入藁屋町５３６" }, "geometry": { "type": "Point", "coordinates": [ 135.749238, 35.017228 ] } },
{ "type": "Feature", "properties": { "ID": "2622620000375", "正式名称": "林医院", "機関区分": 2, "都道府県コード": 26, "市区町村コード": 102, "所在地": "京都府京都市上京区竹屋町通リ松屋町西入ル藁屋町５３５番地", "緯度": 35.016089, "経度": 135.748238, "url": "https://www.iryou.teikyouseido.mhlw.go.jp/znk-web/juminkanja/S2430/initialize?prefCd=26&kikanCd=2620000375&kikanKbn=2", "url2": null, "内容": "林医院【2:診療所】【診療科目:内科_アレルギー科】京都府京都市上京区竹屋町通リ松屋町西入ル藁屋町５３５番地" }, "geometry": { "type": "Point", "coordinates": [ 135.748238, 35.016089 ] } },
{ "type": "Feature", "properties": { "ID": "2622620000376", "正式名称": "高橋整形外科医院", "機関区分": 2, "都道府県コード": 26, "市区町村コード": 102, "所在地": "京都府京都市上京区千本通丸太町下ル主税町１１６３", "緯度": 35.017394, "経度": 135.742822, "url": "https://www.iryou.teikyouseido.mhlw.go.jp/znk-web/juminkanja/S2430/initialize?prefCd=26&kikanCd=2620000376&kikanKbn=2", "url2": null, "内容": "高橋整形外科医院【2:診療所】【診療科目:整形外科_リウマチ科_リハビリテーション科】京都府京都市上京区千本通丸太町下ル主税町１１６３" }, "geometry": { "type": "Point", "coordinates": [ 135.742822, 35.017394 ] } },
{ "type": "Feature", "properties": { "ID": "2622620000377", "正式名称": "京都市児童福祉センター診療所", "機関区分": 2, "都道府県コード": 26, "市区町村コード": 102, "所在地": "京都府京都市上京区竹屋町千本東入主税町９１０－２５", "緯度": 35.016617, "経度": 135.744072, "url": "https://www.iryou.teikyouseido.mhlw.go.jp/znk-web/juminkanja/S2430/initialize?prefCd=26&kikanCd=2620000377&kikanKbn=2", "url2": "http://www.city.kyoto.lg.jp/hokenfukushi/soshiki/8-3-3-0-0.html", "内容": "京都市児童福祉センター診療所【2:診療所】【診療科目:整形外科_小児科_眼科_耳鼻いんこう科_精神科】京都府京都市上京区竹屋町千本東入主税町９１０－２５" }, "geometry": { "type": "Point", "coordinates": [ 135.744072, 35.016617 ] } },
{ "type": "Feature", "properties": { "ID": "2622620000378", "正式名称": "医療法人社団大森内科循環器科", "機関区分": 2, "都道府県コード": 26, "市区町村コード": 102, "所在地": "京都府京都市上京区竹屋町通千本東入主税町１１５８", "緯度": 35.017672, "経度": 135.742961, "url": "https://www.iryou.teikyouseido.mhlw.go.jp/znk-web/juminkanja/S2430/initialize?prefCd=26&kikanCd=2620000378&kikanKbn=2", "url2": null, "内容": "医療法人社団大森内科循環器科【2:診療所】【診療科目:内科_小児科_リハビリテーション科】京都府京都市上京区竹屋町通千本東入主税町１１５８" }, "geometry": { "type": "Point", "coordinates": [ 135.742961, 35.017672 ] } },
{ "type": "Feature", "properties": { "ID": "2622620000379", "正式名称": "医療法人康復会　いわさくクリニック", "機関区分": 2, "都道府県コード": 26, "市区町村コード": 102, "所在地": "京都府京都市上京区聚楽町８５７番１０２", "緯度": 35.015394, "経度": 135.742322, "url": "https://www.iryou.teikyouseido.mhlw.go.jp/znk-web/juminkanja/S2430/initialize?prefCd=26&kikanCd=2620000379&kikanKbn=2", "url2": null, "内容": "医療法人康復会　いわさくクリニック【2:診療所】【診療科目:整形外科_リウマチ科_リハビリテーション科】京都府京都市上京区聚楽町８５７番１０２" }, "geometry": { "type": "Point", "coordinates": [ 135.742322, 35.015394 ] } },
{ "type": "Feature", "properties": { "ID": "2622620000381", "正式名称": "医療法人　岡嶋内科医院", "機関区分": 2, "都道府県コード": 26, "市区町村コード": 102, "所在地": "京都府京都市上京区千本通下立売下ル小山町９０３－６", "緯度": 35.019811, "経度": 135.742516, "url": "https://www.iryou.teikyouseido.mhlw.go.jp/znk-web/juminkanja/S2430/initialize?prefCd=26&kikanCd=2620000381&kikanKbn=2", "url2": "https://okajimanaika.org", "内容": "医療法人　岡嶋内科医院【2:診療所】【診療科目:内科_消化器内科_肝臓内科_内視鏡内科】京都府京都市上京区千本通下立売下ル小山町９０３－６" }, "geometry": { "type": "Point", "coordinates": [ 135.742516, 35.019811 ] } },
{ "type": "Feature", "properties": { "ID": "2622620000382", "正式名称": "栗山耳鼻咽喉科医院", "機関区分": 2, "都道府県コード": 26, "市区町村コード": 102, "所在地": "京都府京都市上京区土屋町通丸太町上ル東小山町９０８－１８", "緯度": 35.018755, "経度": 135.743627, "url": "https://www.iryou.teikyouseido.mhlw.go.jp/znk-web/juminkanja/S2430/initialize?prefCd=26&kikanCd=2620000382&kikanKbn=2", "url2": null, "内容": "栗山耳鼻咽喉科医院【2:診療所】【診療科目:耳鼻いんこう科_アレルギー科】京都府京都市上京区土屋町通丸太町上ル東小山町９０８－１８" }, "geometry": { "type": "Point", "coordinates": [ 135.743627, 35.018755 ] } },
{ "type": "Feature", "properties": { "ID": "2622620000383", "正式名称": "竹中医院", "機関区分": 2, "都道府県コード": 26, "市区町村コード": 102, "所在地": "京都府京都市上京区丸太町通千本東入中務町４９１－２９", "緯度": 35.018311, "経度": 135.744377, "url": "https://www.iryou.teikyouseido.mhlw.go.jp/znk-web/juminkanja/S2430/initialize?prefCd=26&kikanCd=2620000383&kikanKbn=2", "url2": null, "内容": "竹中医院【2:診療所】【診療科目:内科_循環器内科_消化器内科_小児科】京都府京都市上京区丸太町通千本東入中務町４９１－２９" }, "geometry": { "type": "Point", "coordinates": [ 135.744377, 35.018311 ] } },
{ "type": "Feature", "properties": { "ID": "2622620000384", "正式名称": "医療法人　勝目医院", "機関区分": 2, "都道府県コード": 26, "市区町村コード": 102, "所在地": "京都府京都市上京区丸太町通知恵光院西入中務町４８６　ヴィランセンワ丸太町１Ｆ", "緯度": 35.018366, "経度": 135.745183, "url": "https://www.iryou.teikyouseido.mhlw.go.jp/znk-web/juminkanja/S2430/initialize?prefCd=26&kikanCd=2620000384&kikanKbn=2", "url2": "http://www.katsumeiin.com/", "内容": "医療法人　勝目医院【2:診療所】【診療科目:内科_循環器内科】京都府京都市上京区丸太町通知恵光院西入中務町４８６　ヴィランセンワ丸太町１Ｆ" }, "geometry": { "type": "Point", "coordinates": [ 135.745183, 35.018366 ] } },
{ "type": "Feature", "properties": { "ID": "2622620000385", "正式名称": "たかしま眼科医院", "機関区分": 2, "都道府県コード": 26, "市区町村コード": 102, "所在地": "京都府京都市上京区丸太町通智恵光院西入中務町９２７", "緯度": 35.018005, "経度": 135.746127, "url": "https://www.iryou.teikyouseido.mhlw.go.jp/znk-web/juminkanja/S2430/initialize?prefCd=26&kikanCd=2620000385&kikanKbn=2", "url2": null, "内容": "たかしま眼科医院【2:診療所】【診療科目:眼科】京都府京都市上京区丸太町通智恵光院西入中務町９２７" }, "geometry": { "type": "Point", "coordinates": [ 135.746127, 35.018005 ] } },
{ "type": "Feature", "properties": { "ID": "2622620000387", "正式名称": "荒井医院", "機関区分": 2, "都道府県コード": 26, "市区町村コード": 102, "所在地": "京都府京都市上京区千本下立売東入上ル田中町４７７の１", "緯度": 35.020811, "経度": 135.743683, "url": "https://www.iryou.teikyouseido.mhlw.go.jp/znk-web/juminkanja/S2430/initialize?prefCd=26&kikanCd=2620000387&kikanKbn=2", "url2": null, "内容": "荒井医院【2:診療所】【診療科目:内科_小児科_放射線科】京都府京都市上京区千本下立売東入上ル田中町４７７の１" }, "geometry": { "type": "Point", "coordinates": [ 135.743683, 35.020811 ] } },
{ "type": "Feature", "properties": { "ID": "2622620000388", "正式名称": "医療法人光診会　本田医院", "機関区分": 2, "都道府県コード": 26, "市区町村コード": 102, "所在地": "京都府京都市上京区智恵光院通出水上る天秤丸町１９１番地３", "緯度": 35.021894, "経度": 135.746571, "url": "https://www.iryou.teikyouseido.mhlw.go.jp/znk-web/juminkanja/S2430/initialize?prefCd=26&kikanCd=2620000388&kikanKbn=2", "url2": null, "内容": "医療法人光診会　本田医院【2:診療所】【診療科目:内科_消化器内科_外科_整形外科_泌尿器科】京都府京都市上京区智恵光院通出水上る天秤丸町１９１番地３" }, "geometry": { "type": "Point", "coordinates": [ 135.746571, 35.021894 ] } },
{ "type": "Feature", "properties": { "ID": "2622620000392", "正式名称": "医療法人幸祐会藤田医院", "機関区分": 2, "都道府県コード": 26, "市区町村コード": 102, "所在地": "京都府京都市上京区大宮通中立売上る糸屋町２０３番地", "緯度": 35.02531, "経度": 135.749127, "url": "https://www.iryou.teikyouseido.mhlw.go.jp/znk-web/juminkanja/S2430/initialize?prefCd=26&kikanCd=2620000392&kikanKbn=2", "url2": "http://fujitaiin.net/", "内容": "医療法人幸祐会藤田医院【2:診療所】【診療科目:内科_呼吸器内科】京都府京都市上京区大宮通中立売上る糸屋町２０３番地" }, "geometry": { "type": "Point", "coordinates": [ 135.749127, 35.02531 ] } },
{ "type": "Feature", "properties": { "ID": "2622620000393", "正式名称": "耳鼻咽喉科鈴木医院", "機関区分": 2, "都道府県コード": 26, "市区町村コード": 102, "所在地": "京都府京都市上京区中立売通猪熊東入役人町２５２", "緯度": 35.025088, "経度": 135.751015, "url": "https://www.iryou.teikyouseido.mhlw.go.jp/znk-web/juminkanja/S2430/initialize?prefCd=26&kikanCd=2620000393&kikanKbn=2", "url2": "https://www.suzuki-jibiinkouka.com/", "内容": "耳鼻咽喉科鈴木医院【2:診療所】【診療科目:耳鼻いんこう科_アレルギー科】京都府京都市上京区中立売通猪熊東入役人町２５２" }, "geometry": { "type": "Point", "coordinates": [ 135.751015, 35.025088 ] } },
{ "type": "Feature", "properties": { "ID": "2622620000395", "正式名称": "進藤クリニック", "機関区分": 2, "都道府県コード": 26, "市区町村コード": 102, "所在地": "京都府京都市上京区中立売通千本東入丹波屋町３４９－１サンタロービル１Ｆ", "緯度": 35.024949, "経度": 135.742738, "url": "https://www.iryou.teikyouseido.mhlw.go.jp/znk-web/juminkanja/S2430/initialize?prefCd=26&kikanCd=2620000395&kikanKbn=2", "url2": "https://www.sindou-cl.jp/home", "内容": "進藤クリニック【2:診療所】【診療科目:内科_消化器内科】京都府京都市上京区中立売通千本東入丹波屋町３４９－１サンタロービル１Ｆ" }, "geometry": { "type": "Point", "coordinates": [ 135.742738, 35.024949 ] } },
{ "type": "Feature", "properties": { "ID": "2622620000396", "正式名称": "医療法人野田医院", "機関区分": 2, "都道府県コード": 26, "市区町村コード": 102, "所在地": "京都府京都市上京区作庵町５０９番地", "緯度": 35.032754, "経度": 135.741488, "url": "https://www.iryou.teikyouseido.mhlw.go.jp/znk-web/juminkanja/S2430/initialize?prefCd=26&kikanCd=2620000396&kikanKbn=2", "url2": null, "内容": "医療法人野田医院【2:診療所】【診療科目:内科_皮膚科_泌尿器科】京都府京都市上京区作庵町５０９番地" }, "geometry": { "type": "Point", "coordinates": [ 135.741488, 35.032754 ] } },
{ "type": "Feature", "properties": { "ID": "2622620000397", "正式名称": "公益社団法人京都保健会上京診療所", "機関区分": 2, "都道府県コード": 26, "市区町村コード": 102, "所在地": "京都府京都市上京区千本通寺之内下ル花車町４８２－２", "緯度": 35.033448, "経度": 135.741682, "url": "https://www.iryou.teikyouseido.mhlw.go.jp/znk-web/juminkanja/S2430/initialize?prefCd=26&kikanCd=2620000397&kikanKbn=2", "url2": "http://www2.ocn.ne.jp/~kami-sin/", "内容": "公益社団法人京都保健会上京診療所【2:診療所】【診療科目:内科_外科】京都府京都市上京区千本通寺之内下ル花車町４８２－２" }, "geometry": { "type": "Point", "coordinates": [ 135.741682, 35.033448 ] } },
{ "type": "Feature", "properties": { "ID": "2622620000399", "正式名称": "医療法人社団西澤医院", "機関区分": 2, "都道府県コード": 26, "市区町村コード": 102, "所在地": "京都府京都市上京区柏清盛町１０５０番地", "緯度": 35.034309, "経度": 135.740183, "url": "https://www.iryou.teikyouseido.mhlw.go.jp/znk-web/juminkanja/S2430/initialize?prefCd=26&kikanCd=2620000399&kikanKbn=2", "url2": null, "内容": "医療法人社団西澤医院【2:診療所】【診療科目:内科】京都府京都市上京区柏清盛町１０５０番地" }, "geometry": { "type": "Point", "coordinates": [ 135.740183, 35.034309 ] } },
{ "type": "Feature", "properties": { "ID": "2622620000400", "正式名称": "医療法人社団正豊会すぎはら医院", "機関区分": 2, "都道府県コード": 26, "市区町村コード": 102, "所在地": "京都府京都市上京区今出川通千本西入南上善寺町１７０番地３", "緯度": 35.029421, "経度": 135.741349, "url": "https://www.iryou.teikyouseido.mhlw.go.jp/znk-web/juminkanja/S2430/initialize?prefCd=26&kikanCd=2620000400&kikanKbn=2", "url2": "http://www.mfis.pref.kyoto.lg.jp/ap/co/WebCoParts/http/www.kyotocity.com/sugiharaiin", "内容": "医療法人社団正豊会すぎはら医院【2:診療所】【診療科目:内科_消化器内科_胃腸内科】京都府京都市上京区今出川通千本西入南上善寺町１７０番地３" }, "geometry": { "type": "Point", "coordinates": [ 135.741349, 35.029421 ] } },
{ "type": "Feature", "properties": { "ID": "2622620000401", "正式名称": "医療法人社団春山医院", "機関区分": 2, "都道府県コード": 26, "市区町村コード": 102, "所在地": "京都府京都市上京区七本松今出川上ル毘沙門町４９４", "緯度": 35.032532, "経度": 135.749932, "url": "https://www.iryou.teikyouseido.mhlw.go.jp/znk-web/juminkanja/S2430/initialize?prefCd=26&kikanCd=2620000401&kikanKbn=2", "url2": null, "内容": "医療法人社団春山医院【2:診療所】【診療科目:耳鼻いんこう科_アレルギー科】京都府京都市上京区七本松今出川上ル毘沙門町４９４" }, "geometry": { "type": "Point", "coordinates": [ 135.749932, 35.032532 ] } },
{ "type": "Feature", "properties": { "ID": "2622620000402", "正式名称": "むかい内科クリニック", "機関区分": 2, "都道府県コード": 26, "市区町村コード": 102, "所在地": "京都府京都市上京区七本松通五辻下る東柳町５３２番地", "緯度": 35.029337, "経度": 135.738711, "url": "https://www.iryou.teikyouseido.mhlw.go.jp/znk-web/juminkanja/S2430/initialize?prefCd=26&kikanCd=2620000402&kikanKbn=2", "url2": "mukai-naika.com", "内容": "むかい内科クリニック【2:診療所】【診療科目:内科_循環器内科】京都府京都市上京区七本松通五辻下る東柳町５３２番地" }, "geometry": { "type": "Point", "coordinates": [ 135.738711, 35.029337 ] } },
{ "type": "Feature", "properties": { "ID": "2622620000403", "正式名称": "羽山医院", "機関区分": 2, "都道府県コード": 26, "市区町村コード": 102, "所在地": "京都府京都市上京区七本松通今出川上ル毘沙門町４９６－１０", "緯度": 35.030309, "経度": 135.739266, "url": "https://www.iryou.teikyouseido.mhlw.go.jp/znk-web/juminkanja/S2430/initialize?prefCd=26&kikanCd=2620000403&kikanKbn=2", "url2": "http://www.hayama-iin.com/", "内容": "羽山医院【2:診療所】【診療科目:内科_外科】京都府京都市上京区七本松通今出川上ル毘沙門町４９６－１０" }, "geometry": { "type": "Point", "coordinates": [ 135.739266, 35.030309 ] } },
{ "type": "Feature", "properties": { "ID": "2622620000404", "正式名称": "はせがわ小児科", "機関区分": 2, "都道府県コード": 26, "市区町村コード": 102, "所在地": "京都府京都市上京区一条通千本西入烏丸町３７５番地", "緯度": 35.026421, "経度": 135.741377, "url": "https://www.iryou.teikyouseido.mhlw.go.jp/znk-web/juminkanja/S2430/initialize?prefCd=26&kikanCd=2620000404&kikanKbn=2", "url2": "http://www.hasegawashounika.jp/", "内容": "はせがわ小児科【2:診療所】【診療科目:内科_小児科】京都府京都市上京区一条通千本西入烏丸町３７５番地" }, "geometry": { "type": "Point", "coordinates": [ 135.741377, 35.026421 ] } },
{ "type": "Feature", "properties": { "ID": "2622620000406", "正式名称": "大西医院", "機関区分": 2, "都道府県コード": 26, "市区町村コード": 102, "所在地": "京都府京都市上京区一条通七本松西入滝ヶ鼻町４２９－９マックコープ１階", "緯度": 35.026504, "経度": 135.738544, "url": "https://www.iryou.teikyouseido.mhlw.go.jp/znk-web/juminkanja/S2430/initialize?prefCd=26&kikanCd=2620000406&kikanKbn=2", "url2": null, "内容": "大西医院【2:診療所】【診療科目:外科】京都府京都市上京区一条通七本松西入滝ヶ鼻町４２９－９マックコープ１階" }, "geometry": { "type": "Point", "coordinates": [ 135.738544, 35.026504 ] } },
{ "type": "Feature", "properties": { "ID": "2622620000407", "正式名称": "かどのクリニック", "機関区分": 2, "都道府県コード": 26, "市区町村コード": 102, "所在地": "京都府京都市上京区仁和寺街道千本西入五番町１６５", "緯度": 35.024171, "経度": 135.74185, "url": "https://www.iryou.teikyouseido.mhlw.go.jp/znk-web/juminkanja/S2430/initialize?prefCd=26&kikanCd=2620000407&kikanKbn=2", "url2": "https://kadono-cl.com/", "内容": "かどのクリニック【2:診療所】【診療科目:内科_ペインクリニック外科_整形外科_皮膚科_泌尿器科_放射線科_麻酔科】京都府京都市上京区仁和寺街道千本西入五番町１６５" }, "geometry": { "type": "Point", "coordinates": [ 135.74185, 35.024171 ] } },
{ "type": "Feature", "properties": { "ID": "2622620000412", "正式名称": "公益社団法人京都保健会仁和診療所", "機関区分": 2, "都道府県コード": 26, "市区町村コード": 102, "所在地": "京都府京都市上京区仁和寺街道御前西入ル下横町２１７番地", "緯度": 35.02381, "経度": 135.734572, "url": "https://www.iryou.teikyouseido.mhlw.go.jp/znk-web/juminkanja/S2430/initialize?prefCd=26&kikanCd=2620000412&kikanKbn=2", "url2": "http://www.ninna-zaitaku.com/index.html", "内容": "公益社団法人京都保健会仁和診療所【2:診療所】【診療科目:内科_整形外科_婦人科_歯科_放射線科】京都府京都市上京区仁和寺街道御前西入ル下横町２１７番地" }, "geometry": { "type": "Point", "coordinates": [ 135.734572, 35.02381 ] } },
{ "type": "Feature", "properties": { "ID": "2622620000414", "正式名称": "医療法人藍整会　なか整形外科京都北野本院", "機関区分": 2, "都道府県コード": 26, "市区町村コード": 102, "所在地": "京都府京都市上京区今小路通御前西入紙屋川町１０３９－３１　ＤＵＯビル１階", "緯度": 35.028365, "経度": 135.733378, "url": "https://www.iryou.teikyouseido.mhlw.go.jp/znk-web/juminkanja/S2430/initialize?prefCd=26&kikanCd=2620000414&kikanKbn=2", "url2": null, "内容": "医療法人藍整会　なか整形外科京都北野本院【2:診療所】【診療科目:整形外科_リハビリテーション科】京都府京都市上京区今小路通御前西入紙屋川町１０３９－３１　ＤＵＯビル１階" }, "geometry": { "type": "Point", "coordinates": [ 135.733378, 35.028365 ] } },
{ "type": "Feature", "properties": { "ID": "2622620000415", "正式名称": "医療法人正木医院", "機関区分": 2, "都道府県コード": 26, "市区町村コード": 102, "所在地": "京都府京都市上京区今小路通御前西入紙屋川町８２６", "緯度": 35.028004, "経度": 135.735267, "url": "https://www.iryou.teikyouseido.mhlw.go.jp/znk-web/juminkanja/S2430/initialize?prefCd=26&kikanCd=2620000415&kikanKbn=2", "url2": null, "内容": "医療法人正木医院【2:診療所】【診療科目:内科_小児科】京都府京都市上京区今小路通御前西入紙屋川町８２６" }, "geometry": { "type": "Point", "coordinates": [ 135.735267, 35.028004 ] } },
{ "type": "Feature", "properties": { "ID": "2622620000416", "正式名称": "塚田内科医院", "機関区分": 2, "都道府県コード": 26, "市区町村コード": 102, "所在地": "京都府京都市上京区大宮通上立売上ル花開院町１３７の２", "緯度": 35.033032, "経度": 135.748765, "url": "https://www.iryou.teikyouseido.mhlw.go.jp/znk-web/juminkanja/S2430/initialize?prefCd=26&kikanCd=2620000416&kikanKbn=2", "url2": "http://www.mfis.pref.kyoto.lg.jp/ap/co/WebCoParts/www.tsukadanaika.jp", "内容": "塚田内科医院【2:診療所】【診療科目:内科_消化器内科】京都府京都市上京区大宮通上立売上ル花開院町１３７の２" }, "geometry": { "type": "Point", "coordinates": [ 135.748765, 35.033032 ] } },
{ "type": "Feature", "properties": { "ID": "2622620000418", "正式名称": "はった医院", "機関区分": 2, "都道府県コード": 26, "市区町村コード": 102, "所在地": "京都府京都市上京区観世町１１４－１", "緯度": 35.030893, "経度": 135.748738, "url": "https://www.iryou.teikyouseido.mhlw.go.jp/znk-web/juminkanja/S2430/initialize?prefCd=26&kikanCd=2620000418&kikanKbn=2", "url2": null, "内容": "はった医院【2:診療所】【診療科目:内科_消化器内科】京都府京都市上京区観世町１１４－１" }, "geometry": { "type": "Point", "coordinates": [ 135.748738, 35.030893 ] } },
{ "type": "Feature", "properties": { "ID": "2622620000419", "正式名称": "辻眼科医院", "機関区分": 2, "都道府県コード": 26, "市区町村コード": 102, "所在地": "京都府京都市上京区元北小路町１５９大晋メゾネ西陣今出川１階", "緯度": 35.029976, "経度": 135.748071, "url": "https://www.iryou.teikyouseido.mhlw.go.jp/znk-web/juminkanja/S2430/initialize?prefCd=26&kikanCd=2620000419&kikanKbn=2", "url2": null, "内容": "辻眼科医院【2:診療所】【診療科目:眼科】京都府京都市上京区元北小路町１５９大晋メゾネ西陣今出川１階" }, "geometry": { "type": "Point", "coordinates": [ 135.748071, 35.029976 ] } },
{ "type": "Feature", "properties": { "ID": "2622620000420", "正式名称": "みずのや医院", "機関区分": 2, "都道府県コード": 26, "市区町村コード": 102, "所在地": "京都府京都市上京区今出川通大宮西入元北小路町１６９－３高田ビル１Ｆ", "緯度": 35.029949, "経度": 135.74746, "url": "https://www.iryou.teikyouseido.mhlw.go.jp/znk-web/juminkanja/S2430/initialize?prefCd=26&kikanCd=2620000420&kikanKbn=2", "url2": null, "内容": "みずのや医院【2:診療所】【診療科目:内科】京都府京都市上京区今出川通大宮西入元北小路町１６９－３高田ビル１Ｆ" }, "geometry": { "type": "Point", "coordinates": [ 135.74746, 35.029949 ] } },
{ "type": "Feature", "properties": { "ID": "2622620000421", "正式名称": "すどう医院", "機関区分": 2, "都道府県コード": 26, "市区町村コード": 102, "所在地": "京都府京都市上京区元誓願寺通智恵光院西入ル元中之町５１１－７", "緯度": 35.028726, "経度": 135.746682, "url": "https://www.iryou.teikyouseido.mhlw.go.jp/znk-web/juminkanja/S2430/initialize?prefCd=26&kikanCd=2620000421&kikanKbn=2", "url2": "www.sudo-clinic.com", "内容": "すどう医院【2:診療所】【診療科目:内科_小児科】京都府京都市上京区元誓願寺通智恵光院西入ル元中之町５１１－７" }, "geometry": { "type": "Point", "coordinates": [ 135.746682, 35.028726 ] } },
{ "type": "Feature", "properties": { "ID": "2622620000422", "正式名称": "医療法人愛和会井上整形外科医院", "機関区分": 2, "都道府県コード": 26, "市区町村コード": 102, "所在地": "京都府京都市上京区千本通一条上る泰童片原町６５２番地", "緯度": 35.027393, "経度": 135.742238, "url": "https://www.iryou.teikyouseido.mhlw.go.jp/znk-web/juminkanja/S2430/initialize?prefCd=26&kikanCd=2620000422&kikanKbn=2", "url2": null, "内容": "医療法人愛和会井上整形外科医院【2:診療所】【診療科目:外科_整形外科_リハビリテーション科_放射線科】京都府京都市上京区千本通一条上る泰童片原町６５２番地" }, "geometry": { "type": "Point", "coordinates": [ 135.742238, 35.027393 ] } },
{ "type": "Feature", "properties": { "ID": "2622620000427", "正式名称": "医療法人永原診療会千本診療所", "機関区分": 2, "都道府県コード": 26, "市区町村コード": 102, "所在地": "京都府京都市上京区千本五辻上ル牡丹鉾町５５６番地", "緯度": 35.031893, "経度": 135.741682, "url": "https://www.iryou.teikyouseido.mhlw.go.jp/znk-web/juminkanja/S2430/initialize?prefCd=26&kikanCd=2620000427&kikanKbn=2", "url2": "http://nagahara.or.jp/", "内容": "医療法人永原診療会千本診療所【2:診療所】【診療科目:内科_精神科】京都府京都市上京区千本五辻上ル牡丹鉾町５５６番地" }, "geometry": { "type": "Point", "coordinates": [ 135.741682, 35.031893 ] } },
{ "type": "Feature", "properties": { "ID": "2622620000429", "正式名称": "医療法人永原診療会浄福寺診療所", "機関区分": 2, "都道府県コード": 26, "市区町村コード": 102, "所在地": "京都府京都市上京区浄福寺通上立売上ル大黒町６８６", "緯度": 35.032615, "経度": 135.74546, "url": "https://www.iryou.teikyouseido.mhlw.go.jp/znk-web/juminkanja/S2430/initialize?prefCd=26&kikanCd=2620000429&kikanKbn=2", "url2": "http://nagahara.or.jp/", "内容": "医療法人永原診療会浄福寺診療所【2:診療所】【診療科目:眼科】京都府京都市上京区浄福寺通上立売上ル大黒町６８６" }, "geometry": { "type": "Point", "coordinates": [ 135.74546, 35.032615 ] } },
{ "type": "Feature", "properties": { "ID": "2622620000430", "正式名称": "舟木医院", "機関区分": 2, "都道府県コード": 26, "市区町村コード": 102, "所在地": "京都府京都市上京区芦山寺通大宮西入三丁目西社町１７５番地", "緯度": 35.035254, "経度": 135.745321, "url": "https://www.iryou.teikyouseido.mhlw.go.jp/znk-web/juminkanja/S2430/initialize?prefCd=26&kikanCd=2620000430&kikanKbn=2", "url2": "web.kyoto-inet.or.jp/people/fmcrsj01", "内容": "舟木医院【2:診療所】【診療科目:内科_小児科_放射線科】京都府京都市上京区芦山寺通大宮西入三丁目西社町１７５番地" }, "geometry": { "type": "Point", "coordinates": [ 135.745321, 35.035254 ] } },
{ "type": "Feature", "properties": { "ID": "2622620000431", "正式名称": "くさかべ整形外科", "機関区分": 2, "都道府県コード": 26, "市区町村コード": 102, "所在地": "京都府京都市上京区芦山寺通智恵光院西入ル戌亥町１５０", "緯度": 35.035253, "経度": 135.744404, "url": "https://www.iryou.teikyouseido.mhlw.go.jp/znk-web/juminkanja/S2430/initialize?prefCd=26&kikanCd=2620000431&kikanKbn=2", "url2": null, "内容": "くさかべ整形外科【2:診療所】【診療科目:整形外科】京都府京都市上京区芦山寺通智恵光院西入ル戌亥町１５０" }, "geometry": { "type": "Point", "coordinates": [ 135.744404, 35.035253 ] } },
{ "type": "Feature", "properties": { "ID": "2622620000438", "正式名称": "水谷外科医院", "機関区分": 2, "都道府県コード": 26, "市区町村コード": 101, "所在地": "京都府京都市北区上賀茂松本町９４", "緯度": 35.053752, "経度": 135.766513, "url": "https://www.iryou.teikyouseido.mhlw.go.jp/znk-web/juminkanja/S2430/initialize?prefCd=26&kikanCd=2620000438&kikanKbn=2", "url2": null, "内容": "水谷外科医院【2:診療所】【診療科目:消化器内科_外科_肛門外科】京都府京都市北区上賀茂松本町９４" }, "geometry": { "type": "Point", "coordinates": [ 135.766513, 35.053752 ] } },
{ "type": "Feature", "properties": { "ID": "2622620000439", "正式名称": "医療法人財団今井会足立病院　足立乳腺クリニック", "機関区分": 2, "都道府県コード": 26, "市区町村コード": 101, "所在地": "京都府京都市北区上賀茂松本町９８", "緯度": 35.052891, "経度": 135.767013, "url": "https://www.iryou.teikyouseido.mhlw.go.jp/znk-web/juminkanja/S2430/initialize?prefCd=26&kikanCd=2620000439&kikanKbn=2", "url2": "https://nyusen.com/", "内容": "医療法人財団今井会足立病院　足立乳腺クリニック【2:診療所】【診療科目:乳腺外科_形成外科_婦人科_放射線科】京都府京都市北区上賀茂松本町９８" }, "geometry": { "type": "Point", "coordinates": [ 135.767013, 35.052891 ] } },
{ "type": "Feature", "properties": { "ID": "2622620000443", "正式名称": "堤医院", "機関区分": 2, "都道府県コード": 26, "市区町村コード": 101, "所在地": "京都府京都市北区上賀茂中大路町１２－１", "緯度": 35.057335, "経度": 135.755014, "url": "https://www.iryou.teikyouseido.mhlw.go.jp/znk-web/juminkanja/S2430/initialize?prefCd=26&kikanCd=2620000443&kikanKbn=2", "url2": "http://www.myclinic.ne.jp/223/", "内容": "堤医院【2:診療所】【診療科目:内科_アレルギー科】京都府京都市北区上賀茂中大路町１２－１" }, "geometry": { "type": "Point", "coordinates": [ 135.755014, 35.057335 ] } },
{ "type": "Feature", "properties": { "ID": "2622620000444", "正式名称": "医療法人葵会上賀茂診療所", "機関区分": 2, "都道府県コード": 26, "市区町村コード": 101, "所在地": "京都府京都市北区上賀茂藤ノ木町２１", "緯度": 35.057946, "経度": 135.75568, "url": "https://www.iryou.teikyouseido.mhlw.go.jp/znk-web/juminkanja/S2430/initialize?prefCd=26&kikanCd=2620000444&kikanKbn=2", "url2": "https://kamigamo.aoikai.net/", "内容": "医療法人葵会上賀茂診療所【2:診療所】【診療科目:内科_外科_小児科_放射線科】京都府京都市北区上賀茂藤ノ木町２１" }, "geometry": { "type": "Point", "coordinates": [ 135.75568, 35.057946 ] } },
{ "type": "Feature", "properties": { "ID": "2622620000445", "正式名称": "医療法人社団田村外科", "機関区分": 2, "都道府県コード": 26, "市区町村コード": 101, "所在地": "京都府京都市北区上賀茂蝉ケ垣内町４６の２", "緯度": 35.055918, "経度": 135.75943, "url": "https://www.iryou.teikyouseido.mhlw.go.jp/znk-web/juminkanja/S2430/initialize?prefCd=26&kikanCd=2620000445&kikanKbn=2", "url2": "http://www.tamura-geka.jp", "内容": "医療法人社団田村外科【2:診療所】【診療科目:呼吸器内科_外科_呼吸器外科_肛門外科_整形外科】京都府京都市北区上賀茂蝉ケ垣内町４６の２" }, "geometry": { "type": "Point", "coordinates": [ 135.75943, 35.055918 ] } },
{ "type": "Feature", "properties": { "ID": "2622620000447", "正式名称": "たけだ医院", "機関区分": 2, "都道府県コード": 26, "市区町村コード": 101, "所在地": "京都府京都市北区紫竹下ノ岸町２１番地の１メゾンエスポワールハツダ１Ｆ", "緯度": 35.053391, "経度": 135.751542, "url": "https://www.iryou.teikyouseido.mhlw.go.jp/znk-web/juminkanja/S2430/initialize?prefCd=26&kikanCd=2620000447&kikanKbn=2", "url2": null, "内容": "たけだ医院【2:診療所】【診療科目:内科_消化器内科_胃腸内科_肝臓内科_内視鏡内科】京都府京都市北区紫竹下ノ岸町２１番地の１メゾンエスポワールハツダ１Ｆ" }, "geometry": { "type": "Point", "coordinates": [ 135.751542, 35.053391 ] } },
{ "type": "Feature", "properties": { "ID": "2622620000450", "正式名称": "松原医院", "機関区分": 2, "都道府県コード": 26, "市区町村コード": 101, "所在地": "京都府京都市北区小山西元町２６", "緯度": 35.050669, "経度": 135.754681, "url": "https://www.iryou.teikyouseido.mhlw.go.jp/znk-web/juminkanja/S2430/initialize?prefCd=26&kikanCd=2620000450&kikanKbn=2", "url2": "http://www.eonet.ne.jp/~matsubara-clinic/", "内容": "松原医院【2:診療所】【診療科目:内科_糖尿病内科_呼吸器内科_循環器内科_小児科】京都府京都市北区小山西元町２６" }, "geometry": { "type": "Point", "coordinates": [ 135.754681, 35.050669 ] } },
{ "type": "Feature", "properties": { "ID": "2622620000451", "正式名称": "加藤眼科医院", "機関区分": 2, "都道府県コード": 26, "市区町村コード": 101, "所在地": "京都府京都市北区紫竹上本町７", "緯度": 35.051252, "経度": 135.751292, "url": "https://www.iryou.teikyouseido.mhlw.go.jp/znk-web/juminkanja/S2430/initialize?prefCd=26&kikanCd=2620000451&kikanKbn=2", "url2": "https://kato-eyecl.jp/", "内容": "加藤眼科医院【2:診療所】【診療科目:眼科】京都府京都市北区紫竹上本町７" }, "geometry": { "type": "Point", "coordinates": [ 135.751292, 35.051252 ] } },
{ "type": "Feature", "properties": { "ID": "2622620000456", "正式名称": "小森皮膚科医院", "機関区分": 2, "都道府県コード": 26, "市区町村コード": 101, "所在地": "京都府京都市北区小山下内河原町１１２", "緯度": 35.043558, "経度": 135.761458, "url": "https://www.iryou.teikyouseido.mhlw.go.jp/znk-web/juminkanja/S2430/initialize?prefCd=26&kikanCd=2620000456&kikanKbn=2", "url2": null, "内容": "小森皮膚科医院【2:診療所】【診療科目:皮膚科】京都府京都市北区小山下内河原町１１２" }, "geometry": { "type": "Point", "coordinates": [ 135.761458, 35.043558 ] } },
{ "type": "Feature", "properties": { "ID": "2622620000460", "正式名称": "前田　医院", "機関区分": 2, "都道府県コード": 26, "市区町村コード": 101, "所在地": "京都府京都市北区新御霊口町２８５－１１１", "緯度": 35.037229, "経度": 135.762179, "url": "https://www.iryou.teikyouseido.mhlw.go.jp/znk-web/juminkanja/S2430/initialize?prefCd=26&kikanCd=2620000460&kikanKbn=2", "url2": null, "内容": "前田　医院【2:診療所】【診療科目:内科_循環器内科_小児科_児童精神科】京都府京都市北区新御霊口町２８５－１１１" }, "geometry": { "type": "Point", "coordinates": [ 135.762179, 35.037229 ] } },
{ "type": "Feature", "properties": { "ID": "2622620000462", "正式名称": "つかもと眼科医院", "機関区分": 2, "都道府県コード": 26, "市区町村コード": 101, "所在地": "京都府京都市北区小山北上総町１０－１", "緯度": 35.044503, "経度": 135.75918, "url": "https://www.iryou.teikyouseido.mhlw.go.jp/znk-web/juminkanja/S2430/initialize?prefCd=26&kikanCd=2620000462&kikanKbn=2", "url2": null, "内容": "つかもと眼科医院【2:診療所】【診療科目:眼科】京都府京都市北区小山北上総町１０－１" }, "geometry": { "type": "Point", "coordinates": [ 135.75918, 35.044503 ] } },
{ "type": "Feature", "properties": { "ID": "2622620000469", "正式名称": "医療法人社団草場皮膚科医院", "機関区分": 2, "都道府県コード": 26, "市区町村コード": 101, "所在地": "京都府京都市北区小山下総町１２番地の２", "緯度": 35.039587, "経度": 135.760431, "url": "https://www.iryou.teikyouseido.mhlw.go.jp/znk-web/juminkanja/S2430/initialize?prefCd=26&kikanCd=2620000469&kikanKbn=2", "url2": null, "内容": "医療法人社団草場皮膚科医院【2:診療所】【診療科目:皮膚科】京都府京都市北区小山下総町１２番地の２" }, "geometry": { "type": "Point", "coordinates": [ 135.760431, 35.039587 ] } },
{ "type": "Feature", "properties": { "ID": "2622620000471", "正式名称": "医療法人大友整形外科", "機関区分": 2, "都道府県コード": 26, "市区町村コード": 101, "所在地": "京都府京都市北区鞍馬口通室町西入小山町２２０", "緯度": 35.037892, "経度": 135.757986, "url": "https://www.iryou.teikyouseido.mhlw.go.jp/znk-web/juminkanja/S2430/initialize?prefCd=26&kikanCd=2620000471&kikanKbn=2", "url2": null, "内容": "医療法人大友整形外科【2:診療所】【診療科目:整形外科_リウマチ科_リハビリテーション科】京都府京都市北区鞍馬口通室町西入小山町２２０" }, "geometry": { "type": "Point", "coordinates": [ 135.757986, 35.037892 ] } },
{ "type": "Feature", "properties": { "ID": "2622620000472", "正式名称": "粉川内科医院", "機関区分": 2, "都道府県コード": 26, "市区町村コード": 101, "所在地": "京都府京都市北区小山中溝町１５－１１グランレブリー紫明１Ｆ", "緯度": 35.038976, "経度": 135.756459, "url": "https://www.iryou.teikyouseido.mhlw.go.jp/znk-web/juminkanja/S2430/initialize?prefCd=26&kikanCd=2620000472&kikanKbn=2", "url2": null, "内容": "粉川内科医院【2:診療所】【診療科目:内科】京都府京都市北区小山中溝町１５－１１グランレブリー紫明１Ｆ" }, "geometry": { "type": "Point", "coordinates": [ 135.756459, 35.038976 ] } },
{ "type": "Feature", "properties": { "ID": "2622620000473", "正式名称": "ふくやまクリニック", "機関区分": 2, "都道府県コード": 26, "市区町村コード": 101, "所在地": "京都府京都市北区小山中溝町３１", "緯度": 35.038392, "経度": 135.755042, "url": "https://www.iryou.teikyouseido.mhlw.go.jp/znk-web/juminkanja/S2430/initialize?prefCd=26&kikanCd=2620000473&kikanKbn=2", "url2": null, "内容": "ふくやまクリニック【2:診療所】【診療科目:内科_リハビリテーション科】京都府京都市北区小山中溝町３１" }, "geometry": { "type": "Point", "coordinates": [ 135.755042, 35.038392 ] } },
{ "type": "Feature", "properties": { "ID": "2622620000476", "正式名称": "医療法人社団柏井医院", "機関区分": 2, "都道府県コード": 26, "市区町村コード": 101, "所在地": "京都府京都市北区小山東大野町５０－２", "緯度": 35.043031, "経度": 135.756403, "url": "https://www.iryou.teikyouseido.mhlw.go.jp/znk-web/juminkanja/S2430/initialize?prefCd=26&kikanCd=2620000476&kikanKbn=2", "url2": null, "内容": "医療法人社団柏井医院【2:診療所】【診療科目:眼科】京都府京都市北区小山東大野町５０－２" }, "geometry": { "type": "Point", "coordinates": [ 135.756403, 35.043031 ] } },
{ "type": "Feature", "properties": { "ID": "2622620000477", "正式名称": "高山内科医院", "機関区分": 2, "都道府県コード": 26, "市区町村コード": 101, "所在地": "京都府京都市北区紫野東御所田町７", "緯度": 35.039642, "経度": 135.75232, "url": "https://www.iryou.teikyouseido.mhlw.go.jp/znk-web/juminkanja/S2430/initialize?prefCd=26&kikanCd=2620000477&kikanKbn=2", "url2": null, "内容": "高山内科医院【2:診療所】【診療科目:内科】京都府京都市北区紫野東御所田町７" }, "geometry": { "type": "Point", "coordinates": [ 135.75232, 35.039642 ] } },
{ "type": "Feature", "properties": { "ID": "2622620000480", "正式名称": "医療法人社団竹中医院", "機関区分": 2, "都道府県コード": 26, "市区町村コード": 101, "所在地": "京都府京都市北区紫野上御所田町２４番地", "緯度": 35.041725, "経度": 135.751487, "url": "https://www.iryou.teikyouseido.mhlw.go.jp/znk-web/juminkanja/S2430/initialize?prefCd=26&kikanCd=2620000480&kikanKbn=2", "url2": null, "内容": "医療法人社団竹中医院【2:診療所】【診療科目:内科_神経科】京都府京都市北区紫野上御所田町２４番地" }, "geometry": { "type": "Point", "coordinates": [ 135.751487, 35.041725 ] } },
{ "type": "Feature", "properties": { "ID": "2622620000481", "正式名称": "医療法人北村医院", "機関区分": 2, "都道府県コード": 26, "市区町村コード": 101, "所在地": "京都府京都市北区紫野上御所田町５２番地", "緯度": 35.042058, "経度": 135.752015, "url": "https://www.iryou.teikyouseido.mhlw.go.jp/znk-web/juminkanja/S2430/initialize?prefCd=26&kikanCd=2620000481&kikanKbn=2", "url2": "kitamura-clinic-kyoto.jp", "内容": "医療法人北村医院【2:診療所】【診療科目:内科_循環器内科】京都府京都市北区紫野上御所田町５２番地" }, "geometry": { "type": "Point", "coordinates": [ 135.752015, 35.042058 ] } },
{ "type": "Feature", "properties": { "ID": "2622620000482", "正式名称": "陶山医院", "機関区分": 2, "都道府県コード": 26, "市区町村コード": 101, "所在地": "京都府京都市北区小山上初音町４８", "緯度": 35.048252, "経度": 135.755292, "url": "https://www.iryou.teikyouseido.mhlw.go.jp/znk-web/juminkanja/S2430/initialize?prefCd=26&kikanCd=2620000482&kikanKbn=2", "url2": "http://www.myclinic.ne.jp/", "内容": "陶山医院【2:診療所】【診療科目:内科】京都府京都市北区小山上初音町４８" }, "geometry": { "type": "Point", "coordinates": [ 135.755292, 35.048252 ] } },
{ "type": "Feature", "properties": { "ID": "2622620000483", "正式名称": "医療法人社団セノオ医院", "機関区分": 2, "都道府県コード": 26, "市区町村コード": 101, "所在地": "京都府京都市北区小山初音町４３番地", "緯度": 35.046947, "経度": 135.755153, "url": "https://www.iryou.teikyouseido.mhlw.go.jp/znk-web/juminkanja/S2430/initialize?prefCd=26&kikanCd=2620000483&kikanKbn=2", "url2": null, "内容": "医療法人社団セノオ医院【2:診療所】【診療科目:内科_小児科_放射線科】京都府京都市北区小山初音町４３番地" }, "geometry": { "type": "Point", "coordinates": [ 135.755153, 35.046947 ] } },
{ "type": "Feature", "properties": { "ID": "2622620000484", "正式名称": "出口内科医院", "機関区分": 2, "都道府県コード": 26, "市区町村コード": 101, "所在地": "京都府京都市北区紫野下鳥田町２５－４", "緯度": 35.043614, "経度": 135.751459, "url": "https://www.iryou.teikyouseido.mhlw.go.jp/znk-web/juminkanja/S2430/initialize?prefCd=26&kikanCd=2620000484&kikanKbn=2", "url2": null, "内容": "出口内科医院【2:診療所】【診療科目:内科】京都府京都市北区紫野下鳥田町２５－４" }, "geometry": { "type": "Point", "coordinates": [ 135.751459, 35.043614 ] } },
{ "type": "Feature", "properties": { "ID": "2622620000487", "正式名称": "なかのうクリニック", "機関区分": 2, "都道府県コード": 26, "市区町村コード": 101, "所在地": "京都府京都市北区紫竹上梅ノ木町１７－５", "緯度": 35.048224, "経度": 135.75257, "url": "https://www.iryou.teikyouseido.mhlw.go.jp/znk-web/juminkanja/S2430/initialize?prefCd=26&kikanCd=2620000487&kikanKbn=2", "url2": "http://web.kyoto-inet.or.jp/people/bankyu", "内容": "なかのうクリニック【2:診療所】【診療科目:精神科_神経科】京都府京都市北区紫竹上梅ノ木町１７－５" }, "geometry": { "type": "Point", "coordinates": [ 135.75257, 35.048224 ] } },
{ "type": "Feature", "properties": { "ID": "2622620000489", "正式名称": "医療法人一坂整形外科医院", "機関区分": 2, "都道府県コード": 26, "市区町村コード": 101, "所在地": "京都府京都市北区紫竹上梅ノ木町２７", "緯度": 35.048836, "経度": 135.752459, "url": "https://www.iryou.teikyouseido.mhlw.go.jp/znk-web/juminkanja/S2430/initialize?prefCd=26&kikanCd=2620000489&kikanKbn=2", "url2": "http://web.kyoto-inet.or.jp/people/a-ich2/", "内容": "医療法人一坂整形外科医院【2:診療所】【診療科目:整形外科_リハビリテーション科】京都府京都市北区紫竹上梅ノ木町２７" }, "geometry": { "type": "Point", "coordinates": [ 135.752459, 35.048836 ] } },
{ "type": "Feature", "properties": { "ID": "2622620000491", "正式名称": "すみたこどもクリニック", "機関区分": 2, "都道府県コード": 26, "市区町村コード": 101, "所在地": "京都府京都市北区紫竹東桃ノ本町１０ＣＡＬＭ北山１Ｆ", "緯度": 35.048058, "経度": 135.751375, "url": "https://www.iryou.teikyouseido.mhlw.go.jp/znk-web/juminkanja/S2430/initialize?prefCd=26&kikanCd=2620000491&kikanKbn=2", "url2": "http://homepage2.nifty.com/hsumita/", "内容": "すみたこどもクリニック【2:診療所】【診療科目:小児科】京都府京都市北区紫竹東桃ノ本町１０ＣＡＬＭ北山１Ｆ" }, "geometry": { "type": "Point", "coordinates": [ 135.751375, 35.048058 ] } },
{ "type": "Feature", "properties": { "ID": "2622620000494", "正式名称": "【休止】医療法人伊吹医院", "機関区分": 2, "都道府県コード": 26, "市区町村コード": 101, "所在地": "京都府京都市北区紫竹西高縄町９５", "緯度": 35.046141, "経度": 135.749153, "url": "https://www.iryou.teikyouseido.mhlw.go.jp/znk-web/juminkanja/S2430/initialize?prefCd=26&kikanCd=2620000494&kikanKbn=2", "url2": null, "内容": "【休止】医療法人伊吹医院【2:診療所】【診療科目:内科】京都府京都市北区紫竹西高縄町９５" }, "geometry": { "type": "Point", "coordinates": [ 135.749153, 35.046141 ] } },
{ "type": "Feature", "properties": { "ID": "2622620000496", "正式名称": "大仲内科医院", "機関区分": 2, "都道府県コード": 26, "市区町村コード": 101, "所在地": "京都府京都市北区紫竹牛若町３０－２", "緯度": 35.048335, "経度": 135.74532, "url": "https://www.iryou.teikyouseido.mhlw.go.jp/znk-web/juminkanja/S2430/initialize?prefCd=26&kikanCd=2620000496&kikanKbn=2", "url2": null, "内容": "大仲内科医院【2:診療所】【診療科目:内科】京都府京都市北区紫竹牛若町３０－２" }, "geometry": { "type": "Point", "coordinates": [ 135.74532, 35.048335 ] } },
{ "type": "Feature", "properties": { "ID": "2622620000497", "正式名称": "医療法人健伸会かぎもとクリニック", "機関区分": 2, "都道府県コード": 26, "市区町村コード": 101, "所在地": "京都府京都市北区紫竹牛若町３１－３", "緯度": 35.047947, "経度": 135.74482, "url": "https://www.iryou.teikyouseido.mhlw.go.jp/znk-web/juminkanja/S2430/initialize?prefCd=26&kikanCd=2620000497&kikanKbn=2", "url2": "http://www.kagimoto.jp/", "内容": "医療法人健伸会かぎもとクリニック【2:診療所】【診療科目:内科_糖尿病内科_代謝内科_循環器内科】京都府京都市北区紫竹牛若町３１－３" }, "geometry": { "type": "Point", "coordinates": [ 135.74482, 35.047947 ] } },
{ "type": "Feature", "properties": { "ID": "2622620000498", "正式名称": "医療法人武部診療所", "機関区分": 2, "都道府県コード": 26, "市区町村コード": 101, "所在地": "京都府京都市北区紫野雲林院町１２", "緯度": 35.039753, "経度": 135.74857, "url": "https://www.iryou.teikyouseido.mhlw.go.jp/znk-web/juminkanja/S2430/initialize?prefCd=26&kikanCd=2620000498&kikanKbn=2", "url2": null, "内容": "医療法人武部診療所【2:診療所】【診療科目:内科_婦人科】京都府京都市北区紫野雲林院町１２" }, "geometry": { "type": "Point", "coordinates": [ 135.74857, 35.039753 ] } },
{ "type": "Feature", "properties": { "ID": "2622620000501", "正式名称": "医療法人葵会　紫野診療所", "機関区分": 2, "都道府県コード": 26, "市区町村コード": 101, "所在地": "京都府京都市北区紫野上築山町３２番地", "緯度": 35.040531, "経度": 135.745404, "url": "https://www.iryou.teikyouseido.mhlw.go.jp/znk-web/juminkanja/S2430/initialize?prefCd=26&kikanCd=2620000501&kikanKbn=2", "url2": "http://murasakino.aoikai.net/", "内容": "医療法人葵会　紫野診療所【2:診療所】【診療科目:内科_外科_整形外科】京都府京都市北区紫野上築山町３２番地" }, "geometry": { "type": "Point", "coordinates": [ 135.745404, 35.040531 ] } },
{ "type": "Feature", "properties": { "ID": "2622620000502", "正式名称": "杉山医院", "機関区分": 2, "都道府県コード": 26, "市区町村コード": 101, "所在地": "京都府京都市北区紫野上築山町４３", "緯度": 35.040531, "経度": 135.747376, "url": "https://www.iryou.teikyouseido.mhlw.go.jp/znk-web/juminkanja/S2430/initialize?prefCd=26&kikanCd=2620000502&kikanKbn=2", "url2": null, "内容": "杉山医院【2:診療所】【診療科目:内科_小児科_アレルギー科】京都府京都市北区紫野上築山町４３" }, "geometry": { "type": "Point", "coordinates": [ 135.747376, 35.040531 ] } },
{ "type": "Feature", "properties": { "ID": "2622620000504", "正式名称": "大澤皮膚科医院", "機関区分": 2, "都道府県コード": 26, "市区町村コード": 101, "所在地": "京都府京都市北区紫野上築山町５番地", "緯度": 35.040503, "経度": 135.746265, "url": "https://www.iryou.teikyouseido.mhlw.go.jp/znk-web/juminkanja/S2430/initialize?prefCd=26&kikanCd=2620000504&kikanKbn=2", "url2": null, "内容": "大澤皮膚科医院【2:診療所】【診療科目:皮膚科】京都府京都市北区紫野上築山町５番地" }, "geometry": { "type": "Point", "coordinates": [ 135.746265, 35.040503 ] } },
{ "type": "Feature", "properties": { "ID": "2622620000505", "正式名称": "芦原医院", "機関区分": 2, "都道府県コード": 26, "市区町村コード": 101, "所在地": "京都府京都市北区紫野南舟岡町１", "緯度": 35.036392, "経度": 135.741071, "url": "https://www.iryou.teikyouseido.mhlw.go.jp/znk-web/juminkanja/S2430/initialize?prefCd=26&kikanCd=2620000505&kikanKbn=2", "url2": null, "内容": "芦原医院【2:診療所】【診療科目:内科_小児科】京都府京都市北区紫野南舟岡町１" }, "geometry": { "type": "Point", "coordinates": [ 135.741071, 35.036392 ] } },
{ "type": "Feature", "properties": { "ID": "2622620000506", "正式名称": "日下部形成外科", "機関区分": 2, "都道府県コード": 26, "市区町村コード": 101, "所在地": "京都府京都市北区紫野南舟岡町７８－６", "緯度": 35.037753, "経度": 135.744876, "url": "https://www.iryou.teikyouseido.mhlw.go.jp/znk-web/juminkanja/S2430/initialize?prefCd=26&kikanCd=2620000506&kikanKbn=2", "url2": null, "内容": "日下部形成外科【2:診療所】【診療科目:形成外科_皮膚科】京都府京都市北区紫野南舟岡町７８－６" }, "geometry": { "type": "Point", "coordinates": [ 135.744876, 35.037753 ] } },
{ "type": "Feature", "properties": { "ID": "2622620000507", "正式名称": "医療法人臼井医院", "機関区分": 2, "都道府県コード": 26, "市区町村コード": 101, "所在地": "京都府京都市北区紫野南舟岡町７８番地の１５", "緯度": 35.037948, "経度": 135.744904, "url": "https://www.iryou.teikyouseido.mhlw.go.jp/znk-web/juminkanja/S2430/initialize?prefCd=26&kikanCd=2620000507&kikanKbn=2", "url2": "http://www.myclinic.ne.jp/usui_cli/pc/", "内容": "医療法人臼井医院【2:診療所】【診療科目:内科_消化器内科_外科_肛門外科_リハビリテーション科】京都府京都市北区紫野南舟岡町７８番地の１５" }, "geometry": { "type": "Point", "coordinates": [ 135.744904, 35.037948 ] } },
{ "type": "Feature", "properties": { "ID": "2622620000509", "正式名称": "医療法人原整形外科医院", "機関区分": 2, "都道府県コード": 26, "市区町村コード": 101, "所在地": "京都府京都市北区紫野大徳寺２３番地の２", "緯度": 35.042308, "経度": 135.741876, "url": "https://www.iryou.teikyouseido.mhlw.go.jp/znk-web/juminkanja/S2430/initialize?prefCd=26&kikanCd=2620000509&kikanKbn=2", "url2": "http://www.hara-seikei.com/", "内容": "医療法人原整形外科医院【2:診療所】【診療科目:整形外科_リウマチ科_リハビリテーション科】京都府京都市北区紫野大徳寺２３番地の２" }, "geometry": { "type": "Point", "coordinates": [ 135.741876, 35.042308 ] } },
{ "type": "Feature", "properties": { "ID": "2622620000510", "正式名称": "竹之内耳鼻咽喉科気管食道科医院", "機関区分": 2, "都道府県コード": 26, "市区町村コード": 101, "所在地": "京都府京都市北区紫野東野町１－１", "緯度": 35.040697, "経度": 135.744043, "url": "https://www.iryou.teikyouseido.mhlw.go.jp/znk-web/juminkanja/S2430/initialize?prefCd=26&kikanCd=2620000510&kikanKbn=2", "url2": null, "内容": "竹之内耳鼻咽喉科気管食道科医院【2:診療所】【診療科目:耳鼻いんこう科_アレルギー科】京都府京都市北区紫野東野町１－１" }, "geometry": { "type": "Point", "coordinates": [ 135.744043, 35.040697 ] } },
{ "type": "Feature", "properties": { "ID": "2622620000512", "正式名称": "医療法人高松内科医院", "機関区分": 2, "都道府県コード": 26, "市区町村コード": 101, "所在地": "京都府京都市北区紫野下御輿町１３－１プレイル北大路ビル１Ｆ", "緯度": 35.040753, "経度": 135.739599, "url": "https://www.iryou.teikyouseido.mhlw.go.jp/znk-web/juminkanja/S2430/initialize?prefCd=26&kikanCd=2620000512&kikanKbn=2", "url2": null, "内容": "医療法人高松内科医院【2:診療所】【診療科目:内科_循環器内科_消化器内科_リハビリテーション科】京都府京都市北区紫野下御輿町１３－１プレイル北大路ビル１Ｆ" }, "geometry": { "type": "Point", "coordinates": [ 135.739599, 35.040753 ] } },
{ "type": "Feature", "properties": { "ID": "2622620000514", "正式名称": "医療法人楽只診療所", "機関区分": 2, "都道府県コード": 26, "市区町村コード": 101, "所在地": "京都府京都市北区紫野上御輿町２３番地の１", "緯度": 35.04203, "経度": 135.73871, "url": "https://www.iryou.teikyouseido.mhlw.go.jp/znk-web/juminkanja/S2430/initialize?prefCd=26&kikanCd=2620000514&kikanKbn=2", "url2": "http://www.rakushi-clinic.jp/", "内容": "医療法人楽只診療所【2:診療所】【診療科目:内科_小児科】京都府京都市北区紫野上御輿町２３番地の１" }, "geometry": { "type": "Point", "coordinates": [ 135.73871, 35.04203 ] } },
{ "type": "Feature", "properties": { "ID": "2622620000515", "正式名称": "つるみ医院", "機関区分": 2, "都道府県コード": 26, "市区町村コード": 101, "所在地": "京都府京都市北区紫野上野町１３０－１サンパレス紫野", "緯度": 35.045558, "経度": 135.743821, "url": "https://www.iryou.teikyouseido.mhlw.go.jp/znk-web/juminkanja/S2430/initialize?prefCd=26&kikanCd=2620000515&kikanKbn=2", "url2": "http://www.tsurumi.dr-clinic.jp/", "内容": "つるみ医院【2:診療所】【診療科目:外科】京都府京都市北区紫野上野町１３０－１サンパレス紫野" }, "geometry": { "type": "Point", "coordinates": [ 135.743821, 35.045558 ] } },
{ "type": "Feature", "properties": { "ID": "2622620000517", "正式名称": "医療法人社団余診療所", "機関区分": 2, "都道府県コード": 26, "市区町村コード": 101, "所在地": "京都府京都市北区紫野西泉堂町３", "緯度": 35.049252, "経度": 135.74096, "url": "https://www.iryou.teikyouseido.mhlw.go.jp/znk-web/juminkanja/S2430/initialize?prefCd=26&kikanCd=2620000517&kikanKbn=2", "url2": "http://min-exige.s1.bindsite.jp/", "内容": "医療法人社団余診療所【2:診療所】【診療科目:内科_消化器内科_外科_放射線科】京都府京都市北区紫野西泉堂町３" }, "geometry": { "type": "Point", "coordinates": [ 135.74096, 35.049252 ] } },
{ "type": "Feature", "properties": { "ID": "2622620000518", "正式名称": "井上医院", "機関区分": 2, "都道府県コード": 26, "市区町村コード": 101, "所在地": "京都府京都市北区紫野泉堂町９６－３／井上医院", "緯度": 35.047002, "経度": 135.742154, "url": "https://www.iryou.teikyouseido.mhlw.go.jp/znk-web/juminkanja/S2430/initialize?prefCd=26&kikanCd=2620000518&kikanKbn=2", "url2": "http://www.myclinic.ne.jp/inoue_cl/", "内容": "井上医院【2:診療所】【診療科目:内科】京都府京都市北区紫野泉堂町９６－３／井上医院" }, "geometry": { "type": "Point", "coordinates": [ 135.742154, 35.047002 ] } },
{ "type": "Feature", "properties": { "ID": "2622620000523", "正式名称": "伊東医院", "機関区分": 2, "都道府県コード": 26, "市区町村コード": 101, "所在地": "京都府京都市北区衣笠北荒見町９番地１イーグルコート北大路アネックス１０１", "緯度": 35.040447, "経度": 135.736488, "url": "https://www.iryou.teikyouseido.mhlw.go.jp/znk-web/juminkanja/S2430/initialize?prefCd=26&kikanCd=2620000523&kikanKbn=2", "url2": "http://itohclinic.ddo.jp/clinic/", "内容": "伊東医院【2:診療所】【診療科目:内科_循環器内科】京都府京都市北区衣笠北荒見町９番地１イーグルコート北大路アネックス１０１" }, "geometry": { "type": "Point", "coordinates": [ 135.736488, 35.040447 ] } },
{ "type": "Feature", "properties": { "ID": "2622620000527", "正式名称": "ミヤ眼科医院", "機関区分": 2, "都道府県コード": 26, "市区町村コード": 101, "所在地": "京都府京都市北区北野上白梅町６１メゾン・ド・エリナ２Ｆ", "緯度": 35.027532, "経度": 135.731934, "url": "https://www.iryou.teikyouseido.mhlw.go.jp/znk-web/juminkanja/S2430/initialize?prefCd=26&kikanCd=2620000527&kikanKbn=2", "url2": "miyaganka.web.fc2.com", "内容": "ミヤ眼科医院【2:診療所】【診療科目:眼科】京都府京都市北区北野上白梅町６１メゾン・ド・エリナ２Ｆ" }, "geometry": { "type": "Point", "coordinates": [ 135.731934, 35.027532 ] } },
{ "type": "Feature", "properties": { "ID": "2622620000529", "正式名称": "木原医院", "機関区分": 2, "都道府県コード": 26, "市区町村コード": 101, "所在地": "京都府京都市北区北野下白梅町７３－３白梅町ＭＣビル", "緯度": 35.026893, "経度": 135.732433, "url": "https://www.iryou.teikyouseido.mhlw.go.jp/znk-web/juminkanja/S2430/initialize?prefCd=26&kikanCd=2620000529&kikanKbn=2", "url2": null, "内容": "木原医院【2:診療所】【診療科目:皮膚科_皮膚泌尿器科_泌尿器科_男性泌尿器科_腎臓・泌尿器科】京都府京都市北区北野下白梅町７３－３白梅町ＭＣビル" }, "geometry": { "type": "Point", "coordinates": [ 135.732433, 35.026893 ] } },
{ "type": "Feature", "properties": { "ID": "2622620000530", "正式名称": "医療法人林小児科循環器科", "機関区分": 2, "都道府県コード": 26, "市区町村コード": 101, "所在地": "京都府京都市北区北野西白梅町６－１", "緯度": 35.027365, "経度": 135.728462, "url": "https://www.iryou.teikyouseido.mhlw.go.jp/znk-web/juminkanja/S2430/initialize?prefCd=26&kikanCd=2620000530&kikanKbn=2", "url2": "http://hayashisyounika.com", "内容": "医療法人林小児科循環器科【2:診療所】【診療科目:循環器内科_小児科】京都府京都市北区北野西白梅町６－１" }, "geometry": { "type": "Point", "coordinates": [ 135.728462, 35.027365 ] } },
{ "type": "Feature", "properties": { "ID": "2622620000531", "正式名称": "中嶋クリニック", "機関区分": 2, "都道府県コード": 26, "市区町村コード": 101, "所在地": "京都府京都市北区北野西白梅町７５", "緯度": 35.026643, "経度": 135.729712, "url": "https://www.iryou.teikyouseido.mhlw.go.jp/znk-web/juminkanja/S2430/initialize?prefCd=26&kikanCd=2620000531&kikanKbn=2", "url2": null, "内容": "中嶋クリニック【2:診療所】【診療科目:精神科_神経科_心療内科】京都府京都市北区北野西白梅町７５" }, "geometry": { "type": "Point", "coordinates": [ 135.729712, 35.026643 ] } },
{ "type": "Feature", "properties": { "ID": "2622620000532", "正式名称": "加藤内科胃腸科医院", "機関区分": 2, "都道府県コード": 26, "市区町村コード": 101, "所在地": "京都府京都市北区大将軍西町１７８", "緯度": 35.024921, "経度": 135.731323, "url": "https://www.iryou.teikyouseido.mhlw.go.jp/znk-web/juminkanja/S2430/initialize?prefCd=26&kikanCd=2620000532&kikanKbn=2", "url2": null, "内容": "加藤内科胃腸科医院【2:診療所】【診療科目:内科_消化器内科_胃腸内科】京都府京都市北区大将軍西町１７８" }, "geometry": { "type": "Point", "coordinates": [ 135.731323, 35.024921 ] } },
{ "type": "Feature", "properties": { "ID": "2622620000533", "正式名称": "医療法人梁山会診療所", "機関区分": 2, "都道府県コード": 26, "市区町村コード": 101, "所在地": "京都府京都市北区大将軍西町１６３番地", "緯度": 35.024417, "経度": 135.731307, "url": "https://www.iryou.teikyouseido.mhlw.go.jp/znk-web/juminkanja/S2430/initialize?prefCd=26&kikanCd=2620000533&kikanKbn=2", "url2": "www.kyoto-reha.jp", "内容": "医療法人梁山会診療所【2:診療所】【診療科目:内科_神経内科_精神科_歯科_リハビリテーション科】京都府京都市北区大将軍西町１６３番地" }, "geometry": { "type": "Point", "coordinates": [ 135.731307, 35.024417 ] } },
{ "type": "Feature", "properties": { "ID": "2622620000536", "正式名称": "丸野医院", "機関区分": 2, "都道府県コード": 26, "市区町村コード": 101, "所在地": "京都府京都市北区等持院南町５－３１", "緯度": 35.02681, "経度": 135.726573, "url": "https://www.iryou.teikyouseido.mhlw.go.jp/znk-web/juminkanja/S2430/initialize?prefCd=26&kikanCd=2620000536&kikanKbn=2", "url2": null, "内容": "丸野医院【2:診療所】【診療科目:内科_小児科】京都府京都市北区等持院南町５－３１" }, "geometry": { "type": "Point", "coordinates": [ 135.726573, 35.02681 ] } },
{ "type": "Feature", "properties": { "ID": "2622620000537", "正式名称": "堀部眼科", "機関区分": 2, "都道府県コード": 26, "市区町村コード": 101, "所在地": "京都府京都市北区平野八丁柳町４３", "緯度": 35.030365, "経度": 135.730295, "url": "https://www.iryou.teikyouseido.mhlw.go.jp/znk-web/juminkanja/S2430/initialize?prefCd=26&kikanCd=2620000537&kikanKbn=2", "url2": null, "内容": "堀部眼科【2:診療所】【診療科目:眼科】京都府京都市北区平野八丁柳町４３" }, "geometry": { "type": "Point", "coordinates": [ 135.730295, 35.030365 ] } },
{ "type": "Feature", "properties": { "ID": "2622620000538", "正式名称": "医療法人　坂本医院", "機関区分": 2, "都道府県コード": 26, "市区町村コード": 101, "所在地": "京都府京都市北区平野八町柳町６６番地９", "緯度": 35.03167, "経度": 135.730683, "url": "https://www.iryou.teikyouseido.mhlw.go.jp/znk-web/juminkanja/S2430/initialize?prefCd=26&kikanCd=2620000538&kikanKbn=2", "url2": null, "内容": "医療法人　坂本医院【2:診療所】【診療科目:内科_消化器内科】京都府京都市北区平野八町柳町６６番地９" }, "geometry": { "type": "Point", "coordinates": [ 135.730683, 35.03167 ] } },
{ "type": "Feature", "properties": { "ID": "2622620000539", "正式名称": "立命館診療所", "機関区分": 2, "都道府県コード": 26, "市区町村コード": 101, "所在地": "京都府京都市北区等持院北町５６－１", "緯度": 35.032198, "経度": 135.725128, "url": "https://www.iryou.teikyouseido.mhlw.go.jp/znk-web/juminkanja/S2430/initialize?prefCd=26&kikanCd=2620000539&kikanKbn=2", "url2": null, "内容": "立命館診療所【2:診療所】【診療科目:内科_精神科】京都府京都市北区等持院北町５６－１" }, "geometry": { "type": "Point", "coordinates": [ 135.725128, 35.032198 ] } },
{ "type": "Feature", "properties": { "ID": "2622620000542", "正式名称": "前田医院", "機関区分": 2, "都道府県コード": 26, "市区町村コード": 101, "所在地": "京都府京都市北区平野上柳町１０番地の２２", "緯度": 35.034337, "経度": 135.727656, "url": "https://www.iryou.teikyouseido.mhlw.go.jp/znk-web/juminkanja/S2430/initialize?prefCd=26&kikanCd=2620000542&kikanKbn=2", "url2": null, "内容": "前田医院【2:診療所】【診療科目:内科_循環器内科_胃腸内科】京都府京都市北区平野上柳町１０番地の２２" }, "geometry": { "type": "Point", "coordinates": [ 135.727656, 35.034337 ] } },
{ "type": "Feature", "properties": { "ID": "2622620000544", "正式名称": "小児科坂田医院", "機関区分": 2, "都道府県コード": 26, "市区町村コード": 101, "所在地": "京都府京都市北区衣笠総門町１３－４", "緯度": 35.036975, "経度": 135.730294, "url": "https://www.iryou.teikyouseido.mhlw.go.jp/znk-web/juminkanja/S2430/initialize?prefCd=26&kikanCd=2620000544&kikanKbn=2", "url2": null, "内容": "小児科坂田医院【2:診療所】【診療科目:小児科】京都府京都市北区衣笠総門町１３－４" }, "geometry": { "type": "Point", "coordinates": [ 135.730294, 35.036975 ] } },
{ "type": "Feature", "properties": { "ID": "2622620000547", "正式名称": "医療法人蒼生会田中医院", "機関区分": 2, "都道府県コード": 26, "市区町村コード": 101, "所在地": "京都府京都市北区衣笠高橋町３９番地", "緯度": 35.034615, "経度": 135.735044, "url": "https://www.iryou.teikyouseido.mhlw.go.jp/znk-web/juminkanja/S2430/initialize?prefCd=26&kikanCd=2620000547&kikanKbn=2", "url2": "http://www7b.biglobe.ne.jp/~tanaka-clinic-base/", "内容": "医療法人蒼生会田中医院【2:診療所】【診療科目:内科_小児科】京都府京都市北区衣笠高橋町３９番地" }, "geometry": { "type": "Point", "coordinates": [ 135.735044, 35.034615 ] } },
{ "type": "Feature", "properties": { "ID": "2622620000548", "正式名称": "濱島医院", "機関区分": 2, "都道府県コード": 26, "市区町村コード": 101, "所在地": "京都府京都市北区衣笠天神森町１６", "緯度": 35.036336, "経度": 135.732266, "url": "https://www.iryou.teikyouseido.mhlw.go.jp/znk-web/juminkanja/S2430/initialize?prefCd=26&kikanCd=2620000548&kikanKbn=2", "url2": "http://www11.atpages.jp/~hamashima/index.php?FrontPage", "内容": "濱島医院【2:診療所】【診療科目:内科_外科】京都府京都市北区衣笠天神森町１６" }, "geometry": { "type": "Point", "coordinates": [ 135.732266, 35.036336 ] } },
{ "type": "Feature", "properties": { "ID": "2622620000549", "正式名称": "内田整形外科", "機関区分": 2, "都道府県コード": 26, "市区町村コード": 101, "所在地": "京都府京都市北区衣笠北天神森町２４－３", "緯度": 35.03892, "経度": 135.731294, "url": "https://www.iryou.teikyouseido.mhlw.go.jp/znk-web/juminkanja/S2430/initialize?prefCd=26&kikanCd=2620000549&kikanKbn=2", "url2": null, "内容": "内田整形外科【2:診療所】【診療科目:整形外科_リハビリテーション科】京都府京都市北区衣笠北天神森町２４－３" }, "geometry": { "type": "Point", "coordinates": [ 135.731294, 35.03892 ] } },
{ "type": "Feature", "properties": { "ID": "2622620000550", "正式名称": "医療法人社団都会渡辺西賀茂診療所", "機関区分": 2, "都道府県コード": 26, "市区町村コード": 101, "所在地": "京都府京都市北区大宮南田尻町５９番地　医療福祉複合施設にしがも１階", "緯度": 35.057168, "経度": 135.749597, "url": "https://www.iryou.teikyouseido.mhlw.go.jp/znk-web/juminkanja/S2430/initialize?prefCd=26&kikanCd=2620000550&kikanKbn=2", "url2": "http://www.miyakokai.or.jp/", "内容": "医療法人社団都会渡辺西賀茂診療所【2:診療所】【診療科目:内科_神経内科_皮膚科_泌尿器科_リハビリテーション科】京都府京都市北区大宮南田尻町５９番地　医療福祉複合施設にしがも１階" }, "geometry": { "type": "Point", "coordinates": [ 135.749597, 35.057168 ] } },
{ "type": "Feature", "properties": { "ID": "2622620000551", "正式名称": "遠藤医院", "機関区分": 2, "都道府県コード": 26, "市区町村コード": 101, "所在地": "京都府京都市北区大宮西小野堀町２５", "緯度": 35.056418, "経度": 135.743848, "url": "https://www.iryou.teikyouseido.mhlw.go.jp/znk-web/juminkanja/S2430/initialize?prefCd=26&kikanCd=2620000551&kikanKbn=2", "url2": null, "内容": "遠藤医院【2:診療所】【診療科目:内科】京都府京都市北区大宮西小野堀町２５" }, "geometry": { "type": "Point", "coordinates": [ 135.743848, 35.056418 ] } },
{ "type": "Feature", "properties": { "ID": "2622620000552", "正式名称": "医療法人整形外科鈴木医院", "機関区分": 2, "都道府県コード": 26, "市区町村コード": 101, "所在地": "京都府京都市北区大宮西小野堀町５番地", "緯度": 35.056862, "経度": 135.743487, "url": "https://www.iryou.teikyouseido.mhlw.go.jp/znk-web/juminkanja/S2430/initialize?prefCd=26&kikanCd=2620000552&kikanKbn=2", "url2": "http://suzukiseikei.com", "内容": "医療法人整形外科鈴木医院【2:診療所】【診療科目:整形外科_リウマチ科_リハビリテーション科】京都府京都市北区大宮西小野堀町５番地" }, "geometry": { "type": "Point", "coordinates": [ 135.743487, 35.056862 ] } },
{ "type": "Feature", "properties": { "ID": "2622620000555", "正式名称": "梅原医院", "機関区分": 2, "都道府県コード": 26, "市区町村コード": 101, "所在地": "京都府京都市北区紫竹下竹殿町３８の５", "緯度": 35.052529, "経度": 135.748709, "url": "https://www.iryou.teikyouseido.mhlw.go.jp/znk-web/juminkanja/S2430/initialize?prefCd=26&kikanCd=2620000555&kikanKbn=2", "url2": "https://web.gogo.jp/cms/byoinnavi/login/", "内容": "梅原医院【2:診療所】【診療科目:内科_外科_胃腸外科_整形外科_放射線科】京都府京都市北区紫竹下竹殿町３８の５" }, "geometry": { "type": "Point", "coordinates": [ 135.748709, 35.052529 ] } },
{ "type": "Feature", "properties": { "ID": "2622620000556", "正式名称": "藤岡医院", "機関区分": 2, "都道府県コード": 26, "市区町村コード": 101, "所在地": "京都府京都市北区紫竹東大門町５０", "緯度": 35.05153, "経度": 135.747264, "url": "https://www.iryou.teikyouseido.mhlw.go.jp/znk-web/juminkanja/S2430/initialize?prefCd=26&kikanCd=2620000556&kikanKbn=2", "url2": null, "内容": "藤岡医院【2:診療所】【診療科目:内科_小児科】京都府京都市北区紫竹東大門町５０" }, "geometry": { "type": "Point", "coordinates": [ 135.747264, 35.05153 ] } },
{ "type": "Feature", "properties": { "ID": "2622620000562", "正式名称": "医療法人　ふじたクリニック", "機関区分": 2, "都道府県コード": 26, "市区町村コード": 101, "所在地": "京都府京都市北区紫竹下芝本町６３番３の２　ベルビュー北山１階", "緯度": 35.04978, "経度": 135.750014, "url": "https://www.iryou.teikyouseido.mhlw.go.jp/znk-web/juminkanja/S2430/initialize?prefCd=26&kikanCd=2620000562&kikanKbn=2", "url2": "http://www.kyotokita-mental.jp/", "内容": "医療法人　ふじたクリニック【2:診療所】【診療科目:精神科_心療内科】京都府京都市北区紫竹下芝本町６３番３の２　ベルビュー北山１階" }, "geometry": { "type": "Point", "coordinates": [ 135.750014, 35.04978 ] } },
{ "type": "Feature", "properties": { "ID": "2622620000565", "正式名称": "村尾医院", "機関区分": 2, "都道府県コード": 26, "市区町村コード": 101, "所在地": "京都府京都市北区大宮西脇台町１３－１", "緯度": 35.054224, "経度": 135.743376, "url": "https://www.iryou.teikyouseido.mhlw.go.jp/znk-web/juminkanja/S2430/initialize?prefCd=26&kikanCd=2620000565&kikanKbn=2", "url2": null, "内容": "村尾医院【2:診療所】【診療科目:内科】京都府京都市北区大宮西脇台町１３－１" }, "geometry": { "type": "Point", "coordinates": [ 135.743376, 35.054224 ] } },
{ "type": "Feature", "properties": { "ID": "2622620000568", "正式名称": "鷹峯雑賀診療所", "機関区分": 2, "都道府県コード": 26, "市区町村コード": 101, "所在地": "京都府京都市北区鷹峯藤林町６－９", "緯度": 35.049502, "経度": 135.735543, "url": "https://www.iryou.teikyouseido.mhlw.go.jp/znk-web/juminkanja/S2430/initialize?prefCd=26&kikanCd=2620000568&kikanKbn=2", "url2": null, "内容": "鷹峯雑賀診療所【2:診療所】【診療科目:内科_小児科】京都府京都市北区鷹峯藤林町６－９" }, "geometry": { "type": "Point", "coordinates": [ 135.735543, 35.049502 ] } },
{ "type": "Feature", "properties": { "ID": "2622620000570", "正式名称": "医療法人慧仁会禹小児クリニック", "機関区分": 2, "都道府県コード": 26, "市区町村コード": 101, "所在地": "京都府京都市北区衣笠開キ町１９０番地１", "緯度": 35.044169, "経度": 135.73396, "url": "https://www.iryou.teikyouseido.mhlw.go.jp/znk-web/juminkanja/S2430/initialize?prefCd=26&kikanCd=2620000570&kikanKbn=2", "url2": "http://wooppy.jp/", "内容": "医療法人慧仁会禹小児クリニック【2:診療所】【診療科目:小児科】京都府京都市北区衣笠開キ町１９０番地１" }, "geometry": { "type": "Point", "coordinates": [ 135.73396, 35.044169 ] } },
{ "type": "Feature", "properties": { "ID": "2622620000571", "正式名称": "浅野耳鼻咽喉科クリニック", "機関区分": 2, "都道府県コード": 26, "市区町村コード": 101, "所在地": "京都府京都市北区大宮玄琢北町８－２６", "緯度": 35.052363, "経度": 135.739348, "url": "https://www.iryou.teikyouseido.mhlw.go.jp/znk-web/juminkanja/S2430/initialize?prefCd=26&kikanCd=2620000571&kikanKbn=2", "url2": "https://asano-ent.com/", "内容": "浅野耳鼻咽喉科クリニック【2:診療所】【診療科目:小児耳鼻いんこう科_耳鼻いんこう科_アレルギー科】京都府京都市北区大宮玄琢北町８－２６" }, "geometry": { "type": "Point", "coordinates": [ 135.739348, 35.052363 ] } },
{ "type": "Feature", "properties": { "ID": "2622620000572", "正式名称": "浅野整形外科・皮膚科医院", "機関区分": 2, "都道府県コード": 26, "市区町村コード": 101, "所在地": "京都府京都市北区大宮玄琢北町８－３０", "緯度": 35.052307, "経度": 135.739376, "url": "https://www.iryou.teikyouseido.mhlw.go.jp/znk-web/juminkanja/S2430/initialize?prefCd=26&kikanCd=2620000572&kikanKbn=2", "url2": null, "内容": "浅野整形外科・皮膚科医院【2:診療所】【診療科目:整形外科_皮膚科】京都府京都市北区大宮玄琢北町８－３０" }, "geometry": { "type": "Point", "coordinates": [ 135.739376, 35.052307 ] } },
{ "type": "Feature", "properties": { "ID": "2622620000578", "正式名称": "藤本医院", "機関区分": 2, "都道府県コード": 26, "市区町村コード": 101, "所在地": "京都府京都市北区大北山原谷乾町２０７－３", "緯度": 35.04603, "経度": 135.719239, "url": "https://www.iryou.teikyouseido.mhlw.go.jp/znk-web/juminkanja/S2430/initialize?prefCd=26&kikanCd=2620000578&kikanKbn=2", "url2": null, "内容": "藤本医院【2:診療所】【診療科目:内科_神経内科】京都府京都市北区大北山原谷乾町２０７－３" }, "geometry": { "type": "Point", "coordinates": [ 135.719239, 35.04603 ] } },
{ "type": "Feature", "properties": { "ID": "2622620000581", "正式名称": "田中医院", "機関区分": 2, "都道府県コード": 26, "市区町村コード": 101, "所在地": "京都府京都市北区西賀茂榿ノ木町３", "緯度": 35.060806, "経度": 135.747903, "url": "https://www.iryou.teikyouseido.mhlw.go.jp/znk-web/juminkanja/S2430/initialize?prefCd=26&kikanCd=2620000581&kikanKbn=2", "url2": null, "内容": "田中医院【2:診療所】【診療科目:内科_呼吸器内科】京都府京都市北区西賀茂榿ノ木町３" }, "geometry": { "type": "Point", "coordinates": [ 135.747903, 35.060806 ] } },
{ "type": "Feature", "properties": { "ID": "2622620000585", "正式名称": "白波瀬医院", "機関区分": 2, "都道府県コード": 26, "市区町村コード": 101, "所在地": "京都府京都市北区西賀茂水垣町３０－３", "緯度": 35.062917, "経度": 135.744181, "url": "https://www.iryou.teikyouseido.mhlw.go.jp/znk-web/juminkanja/S2430/initialize?prefCd=26&kikanCd=2620000585&kikanKbn=2", "url2": null, "内容": "白波瀬医院【2:診療所】【診療科目:外科_麻酔科】京都府京都市北区西賀茂水垣町３０－３" }, "geometry": { "type": "Point", "coordinates": [ 135.744181, 35.062917 ] } },
{ "type": "Feature", "properties": { "ID": "2622620000586", "正式名称": "医療法人社団都会渡辺医院", "機関区分": 2, "都道府県コード": 26, "市区町村コード": 101, "所在地": "京都府京都市北区大宮南田尻町５６番地", "緯度": 35.05714, "経度": 135.748709, "url": "https://www.iryou.teikyouseido.mhlw.go.jp/znk-web/juminkanja/S2430/initialize?prefCd=26&kikanCd=2620000586&kikanKbn=2", "url2": "http://www.miyakokai.or.jp/", "内容": "医療法人社団都会渡辺医院【2:診療所】【診療科目:内科_糖尿病内科_循環器内科_腎臓内科】京都府京都市北区大宮南田尻町５６番地" }, "geometry": { "type": "Point", "coordinates": [ 135.748709, 35.05714 ] } },
{ "type": "Feature", "properties": { "ID": "2622620000588", "正式名称": "京都府医師会雲ケ畑診療所", "機関区分": 2, "都道府県コード": 26, "市区町村コード": 101, "所在地": "京都府京都市北区雲ケ畑中畑町１７６", "緯度": 35.112995, "経度": 135.721847, "url": "https://www.iryou.teikyouseido.mhlw.go.jp/znk-web/juminkanja/S2430/initialize?prefCd=26&kikanCd=2620000588&kikanKbn=2", "url2": null, "内容": "京都府医師会雲ケ畑診療所【2:診療所】【診療科目:内科_小児科】京都府京都市北区雲ケ畑中畑町１７６" }, "geometry": { "type": "Point", "coordinates": [ 135.721847, 35.112995 ] } },
{ "type": "Feature", "properties": { "ID": "2622620000589", "正式名称": "早川医院", "機関区分": 2, "都道府県コード": 26, "市区町村コード": 104, "所在地": "京都府京都市中京区室町通竹屋町下ル鏡屋町２８", "緯度": 35.016006, "経度": 135.758126, "url": "https://www.iryou.teikyouseido.mhlw.go.jp/znk-web/juminkanja/S2430/initialize?prefCd=26&kikanCd=2620000589&kikanKbn=2", "url2": null, "内容": "早川医院【2:診療所】【診療科目:外科_皮膚科】京都府京都市中京区室町通竹屋町下ル鏡屋町２８" }, "geometry": { "type": "Point", "coordinates": [ 135.758126, 35.016006 ] } },
{ "type": "Feature", "properties": { "ID": "2622620000590", "正式名称": "内藤医院", "機関区分": 2, "都道府県コード": 26, "市区町村コード": 104, "所在地": "京都府京都市中京区衣棚竹屋町下ル花立町２５６", "緯度": 35.015839, "経度": 135.757237, "url": "https://www.iryou.teikyouseido.mhlw.go.jp/znk-web/juminkanja/S2430/initialize?prefCd=26&kikanCd=2620000590&kikanKbn=2", "url2": null, "内容": "内藤医院【2:診療所】【診療科目:内科_耳鼻いんこう科】京都府京都市中京区衣棚竹屋町下ル花立町２５６" }, "geometry": { "type": "Point", "coordinates": [ 135.757237, 35.015839 ] } },
{ "type": "Feature", "properties": { "ID": "2622620000593", "正式名称": "医療法人正茂会　小出内科医院", "機関区分": 2, "都道府県コード": 26, "市区町村コード": 104, "所在地": "京都府京都市中京区室町通二条下ル蛸薬師町２８２", "緯度": 35.012812, "経度": 135.758015, "url": "https://www.iryou.teikyouseido.mhlw.go.jp/znk-web/juminkanja/S2430/initialize?prefCd=26&kikanCd=2620000593&kikanKbn=2", "url2": null, "内容": "医療法人正茂会　小出内科医院【2:診療所】【診療科目:内科_麻酔科】京都府京都市中京区室町通二条下ル蛸薬師町２８２" }, "geometry": { "type": "Point", "coordinates": [ 135.758015, 35.012812 ] } },
{ "type": "Feature", "properties": { "ID": "2622620000596", "正式名称": "白川医院", "機関区分": 2, "都道府県コード": 26, "市区町村コード": 104, "所在地": "京都府京都市中京区竹屋町通油小路西入西竹屋町５１５番地", "緯度": 35.016172, "経度": 135.75271, "url": "https://www.iryou.teikyouseido.mhlw.go.jp/znk-web/juminkanja/S2430/initialize?prefCd=26&kikanCd=2620000596&kikanKbn=2", "url2": "http://hp.heaith.ne.jp/shirokaeru/", "内容": "白川医院【2:診療所】【診療科目:内科_腎臓内科】京都府京都市中京区竹屋町通油小路西入西竹屋町５１５番地" }, "geometry": { "type": "Point", "coordinates": [ 135.75271, 35.016172 ] } },
{ "type": "Feature", "properties": { "ID": "2622620000600", "正式名称": "小石医院", "機関区分": 2, "都道府県コード": 26, "市区町村コード": 104, "所在地": "京都府京都市中京区釜座通竹屋町下ル亀屋町３３５", "緯度": 35.015506, "経度": 135.755877, "url": "https://www.iryou.teikyouseido.mhlw.go.jp/znk-web/juminkanja/S2430/initialize?prefCd=26&kikanCd=2620000600&kikanKbn=2", "url2": "http://koishi-i-in.com", "内容": "小石医院【2:診療所】【診療科目:内科_婦人科_放射線科】京都府京都市中京区釜座通竹屋町下ル亀屋町３３５" }, "geometry": { "type": "Point", "coordinates": [ 135.755877, 35.015506 ] } },
{ "type": "Feature", "properties": { "ID": "2622620000602", "正式名称": "加藤医院", "機関区分": 2, "都道府県コード": 26, "市区町村コード": 104, "所在地": "京都府京都市中京区二条通高倉東入観音町６９", "緯度": 35.013812, "経度": 135.762654, "url": "https://www.iryou.teikyouseido.mhlw.go.jp/znk-web/juminkanja/S2430/initialize?prefCd=26&kikanCd=2620000602&kikanKbn=2", "url2": null, "内容": "加藤医院【2:診療所】【診療科目:内科】京都府京都市中京区二条通高倉東入観音町６９" }, "geometry": { "type": "Point", "coordinates": [ 135.762654, 35.013812 ] } },
{ "type": "Feature", "properties": { "ID": "2622620000605", "正式名称": "医療法人田村秀子婦人科医院", "機関区分": 2, "都道府県コード": 26, "市区町村コード": 104, "所在地": "京都府京都市中京区御池通柳馬場西入御所八幡町２２９番地", "緯度": 35.01109, "経度": 135.762821, "url": "https://www.iryou.teikyouseido.mhlw.go.jp/znk-web/juminkanja/S2430/initialize?prefCd=26&kikanCd=2620000605&kikanKbn=2", "url2": "https://tamura-hideko.com", "内容": "医療法人田村秀子婦人科医院【2:診療所】【診療科目:美容外科_婦人科】京都府京都市中京区御池通柳馬場西入御所八幡町２２９番地" }, "geometry": { "type": "Point", "coordinates": [ 135.762821, 35.01109 ] } },
{ "type": "Feature", "properties": { "ID": "2622620000607", "正式名称": "医療法人　万波整形外科", "機関区分": 2, "都道府県コード": 26, "市区町村コード": 104, "所在地": "京都府京都市中京区車屋町通二条下ル仁王門突抜町３１３番地", "緯度": 35.013089, "経度": 135.760432, "url": "https://www.iryou.teikyouseido.mhlw.go.jp/znk-web/juminkanja/S2430/initialize?prefCd=26&kikanCd=2620000607&kikanKbn=2", "url2": null, "内容": "医療法人　万波整形外科【2:診療所】【診療科目:内科_整形外科_リウマチ科_リハビリテーション科】京都府京都市中京区車屋町通二条下ル仁王門突抜町３１３番地" }, "geometry": { "type": "Point", "coordinates": [ 135.760432, 35.013089 ] } },
{ "type": "Feature", "properties": { "ID": "2622620000610", "正式名称": "医療法人社団浅山眼科医院", "機関区分": 2, "都道府県コード": 26, "市区町村コード": 104, "所在地": "京都府京都市中京区烏丸二条下ル秋野々町５２７番地", "緯度": 35.012839, "経度": 135.75946, "url": "https://www.iryou.teikyouseido.mhlw.go.jp/znk-web/juminkanja/S2430/initialize?prefCd=26&kikanCd=2620000610&kikanKbn=2", "url2": "http://asayama-gannka.jp/", "内容": "医療法人社団浅山眼科医院【2:診療所】【診療科目:眼科】京都府京都市中京区烏丸二条下ル秋野々町５２７番地" }, "geometry": { "type": "Point", "coordinates": [ 135.75946, 35.012839 ] } },
{ "type": "Feature", "properties": { "ID": "2622620000614", "正式名称": "医療法人今井内科胃腸科医院", "機関区分": 2, "都道府県コード": 26, "市区町村コード": 104, "所在地": "京都府京都市中京区両替町通丸太町下る西方寺町１６１", "緯度": 35.016589, "経度": 135.758543, "url": "https://www.iryou.teikyouseido.mhlw.go.jp/znk-web/juminkanja/S2430/initialize?prefCd=26&kikanCd=2620000614&kikanKbn=2", "url2": "https://imainaika.jp/", "内容": "医療法人今井内科胃腸科医院【2:診療所】【診療科目:内科_消化器内科】京都府京都市中京区両替町通丸太町下る西方寺町１６１" }, "geometry": { "type": "Point", "coordinates": [ 135.758543, 35.016589 ] } },
{ "type": "Feature", "properties": { "ID": "2622620000615", "正式名称": "医療法人社団高木医院", "機関区分": 2, "都道府県コード": 26, "市区町村コード": 104, "所在地": "京都府京都市中京区高倉通丸太町下る坂本町６８９番地", "緯度": 35.017117, "経度": 135.762459, "url": "https://www.iryou.teikyouseido.mhlw.go.jp/znk-web/juminkanja/S2430/initialize?prefCd=26&kikanCd=2620000615&kikanKbn=2", "url2": "https://www.bomberjapan.com/", "内容": "医療法人社団高木医院【2:診療所】【診療科目:内科_糖尿病内科_循環器内科】京都府京都市中京区高倉通丸太町下る坂本町６８９番地" }, "geometry": { "type": "Point", "coordinates": [ 135.762459, 35.017117 ] } },
{ "type": "Feature", "properties": { "ID": "2622620000618", "正式名称": "ナガイ医院", "機関区分": 2, "都道府県コード": 26, "市区町村コード": 104, "所在地": "京都府京都市中京区河原町通夷川上ル指物町３３４－２", "緯度": 35.014645, "経度": 135.768764, "url": "https://www.iryou.teikyouseido.mhlw.go.jp/znk-web/juminkanja/S2430/initialize?prefCd=26&kikanCd=2620000618&kikanKbn=2", "url2": null, "内容": "ナガイ医院【2:診療所】【診療科目:内科_皮膚科】京都府京都市中京区河原町通夷川上ル指物町３３４－２" }, "geometry": { "type": "Point", "coordinates": [ 135.768764, 35.014645 ] } },
{ "type": "Feature", "properties": { "ID": "2622620000619", "正式名称": "大田眼科医院", "機関区分": 2, "都道府県コード": 26, "市区町村コード": 104, "所在地": "京都府京都市中京区新椹木町竹屋町上ル", "緯度": 35.016145, "経度": 135.76832, "url": "https://www.iryou.teikyouseido.mhlw.go.jp/znk-web/juminkanja/S2430/initialize?prefCd=26&kikanCd=2620000619&kikanKbn=2", "url2": null, "内容": "大田眼科医院【2:診療所】【診療科目:眼科】京都府京都市中京区新椹木町竹屋町上ル" }, "geometry": { "type": "Point", "coordinates": [ 135.76832, 35.016145 ] } },
{ "type": "Feature", "properties": { "ID": "2622620000620", "正式名称": "医療法人西尾医院", "機関区分": 2, "都道府県コード": 26, "市区町村コード": 104, "所在地": "京都府京都市中京区新烏丸通丸太町下る東椹木町１２３", "緯度": 35.016034, "経度": 135.768098, "url": "https://www.iryou.teikyouseido.mhlw.go.jp/znk-web/juminkanja/S2430/initialize?prefCd=26&kikanCd=2620000620&kikanKbn=2", "url2": null, "内容": "医療法人西尾医院【2:診療所】【診療科目:神経内科_精神科】京都府京都市中京区新烏丸通丸太町下る東椹木町１２３" }, "geometry": { "type": "Point", "coordinates": [ 135.768098, 35.016034 ] } },
{ "type": "Feature", "properties": { "ID": "2622620000621", "正式名称": "吉田医院", "機関区分": 2, "都道府県コード": 26, "市区町村コード": 104, "所在地": "京都府京都市中京区新烏丸通御霊図子下る東椹木町１１３番", "緯度": 35.016728, "経度": 135.768264, "url": "https://www.iryou.teikyouseido.mhlw.go.jp/znk-web/juminkanja/S2430/initialize?prefCd=26&kikanCd=2620000621&kikanKbn=2", "url2": null, "内容": "吉田医院【2:診療所】【診療科目:内科】京都府京都市中京区新烏丸通御霊図子下る東椹木町１１３番" }, "geometry": { "type": "Point", "coordinates": [ 135.768264, 35.016728 ] } },
{ "type": "Feature", "properties": { "ID": "2622620000622", "正式名称": "医療法人耳鼻咽喉科岡野医院", "機関区分": 2, "都道府県コード": 26, "市区町村コード": 104, "所在地": "京都府京都市中京区寺町通り二条上ル要法寺前町７１４", "緯度": 35.014173, "経度": 135.767098, "url": "https://www.iryou.teikyouseido.mhlw.go.jp/znk-web/juminkanja/S2430/initialize?prefCd=26&kikanCd=2620000622&kikanKbn=2", "url2": "http://www.okanoiin.com/", "内容": "医療法人耳鼻咽喉科岡野医院【2:診療所】【診療科目:耳鼻いんこう科】京都府京都市中京区寺町通り二条上ル要法寺前町７１４" }, "geometry": { "type": "Point", "coordinates": [ 135.767098, 35.014173 ] } },
{ "type": "Feature", "properties": { "ID": "2622620000625", "正式名称": "ふじたみつえクリニック", "機関区分": 2, "都道府県コード": 26, "市区町村コード": 104, "所在地": "京都府京都市中京区二条通寺町東入榎木町９５番地１延寿堂第２ビル４Ｆ", "緯度": 35.01309, "経度": 135.767876, "url": "https://www.iryou.teikyouseido.mhlw.go.jp/znk-web/juminkanja/S2430/initialize?prefCd=26&kikanCd=2620000625&kikanKbn=2", "url2": null, "内容": "ふじたみつえクリニック【2:診療所】【診療科目:内科_精神科_心療内科】京都府京都市中京区二条通寺町東入榎木町９５番地１延寿堂第２ビル４Ｆ" }, "geometry": { "type": "Point", "coordinates": [ 135.767876, 35.01309 ] } },
{ "type": "Feature", "properties": { "ID": "2622620000626", "正式名称": "清水整形外科", "機関区分": 2, "都道府県コード": 26, "市区町村コード": 104, "所在地": "京都府京都市中京区御幸町通夷川下ル達磨町６１３", "緯度": 35.014589, "経度": 135.76657, "url": "https://www.iryou.teikyouseido.mhlw.go.jp/znk-web/juminkanja/S2430/initialize?prefCd=26&kikanCd=2620000626&kikanKbn=2", "url2": "https://seikeigeka-shimizu.com/", "内容": "清水整形外科【2:診療所】【診療科目:整形外科_リウマチ科_リハビリテーション科】京都府京都市中京区御幸町通夷川下ル達磨町６１３" }, "geometry": { "type": "Point", "coordinates": [ 135.76657, 35.014589 ] } },
{ "type": "Feature", "properties": { "ID": "2622620000627", "正式名称": "医療法人坂部医院", "機関区分": 2, "都道府県コード": 26, "市区町村コード": 104, "所在地": "京都府京都市中京区御幸町二条下る山本町４３５", "緯度": 35.013145, "経度": 135.76632, "url": "https://www.iryou.teikyouseido.mhlw.go.jp/znk-web/juminkanja/S2430/initialize?prefCd=26&kikanCd=2620000627&kikanKbn=2", "url2": "http://add.centers.jp/sakabe/", "内容": "医療法人坂部医院【2:診療所】【診療科目:内科_神経内科_外科_心療内科_放射線科_麻酔科】京都府京都市中京区御幸町二条下る山本町４３５" }, "geometry": { "type": "Point", "coordinates": [ 135.76632, 35.013145 ] } },
{ "type": "Feature", "properties": { "ID": "2622620000628", "正式名称": "小笠原医院", "機関区分": 2, "都道府県コード": 26, "市区町村コード": 104, "所在地": "京都府京都市中京区御幸町通押小路下る亀屋町３９４番地", "緯度": 35.011756, "経度": 135.766598, "url": "https://www.iryou.teikyouseido.mhlw.go.jp/znk-web/juminkanja/S2430/initialize?prefCd=26&kikanCd=2620000628&kikanKbn=2", "url2": null, "内容": "小笠原医院【2:診療所】【診療科目:内科】京都府京都市中京区御幸町通押小路下る亀屋町３９４番地" }, "geometry": { "type": "Point", "coordinates": [ 135.766598, 35.011756 ] } },
{ "type": "Feature", "properties": { "ID": "2622620000630", "正式名称": "医療法人水野医院", "機関区分": 2, "都道府県コード": 26, "市区町村コード": 104, "所在地": "京都府京都市中京区押小路通麩屋町西入橘町６２９", "緯度": 35.012284, "経度": 135.765265, "url": "https://www.iryou.teikyouseido.mhlw.go.jp/znk-web/juminkanja/S2430/initialize?prefCd=26&kikanCd=2620000630&kikanKbn=2", "url2": "mizuno-iin.net", "内容": "医療法人水野医院【2:診療所】【診療科目:内科_消化器内科_内視鏡内科】京都府京都市中京区押小路通麩屋町西入橘町６２９" }, "geometry": { "type": "Point", "coordinates": [ 135.765265, 35.012284 ] } },
{ "type": "Feature", "properties": { "ID": "2622620000631", "正式名称": "清子クリニック", "機関区分": 2, "都道府県コード": 26, "市区町村コード": 104, "所在地": "京都府京都市中京区柳馬場通二条上る６丁目２６８番地", "緯度": 35.014645, "経度": 135.763765, "url": "https://www.iryou.teikyouseido.mhlw.go.jp/znk-web/juminkanja/S2430/initialize?prefCd=26&kikanCd=2620000631&kikanKbn=2", "url2": null, "内容": "清子クリニック【2:診療所】【診療科目:内科_産婦人科_心療内科】京都府京都市中京区柳馬場通二条上る６丁目２６８番地" }, "geometry": { "type": "Point", "coordinates": [ 135.763765, 35.014645 ] } },
{ "type": "Feature", "properties": { "ID": "2622620000632", "正式名称": "高岡医院", "機関区分": 2, "都道府県コード": 26, "市区町村コード": 104, "所在地": "京都府京都市中京区柳馬場通夷川上る五丁目２３０番地の２", "緯度": 35.015728, "経度": 135.763765, "url": "https://www.iryou.teikyouseido.mhlw.go.jp/znk-web/juminkanja/S2430/initialize?prefCd=26&kikanCd=2620000632&kikanKbn=2", "url2": null, "内容": "高岡医院【2:診療所】【診療科目:外科_皮膚科】京都府京都市中京区柳馬場通夷川上る五丁目２３０番地の２" }, "geometry": { "type": "Point", "coordinates": [ 135.763765, 35.015728 ] } },
{ "type": "Feature", "properties": { "ID": "2622620000633", "正式名称": "友吉医院", "機関区分": 2, "都道府県コード": 26, "市区町村コード": 104, "所在地": "京都府京都市中京区柳馬場竹屋町角五町目", "緯度": 35.016117, "経度": 135.76382, "url": "https://www.iryou.teikyouseido.mhlw.go.jp/znk-web/juminkanja/S2430/initialize?prefCd=26&kikanCd=2620000633&kikanKbn=2", "url2": null, "内容": "友吉医院【2:診療所】【診療科目:小児科】京都府京都市中京区柳馬場竹屋町角五町目" }, "geometry": { "type": "Point", "coordinates": [ 135.76382, 35.016117 ] } },
{ "type": "Feature", "properties": { "ID": "2622620000634", "正式名称": "たかぎクリニック", "機関区分": 2, "都道府県コード": 26, "市区町村コード": 104, "所在地": "京都府京都市中京区御幸町通竹屋町上る毘沙門町５５７－２ＡＣＴ－Ｋビル３Ｆ", "緯度": 35.0172, "経度": 135.766598, "url": "https://www.iryou.teikyouseido.mhlw.go.jp/znk-web/juminkanja/S2430/initialize?prefCd=26&kikanCd=2620000634&kikanKbn=2", "url2": null, "内容": "たかぎクリニック【2:診療所】【診療科目:精神科】京都府京都市中京区御幸町通竹屋町上る毘沙門町５５７－２ＡＣＴ－Ｋビル３Ｆ" }, "geometry": { "type": "Point", "coordinates": [ 135.766598, 35.0172 ] } },
{ "type": "Feature", "properties": { "ID": "2622620000643", "正式名称": "医療法人　保科医院", "機関区分": 2, "都道府県コード": 26, "市区町村コード": 104, "所在地": "京都府京都市中京区西木屋町六角下ル山崎町２５８", "緯度": 35.007424, "経度": 135.770209, "url": "https://www.iryou.teikyouseido.mhlw.go.jp/znk-web/juminkanja/S2430/initialize?prefCd=26&kikanCd=2620000643&kikanKbn=2", "url2": "http://www.hoshina-iin.com", "内容": "医療法人　保科医院【2:診療所】【診療科目:内科_産婦人科】京都府京都市中京区西木屋町六角下ル山崎町２５８" }, "geometry": { "type": "Point", "coordinates": [ 135.770209, 35.007424 ] } },
{ "type": "Feature", "properties": { "ID": "2622620000645", "正式名称": "玉垣内科医院", "機関区分": 2, "都道府県コード": 26, "市区町村コード": 104, "所在地": "京都府京都市中京区麩屋町通四条上る桝屋町５１１番地", "緯度": 35.004535, "経度": 135.76546, "url": "https://www.iryou.teikyouseido.mhlw.go.jp/znk-web/juminkanja/S2430/initialize?prefCd=26&kikanCd=2620000645&kikanKbn=2", "url2": "http://www.tamagaki.jp/", "内容": "玉垣内科医院【2:診療所】【診療科目:内科】京都府京都市中京区麩屋町通四条上る桝屋町５１１番地" }, "geometry": { "type": "Point", "coordinates": [ 135.76546, 35.004535 ] } },
{ "type": "Feature", "properties": { "ID": "2622620000647", "正式名称": "革島医院", "機関区分": 2, "都道府県コード": 26, "市区町村コード": 104, "所在地": "京都府京都市中京区麸屋町六角下る坂井町４７０番地", "緯度": 35.00659, "経度": 135.765793, "url": "https://www.iryou.teikyouseido.mhlw.go.jp/znk-web/juminkanja/S2430/initialize?prefCd=26&kikanCd=2620000647&kikanKbn=2", "url2": null, "内容": "革島医院【2:診療所】【診療科目:内科_外科_整形外科_形成外科_放射線科_麻酔科】京都府京都市中京区麸屋町六角下る坂井町４７０番地" }, "geometry": { "type": "Point", "coordinates": [ 135.765793, 35.00659 ] } },
{ "type": "Feature", "properties": { "ID": "2622620000648", "正式名称": "モリタニ　クリニック", "機関区分": 2, "都道府県コード": 26, "市区町村コード": 104, "所在地": "京都府京都市中京区寺町三条下ル永楽町２２４とーべえビル４Ｆ", "緯度": 35.008507, "経度": 135.766876, "url": "https://www.iryou.teikyouseido.mhlw.go.jp/znk-web/juminkanja/S2430/initialize?prefCd=26&kikanCd=2620000648&kikanKbn=2", "url2": "www.moritani-clinic.com", "内容": "モリタニ　クリニック【2:診療所】【診療科目:精神科_神経科_心療内科】京都府京都市中京区寺町三条下ル永楽町２２４とーべえビル４Ｆ" }, "geometry": { "type": "Point", "coordinates": [ 135.766876, 35.008507 ] } },
{ "type": "Feature", "properties": { "ID": "2622620000649", "正式名称": "やすの医院", "機関区分": 2, "都道府県コード": 26, "市区町村コード": 104, "所在地": "京都府京都市中京区寺町通三条下ル永楽町２３３　昭文堂ＢＬＢＧ．　２Ｆ", "緯度": 35.008007, "経度": 135.766876, "url": "https://www.iryou.teikyouseido.mhlw.go.jp/znk-web/juminkanja/S2430/initialize?prefCd=26&kikanCd=2620000649&kikanKbn=2", "url2": "https://yasunoiin241.mond.jp/", "内容": "やすの医院【2:診療所】【診療科目:内科_小児科_アレルギー科】京都府京都市中京区寺町通三条下ル永楽町２３３　昭文堂ＢＬＢＧ．　２Ｆ" }, "geometry": { "type": "Point", "coordinates": [ 135.766876, 35.008007 ] } },
{ "type": "Feature", "properties": { "ID": "2622620000651", "正式名称": "医療法人社団御幸町診療所", "機関区分": 2, "都道府県コード": 26, "市区町村コード": 104, "所在地": "京都府京都市中京区御幸町通三条下る海老屋町３２０番地", "緯度": 35.008146, "経度": 135.766543, "url": "https://www.iryou.teikyouseido.mhlw.go.jp/znk-web/juminkanja/S2430/initialize?prefCd=26&kikanCd=2620000651&kikanKbn=2", "url2": "http://www.gokomachi-clinic.com", "内容": "医療法人社団御幸町診療所【2:診療所】【診療科目:内科_消化器内科】京都府京都市中京区御幸町通三条下る海老屋町３２０番地" }, "geometry": { "type": "Point", "coordinates": [ 135.766543, 35.008146 ] } },
{ "type": "Feature", "properties": { "ID": "2622620000652", "正式名称": "林内科診療所", "機関区分": 2, "都道府県コード": 26, "市区町村コード": 104, "所在地": "京都府京都市中京区御幸町通三条上ル丸屋町３２６", "緯度": 35.009479, "経度": 135.76632, "url": "https://www.iryou.teikyouseido.mhlw.go.jp/znk-web/juminkanja/S2430/initialize?prefCd=26&kikanCd=2620000652&kikanKbn=2", "url2": "http://www13.ocn.ne.jp/~h884naik/", "内容": "林内科診療所【2:診療所】【診療科目:内科_消化器内科】京都府京都市中京区御幸町通三条上ル丸屋町３２６" }, "geometry": { "type": "Point", "coordinates": [ 135.76632, 35.009479 ] } },
{ "type": "Feature", "properties": { "ID": "2622620000653", "正式名称": "医療法人社団須川医院須川クリニック", "機関区分": 2, "都道府県コード": 26, "市区町村コード": 104, "所在地": "京都府京都市中京区高倉通御池下ル亀甲屋町６０６", "緯度": 35.010284, "経度": 135.762348, "url": "https://www.iryou.teikyouseido.mhlw.go.jp/znk-web/juminkanja/S2430/initialize?prefCd=26&kikanCd=2620000653&kikanKbn=2", "url2": "http://home.wondernet.ne.jp/~sugawa", "内容": "医療法人社団須川医院須川クリニック【2:診療所】【診療科目:内科】京都府京都市中京区高倉通御池下ル亀甲屋町６０６" }, "geometry": { "type": "Point", "coordinates": [ 135.762348, 35.010284 ] } },
{ "type": "Feature", "properties": { "ID": "2622620000655", "正式名称": "一般財団法人大和松寿会　中央診療所", "機関区分": 2, "都道府県コード": 26, "市区町村コード": 104, "所在地": "京都府京都市中京区三条通高倉東入桝屋町５８番地、５６番地", "緯度": 35.008507, "経度": 135.762765, "url": "https://www.iryou.teikyouseido.mhlw.go.jp/znk-web/juminkanja/S2430/initialize?prefCd=26&kikanCd=2620000655&kikanKbn=2", "url2": "http://www.chuo-c.jp/", "内容": "一般財団法人大和松寿会　中央診療所【2:診療所】【診療科目:内科_糖尿病・内分泌内科_呼吸器内科_循環器内科_神経内科】京都府京都市中京区三条通高倉東入桝屋町５８番地、５６番地" }, "geometry": { "type": "Point", "coordinates": [ 135.762765, 35.008507 ] } },
{ "type": "Feature", "properties": { "ID": "2622620000656", "正式名称": "医療法人高橋眼科診療所", "機関区分": 2, "都道府県コード": 26, "市区町村コード": 104, "所在地": "京都府京都市中京区蛸薬師通堺町角", "緯度": 35.006007, "経度": 135.763349, "url": "https://www.iryou.teikyouseido.mhlw.go.jp/znk-web/juminkanja/S2430/initialize?prefCd=26&kikanCd=2620000656&kikanKbn=2", "url2": null, "内容": "医療法人高橋眼科診療所【2:診療所】【診療科目:眼科】京都府京都市中京区蛸薬師通堺町角" }, "geometry": { "type": "Point", "coordinates": [ 135.763349, 35.006007 ] } },
{ "type": "Feature", "properties": { "ID": "2622620000657", "正式名称": "医療法人川崎医院", "機関区分": 2, "都道府県コード": 26, "市区町村コード": 104, "所在地": "京都府京都市中京区六角通堺町西入堀之上町１１９番地岡松ビル４Ｆ", "緯度": 35.007257, "経度": 135.763126, "url": "https://www.iryou.teikyouseido.mhlw.go.jp/znk-web/juminkanja/S2430/initialize?prefCd=26&kikanCd=2620000657&kikanKbn=2", "url2": null, "内容": "医療法人川崎医院【2:診療所】【診療科目:精神科_神経科_心療内科】京都府京都市中京区六角通堺町西入堀之上町１１９番地岡松ビル４Ｆ" }, "geometry": { "type": "Point", "coordinates": [ 135.763126, 35.007257 ] } },
{ "type": "Feature", "properties": { "ID": "2622620000663", "正式名称": "医療法人ロングウッド　六角田中クリニック", "機関区分": 2, "都道府県コード": 26, "市区町村コード": 104, "所在地": "京都府京都市中京区七観音町６３０　読売京都ビル１階", "緯度": 35.006983, "経度": 135.759901, "url": "https://www.iryou.teikyouseido.mhlw.go.jp/znk-web/juminkanja/S2430/initialize?prefCd=26&kikanCd=2620000663&kikanKbn=2", "url2": "https://www.longwood-tanaka-cl.com/", "内容": "医療法人ロングウッド　六角田中クリニック【2:診療所】【診療科目:内科_糖尿病内科_内分泌内科_漢方内科】京都府京都市中京区七観音町６３０　読売京都ビル１階" }, "geometry": { "type": "Point", "coordinates": [ 135.759901, 35.006983 ] } },
{ "type": "Feature", "properties": { "ID": "2622620000666", "正式名称": "医療法人大澤会大澤クリニック", "機関区分": 2, "都道府県コード": 26, "市区町村コード": 104, "所在地": "京都府京都市中京区錦小路通東洞院東入西魚屋町６１７番地", "緯度": 35.005313, "経度": 135.761627, "url": "https://www.iryou.teikyouseido.mhlw.go.jp/znk-web/juminkanja/S2430/initialize?prefCd=26&kikanCd=2620000666&kikanKbn=2", "url2": "http://www.osawa.ne.jp", "内容": "医療法人大澤会大澤クリニック【2:診療所】【診療科目:内科_外科_形成外科_歯科】京都府京都市中京区錦小路通東洞院東入西魚屋町６１７番地" }, "geometry": { "type": "Point", "coordinates": [ 135.761627, 35.005313 ] } },
{ "type": "Feature", "properties": { "ID": "2622620000672", "正式名称": "中村診療所", "機関区分": 2, "都道府県コード": 26, "市区町村コード": 104, "所在地": "京都府京都市中京区東洞院通四条上ル阪東屋町６６７番地１プラスパー河野ビル５階", "緯度": 35.004174, "経度": 135.760932, "url": "https://www.iryou.teikyouseido.mhlw.go.jp/znk-web/juminkanja/S2430/initialize?prefCd=26&kikanCd=2620000672&kikanKbn=2", "url2": null, "内容": "中村診療所【2:診療所】【診療科目:形成外科_皮膚科】京都府京都市中京区東洞院通四条上ル阪東屋町６６７番地１プラスパー河野ビル５階" }, "geometry": { "type": "Point", "coordinates": [ 135.760932, 35.004174 ] } },
{ "type": "Feature", "properties": { "ID": "2622620000676", "正式名称": "吉政医院", "機関区分": 2, "都道府県コード": 26, "市区町村コード": 104, "所在地": "京都府京都市中京区蛸薬師通烏丸西入橋弁慶町２３５番地", "緯度": 35.006229, "経度": 135.759127, "url": "https://www.iryou.teikyouseido.mhlw.go.jp/znk-web/juminkanja/S2430/initialize?prefCd=26&kikanCd=2620000676&kikanKbn=2", "url2": "http:www.yoshimasa-dm-endo-clinic.info/", "内容": "吉政医院【2:診療所】【診療科目:内科】京都府京都市中京区蛸薬師通烏丸西入橋弁慶町２３５番地" }, "geometry": { "type": "Point", "coordinates": [ 135.759127, 35.006229 ] } },
{ "type": "Feature", "properties": { "ID": "2622620000681", "正式名称": "医療法人博友会　まるいクリニック", "機関区分": 2, "都道府県コード": 26, "市区町村コード": 104, "所在地": "京都府京都市中京区室町通三条下る烏帽子屋町４９３番地", "緯度": 35.007673, "経度": 135.757904, "url": "https://www.iryou.teikyouseido.mhlw.go.jp/znk-web/juminkanja/S2430/initialize?prefCd=26&kikanCd=2620000681&kikanKbn=2", "url2": "http://www5e.biglobe.ne.jp/~marui/", "内容": "医療法人博友会　まるいクリニック【2:診療所】【診療科目:精神科_神経科_心療内科】京都府京都市中京区室町通三条下る烏帽子屋町４９３番地" }, "geometry": { "type": "Point", "coordinates": [ 135.757904, 35.007673 ] } },
{ "type": "Feature", "properties": { "ID": "2622620000684", "正式名称": "林ジョイアクリニック", "機関区分": 2, "都道府県コード": 26, "市区町村コード": 104, "所在地": "京都府京都市中京区烏丸通姉小路下ル場之町５９９　ＣＵＢＥ　ＯＩＫＥ　３Ｆ", "緯度": 35.009312, "経度": 135.759321, "url": "https://www.iryou.teikyouseido.mhlw.go.jp/znk-web/juminkanja/S2430/initialize?prefCd=26&kikanCd=2620000684&kikanKbn=2", "url2": null, "内容": "林ジョイアクリニック【2:診療所】【診療科目:形成外科_美容外科_皮膚科_美容皮膚科】京都府京都市中京区烏丸通姉小路下ル場之町５９９　ＣＵＢＥ　ＯＩＫＥ　３Ｆ" }, "geometry": { "type": "Point", "coordinates": [ 135.759321, 35.009312 ] } },
{ "type": "Feature", "properties": { "ID": "2622620000685", "正式名称": "真理子こころのクリニック", "機関区分": 2, "都道府県コード": 26, "市区町村コード": 104, "所在地": "京都府京都市中京区烏丸通姉小路下ル場之町５９９　ＣＵＢＥ　ＯＩＫＥ２Ｆ", "緯度": 35.009312, "経度": 135.759321, "url": "https://www.iryou.teikyouseido.mhlw.go.jp/znk-web/juminkanja/S2430/initialize?prefCd=26&kikanCd=2620000685&kikanKbn=2", "url2": null, "内容": "真理子こころのクリニック【2:診療所】【診療科目:精神科_心療内科】京都府京都市中京区烏丸通姉小路下ル場之町５９９　ＣＵＢＥ　ＯＩＫＥ２Ｆ" }, "geometry": { "type": "Point", "coordinates": [ 135.759321, 35.009312 ] } },
{ "type": "Feature", "properties": { "ID": "2622620000689", "正式名称": "医療法人耳鼻咽喉科安野医院", "機関区分": 2, "都道府県コード": 26, "市区町村コード": 104, "所在地": "京都府京都市中京区高倉通り三条上ル東片町６２１", "緯度": 35.009062, "経度": 135.762654, "url": "https://www.iryou.teikyouseido.mhlw.go.jp/znk-web/juminkanja/S2430/initialize?prefCd=26&kikanCd=2620000689&kikanKbn=2", "url2": null, "内容": "医療法人耳鼻咽喉科安野医院【2:診療所】【診療科目:耳鼻いんこう科】京都府京都市中京区高倉通り三条上ル東片町６２１" }, "geometry": { "type": "Point", "coordinates": [ 135.762654, 35.009062 ] } },
{ "type": "Feature", "properties": { "ID": "2622620000690", "正式名称": "芦田医院", "機関区分": 2, "都道府県コード": 26, "市区町村コード": 104, "所在地": "京都府京都市中京区東洞院御池下ル笹屋町４４７", "緯度": 35.010118, "経度": 135.760932, "url": "https://www.iryou.teikyouseido.mhlw.go.jp/znk-web/juminkanja/S2430/initialize?prefCd=26&kikanCd=2620000690&kikanKbn=2", "url2": null, "内容": "芦田医院【2:診療所】【診療科目:内科_整形外科】京都府京都市中京区東洞院御池下ル笹屋町４４７" }, "geometry": { "type": "Point", "coordinates": [ 135.760932, 35.010118 ] } },
{ "type": "Feature", "properties": { "ID": "2622620000692", "正式名称": "医療法人　西大路病院　池須町クリニック", "機関区分": 2, "都道府県コード": 26, "市区町村コード": 104, "所在地": "京都府京都市中京区西洞院通六角下る池須町４０８番３", "緯度": 35.006923, "経度": 135.755266, "url": "https://www.iryou.teikyouseido.mhlw.go.jp/znk-web/juminkanja/S2430/initialize?prefCd=26&kikanCd=2620000692&kikanKbn=2", "url2": null, "内容": "医療法人　西大路病院　池須町クリニック【2:診療所】【診療科目:胃腸内科_神経内科_外科_整形外科_精神科_リハビリテーション科_放射線科】京都府京都市中京区西洞院通六角下る池須町４０８番３" }, "geometry": { "type": "Point", "coordinates": [ 135.755266, 35.006923 ] } },
{ "type": "Feature", "properties": { "ID": "2622620000694", "正式名称": "辻医院", "機関区分": 2, "都道府県コード": 26, "市区町村コード": 104, "所在地": "京都府京都市中京区西洞院通三条下る柳水町６１", "緯度": 35.008479, "経度": 135.755016, "url": "https://www.iryou.teikyouseido.mhlw.go.jp/znk-web/juminkanja/S2430/initialize?prefCd=26&kikanCd=2620000694&kikanKbn=2", "url2": null, "内容": "辻医院【2:診療所】【診療科目:内科】京都府京都市中京区西洞院通三条下る柳水町６１" }, "geometry": { "type": "Point", "coordinates": [ 135.755016, 35.008479 ] } },
{ "type": "Feature", "properties": { "ID": "2622620000698", "正式名称": "医療法人　中村皮ふ科医院", "機関区分": 2, "都道府県コード": 26, "市区町村コード": 104, "所在地": "京都府京都市中京区御池通堀川東入鍛冶町１９０メイゾン御池１０６", "緯度": 35.010756, "経度": 135.753071, "url": "https://www.iryou.teikyouseido.mhlw.go.jp/znk-web/juminkanja/S2430/initialize?prefCd=26&kikanCd=2620000698&kikanKbn=2", "url2": null, "内容": "医療法人　中村皮ふ科医院【2:診療所】【診療科目:皮膚科】京都府京都市中京区御池通堀川東入鍛冶町１９０メイゾン御池１０６" }, "geometry": { "type": "Point", "coordinates": [ 135.753071, 35.010756 ] } },
{ "type": "Feature", "properties": { "ID": "2622620000704", "正式名称": "坂中医院", "機関区分": 2, "都道府県コード": 26, "市区町村コード": 104, "所在地": "京都府京都市中京区大宮通三条下ル三条大宮町２４４の４", "緯度": 35.007423, "経度": 135.748794, "url": "https://www.iryou.teikyouseido.mhlw.go.jp/znk-web/juminkanja/S2430/initialize?prefCd=26&kikanCd=2620000704&kikanKbn=2", "url2": null, "内容": "坂中医院【2:診療所】【診療科目:内科】京都府京都市中京区大宮通三条下ル三条大宮町２４４の４" }, "geometry": { "type": "Point", "coordinates": [ 135.748794, 35.007423 ] } },
{ "type": "Feature", "properties": { "ID": "2622620000705", "正式名称": "医療法人善光会　田中医院", "機関区分": 2, "都道府県コード": 26, "市区町村コード": 104, "所在地": "京都府京都市中京区大宮通り三条下る三条大宮町２４３", "緯度": 35.007562, "経度": 135.748516, "url": "https://www.iryou.teikyouseido.mhlw.go.jp/znk-web/juminkanja/S2430/initialize?prefCd=26&kikanCd=2620000705&kikanKbn=2", "url2": null, "内容": "医療法人善光会　田中医院【2:診療所】【診療科目:内科_小児科】京都府京都市中京区大宮通り三条下る三条大宮町２４３" }, "geometry": { "type": "Point", "coordinates": [ 135.748516, 35.007562 ] } },
{ "type": "Feature", "properties": { "ID": "2622620000707", "正式名称": "芝崎医院", "機関区分": 2, "都道府県コード": 26, "市区町村コード": 104, "所在地": "京都府京都市中京区蛸薬師堀川西入金屋町７７７", "緯度": 35.005979, "経度": 135.751377, "url": "https://www.iryou.teikyouseido.mhlw.go.jp/znk-web/juminkanja/S2430/initialize?prefCd=26&kikanCd=2620000707&kikanKbn=2", "url2": null, "内容": "芝崎医院【2:診療所】【診療科目:内科_皮膚科】京都府京都市中京区蛸薬師堀川西入金屋町７７７" }, "geometry": { "type": "Point", "coordinates": [ 135.751377, 35.005979 ] } },
{ "type": "Feature", "properties": { "ID": "2622620000708", "正式名称": "山脇小児科", "機関区分": 2, "都道府県コード": 26, "市区町村コード": 104, "所在地": "京都府京都市中京区堀川通錦小路上ル西側宮本町", "緯度": 35.005229, "経度": 135.751377, "url": "https://www.iryou.teikyouseido.mhlw.go.jp/znk-web/juminkanja/S2430/initialize?prefCd=26&kikanCd=2620000708&kikanKbn=2", "url2": null, "内容": "山脇小児科【2:診療所】【診療科目:小児科】京都府京都市中京区堀川通錦小路上ル西側宮本町" }, "geometry": { "type": "Point", "coordinates": [ 135.751377, 35.005229 ] } },
{ "type": "Feature", "properties": { "ID": "2622620000710", "正式名称": "医療法人ひがし医院", "機関区分": 2, "都道府県コード": 26, "市区町村コード": 104, "所在地": "京都府京都市中京区大宮通蛸薬師下る四坊大宮町１６０番地", "緯度": 35.005118, "経度": 135.748794, "url": "https://www.iryou.teikyouseido.mhlw.go.jp/znk-web/juminkanja/S2430/initialize?prefCd=26&kikanCd=2620000710&kikanKbn=2", "url2": null, "内容": "医療法人ひがし医院【2:診療所】【診療科目:内科_循環器内科】京都府京都市中京区大宮通蛸薬師下る四坊大宮町１６０番地" }, "geometry": { "type": "Point", "coordinates": [ 135.748794, 35.005118 ] } },
{ "type": "Feature", "properties": { "ID": "2622620000711", "正式名称": "岡田内科医院", "機関区分": 2, "都道府県コード": 26, "市区町村コード": 104, "所在地": "京都府京都市中京区岩上通四条上ル松浦町８７０", "緯度": 35.004063, "経度": 135.751127, "url": "https://www.iryou.teikyouseido.mhlw.go.jp/znk-web/juminkanja/S2430/initialize?prefCd=26&kikanCd=2620000711&kikanKbn=2", "url2": "http://okada-naika.net/", "内容": "岡田内科医院【2:診療所】【診療科目:内科_腎臓内科_リウマチ科】京都府京都市中京区岩上通四条上ル松浦町８７０" }, "geometry": { "type": "Point", "coordinates": [ 135.751127, 35.004063 ] } },
{ "type": "Feature", "properties": { "ID": "2622620000712", "正式名称": "山本内科小児科医院", "機関区分": 2, "都道府県コード": 26, "市区町村コード": 104, "所在地": "京都府京都市中京区神泉苑町通御池下ル神泉苑町１番地", "緯度": 35.010728, "経度": 135.747377, "url": "https://www.iryou.teikyouseido.mhlw.go.jp/znk-web/juminkanja/S2430/initialize?prefCd=26&kikanCd=2620000712&kikanKbn=2", "url2": null, "内容": "山本内科小児科医院【2:診療所】【診療科目:内科_小児科】京都府京都市中京区神泉苑町通御池下ル神泉苑町１番地" }, "geometry": { "type": "Point", "coordinates": [ 135.747377, 35.010728 ] } },
{ "type": "Feature", "properties": { "ID": "2622620000713", "正式名称": "田中整形外科医院", "機関区分": 2, "都道府県コード": 26, "市区町村コード": 104, "所在地": "京都府京都市中京区西ノ京職司町１－１", "緯度": 35.010895, "経度": 135.745017, "url": "https://www.iryou.teikyouseido.mhlw.go.jp/znk-web/juminkanja/S2430/initialize?prefCd=26&kikanCd=2620000713&kikanKbn=2", "url2": null, "内容": "田中整形外科医院【2:診療所】【診療科目:整形外科】京都府京都市中京区西ノ京職司町１－１" }, "geometry": { "type": "Point", "coordinates": [ 135.745017, 35.010895 ] } },
{ "type": "Feature", "properties": { "ID": "2622620000714", "正式名称": "医療法人ささき小児科", "機関区分": 2, "都道府県コード": 26, "市区町村コード": 104, "所在地": "京都府京都市中京区西ノ京職司町２－３", "緯度": 35.010923, "経度": 135.744739, "url": "https://www.iryou.teikyouseido.mhlw.go.jp/znk-web/juminkanja/S2430/initialize?prefCd=26&kikanCd=2620000714&kikanKbn=2", "url2": "http://www16.ocn.ne.jp/~ssk-ped/", "内容": "医療法人ささき小児科【2:診療所】【診療科目:小児科】京都府京都市中京区西ノ京職司町２－３" }, "geometry": { "type": "Point", "coordinates": [ 135.744739, 35.010923 ] } },
{ "type": "Feature", "properties": { "ID": "2622620000717", "正式名称": "医療法人　細田レディースクリニック", "機関区分": 2, "都道府県コード": 26, "市区町村コード": 104, "所在地": "京都府京都市中京区西ノ京職司町６９ＩＭＰＡＣＴ　ＩＫＵ　１階", "緯度": 35.011117, "経度": 135.744878, "url": "https://www.iryou.teikyouseido.mhlw.go.jp/znk-web/juminkanja/S2430/initialize?prefCd=26&kikanCd=2620000717&kikanKbn=2", "url2": "http://www.hosodaladiesclinic.jp/", "内容": "医療法人　細田レディースクリニック【2:診療所】【診療科目:産婦人科】京都府京都市中京区西ノ京職司町６９ＩＭＰＡＣＴ　ＩＫＵ　１階" }, "geometry": { "type": "Point", "coordinates": [ 135.744878, 35.011117 ] } },
{ "type": "Feature", "properties": { "ID": "2622620000718", "正式名称": "にう診療所", "機関区分": 2, "都道府県コード": 26, "市区町村コード": 104, "所在地": "京都府京都市中京区西ノ京職司町７２", "緯度": 35.010923, "経度": 135.74385, "url": "https://www.iryou.teikyouseido.mhlw.go.jp/znk-web/juminkanja/S2430/initialize?prefCd=26&kikanCd=2620000718&kikanKbn=2", "url2": null, "内容": "にう診療所【2:診療所】【診療科目:循環器内科】京都府京都市中京区西ノ京職司町７２" }, "geometry": { "type": "Point", "coordinates": [ 135.74385, 35.010923 ] } },
{ "type": "Feature", "properties": { "ID": "2622620000720", "正式名称": "京都市急病診療所", "機関区分": 2, "都道府県コード": 26, "市区町村コード": 104, "所在地": "京都府京都市中京区西ノ京東栂尾町６", "緯度": 35.010562, "経度": 135.742211, "url": "https://www.iryou.teikyouseido.mhlw.go.jp/znk-web/juminkanja/S2430/initialize?prefCd=26&kikanCd=2620000720&kikanKbn=2", "url2": null, "内容": "京都市急病診療所【2:診療所】【診療科目:内科_小児科_眼科_耳鼻いんこう科】京都府京都市中京区西ノ京東栂尾町６" }, "geometry": { "type": "Point", "coordinates": [ 135.742211, 35.010562 ] } },
{ "type": "Feature", "properties": { "ID": "2622620000721", "正式名称": "医療法人社団近藤医院", "機関区分": 2, "都道府県コード": 26, "市区町村コード": 104, "所在地": "京都府京都市中京区聚楽廻中町３６－１", "緯度": 35.019144, "経度": 135.740683, "url": "https://www.iryou.teikyouseido.mhlw.go.jp/znk-web/juminkanja/S2430/initialize?prefCd=26&kikanCd=2620000721&kikanKbn=2", "url2": "http://www.myclinic.ne.jp/kondoiin/pc/", "内容": "医療法人社団近藤医院【2:診療所】【診療科目:精神科_心療内科】京都府京都市中京区聚楽廻中町３６－１" }, "geometry": { "type": "Point", "coordinates": [ 135.740683, 35.019144 ] } },
{ "type": "Feature", "properties": { "ID": "2622620000722", "正式名称": "医療法人うえだ医院", "機関区分": 2, "都道府県コード": 26, "市区町村コード": 104, "所在地": "京都府京都市中京区聚楽廻東町１５", "緯度": 35.016867, "経度": 135.742294, "url": "https://www.iryou.teikyouseido.mhlw.go.jp/znk-web/juminkanja/S2430/initialize?prefCd=26&kikanCd=2620000722&kikanKbn=2", "url2": null, "内容": "医療法人うえだ医院【2:診療所】【診療科目:内科_リハビリテーション科】京都府京都市中京区聚楽廻東町１５" }, "geometry": { "type": "Point", "coordinates": [ 135.742294, 35.016867 ] } },
{ "type": "Feature", "properties": { "ID": "2622620000723", "正式名称": "京都医療生活協同組合　中野眼科医院", "機関区分": 2, "都道府県コード": 26, "市区町村コード": 104, "所在地": "京都府京都市中京区聚楽廻東町２番地", "緯度": 35.018089, "経度": 135.742211, "url": "https://www.iryou.teikyouseido.mhlw.go.jp/znk-web/juminkanja/S2430/initialize?prefCd=26&kikanCd=2620000723&kikanKbn=2", "url2": "http://www.kyo-con.or.jp/", "内容": "京都医療生活協同組合　中野眼科医院【2:診療所】【診療科目:小児眼科_眼科_緑内障、コンタクトレンズ診療】京都府京都市中京区聚楽廻東町２番地" }, "geometry": { "type": "Point", "coordinates": [ 135.742211, 35.018089 ] } },
{ "type": "Feature", "properties": { "ID": "2622620000726", "正式名称": "多田眼科医院", "機関区分": 2, "都道府県コード": 26, "市区町村コード": 104, "所在地": "京都府京都市中京区西ノ京南聖町１８", "緯度": 35.009201, "経度": 135.743183, "url": "https://www.iryou.teikyouseido.mhlw.go.jp/znk-web/juminkanja/S2430/initialize?prefCd=26&kikanCd=2620000726&kikanKbn=2", "url2": "https://tadaganka.com", "内容": "多田眼科医院【2:診療所】【診療科目:眼科】京都府京都市中京区西ノ京南聖町１８" }, "geometry": { "type": "Point", "coordinates": [ 135.743183, 35.009201 ] } },
{ "type": "Feature", "properties": { "ID": "2622620000728", "正式名称": "森島医院", "機関区分": 2, "都道府県コード": 26, "市区町村コード": 104, "所在地": "京都府京都市中京区西ノ京小倉町４番地", "緯度": 35.009006, "経度": 135.739961, "url": "https://www.iryou.teikyouseido.mhlw.go.jp/znk-web/juminkanja/S2430/initialize?prefCd=26&kikanCd=2620000728&kikanKbn=2", "url2": null, "内容": "森島医院【2:診療所】【診療科目:内科_小児科_皮膚科】京都府京都市中京区西ノ京小倉町４番地" }, "geometry": { "type": "Point", "coordinates": [ 135.739961, 35.009006 ] } },
{ "type": "Feature", "properties": { "ID": "2622620000729", "正式名称": "医療法人綾直会　まつおこどもクリニック", "機関区分": 2, "都道府県コード": 26, "市区町村コード": 104, "所在地": "京都府京都市中京区西ノ京栂尾町１－１ＪＲ二条駅ＮＫビル４階", "緯度": 35.011367, "経度": 135.742072, "url": "https://www.iryou.teikyouseido.mhlw.go.jp/znk-web/juminkanja/S2430/initialize?prefCd=26&kikanCd=2620000729&kikanKbn=2", "url2": "http://homepage2.nifty.com/matsuo_kodomo/", "内容": "医療法人綾直会　まつおこどもクリニック【2:診療所】【診療科目:小児科】京都府京都市中京区西ノ京栂尾町１－１ＪＲ二条駅ＮＫビル４階" }, "geometry": { "type": "Point", "coordinates": [ 135.742072, 35.011367 ] } },
{ "type": "Feature", "properties": { "ID": "2622620000730", "正式名称": "二条駅前なかみち皮膚科クリニック", "機関区分": 2, "都道府県コード": 26, "市区町村コード": 104, "所在地": "京都府京都市中京区西ノ京栂尾町１－１ＪＲ二条ＮＫビル３Ｆ", "緯度": 35.011395, "経度": 135.742294, "url": "https://www.iryou.teikyouseido.mhlw.go.jp/znk-web/juminkanja/S2430/initialize?prefCd=26&kikanCd=2620000730&kikanKbn=2", "url2": "http://www.nijd.dr-clinic.jp/", "内容": "二条駅前なかみち皮膚科クリニック【2:診療所】【診療科目:皮膚科】京都府京都市中京区西ノ京栂尾町１－１ＪＲ二条ＮＫビル３Ｆ" }, "geometry": { "type": "Point", "coordinates": [ 135.742294, 35.011395 ] } },
{ "type": "Feature", "properties": { "ID": "2622620000733", "正式名称": "ひろしまクリニック", "機関区分": 2, "都道府県コード": 26, "市区町村コード": 104, "所在地": "京都府京都市中京区西ノ京栂尾町１－１ＪＲ二条駅ＮＫビル４Ｆ", "緯度": 35.011395, "経度": 135.742183, "url": "https://www.iryou.teikyouseido.mhlw.go.jp/znk-web/juminkanja/S2430/initialize?prefCd=26&kikanCd=2620000733&kikanKbn=2", "url2": null, "内容": "ひろしまクリニック【2:診療所】【診療科目:整形外科_形成外科_リウマチ科_リハビリテーション科】京都府京都市中京区西ノ京栂尾町１－１ＪＲ二条駅ＮＫビル４Ｆ" }, "geometry": { "type": "Point", "coordinates": [ 135.742183, 35.011395 ] } },
{ "type": "Feature", "properties": { "ID": "2622620000734", "正式名称": "松野医院", "機関区分": 2, "都道府県コード": 26, "市区町村コード": 104, "所在地": "京都府京都市中京区西ノ京南両町３３番地１０", "緯度": 35.017005, "経度": 135.736045, "url": "https://www.iryou.teikyouseido.mhlw.go.jp/znk-web/juminkanja/S2430/initialize?prefCd=26&kikanCd=2620000734&kikanKbn=2", "url2": null, "内容": "松野医院【2:診療所】【診療科目:内科_小児科_放射線科】京都府京都市中京区西ノ京南両町３３番地１０" }, "geometry": { "type": "Point", "coordinates": [ 135.736045, 35.017005 ] } },
{ "type": "Feature", "properties": { "ID": "2622620000735", "正式名称": "やすはら整形外科", "機関区分": 2, "都道府県コード": 26, "市区町村コード": 104, "所在地": "京都府京都市中京区西ノ京内畑町２５－１５", "緯度": 35.014672, "経度": 135.739378, "url": "https://www.iryou.teikyouseido.mhlw.go.jp/znk-web/juminkanja/S2430/initialize?prefCd=26&kikanCd=2620000735&kikanKbn=2", "url2": null, "内容": "やすはら整形外科【2:診療所】【診療科目:整形外科_リウマチ科_リハビリテーション科】京都府京都市中京区西ノ京内畑町２５－１５" }, "geometry": { "type": "Point", "coordinates": [ 135.739378, 35.014672 ] } },
{ "type": "Feature", "properties": { "ID": "2622620000738", "正式名称": "野見山医院", "機関区分": 2, "都道府県コード": 26, "市区町村コード": 104, "所在地": "京都府京都市中京区西ノ京永本町２", "緯度": 35.013422, "経度": 135.738684, "url": "https://www.iryou.teikyouseido.mhlw.go.jp/znk-web/juminkanja/S2430/initialize?prefCd=26&kikanCd=2620000738&kikanKbn=2", "url2": "http://www.nomiyama-clinic.jp", "内容": "野見山医院【2:診療所】【診療科目:消化器内科_外科_皮膚科】京都府京都市中京区西ノ京永本町２" }, "geometry": { "type": "Point", "coordinates": [ 135.738684, 35.013422 ] } },
{ "type": "Feature", "properties": { "ID": "2622620000739", "正式名称": "木村内科医院", "機関区分": 2, "都道府県コード": 26, "市区町村コード": 104, "所在地": "京都府京都市中京区西ノ京永本町２２－１１", "緯度": 35.011173, "経度": 135.738545, "url": "https://www.iryou.teikyouseido.mhlw.go.jp/znk-web/juminkanja/S2430/initialize?prefCd=26&kikanCd=2620000739&kikanKbn=2", "url2": null, "内容": "木村内科医院【2:診療所】【診療科目:内科】京都府京都市中京区西ノ京永本町２２－１１" }, "geometry": { "type": "Point", "coordinates": [ 135.738545, 35.011173 ] } },
{ "type": "Feature", "properties": { "ID": "2622620000741", "正式名称": "中西医院", "機関区分": 2, "都道府県コード": 26, "市区町村コード": 104, "所在地": "京都府京都市中京区御前通御池上ル西ノ京船塚町１１", "緯度": 35.012145, "経度": 135.736212, "url": "https://www.iryou.teikyouseido.mhlw.go.jp/znk-web/juminkanja/S2430/initialize?prefCd=26&kikanCd=2620000741&kikanKbn=2", "url2": null, "内容": "中西医院【2:診療所】【診療科目:内科_消化器内科_アレルギー科】京都府京都市中京区御前通御池上ル西ノ京船塚町１１" }, "geometry": { "type": "Point", "coordinates": [ 135.736212, 35.012145 ] } },
{ "type": "Feature", "properties": { "ID": "2622620000749", "正式名称": "医療法人社団佐野眼科診療所", "機関区分": 2, "都道府県コード": 26, "市区町村コード": 104, "所在地": "京都府京都市中京区西ノ京東中合町８６", "緯度": 35.011617, "経度": 135.732045, "url": "https://www.iryou.teikyouseido.mhlw.go.jp/znk-web/juminkanja/S2430/initialize?prefCd=26&kikanCd=2620000749&kikanKbn=2", "url2": null, "内容": "医療法人社団佐野眼科診療所【2:診療所】【診療科目:眼科】京都府京都市中京区西ノ京東中合町８６" }, "geometry": { "type": "Point", "coordinates": [ 135.732045, 35.011617 ] } },
{ "type": "Feature", "properties": { "ID": "2622620000751", "正式名称": "医療法人芙蓉会北辰堂佐藤医院", "機関区分": 2, "都道府県コード": 26, "市区町村コード": 104, "所在地": "京都府京都市中京区西ノ京御輿岡町２１", "緯度": 35.021866, "経度": 135.727462, "url": "https://www.iryou.teikyouseido.mhlw.go.jp/znk-web/juminkanja/S2430/initialize?prefCd=26&kikanCd=2620000751&kikanKbn=2", "url2": null, "内容": "医療法人芙蓉会北辰堂佐藤医院【2:診療所】【診療科目:内科】京都府京都市中京区西ノ京御輿岡町２１" }, "geometry": { "type": "Point", "coordinates": [ 135.727462, 35.021866 ] } },
{ "type": "Feature", "properties": { "ID": "2622620000752", "正式名称": "北辰堂眼科クリニック", "機関区分": 2, "都道府県コード": 26, "市区町村コード": 104, "所在地": "京都府京都市中京区西ノ京御輿岡町９－４メゾン・ド・セドレ１Ｆ", "緯度": 35.021116, "経度": 135.729017, "url": "https://www.iryou.teikyouseido.mhlw.go.jp/znk-web/juminkanja/S2430/initialize?prefCd=26&kikanCd=2620000752&kikanKbn=2", "url2": null, "内容": "北辰堂眼科クリニック【2:診療所】【診療科目:眼科】京都府京都市中京区西ノ京御輿岡町９－４メゾン・ド・セドレ１Ｆ" }, "geometry": { "type": "Point", "coordinates": [ 135.729017, 35.021116 ] } },
{ "type": "Feature", "properties": { "ID": "2622620000754", "正式名称": "杉本クリニック泌尿器科・皮膚科", "機関区分": 2, "都道府県コード": 26, "市区町村コード": 104, "所在地": "京都府京都市中京区西ノ京小堀池町１３番１", "緯度": 35.015283, "経度": 135.726851, "url": "https://www.iryou.teikyouseido.mhlw.go.jp/znk-web/juminkanja/S2430/initialize?prefCd=26&kikanCd=2620000754&kikanKbn=2", "url2": null, "内容": "杉本クリニック泌尿器科・皮膚科【2:診療所】【診療科目:皮膚科_泌尿器科】京都府京都市中京区西ノ京小堀池町１３番１" }, "geometry": { "type": "Point", "coordinates": [ 135.726851, 35.015283 ] } },
{ "type": "Feature", "properties": { "ID": "2622620000755", "正式名称": "公益社団法人京都保健会　京都民医連太子道診療所", "機関区分": 2, "都道府県コード": 26, "市区町村コード": 104, "所在地": "京都府京都市中京区西ノ京小堀池町１８番地の１", "緯度": 35.014422, "経度": 135.725935, "url": "https://www.iryou.teikyouseido.mhlw.go.jp/znk-web/juminkanja/S2430/initialize?prefCd=26&kikanCd=2620000755&kikanKbn=2", "url2": "https://taishimichi.jp/", "内容": "公益社団法人京都保健会　京都民医連太子道診療所【2:診療所】【診療科目:内科_糖尿病・内分泌内科_呼吸器内科_循環器内科_消化器内科_腎臓内科_神経内科_外科_整形外科_皮膚科_泌尿器科_精神科_リウマチ科_リハビリテーション科】京都府京都市中京区西ノ京小堀池町１８番地の１" }, "geometry": { "type": "Point", "coordinates": [ 135.725935, 35.014422 ] } },
{ "type": "Feature", "properties": { "ID": "2622620000756", "正式名称": "渡辺医院", "機関区分": 2, "都道府県コード": 26, "市区町村コード": 104, "所在地": "京都府京都市中京区西ノ京馬代町１２－１７", "緯度": 35.019949, "経度": 135.726545, "url": "https://www.iryou.teikyouseido.mhlw.go.jp/znk-web/juminkanja/S2430/initialize?prefCd=26&kikanCd=2620000756&kikanKbn=2", "url2": null, "内容": "渡辺医院【2:診療所】【診療科目:耳鼻いんこう科】京都府京都市中京区西ノ京馬代町１２－１７" }, "geometry": { "type": "Point", "coordinates": [ 135.726545, 35.019949 ] } },
{ "type": "Feature", "properties": { "ID": "2622620000757", "正式名称": "田中医院", "機関区分": 2, "都道府県コード": 26, "市区町村コード": 104, "所在地": "京都府京都市中京区西ノ京馬代町１３", "緯度": 35.019921, "経度": 135.725934, "url": "https://www.iryou.teikyouseido.mhlw.go.jp/znk-web/juminkanja/S2430/initialize?prefCd=26&kikanCd=2620000757&kikanKbn=2", "url2": null, "内容": "田中医院【2:診療所】【診療科目:内科_小児科】京都府京都市中京区西ノ京馬代町１３" }, "geometry": { "type": "Point", "coordinates": [ 135.725934, 35.019921 ] } },
{ "type": "Feature", "properties": { "ID": "2622620000760", "正式名称": "尾崎医院", "機関区分": 2, "都道府県コード": 26, "市区町村コード": 104, "所在地": "京都府京都市中京区西ノ京中保町６９", "緯度": 35.021338, "経度": 135.731962, "url": "https://www.iryou.teikyouseido.mhlw.go.jp/znk-web/juminkanja/S2430/initialize?prefCd=26&kikanCd=2620000760&kikanKbn=2", "url2": null, "内容": "尾崎医院【2:診療所】【診療科目:消化器内科】京都府京都市中京区西ノ京中保町６９" }, "geometry": { "type": "Point", "coordinates": [ 135.731962, 35.021338 ] } },
{ "type": "Feature", "properties": { "ID": "2622620000764", "正式名称": "ゆん診療所", "機関区分": 2, "都道府県コード": 26, "市区町村コード": 104, "所在地": "京都府京都市中京区西ノ京円町１１－５", "緯度": 35.019227, "経度": 135.731601, "url": "https://www.iryou.teikyouseido.mhlw.go.jp/znk-web/juminkanja/S2430/initialize?prefCd=26&kikanCd=2620000764&kikanKbn=2", "url2": null, "内容": "ゆん診療所【2:診療所】【診療科目:内科】京都府京都市中京区西ノ京円町１１－５" }, "geometry": { "type": "Point", "coordinates": [ 135.731601, 35.019227 ] } },
{ "type": "Feature", "properties": { "ID": "2622620000765", "正式名称": "正木医院", "機関区分": 2, "都道府県コード": 26, "市区町村コード": 104, "所在地": "京都府京都市中京区西ノ京円町４１－５", "緯度": 35.018033, "経度": 135.732767, "url": "https://www.iryou.teikyouseido.mhlw.go.jp/znk-web/juminkanja/S2430/initialize?prefCd=26&kikanCd=2620000765&kikanKbn=2", "url2": null, "内容": "正木医院【2:診療所】【診療科目:胃腸内科_外科_整形外科_皮膚科】京都府京都市中京区西ノ京円町４１－５" }, "geometry": { "type": "Point", "coordinates": [ 135.732767, 35.018033 ] } },
{ "type": "Feature", "properties": { "ID": "2622620000767", "正式名称": "一般財団法人京都工場保健会診療所", "機関区分": 2, "都道府県コード": 26, "市区町村コード": 104, "所在地": "京都府京都市中京区西ノ京北壺井町６７番地", "緯度": 35.015283, "経度": 135.729323, "url": "https://www.iryou.teikyouseido.mhlw.go.jp/znk-web/juminkanja/S2430/initialize?prefCd=26&kikanCd=2620000767&kikanKbn=2", "url2": "http://www.kyotokojohokenkai.jp/", "内容": "一般財団法人京都工場保健会診療所【2:診療所】【診療科目:内科_血液内科_糖尿病内科_呼吸器内科_循環器内科_消化器内科_腎臓内科_神経内科_乳腺外科_整形外科_婦人科_精神科_心療内科_歯科_放射線科】京都府京都市中京区西ノ京北壺井町６７番地" }, "geometry": { "type": "Point", "coordinates": [ 135.729323, 35.015283 ] } },
{ "type": "Feature", "properties": { "ID": "2622620000769", "正式名称": "杉本医院", "機関区分": 2, "都道府県コード": 26, "市区町村コード": 104, "所在地": "京都府京都市中京区西ノ京南上合町７０番地", "緯度": 35.015172, "経度": 135.732462, "url": "https://www.iryou.teikyouseido.mhlw.go.jp/znk-web/juminkanja/S2430/initialize?prefCd=26&kikanCd=2620000769&kikanKbn=2", "url2": null, "内容": "杉本医院【2:診療所】【診療科目:内科_神経内科_皮膚科】京都府京都市中京区西ノ京南上合町７０番地" }, "geometry": { "type": "Point", "coordinates": [ 135.732462, 35.015172 ] } },
{ "type": "Feature", "properties": { "ID": "2622620000770", "正式名称": "一般財団法人京都予防医学センター附属診療所", "機関区分": 2, "都道府県コード": 26, "市区町村コード": 104, "所在地": "京都府京都市中京区西ノ京左馬寮町２８", "緯度": 35.018755, "経度": 135.737378, "url": "https://www.iryou.teikyouseido.mhlw.go.jp/znk-web/juminkanja/S2430/initialize?prefCd=26&kikanCd=2620000770&kikanKbn=2", "url2": "https://www.kyotoyobouigaku.or.jp/", "内容": "一般財団法人京都予防医学センター附属診療所【2:診療所】【診療科目:呼吸器内科_循環器内科_消化器内科_肝臓内科_乳腺外科_婦人科】京都府京都市中京区西ノ京左馬寮町２８" }, "geometry": { "type": "Point", "coordinates": [ 135.737378, 35.018755 ] } },
{ "type": "Feature", "properties": { "ID": "2622620000772", "正式名称": "生田医院", "機関区分": 2, "都道府県コード": 26, "市区町村コード": 104, "所在地": "京都府京都市中京区西ノ京西鹿垣町６－２２", "緯度": 35.018783, "経度": 135.734156, "url": "https://www.iryou.teikyouseido.mhlw.go.jp/znk-web/juminkanja/S2430/initialize?prefCd=26&kikanCd=2620000772&kikanKbn=2", "url2": null, "内容": "生田医院【2:診療所】【診療科目:内科_消化器内科_小児科】京都府京都市中京区西ノ京西鹿垣町６－２２" }, "geometry": { "type": "Point", "coordinates": [ 135.734156, 35.018783 ] } },
{ "type": "Feature", "properties": { "ID": "2622620000781", "正式名称": "医療法人清仁会　シミズ四条大宮クリニック", "機関区分": 2, "都道府県コード": 26, "市区町村コード": 104, "所在地": "京都府京都市中京区壬生賀陽御所町３番地１京都幸ビル１Ｆ", "緯度": 35.003396, "経度": 135.74635, "url": "https://www.iryou.teikyouseido.mhlw.go.jp/znk-web/juminkanja/S2430/initialize?prefCd=26&kikanCd=2620000781&kikanKbn=2", "url2": "https://www.shimizu-hospital.or.jp/omiya/", "内容": "医療法人清仁会　シミズ四条大宮クリニック【2:診療所】【診療科目:内科_呼吸器内科_外科_脳神経外科_整形外科_皮膚科_リハビリテーション科】京都府京都市中京区壬生賀陽御所町３番地１京都幸ビル１Ｆ" }, "geometry": { "type": "Point", "coordinates": [ 135.74635, 35.003396 ] } },
{ "type": "Feature", "properties": { "ID": "2622620000783", "正式名称": "川口医院", "機関区分": 2, "都道府県コード": 26, "市区町村コード": 104, "所在地": "京都府京都市中京区壬生相合町１番地", "緯度": 34.998924, "経度": 135.747961, "url": "https://www.iryou.teikyouseido.mhlw.go.jp/znk-web/juminkanja/S2430/initialize?prefCd=26&kikanCd=2620000783&kikanKbn=2", "url2": null, "内容": "川口医院【2:診療所】【診療科目:内科_神経内科_小児科_皮膚科_精神科_心療内科】京都府京都市中京区壬生相合町１番地" }, "geometry": { "type": "Point", "coordinates": [ 135.747961, 34.998924 ] } },
{ "type": "Feature", "properties": { "ID": "2622620000786", "正式名称": "医療法人財団康生会京都壬生苑診療所", "機関区分": 2, "都道府県コード": 26, "市区町村コード": 104, "所在地": "京都府京都市中京区壬生梛ノ宮町３１", "緯度": 35.002007, "経度": 135.743156, "url": "https://www.iryou.teikyouseido.mhlw.go.jp/znk-web/juminkanja/S2430/initialize?prefCd=26&kikanCd=2620000786&kikanKbn=2", "url2": "http://www.takedahp.or.jp/", "内容": "医療法人財団康生会京都壬生苑診療所【2:診療所】【診療科目:内科_神経内科】京都府京都市中京区壬生梛ノ宮町３１" }, "geometry": { "type": "Point", "coordinates": [ 135.743156, 35.002007 ] } },
{ "type": "Feature", "properties": { "ID": "2622620000788", "正式名称": "田中州鶴医院", "機関区分": 2, "都道府県コード": 26, "市区町村コード": 104, "所在地": "京都府京都市中京区壬生松原町５４－４６", "緯度": 35.001118, "経度": 135.739656, "url": "https://www.iryou.teikyouseido.mhlw.go.jp/znk-web/juminkanja/S2430/initialize?prefCd=26&kikanCd=2620000788&kikanKbn=2", "url2": null, "内容": "田中州鶴医院【2:診療所】【診療科目:放射線科】京都府京都市中京区壬生松原町５４－４６" }, "geometry": { "type": "Point", "coordinates": [ 135.739656, 35.001118 ] } },
{ "type": "Feature", "properties": { "ID": "2622620000789", "正式名称": "医療法人愛厚会一色整形外科医院", "機関区分": 2, "都道府県コード": 26, "市区町村コード": 104, "所在地": "京都府京都市中京区壬生松原町５４番地１１７", "緯度": 35.001146, "経度": 135.739823, "url": "https://www.iryou.teikyouseido.mhlw.go.jp/znk-web/juminkanja/S2430/initialize?prefCd=26&kikanCd=2620000789&kikanKbn=2", "url2": null, "内容": "医療法人愛厚会一色整形外科医院【2:診療所】【診療科目:外科_整形外科_リウマチ科_リハビリテーション科】京都府京都市中京区壬生松原町５４番地１１７" }, "geometry": { "type": "Point", "coordinates": [ 135.739823, 35.001146 ] } },
{ "type": "Feature", "properties": { "ID": "2622620000791", "正式名称": "にしかわ内科医院", "機関区分": 2, "都道府県コード": 26, "市区町村コード": 104, "所在地": "京都府京都市中京区壬生高樋町４５－５", "緯度": 35.001313, "経度": 135.7426, "url": "https://www.iryou.teikyouseido.mhlw.go.jp/znk-web/juminkanja/S2430/initialize?prefCd=26&kikanCd=2620000791&kikanKbn=2", "url2": null, "内容": "にしかわ内科医院【2:診療所】【診療科目:内科_消化器内科_胃腸内科_小児科】京都府京都市中京区壬生高樋町４５－５" }, "geometry": { "type": "Point", "coordinates": [ 135.7426, 35.001313 ] } },
{ "type": "Feature", "properties": { "ID": "2622620000793", "正式名称": "野村医院", "機関区分": 2, "都道府県コード": 26, "市区町村コード": 104, "所在地": "京都府京都市中京区壬生下溝町１７－１", "緯度": 35.00009, "経度": 135.73899, "url": "https://www.iryou.teikyouseido.mhlw.go.jp/znk-web/juminkanja/S2430/initialize?prefCd=26&kikanCd=2620000793&kikanKbn=2", "url2": null, "内容": "野村医院【2:診療所】【診療科目:外科_整形外科】京都府京都市中京区壬生下溝町１７－１" }, "geometry": { "type": "Point", "coordinates": [ 135.73899, 35.00009 ] } },
{ "type": "Feature", "properties": { "ID": "2622620000794", "正式名称": "むらた医院", "機関区分": 2, "都道府県コード": 26, "市区町村コード": 104, "所在地": "京都府京都市中京区壬生下溝町６０－１２", "緯度": 35.000452, "経度": 135.737712, "url": "https://www.iryou.teikyouseido.mhlw.go.jp/znk-web/juminkanja/S2430/initialize?prefCd=26&kikanCd=2620000794&kikanKbn=2", "url2": null, "内容": "むらた医院【2:診療所】【診療科目:内科_脳神経内科_神経内科_精神科_神経科_老年精神科】京都府京都市中京区壬生下溝町６０－１２" }, "geometry": { "type": "Point", "coordinates": [ 135.737712, 35.000452 ] } },
{ "type": "Feature", "properties": { "ID": "2622620000795", "正式名称": "啓誠会谷口医院", "機関区分": 2, "都道府県コード": 26, "市区町村コード": 104, "所在地": "京都府京都市中京区壬生桧町１４－１", "緯度": 35.000507, "経度": 135.735184, "url": "https://www.iryou.teikyouseido.mhlw.go.jp/znk-web/juminkanja/S2430/initialize?prefCd=26&kikanCd=2620000795&kikanKbn=2", "url2": null, "内容": "啓誠会谷口医院【2:診療所】【診療科目:内科】京都府京都市中京区壬生桧町１４－１" }, "geometry": { "type": "Point", "coordinates": [ 135.735184, 35.000507 ] } },
{ "type": "Feature", "properties": { "ID": "2622620000798", "正式名称": "医療法人島津医院", "機関区分": 2, "都道府県コード": 26, "市区町村コード": 104, "所在地": "京都府京都市中京区壬生東高田町３１番地", "緯度": 34.998924, "経度": 135.735879, "url": "https://www.iryou.teikyouseido.mhlw.go.jp/znk-web/juminkanja/S2430/initialize?prefCd=26&kikanCd=2620000798&kikanKbn=2", "url2": null, "内容": "医療法人島津医院【2:診療所】【診療科目:内科_小児科_アレルギー科】京都府京都市中京区壬生東高田町３１番地" }, "geometry": { "type": "Point", "coordinates": [ 135.735879, 34.998924 ] } },
{ "type": "Feature", "properties": { "ID": "2622620000801", "正式名称": "医療法人　ふち内科クリニック", "機関区分": 2, "都道府県コード": 26, "市区町村コード": 104, "所在地": "京都府京都市中京区壬生上大竹町１４", "緯度": 35.008284, "経度": 135.734573, "url": "https://www.iryou.teikyouseido.mhlw.go.jp/znk-web/juminkanja/S2430/initialize?prefCd=26&kikanCd=2620000801&kikanKbn=2", "url2": null, "内容": "医療法人　ふち内科クリニック【2:診療所】【診療科目:内科】京都府京都市中京区壬生上大竹町１４" }, "geometry": { "type": "Point", "coordinates": [ 135.734573, 35.008284 ] } },
{ "type": "Feature", "properties": { "ID": "2622620000804", "正式名称": "耳鼻咽喉科白石医院", "機関区分": 2, "都道府県コード": 26, "市区町村コード": 104, "所在地": "京都府京都市中京区壬生渕田町１－５", "緯度": 35.003812, "経度": 135.733073, "url": "https://www.iryou.teikyouseido.mhlw.go.jp/znk-web/juminkanja/S2430/initialize?prefCd=26&kikanCd=2620000804&kikanKbn=2", "url2": null, "内容": "耳鼻咽喉科白石医院【2:診療所】【診療科目:耳鼻いんこう科】京都府京都市中京区壬生渕田町１－５" }, "geometry": { "type": "Point", "coordinates": [ 135.733073, 35.003812 ] } },
{ "type": "Feature", "properties": { "ID": "2622620000805", "正式名称": "みぶ村上クリニック", "機関区分": 2, "都道府県コード": 26, "市区町村コード": 104, "所在地": "京都府京都市中京区壬生森町２９－３", "緯度": 35.003785, "経度": 135.737573, "url": "https://www.iryou.teikyouseido.mhlw.go.jp/znk-web/juminkanja/S2430/initialize?prefCd=26&kikanCd=2620000805&kikanKbn=2", "url2": null, "内容": "みぶ村上クリニック【2:診療所】【診療科目:内科_消化器内科_アレルギー科_リウマチ科】京都府京都市中京区壬生森町２９－３" }, "geometry": { "type": "Point", "coordinates": [ 135.737573, 35.003785 ] } },
{ "type": "Feature", "properties": { "ID": "2622620000807", "正式名称": "医療法人宮崎循環器・内科クリニック", "機関区分": 2, "都道府県コード": 26, "市区町村コード": 104, "所在地": "京都府京都市中京区壬生朱雀町２７番地１朱雀ハイツ２階", "緯度": 35.008256, "経度": 135.742378, "url": "https://www.iryou.teikyouseido.mhlw.go.jp/znk-web/juminkanja/S2430/initialize?prefCd=26&kikanCd=2620000807&kikanKbn=2", "url2": null, "内容": "医療法人宮崎循環器・内科クリニック【2:診療所】【診療科目:内科_循環器内科_胃腸内科】京都府京都市中京区壬生朱雀町２７番地１朱雀ハイツ２階" }, "geometry": { "type": "Point", "coordinates": [ 135.742378, 35.008256 ] } },
{ "type": "Feature", "properties": { "ID": "2622620000808", "正式名称": "あずみ医院", "機関区分": 2, "都道府県コード": 26, "市区町村コード": 105, "所在地": "京都府京都市東山区三条大橋東入ル大橋町９４番地　三条鈴木ビル２階", "緯度": 35.00909, "経度": 135.773681, "url": "https://www.iryou.teikyouseido.mhlw.go.jp/znk-web/juminkanja/S2430/initialize?prefCd=26&kikanCd=2620000808&kikanKbn=2", "url2": null, "内容": "あずみ医院【2:診療所】【診療科目:内科_外科_皮膚科_リハビリテーション科】京都府京都市東山区三条大橋東入ル大橋町９４番地　三条鈴木ビル２階" }, "geometry": { "type": "Point", "coordinates": [ 135.773681, 35.00909 ] } },
{ "type": "Feature", "properties": { "ID": "2622620000811", "正式名称": "鈴木形成外科　　小児科", "機関区分": 2, "都道府県コード": 26, "市区町村コード": 105, "所在地": "京都府京都市東山区三条通大橋東入大橋町８９－１番地", "緯度": 35.009312, "経度": 135.773736, "url": "https://www.iryou.teikyouseido.mhlw.go.jp/znk-web/juminkanja/S2430/initialize?prefCd=26&kikanCd=2620000811&kikanKbn=2", "url2": "http://www.haruesuzuki.cpm/", "内容": "鈴木形成外科　　小児科【2:診療所】【診療科目:形成外科_美容外科_小児科_美容皮膚科】京都府京都市東山区三条通大橋東入大橋町８９－１番地" }, "geometry": { "type": "Point", "coordinates": [ 135.773736, 35.009312 ] } },
{ "type": "Feature", "properties": { "ID": "2622620000812", "正式名称": "医療法人社団医眞会　ＳＤ透析クリニック", "機関区分": 2, "都道府県コード": 26, "市区町村コード": 105, "所在地": "京都府京都市東山区大橋町９４番地三条鈴木ビル４階", "緯度": 35.009035, "経度": 135.773681, "url": "https://www.iryou.teikyouseido.mhlw.go.jp/znk-web/juminkanja/S2430/initialize?prefCd=26&kikanCd=2620000812&kikanKbn=2", "url2": null, "内容": "医療法人社団医眞会　ＳＤ透析クリニック【2:診療所】【診療科目:内科_糖尿病内科_腎臓内科_人工透析内科】京都府京都市東山区大橋町９４番地三条鈴木ビル４階" }, "geometry": { "type": "Point", "coordinates": [ 135.773681, 35.009035 ] } },
{ "type": "Feature", "properties": { "ID": "2622620000813", "正式名称": "いわさき整形外科医院", "機関区分": 2, "都道府県コード": 26, "市区町村コード": 105, "所在地": "京都府京都市東山区三条通大橋東入４丁目七軒町１４　エクセレンス東山１階", "緯度": 35.009618, "経度": 135.777097, "url": "https://www.iryou.teikyouseido.mhlw.go.jp/znk-web/juminkanja/S2430/initialize?prefCd=26&kikanCd=2620000813&kikanKbn=2", "url2": null, "内容": "いわさき整形外科医院【2:診療所】【診療科目:整形外科_リウマチ科_リハビリテーション科】京都府京都市東山区三条通大橋東入４丁目七軒町１４　エクセレンス東山１階" }, "geometry": { "type": "Point", "coordinates": [ 135.777097, 35.009618 ] } },
{ "type": "Feature", "properties": { "ID": "2622620000818", "正式名称": "ヒグチ皮フ科医院", "機関区分": 2, "都道府県コード": 26, "市区町村コード": 105, "所在地": "京都府京都市東山区三条通白川橋東入五軒町１２３", "緯度": 35.009396, "経度": 135.781625, "url": "https://www.iryou.teikyouseido.mhlw.go.jp/znk-web/juminkanja/S2430/initialize?prefCd=26&kikanCd=2620000818&kikanKbn=2", "url2": null, "内容": "ヒグチ皮フ科医院【2:診療所】【診療科目:内科_小児科_皮膚科】京都府京都市東山区三条通白川橋東入五軒町１２３" }, "geometry": { "type": "Point", "coordinates": [ 135.781625, 35.009396 ] } },
{ "type": "Feature", "properties": { "ID": "2622620000819", "正式名称": "医療法人社団ごとう医院", "機関区分": 2, "都道府県コード": 26, "市区町村コード": 105, "所在地": "京都府京都市東山区三条通神宮道西入ル西町１４０番地１", "緯度": 35.00909, "経度": 135.782291, "url": "https://www.iryou.teikyouseido.mhlw.go.jp/znk-web/juminkanja/S2430/initialize?prefCd=26&kikanCd=2620000819&kikanKbn=2", "url2": null, "内容": "医療法人社団ごとう医院【2:診療所】【診療科目:内科_呼吸器内科】京都府京都市東山区三条通神宮道西入ル西町１４０番地１" }, "geometry": { "type": "Point", "coordinates": [ 135.782291, 35.00909 ] } },
{ "type": "Feature", "properties": { "ID": "2622620000821", "正式名称": "医療法人社団礒田内科医院", "機関区分": 2, "都道府県コード": 26, "市区町村コード": 105, "所在地": "京都府京都市東山区稲荷町南組５７７－３　グランエターナ京都知恩院前１階", "緯度": 35.007285, "経度": 135.777986, "url": "https://www.iryou.teikyouseido.mhlw.go.jp/znk-web/juminkanja/S2430/initialize?prefCd=26&kikanCd=2620000821&kikanKbn=2", "url2": null, "内容": "医療法人社団礒田内科医院【2:診療所】【診療科目:内科_循環器内科】京都府京都市東山区稲荷町南組５７７－３　グランエターナ京都知恩院前１階" }, "geometry": { "type": "Point", "coordinates": [ 135.777986, 35.007285 ] } },
{ "type": "Feature", "properties": { "ID": "2622620000823", "正式名称": "祇甲診療所", "機関区分": 2, "都道府県コード": 26, "市区町村コード": 105, "所在地": "京都府京都市東山区祇園町南側５７０の２", "緯度": 35.001785, "経度": 135.775403, "url": "https://www.iryou.teikyouseido.mhlw.go.jp/znk-web/juminkanja/S2430/initialize?prefCd=26&kikanCd=2620000823&kikanKbn=2", "url2": null, "内容": "祇甲診療所【2:診療所】【診療科目:胃腸内科】京都府京都市東山区祇園町南側５７０の２" }, "geometry": { "type": "Point", "coordinates": [ 135.775403, 35.001785 ] } },
{ "type": "Feature", "properties": { "ID": "2622620000827", "正式名称": "林医院", "機関区分": 2, "都道府県コード": 26, "市区町村コード": 105, "所在地": "京都府京都市東山区古門前三吉町３４３", "緯度": 35.006868, "経度": 135.775181, "url": "https://www.iryou.teikyouseido.mhlw.go.jp/znk-web/juminkanja/S2430/initialize?prefCd=26&kikanCd=2620000827&kikanKbn=2", "url2": null, "内容": "林医院【2:診療所】【診療科目:内科_小児科】京都府京都市東山区古門前三吉町３４３" }, "geometry": { "type": "Point", "coordinates": [ 135.775181, 35.006868 ] } },
{ "type": "Feature", "properties": { "ID": "2622620000829", "正式名称": "谷口医院", "機関区分": 2, "都道府県コード": 26, "市区町村コード": 105, "所在地": "京都府京都市東山区宮川筋８丁目４３５番地", "緯度": 34.996008, "経度": 135.768821, "url": "https://www.iryou.teikyouseido.mhlw.go.jp/znk-web/juminkanja/S2430/initialize?prefCd=26&kikanCd=2620000829&kikanKbn=2", "url2": null, "内容": "谷口医院【2:診療所】【診療科目:内科_外科_整形外科】京都府京都市東山区宮川筋８丁目４３５番地" }, "geometry": { "type": "Point", "coordinates": [ 135.768821, 34.996008 ] } },
{ "type": "Feature", "properties": { "ID": "2622620000830", "正式名称": "医療法人武藤医院", "機関区分": 2, "都道府県コード": 26, "市区町村コード": 105, "所在地": "京都府京都市東山区大和大路通四条下ル三丁目博多町７９", "緯度": 35.001147, "経度": 135.772459, "url": "https://www.iryou.teikyouseido.mhlw.go.jp/znk-web/juminkanja/S2430/initialize?prefCd=26&kikanCd=2620000830&kikanKbn=2", "url2": null, "内容": "医療法人武藤医院【2:診療所】【診療科目:内科_外科_整形外科】京都府京都市東山区大和大路通四条下ル三丁目博多町７９" }, "geometry": { "type": "Point", "coordinates": [ 135.772459, 35.001147 ] } },
{ "type": "Feature", "properties": { "ID": "2622620000835", "正式名称": "中村クリニック", "機関区分": 2, "都道府県コード": 26, "市区町村コード": 105, "所在地": "京都府京都市東山区松原通大和大路東入ル弓矢町４８，４９合地", "緯度": 34.998508, "経度": 135.772459, "url": "https://www.iryou.teikyouseido.mhlw.go.jp/znk-web/juminkanja/S2430/initialize?prefCd=26&kikanCd=2620000835&kikanKbn=2", "url2": "https://www.kyoto-nakamuraclinic.com", "内容": "中村クリニック【2:診療所】【診療科目:整形外科_リハビリテーション科】京都府京都市東山区松原通大和大路東入ル弓矢町４８，４９合地" }, "geometry": { "type": "Point", "coordinates": [ 135.772459, 34.998508 ] } },
{ "type": "Feature", "properties": { "ID": "2622620000839", "正式名称": "河合医院", "機関区分": 2, "都道府県コード": 26, "市区町村コード": 105, "所在地": "京都府京都市東山区六波羅三盛町１７０", "緯度": 34.996508, "経度": 135.772987, "url": "https://www.iryou.teikyouseido.mhlw.go.jp/znk-web/juminkanja/S2430/initialize?prefCd=26&kikanCd=2620000839&kikanKbn=2", "url2": "http://www.geocities.com/kawaiclinic/", "内容": "河合医院【2:診療所】【診療科目:内科_放射線科】京都府京都市東山区六波羅三盛町１７０" }, "geometry": { "type": "Point", "coordinates": [ 135.772987, 34.996508 ] } },
{ "type": "Feature", "properties": { "ID": "2622620000841", "正式名称": "京都市東山保健センター", "機関区分": 2, "都道府県コード": 26, "市区町村コード": 105, "所在地": "京都府京都市東山区清水五丁目１３０番地の６", "緯度": 34.997147, "経度": 135.776292, "url": "https://www.iryou.teikyouseido.mhlw.go.jp/znk-web/juminkanja/S2430/initialize?prefCd=26&kikanCd=2620000841&kikanKbn=2", "url2": null, "内容": "京都市東山保健センター【2:診療所】【診療科目:内科_小児科】京都府京都市東山区清水五丁目１３０番地の６" }, "geometry": { "type": "Point", "coordinates": [ 135.776292, 34.997147 ] } },
{ "type": "Feature", "properties": { "ID": "2622620000842", "正式名称": "嶋田医院", "機関区分": 2, "都道府県コード": 26, "市区町村コード": 105, "所在地": "京都府京都市東山区大和大路通五条下ル石垣町東側５３－２", "緯度": 34.994842, "経度": 135.771904, "url": "https://www.iryou.teikyouseido.mhlw.go.jp/znk-web/juminkanja/S2430/initialize?prefCd=26&kikanCd=2620000842&kikanKbn=2", "url2": null, "内容": "嶋田医院【2:診療所】【診療科目:内科_小児科】京都府京都市東山区大和大路通五条下ル石垣町東側５３－２" }, "geometry": { "type": "Point", "coordinates": [ 135.771904, 34.994842 ] } },
{ "type": "Feature", "properties": { "ID": "2622620000843", "正式名称": "新谷医院", "機関区分": 2, "都道府県コード": 26, "市区町村コード": 105, "所在地": "京都府京都市東山区下新シ町３３８", "緯度": 34.994036, "経度": 135.772321, "url": "https://www.iryou.teikyouseido.mhlw.go.jp/znk-web/juminkanja/S2430/initialize?prefCd=26&kikanCd=2620000843&kikanKbn=2", "url2": "http://shintani-clinic.jimdofree.com/", "内容": "新谷医院【2:診療所】【診療科目:内科_糖尿病内科】京都府京都市東山区下新シ町３３８" }, "geometry": { "type": "Point", "coordinates": [ 135.772321, 34.994036 ] } },
{ "type": "Feature", "properties": { "ID": "2622620000846", "正式名称": "京都府赤十字血液センター", "機関区分": 2, "都道府県コード": 26, "市区町村コード": 109, "所在地": "京都府京都市伏見区中島北ノ口町２６", "緯度": 34.949985, "経度": 135.750074, "url": "https://www.iryou.teikyouseido.mhlw.go.jp/znk-web/juminkanja/S2430/initialize?prefCd=26&kikanCd=2620000846&kikanKbn=2", "url2": "https://www.bs.jrc.or.jp/kk/kyoto/", "内容": "京都府赤十字血液センター【2:診療所】【診療科目:内科】京都府京都市伏見区中島北ノ口町２６" }, "geometry": { "type": "Point", "coordinates": [ 135.750074, 34.949985 ] } },
{ "type": "Feature", "properties": { "ID": "2622620000848", "正式名称": "公益社団法人信和会　東山診療所", "機関区分": 2, "都道府県コード": 26, "市区町村コード": 105, "所在地": "京都府京都市東山区今熊野宝蔵町４３", "緯度": 34.984537, "経度": 135.775293, "url": "https://www.iryou.teikyouseido.mhlw.go.jp/znk-web/juminkanja/S2430/initialize?prefCd=26&kikanCd=2620000848&kikanKbn=2", "url2": "http://www6.ocn.ne.jp/~hgsym43/", "内容": "公益社団法人信和会　東山診療所【2:診療所】【診療科目:内科_外科_皮膚科】京都府京都市東山区今熊野宝蔵町４３" }, "geometry": { "type": "Point", "coordinates": [ 135.775293, 34.984537 ] } },
{ "type": "Feature", "properties": { "ID": "2622620000851", "正式名称": "和田内科医院", "機関区分": 2, "都道府県コード": 26, "市区町村コード": 105, "所在地": "京都府京都市東山区今熊野池田町４－１５", "緯度": 34.98512, "経度": 135.773876, "url": "https://www.iryou.teikyouseido.mhlw.go.jp/znk-web/juminkanja/S2430/initialize?prefCd=26&kikanCd=2620000851&kikanKbn=2", "url2": "http://www.comap-net.com/home/wada-naika/", "内容": "和田内科医院【2:診療所】【診療科目:内科】京都府京都市東山区今熊野池田町４－１５" }, "geometry": { "type": "Point", "coordinates": [ 135.773876, 34.98512 ] } },
{ "type": "Feature", "properties": { "ID": "2622620000852", "正式名称": "長村医院", "機関区分": 2, "都道府県コード": 26, "市区町村コード": 105, "所在地": "京都府京都市東山区今熊野池田町５７－５", "緯度": 34.983454, "経度": 135.772154, "url": "https://www.iryou.teikyouseido.mhlw.go.jp/znk-web/juminkanja/S2430/initialize?prefCd=26&kikanCd=2620000852&kikanKbn=2", "url2": null, "内容": "長村医院【2:診療所】【診療科目:内科_小児科_放射線科】京都府京都市東山区今熊野池田町５７－５" }, "geometry": { "type": "Point", "coordinates": [ 135.772154, 34.983454 ] } },
{ "type": "Feature", "properties": { "ID": "2622620000854", "正式名称": "武藤医院", "機関区分": 2, "都道府県コード": 26, "市区町村コード": 105, "所在地": "京都府京都市東山区泉涌寺門前町２１の４", "緯度": 34.982704, "経度": 135.774182, "url": "https://www.iryou.teikyouseido.mhlw.go.jp/znk-web/juminkanja/S2430/initialize?prefCd=26&kikanCd=2620000854&kikanKbn=2", "url2": null, "内容": "武藤医院【2:診療所】【診療科目:内科_小児科】京都府京都市東山区泉涌寺門前町２１の４" }, "geometry": { "type": "Point", "coordinates": [ 135.774182, 34.982704 ] } },
{ "type": "Feature", "properties": { "ID": "2622620000856", "正式名称": "中嶋外科・整形外科医院", "機関区分": 2, "都道府県コード": 26, "市区町村コード": 105, "所在地": "京都府京都市東山区泉涌寺雀ヶ森町１番地", "緯度": 34.982232, "経度": 135.77396, "url": "https://www.iryou.teikyouseido.mhlw.go.jp/znk-web/juminkanja/S2430/initialize?prefCd=26&kikanCd=2620000856&kikanKbn=2", "url2": null, "内容": "中嶋外科・整形外科医院【2:診療所】【診療科目:内科_外科_整形外科_形成外科_皮膚科_リウマチ科_リハビリテーション科_麻酔科】京都府京都市東山区泉涌寺雀ヶ森町１番地" }, "geometry": { "type": "Point", "coordinates": [ 135.77396, 34.982232 ] } },
{ "type": "Feature", "properties": { "ID": "2622620000863", "正式名称": "はしひら医院", "機関区分": 2, "都道府県コード": 26, "市区町村コード": 105, "所在地": "京都府京都市東山区本町１丁目５２番地", "緯度": 34.994758, "経度": 135.76996, "url": "https://www.iryou.teikyouseido.mhlw.go.jp/znk-web/juminkanja/S2430/initialize?prefCd=26&kikanCd=2620000863&kikanKbn=2", "url2": null, "内容": "はしひら医院【2:診療所】【診療科目:外科_整形外科_リウマチ科_リハビリテーション科】京都府京都市東山区本町１丁目５２番地" }, "geometry": { "type": "Point", "coordinates": [ 135.76996, 34.994758 ] } },
{ "type": "Feature", "properties": { "ID": "2622620000866", "正式名称": "岡田医院", "機関区分": 2, "都道府県コード": 26, "市区町村コード": 105, "所在地": "京都府京都市東山区一橋宮ノ内町１５", "緯度": 34.987731, "経度": 135.768877, "url": "https://www.iryou.teikyouseido.mhlw.go.jp/znk-web/juminkanja/S2430/initialize?prefCd=26&kikanCd=2620000866&kikanKbn=2", "url2": null, "内容": "岡田医院【2:診療所】【診療科目:整形外科】京都府京都市東山区一橋宮ノ内町１５" }, "geometry": { "type": "Point", "coordinates": [ 135.768877, 34.987731 ] } },
{ "type": "Feature", "properties": { "ID": "2622620000869", "正式名称": "佐治内科医院", "機関区分": 2, "都道府県コード": 26, "市区町村コード": 103, "所在地": "京都府京都市左京区岩倉北池田町２５", "緯度": 35.065529, "経度": 135.7774, "url": "https://www.iryou.teikyouseido.mhlw.go.jp/znk-web/juminkanja/S2430/initialize?prefCd=26&kikanCd=2620000869&kikanKbn=2", "url2": null, "内容": "佐治内科医院【2:診療所】【診療科目:内科_小児科_放射線科】京都府京都市左京区岩倉北池田町２５" }, "geometry": { "type": "Point", "coordinates": [ 135.7774, 35.065529 ] } },
{ "type": "Feature", "properties": { "ID": "2622620000870", "正式名称": "医療法人　西川医院", "機関区分": 2, "都道府県コード": 26, "市区町村コード": 103, "所在地": "京都府京都市左京区岩倉北池田町６７番地４", "緯度": 35.065251, "経度": 135.7749, "url": "https://www.iryou.teikyouseido.mhlw.go.jp/znk-web/juminkanja/S2430/initialize?prefCd=26&kikanCd=2620000870&kikanKbn=2", "url2": null, "内容": "医療法人　西川医院【2:診療所】【診療科目:内科_アレルギー科】京都府京都市左京区岩倉北池田町６７番地４" }, "geometry": { "type": "Point", "coordinates": [ 135.7749, 35.065251 ] } },
{ "type": "Feature", "properties": { "ID": "2622620000871", "正式名称": "たなか眼科クリニック", "機関区分": 2, "都道府県コード": 26, "市区町村コード": 103, "所在地": "京都府京都市左京区岩倉東宮田町５６－１０", "緯度": 35.065751, "経度": 135.781317, "url": "https://www.iryou.teikyouseido.mhlw.go.jp/znk-web/juminkanja/S2430/initialize?prefCd=26&kikanCd=2620000871&kikanKbn=2", "url2": null, "内容": "たなか眼科クリニック【2:診療所】【診療科目:眼科】京都府京都市左京区岩倉東宮田町５６－１０" }, "geometry": { "type": "Point", "coordinates": [ 135.781317, 35.065751 ] } },
{ "type": "Feature", "properties": { "ID": "2622620000872", "正式名称": "後藤医院", "機関区分": 2, "都道府県コード": 26, "市区町村コード": 103, "所在地": "京都府京都市左京区岩倉幡枝町７３７番地古村マンション２階", "緯度": 35.065917, "経度": 135.774095, "url": "https://www.iryou.teikyouseido.mhlw.go.jp/znk-web/juminkanja/S2430/initialize?prefCd=26&kikanCd=2620000872&kikanKbn=2", "url2": null, "内容": "後藤医院【2:診療所】【診療科目:胃腸内科_外科_肛門外科_皮膚科】京都府京都市左京区岩倉幡枝町７３７番地古村マンション２階" }, "geometry": { "type": "Point", "coordinates": [ 135.774095, 35.065917 ] } },
{ "type": "Feature", "properties": { "ID": "2622620000873", "正式名称": "ヨネダ岩倉診療所", "機関区分": 2, "都道府県コード": 26, "市区町村コード": 103, "所在地": "京都府京都市左京区岩倉忠在地町２２４", "緯度": 35.074806, "経度": 135.785621, "url": "https://www.iryou.teikyouseido.mhlw.go.jp/znk-web/juminkanja/S2430/initialize?prefCd=26&kikanCd=2620000873&kikanKbn=2", "url2": "http://www.iwakura-clinic.com/", "内容": "ヨネダ岩倉診療所【2:診療所】【診療科目:内科】京都府京都市左京区岩倉忠在地町２２４" }, "geometry": { "type": "Point", "coordinates": [ 135.785621, 35.074806 ] } },
{ "type": "Feature", "properties": { "ID": "2622620000875", "正式名称": "人見整形外科医院", "機関区分": 2, "都道府県コード": 26, "市区町村コード": 103, "所在地": "京都府京都市左京区岩倉忠在地町２８３－１", "緯度": 35.071723, "経度": 135.78726, "url": "https://www.iryou.teikyouseido.mhlw.go.jp/znk-web/juminkanja/S2430/initialize?prefCd=26&kikanCd=2620000875&kikanKbn=2", "url2": null, "内容": "人見整形外科医院【2:診療所】【診療科目:整形外科_形成外科_リウマチ科_リハビリテーション科】京都府京都市左京区岩倉忠在地町２８３－１" }, "geometry": { "type": "Point", "coordinates": [ 135.78726, 35.071723 ] } },
{ "type": "Feature", "properties": { "ID": "2622620000877", "正式名称": "小泉眼科医院", "機関区分": 2, "都道府県コード": 26, "市区町村コード": 103, "所在地": "京都府京都市左京区岩倉忠在地町５０６－８", "緯度": 35.078277, "経度": 135.787815, "url": "https://www.iryou.teikyouseido.mhlw.go.jp/znk-web/juminkanja/S2430/initialize?prefCd=26&kikanCd=2620000877&kikanKbn=2", "url2": null, "内容": "小泉眼科医院【2:診療所】【診療科目:眼科】京都府京都市左京区岩倉忠在地町５０６－８" }, "geometry": { "type": "Point", "coordinates": [ 135.787815, 35.078277 ] } },
{ "type": "Feature", "properties": { "ID": "2622620000878", "正式名称": "社団法人信和会京都民医連洛北診療所", "機関区分": 2, "都道府県コード": 26, "市区町村コード": 103, "所在地": "京都府京都市左京区岩倉忠在地町５２９番地", "緯度": 35.075944, "経度": 135.787677, "url": "https://www.iryou.teikyouseido.mhlw.go.jp/znk-web/juminkanja/S2430/initialize?prefCd=26&kikanCd=2620000878&kikanKbn=2", "url2": null, "内容": "社団法人信和会京都民医連洛北診療所【2:診療所】【診療科目:内科_外科_小児科_アレルギー科】京都府京都市左京区岩倉忠在地町５２９番地" }, "geometry": { "type": "Point", "coordinates": [ 135.787677, 35.075944 ] } },
{ "type": "Feature", "properties": { "ID": "2622620000880", "正式名称": "医療法人社団丹羽内科医院", "機関区分": 2, "都道府県コード": 26, "市区町村コード": 103, "所在地": "京都府京都市左京区岩倉三宅町３６０番地", "緯度": 35.06764, "経度": 135.792732, "url": "https://www.iryou.teikyouseido.mhlw.go.jp/znk-web/juminkanja/S2430/initialize?prefCd=26&kikanCd=2620000880&kikanKbn=2", "url2": null, "内容": "医療法人社団丹羽内科医院【2:診療所】【診療科目:内科】京都府京都市左京区岩倉三宅町３６０番地" }, "geometry": { "type": "Point", "coordinates": [ 135.792732, 35.06764 ] } },
{ "type": "Feature", "properties": { "ID": "2622620000881", "正式名称": "井上医院", "機関区分": 2, "都道府県コード": 26, "市区町村コード": 103, "所在地": "京都府京都市左京区聖護院蓮華蔵町４", "緯度": 35.014867, "経度": 135.777319, "url": "https://www.iryou.teikyouseido.mhlw.go.jp/znk-web/juminkanja/S2430/initialize?prefCd=26&kikanCd=2620000881&kikanKbn=2", "url2": "http://nttbj.itp.ne.jp/0757712631/index.html", "内容": "井上医院【2:診療所】【診療科目:内科】京都府京都市左京区聖護院蓮華蔵町４" }, "geometry": { "type": "Point", "coordinates": [ 135.777319, 35.014867 ] } },
{ "type": "Feature", "properties": { "ID": "2622620000882", "正式名称": "医療法人清久会飯田診療所", "機関区分": 2, "都道府県コード": 26, "市区町村コード": 103, "所在地": "京都府京都市左京区岩倉中町１７４－６", "緯度": 35.0735, "経度": 135.790177, "url": "https://www.iryou.teikyouseido.mhlw.go.jp/znk-web/juminkanja/S2430/initialize?prefCd=26&kikanCd=2620000882&kikanKbn=2", "url2": null, "内容": "医療法人清久会飯田診療所【2:診療所】【診療科目:内科_小児科_皮膚科】京都府京都市左京区岩倉中町１７４－６" }, "geometry": { "type": "Point", "coordinates": [ 135.790177, 35.0735 ] } },
{ "type": "Feature", "properties": { "ID": "2622620000884", "正式名称": "内科平位医院", "機関区分": 2, "都道府県コード": 26, "市区町村コード": 103, "所在地": "京都府京都市左京区上高野北田町１３－２", "緯度": 35.065779, "経度": 135.793649, "url": "https://www.iryou.teikyouseido.mhlw.go.jp/znk-web/juminkanja/S2430/initialize?prefCd=26&kikanCd=2620000884&kikanKbn=2", "url2": null, "内容": "内科平位医院【2:診療所】【診療科目:内科】京都府京都市左京区上高野北田町１３－２" }, "geometry": { "type": "Point", "coordinates": [ 135.793649, 35.065779 ] } },
{ "type": "Feature", "properties": { "ID": "2622620000885", "正式名称": "横山医院", "機関区分": 2, "都道府県コード": 26, "市区町村コード": 103, "所在地": "京都府京都市左京区上高野鷺町１１", "緯度": 35.062557, "経度": 135.787927, "url": "https://www.iryou.teikyouseido.mhlw.go.jp/znk-web/juminkanja/S2430/initialize?prefCd=26&kikanCd=2620000885&kikanKbn=2", "url2": null, "内容": "横山医院【2:診療所】【診療科目:内科_外科_皮膚科】京都府京都市左京区上高野鷺町１１" }, "geometry": { "type": "Point", "coordinates": [ 135.787927, 35.062557 ] } },
{ "type": "Feature", "properties": { "ID": "2622620000886", "正式名称": "松下医院", "機関区分": 2, "都道府県コード": 26, "市区町村コード": 103, "所在地": "京都府京都市左京区上高野古川町１２", "緯度": 35.061918, "経度": 135.79101, "url": "https://www.iryou.teikyouseido.mhlw.go.jp/znk-web/juminkanja/S2430/initialize?prefCd=26&kikanCd=2620000886&kikanKbn=2", "url2": "http://www.matsushitacl.jp", "内容": "松下医院【2:診療所】【診療科目:内科_消化器内科_胃腸内科】京都府京都市左京区上高野古川町１２" }, "geometry": { "type": "Point", "coordinates": [ 135.79101, 35.061918 ] } },
{ "type": "Feature", "properties": { "ID": "2622620000888", "正式名称": "医療法人　翠川医院", "機関区分": 2, "都道府県コード": 26, "市区町村コード": 103, "所在地": "京都府京都市左京区上高野諸木町５０番地３", "緯度": 35.06439, "経度": 135.790066, "url": "https://www.iryou.teikyouseido.mhlw.go.jp/znk-web/juminkanja/S2430/initialize?prefCd=26&kikanCd=2620000888&kikanKbn=2", "url2": null, "内容": "医療法人　翠川医院【2:診療所】【診療科目:内科_神経内科_小児科】京都府京都市左京区上高野諸木町５０番地３" }, "geometry": { "type": "Point", "coordinates": [ 135.790066, 35.06439 ] } },
{ "type": "Feature", "properties": { "ID": "2622620000890", "正式名称": "中上クリニック", "機関区分": 2, "都道府県コード": 26, "市区町村コード": 103, "所在地": "京都府京都市左京区上高野下荒蒔町６－１ガルソニエラ宝ヶ池１階", "緯度": 35.057863, "経度": 135.791677, "url": "https://www.iryou.teikyouseido.mhlw.go.jp/znk-web/juminkanja/S2430/initialize?prefCd=26&kikanCd=2620000890&kikanKbn=2", "url2": "www://nakagami-clinic.com", "内容": "中上クリニック【2:診療所】【診療科目:内科_外科】京都府京都市左京区上高野下荒蒔町６－１ガルソニエラ宝ヶ池１階" }, "geometry": { "type": "Point", "coordinates": [ 135.791677, 35.057863 ] } },
{ "type": "Feature", "properties": { "ID": "2622620000893", "正式名称": "医療法人原医院", "機関区分": 2, "都道府県コード": 26, "市区町村コード": 103, "所在地": "京都府京都市左京区下鴨下川原町６３－２", "緯度": 35.039226, "経度": 135.767374, "url": "https://www.iryou.teikyouseido.mhlw.go.jp/znk-web/juminkanja/S2430/initialize?prefCd=26&kikanCd=2620000893&kikanKbn=2", "url2": null, "内容": "医療法人原医院【2:診療所】【診療科目:外科_整形外科_皮膚科】京都府京都市左京区下鴨下川原町６３－２" }, "geometry": { "type": "Point", "coordinates": [ 135.767374, 35.039226 ] } },
{ "type": "Feature", "properties": { "ID": "2622620000894", "正式名称": "越智医院", "機関区分": 2, "都道府県コード": 26, "市区町村コード": 103, "所在地": "京都府京都市左京区下鴨森本町１７", "緯度": 35.03717, "経度": 135.771208, "url": "https://www.iryou.teikyouseido.mhlw.go.jp/znk-web/juminkanja/S2430/initialize?prefCd=26&kikanCd=2620000894&kikanKbn=2", "url2": null, "内容": "越智医院【2:診療所】【診療科目:内科_小児科】京都府京都市左京区下鴨森本町１７" }, "geometry": { "type": "Point", "coordinates": [ 135.771208, 35.03717 ] } },
{ "type": "Feature", "properties": { "ID": "2622620000895", "正式名称": "医療法人鈴木診療所", "機関区分": 2, "都道府県コード": 26, "市区町村コード": 103, "所在地": "京都府京都市左京区下鴨蓼倉町６８番地", "緯度": 35.040142, "経度": 135.774735, "url": "https://www.iryou.teikyouseido.mhlw.go.jp/znk-web/juminkanja/S2430/initialize?prefCd=26&kikanCd=2620000895&kikanKbn=2", "url2": null, "内容": "医療法人鈴木診療所【2:診療所】【診療科目:内科_小児科_アレルギー科】京都府京都市左京区下鴨蓼倉町６８番地" }, "geometry": { "type": "Point", "coordinates": [ 135.774735, 35.040142 ] } },
{ "type": "Feature", "properties": { "ID": "2622620000897", "正式名称": "医療法人社団糺森翠泉会森産婦人科医院", "機関区分": 2, "都道府県コード": 26, "市区町村コード": 103, "所在地": "京都府京都市左京区下鴨泉川町６２－２", "緯度": 35.034032, "経度": 135.773346, "url": "https://www.iryou.teikyouseido.mhlw.go.jp/znk-web/juminkanja/S2430/initialize?prefCd=26&kikanCd=2620000897&kikanKbn=2", "url2": "http://www.mfis.pref.kyoto.lg.jp/ap/co/WebCoParts/www.moriobgy.com/index.html", "内容": "医療法人社団糺森翠泉会森産婦人科医院【2:診療所】【診療科目:産婦人科】京都府京都市左京区下鴨泉川町６２－２" }, "geometry": { "type": "Point", "coordinates": [ 135.773346, 35.034032 ] } },
{ "type": "Feature", "properties": { "ID": "2622620000898", "正式名称": "那須医院", "機関区分": 2, "都道府県コード": 26, "市区町村コード": 103, "所在地": "京都府京都市左京区下鴨中川原町１", "緯度": 35.042662, "経度": 135.764689, "url": "https://www.iryou.teikyouseido.mhlw.go.jp/znk-web/juminkanja/S2430/initialize?prefCd=26&kikanCd=2620000898&kikanKbn=2", "url2": null, "内容": "那須医院【2:診療所】【診療科目:内科_消化器内科_胃腸内科】京都府京都市左京区下鴨中川原町１" }, "geometry": { "type": "Point", "coordinates": [ 135.764689, 35.042662 ] } },
{ "type": "Feature", "properties": { "ID": "2622620000900", "正式名称": "増田医院", "機関区分": 2, "都道府県コード": 26, "市区町村コード": 103, "所在地": "京都府京都市左京区下鴨芝本町２５", "緯度": 35.043003, "経度": 135.767985, "url": "https://www.iryou.teikyouseido.mhlw.go.jp/znk-web/juminkanja/S2430/initialize?prefCd=26&kikanCd=2620000900&kikanKbn=2", "url2": "http://www.kyoto.zaq.ne.jp/dkalq300/index.html", "内容": "増田医院【2:診療所】【診療科目:外科_肛門外科_整形外科_リハビリテーション科】京都府京都市左京区下鴨芝本町２５" }, "geometry": { "type": "Point", "coordinates": [ 135.767985, 35.043003 ] } },
{ "type": "Feature", "properties": { "ID": "2622620000901", "正式名称": "医療法人鴨葵会市田医院", "機関区分": 2, "都道府県コード": 26, "市区町村コード": 103, "所在地": "京都府京都市左京区下鴨松ノ木町１９", "緯度": 35.04117, "経度": 135.769041, "url": "https://www.iryou.teikyouseido.mhlw.go.jp/znk-web/juminkanja/S2430/initialize?prefCd=26&kikanCd=2620000901&kikanKbn=2", "url2": "https://www.ichida-iin.com/", "内容": "医療法人鴨葵会市田医院【2:診療所】【診療科目:内科_循環器内科】京都府京都市左京区下鴨松ノ木町１９" }, "geometry": { "type": "Point", "coordinates": [ 135.769041, 35.04117 ] } },
{ "type": "Feature", "properties": { "ID": "2622620000903", "正式名称": "医療法人社団塩見医院", "機関区分": 2, "都道府県コード": 26, "市区町村コード": 103, "所在地": "京都府京都市左京区下鴨松ノ木町７１番地", "緯度": 35.04092, "経度": 135.771069, "url": "https://www.iryou.teikyouseido.mhlw.go.jp/znk-web/juminkanja/S2430/initialize?prefCd=26&kikanCd=2620000903&kikanKbn=2", "url2": "http://www.shiomi-clinic.or.jp/", "内容": "医療法人社団塩見医院【2:診療所】【診療科目:内科_消化器内科_胃腸内科】京都府京都市左京区下鴨松ノ木町７１番地" }, "geometry": { "type": "Point", "coordinates": [ 135.771069, 35.04092 ] } },
{ "type": "Feature", "properties": { "ID": "2622620000904", "正式名称": "医療法人山添医院", "機関区分": 2, "都道府県コード": 26, "市区町村コード": 103, "所在地": "京都府京都市左京区下鴨松ノ木町８０番地の３", "緯度": 35.041253, "経度": 135.771346, "url": "https://www.iryou.teikyouseido.mhlw.go.jp/znk-web/juminkanja/S2430/initialize?prefCd=26&kikanCd=2620000904&kikanKbn=2", "url2": null, "内容": "医療法人山添医院【2:診療所】【診療科目:外科_肛門外科_整形外科_皮膚科_泌尿器科】京都府京都市左京区下鴨松ノ木町８０番地の３" }, "geometry": { "type": "Point", "coordinates": [ 135.771346, 35.041253 ] } },
{ "type": "Feature", "properties": { "ID": "2622620000905", "正式名称": "大原在宅診療所", "機関区分": 2, "都道府県コード": 26, "市区町村コード": 103, "所在地": "京都府京都市左京区下鴨西林町６上文堂ビル", "緯度": 35.039254, "経度": 135.770652, "url": "https://www.iryou.teikyouseido.mhlw.go.jp/znk-web/juminkanja/S2430/initialize?prefCd=26&kikanCd=2620000905&kikanKbn=2", "url2": null, "内容": "大原在宅診療所【2:診療所】【診療科目:内科_神経内科_外科】京都府京都市左京区下鴨西林町６上文堂ビル" }, "geometry": { "type": "Point", "coordinates": [ 135.770652, 35.039254 ] } },
{ "type": "Feature", "properties": { "ID": "2622620000906", "正式名称": "ウラデ整形外科医院", "機関区分": 2, "都道府県コード": 26, "市区町村コード": 103, "所在地": "京都府京都市左京区下鴨東半木町６７", "緯度": 35.044642, "経度": 135.767402, "url": "https://www.iryou.teikyouseido.mhlw.go.jp/znk-web/juminkanja/S2430/initialize?prefCd=26&kikanCd=2620000906&kikanKbn=2", "url2": null, "内容": "ウラデ整形外科医院【2:診療所】【診療科目:整形外科】京都府京都市左京区下鴨東半木町６７" }, "geometry": { "type": "Point", "coordinates": [ 135.767402, 35.044642 ] } },
{ "type": "Feature", "properties": { "ID": "2622620000909", "正式名称": "耳鼻咽喉科　内科　堀医院", "機関区分": 2, "都道府県コード": 26, "市区町村コード": 103, "所在地": "京都府京都市左京区下鴨西本町８", "緯度": 35.043725, "経度": 135.768402, "url": "https://www.iryou.teikyouseido.mhlw.go.jp/znk-web/juminkanja/S2430/initialize?prefCd=26&kikanCd=2620000909&kikanKbn=2", "url2": null, "内容": "耳鼻咽喉科　内科　堀医院【2:診療所】【診療科目:内科_耳鼻いんこう科】京都府京都市左京区下鴨西本町８" }, "geometry": { "type": "Point", "coordinates": [ 135.768402, 35.043725 ] } },
{ "type": "Feature", "properties": { "ID": "2622620000910", "正式名称": "医療法人社団坂口循環器科内科医院", "機関区分": 2, "都道府県コード": 26, "市区町村コード": 103, "所在地": "京都府京都市左京区下鴨北園町１０８－４", "緯度": 35.047447, "経度": 135.771485, "url": "https://www.iryou.teikyouseido.mhlw.go.jp/znk-web/juminkanja/S2430/initialize?prefCd=26&kikanCd=2620000910&kikanKbn=2", "url2": "http://www3.inp.ne.jp/sakaguchi/", "内容": "医療法人社団坂口循環器科内科医院【2:診療所】【診療科目:内科】京都府京都市左京区下鴨北園町１０８－４" }, "geometry": { "type": "Point", "coordinates": [ 135.771485, 35.047447 ] } },
{ "type": "Feature", "properties": { "ID": "2622620000911", "正式名称": "山本クリニック", "機関区分": 2, "都道府県コード": 26, "市区町村コード": 103, "所在地": "京都府京都市左京区下鴨北園町３０－２", "緯度": 35.047753, "経度": 135.770485, "url": "https://www.iryou.teikyouseido.mhlw.go.jp/znk-web/juminkanja/S2430/initialize?prefCd=26&kikanCd=2620000911&kikanKbn=2", "url2": null, "内容": "山本クリニック【2:診療所】【診療科目:内科_皮膚科_アレルギー科】京都府京都市左京区下鴨北園町３０－２" }, "geometry": { "type": "Point", "coordinates": [ 135.770485, 35.047753 ] } },
{ "type": "Feature", "properties": { "ID": "2622620000914", "正式名称": "児嶋耳鼻咽喉科", "機関区分": 2, "都道府県コード": 26, "市区町村コード": 103, "所在地": "京都府京都市左京区下鴨前萩町５番地１１", "緯度": 35.05128, "経度": 135.767874, "url": "https://www.iryou.teikyouseido.mhlw.go.jp/znk-web/juminkanja/S2430/initialize?prefCd=26&kikanCd=2620000914&kikanKbn=2", "url2": "http://kyokoji.com/", "内容": "児嶋耳鼻咽喉科【2:診療所】【診療科目:耳鼻いんこう科_気管食道・耳鼻いんこう科_頭頸部・耳鼻いんこう科_アレルギー科】京都府京都市左京区下鴨前萩町５番地１１" }, "geometry": { "type": "Point", "coordinates": [ 135.767874, 35.05128 ] } },
{ "type": "Feature", "properties": { "ID": "イリョウホウジンイシイカイイシイヒフカ", "正式名称": "大久保クリニック", "機関区分": 2, "都道府県コード": 26, "市区町村コード": 103, "所在地": "京都府京都市左京区下鴨南野々神町１－７ドルス北山１Ｆ", "緯度": 35.051336, "経度": 135.769707, "url": "https://www.iryou.teikyouseido.mhlw.go.jp/znk-web/juminkanja/S2430/initialize?prefCd=26&kikanCd=ウホウジンイシイカイイシイヒフカ&kikanKbn=2", "url2": null, "内容": "大久保クリニック【2:診療所】【診療科目:0】京都府京都市左京区下鴨南野々神町１－７ドルス北山１Ｆ" }, "geometry": { "type": "Point", "coordinates": [ 135.769707, 35.051336 ] } },
{ "type": "Feature", "properties": { "ID": "2622620000922", "正式名称": "医療法人石川医院", "機関区分": 2, "都道府県コード": 26, "市区町村コード": 103, "所在地": "京都府京都市左京区下鴨梅ノ木町４６番地１号　カーサ下鴨２Ｆ３Ｆ", "緯度": 35.046975, "経度": 135.770902, "url": "https://www.iryou.teikyouseido.mhlw.go.jp/znk-web/juminkanja/S2430/initialize?prefCd=26&kikanCd=2620000922&kikanKbn=2", "url2": null, "内容": "医療法人石川医院【2:診療所】【診療科目:内科_神経内科】京都府京都市左京区下鴨梅ノ木町４６番地１号　カーサ下鴨２Ｆ３Ｆ" }, "geometry": { "type": "Point", "coordinates": [ 135.770902, 35.046975 ] } },
{ "type": "Feature", "properties": { "ID": "2622620000923", "正式名称": "医療法人佐藤皮膚科医院", "機関区分": 2, "都道府県コード": 26, "市区町村コード": 103, "所在地": "京都府京都市左京区下鴨東塚本町２２番地の１", "緯度": 35.046558, "経度": 135.776262, "url": "https://www.iryou.teikyouseido.mhlw.go.jp/znk-web/juminkanja/S2430/initialize?prefCd=26&kikanCd=2620000923&kikanKbn=2", "url2": "https://www.satodc.jp/hifuka.html", "内容": "医療法人佐藤皮膚科医院【2:診療所】【診療科目:皮膚科_アレルギー科】京都府京都市左京区下鴨東塚本町２２番地の１" }, "geometry": { "type": "Point", "coordinates": [ 135.776262, 35.046558 ] } },
{ "type": "Feature", "properties": { "ID": "2622620000926", "正式名称": "三浦診療所", "機関区分": 2, "都道府県コード": 26, "市区町村コード": 103, "所在地": "京都府京都市左京区下鴨本町１２－４", "緯度": 35.044197, "経度": 135.771235, "url": "https://www.iryou.teikyouseido.mhlw.go.jp/znk-web/juminkanja/S2430/initialize?prefCd=26&kikanCd=2620000926&kikanKbn=2", "url2": "http://www.miura-shinryosho.jp/", "内容": "三浦診療所【2:診療所】【診療科目:内科】京都府京都市左京区下鴨本町１２－４" }, "geometry": { "type": "Point", "coordinates": [ 135.771235, 35.044197 ] } },
{ "type": "Feature", "properties": { "ID": "2622620000927", "正式名称": "岡村医院", "機関区分": 2, "都道府県コード": 26, "市区町村コード": 103, "所在地": "京都府京都市左京区下鴨本町３３の３", "緯度": 35.043364, "経度": 135.771791, "url": "https://www.iryou.teikyouseido.mhlw.go.jp/znk-web/juminkanja/S2430/initialize?prefCd=26&kikanCd=2620000927&kikanKbn=2", "url2": null, "内容": "岡村医院【2:診療所】【診療科目:内科_小児科_放射線科】京都府京都市左京区下鴨本町３３の３" }, "geometry": { "type": "Point", "coordinates": [ 135.771791, 35.043364 ] } },
{ "type": "Feature", "properties": { "ID": "2622620000929", "正式名称": "吉田眼科医院", "機関区分": 2, "都道府県コード": 26, "市区町村コード": 103, "所在地": "京都府京都市左京区下鴨東本町９", "緯度": 35.043843, "経度": 135.773, "url": "https://www.iryou.teikyouseido.mhlw.go.jp/znk-web/juminkanja/S2430/initialize?prefCd=26&kikanCd=2620000929&kikanKbn=2", "url2": null, "内容": "吉田眼科医院【2:診療所】【診療科目:眼科】京都府京都市左京区下鴨東本町９" }, "geometry": { "type": "Point", "coordinates": [ 135.773, 35.043843 ] } },
{ "type": "Feature", "properties": { "ID": "2622620000930", "正式名称": "医療法人祥正会藤原内科", "機関区分": 2, "都道府県コード": 26, "市区町村コード": 103, "所在地": "京都府京都市左京区下鴨高木町３９の５", "緯度": 35.043836, "経度": 135.777485, "url": "https://www.iryou.teikyouseido.mhlw.go.jp/znk-web/juminkanja/S2430/initialize?prefCd=26&kikanCd=2620000930&kikanKbn=2", "url2": "https://fujiwaranaika-kyoto.jp", "内容": "医療法人祥正会藤原内科【2:診療所】【診療科目:内科_循環器内科_リハビリテーション科】京都府京都市左京区下鴨高木町３９の５" }, "geometry": { "type": "Point", "coordinates": [ 135.777485, 35.043836 ] } },
{ "type": "Feature", "properties": { "ID": "2622620000931", "正式名称": "医療法人　仁愛会　川村産婦人科", "機関区分": 2, "都道府県コード": 26, "市区町村コード": 103, "所在地": "京都府京都市左京区下鴨高木町４０番地", "緯度": 35.043809, "経度": 135.777623, "url": "https://www.iryou.teikyouseido.mhlw.go.jp/znk-web/juminkanja/S2430/initialize?prefCd=26&kikanCd=2620000931&kikanKbn=2", "url2": "http://www.kawamura-lc.net/", "内容": "医療法人　仁愛会　川村産婦人科【2:診療所】【診療科目:産婦人科_産科_婦人科】京都府京都市左京区下鴨高木町４０番地" }, "geometry": { "type": "Point", "coordinates": [ 135.777623, 35.043809 ] } },
{ "type": "Feature", "properties": { "ID": "2622620000932", "正式名称": "江部診療所", "機関区分": 2, "都道府県コード": 26, "市区町村コード": 103, "所在地": "京都府京都市左京区下鴨高木町６アトリエ・フォー２Ｆ", "緯度": 35.044003, "経度": 135.775818, "url": "https://www.iryou.teikyouseido.mhlw.go.jp/znk-web/juminkanja/S2430/initialize?prefCd=26&kikanCd=2620000932&kikanKbn=2", "url2": null, "内容": "江部診療所【2:診療所】【診療科目:内科】京都府京都市左京区下鴨高木町６アトリエ・フォー２Ｆ" }, "geometry": { "type": "Point", "coordinates": [ 135.775818, 35.044003 ] } },
{ "type": "Feature", "properties": { "ID": "2622620000935", "正式名称": "医療法人山口整形外科医院", "機関区分": 2, "都道府県コード": 26, "市区町村コード": 103, "所在地": "京都府京都市左京区松ヶ崎三反長町１－５", "緯度": 35.050336, "経度": 135.776484, "url": "https://www.iryou.teikyouseido.mhlw.go.jp/znk-web/juminkanja/S2430/initialize?prefCd=26&kikanCd=2620000935&kikanKbn=2", "url2": "https://yamaguchiseikei.boy.jp/", "内容": "医療法人山口整形外科医院【2:診療所】【診療科目:整形外科_リウマチ科_リハビリテーション科】京都府京都市左京区松ヶ崎三反長町１－５" }, "geometry": { "type": "Point", "coordinates": [ 135.776484, 35.050336 ] } },
{ "type": "Feature", "properties": { "ID": "2622620000937", "正式名称": "京都工芸繊維大学保健管理センター", "機関区分": 2, "都道府県コード": 26, "市区町村コード": 103, "所在地": "京都府京都市左京区松ヶ崎橋上町１番地", "緯度": 35.04978, "経度": 135.783289, "url": "https://www.iryou.teikyouseido.mhlw.go.jp/znk-web/juminkanja/S2430/initialize?prefCd=26&kikanCd=2620000937&kikanKbn=2", "url2": null, "内容": "京都工芸繊維大学保健管理センター【2:診療所】【診療科目:内科】京都府京都市左京区松ヶ崎橋上町１番地" }, "geometry": { "type": "Point", "coordinates": [ 135.783289, 35.04978 ] } },
{ "type": "Feature", "properties": { "ID": "2622620000939", "正式名称": "ごとう内科医院", "機関区分": 2, "都道府県コード": 26, "市区町村コード": 103, "所在地": "京都府京都市左京区松ヶ崎小脇町１６－３グラシオビル１Ｆ", "緯度": 35.051391, "経度": 135.786845, "url": "https://www.iryou.teikyouseido.mhlw.go.jp/znk-web/juminkanja/S2430/initialize?prefCd=26&kikanCd=2620000939&kikanKbn=2", "url2": "https://www.gotou-naika.com", "内容": "ごとう内科医院【2:診療所】【診療科目:内科_呼吸器内科_消化器内科】京都府京都市左京区松ヶ崎小脇町１６－３グラシオビル１Ｆ" }, "geometry": { "type": "Point", "coordinates": [ 135.786845, 35.051391 ] } },
{ "type": "Feature", "properties": { "ID": "2622620000940", "正式名称": "北山通ソウクリニック", "機関区分": 2, "都道府県コード": 26, "市区町村コード": 103, "所在地": "京都府京都市左京区松ヶ崎小脇町８－２", "緯度": 35.05153, "経度": 135.785456, "url": "https://www.iryou.teikyouseido.mhlw.go.jp/znk-web/juminkanja/S2430/initialize?prefCd=26&kikanCd=2620000940&kikanKbn=2", "url2": null, "内容": "北山通ソウクリニック【2:診療所】【診療科目:内科_精神科_心療内科】京都府京都市左京区松ヶ崎小脇町８－２" }, "geometry": { "type": "Point", "coordinates": [ 135.785456, 35.05153 ] } },
{ "type": "Feature", "properties": { "ID": "2622620000950", "正式名称": "医療法人社団川浪眼科医院", "機関区分": 2, "都道府県コード": 26, "市区町村コード": 103, "所在地": "京都府京都市左京区山端壱町田町６番地の３修学院ビル３階", "緯度": 35.050697, "経度": 135.790844, "url": "https://www.iryou.teikyouseido.mhlw.go.jp/znk-web/juminkanja/S2430/initialize?prefCd=26&kikanCd=2620000950&kikanKbn=2", "url2": null, "内容": "医療法人社団川浪眼科医院【2:診療所】【診療科目:眼科】京都府京都市左京区山端壱町田町６番地の３修学院ビル３階" }, "geometry": { "type": "Point", "coordinates": [ 135.790844, 35.050697 ] } },
{ "type": "Feature", "properties": { "ID": "2622620000955", "正式名称": "三嶋医院", "機関区分": 2, "都道府県コード": 26, "市区町村コード": 103, "所在地": "京都府京都市左京区修学院犬塚町１１－３", "緯度": 35.051753, "経度": 135.793872, "url": "https://www.iryou.teikyouseido.mhlw.go.jp/znk-web/juminkanja/S2430/initialize?prefCd=26&kikanCd=2620000955&kikanKbn=2", "url2": null, "内容": "三嶋医院【2:診療所】【診療科目:内科_小児科】京都府京都市左京区修学院犬塚町１１－３" }, "geometry": { "type": "Point", "coordinates": [ 135.793872, 35.051753 ] } },
{ "type": "Feature", "properties": { "ID": "2622620000956", "正式名称": "医療法人八田内科医院", "機関区分": 2, "都道府県コード": 26, "市区町村コード": 103, "所在地": "京都府京都市左京区修学院薬師堂町", "緯度": 35.050447, "経度": 135.795372, "url": "https://www.iryou.teikyouseido.mhlw.go.jp/znk-web/juminkanja/S2430/initialize?prefCd=26&kikanCd=2620000956&kikanKbn=2", "url2": "https://hatta-medical-clinic.com", "内容": "医療法人八田内科医院【2:診療所】【診療科目:内科_循環器内科_腎臓内科_小児科_放射線科】京都府京都市左京区修学院薬師堂町" }, "geometry": { "type": "Point", "coordinates": [ 135.795372, 35.050447 ] } },
{ "type": "Feature", "properties": { "ID": "2622620000958", "正式名称": "医療法人社団隅田眼科医院", "機関区分": 2, "都道府県コード": 26, "市区町村コード": 103, "所在地": "京都府京都市左京区高野西開町３６番地１　洛北阪急スクエア２Ｆ", "緯度": 35.041087, "経度": 135.779012, "url": "https://www.iryou.teikyouseido.mhlw.go.jp/znk-web/juminkanja/S2430/initialize?prefCd=26&kikanCd=2620000958&kikanKbn=2", "url2": null, "内容": "医療法人社団隅田眼科医院【2:診療所】【診療科目:眼科】京都府京都市左京区高野西開町３６番地１　洛北阪急スクエア２Ｆ" }, "geometry": { "type": "Point", "coordinates": [ 135.779012, 35.041087 ] } },
{ "type": "Feature", "properties": { "ID": "2622620000959", "正式名称": "大西皮膚科クリニック", "機関区分": 2, "都道府県コード": 26, "市区町村コード": 103, "所在地": "京都府京都市左京区高野西開町５５タカノビル２Ｆ", "緯度": 35.041559, "経度": 135.780762, "url": "https://www.iryou.teikyouseido.mhlw.go.jp/znk-web/juminkanja/S2430/initialize?prefCd=26&kikanCd=2620000959&kikanKbn=2", "url2": null, "内容": "大西皮膚科クリニック【2:診療所】【診療科目:皮膚科】京都府京都市左京区高野西開町５５タカノビル２Ｆ" }, "geometry": { "type": "Point", "coordinates": [ 135.780762, 35.041559 ] } },
{ "type": "Feature", "properties": { "ID": "2622620000961", "正式名称": "菅内科医院", "機関区分": 2, "都道府県コード": 26, "市区町村コード": 103, "所在地": "京都府京都市左京区高野竹屋町１６番地の１", "緯度": 35.043114, "経度": 135.78079, "url": "https://www.iryou.teikyouseido.mhlw.go.jp/znk-web/juminkanja/S2430/initialize?prefCd=26&kikanCd=2620000961&kikanKbn=2", "url2": null, "内容": "菅内科医院【2:診療所】【診療科目:内科】京都府京都市左京区高野竹屋町１６番地の１" }, "geometry": { "type": "Point", "coordinates": [ 135.78079, 35.043114 ] } },
{ "type": "Feature", "properties": { "ID": "2622620000962", "正式名称": "たか野診療所", "機関区分": 2, "都道府県コード": 26, "市区町村コード": 103, "所在地": "京都府京都市左京区高野玉岡町５１", "緯度": 35.044698, "経度": 135.784151, "url": "https://www.iryou.teikyouseido.mhlw.go.jp/znk-web/juminkanja/S2430/initialize?prefCd=26&kikanCd=2620000962&kikanKbn=2", "url2": null, "内容": "たか野診療所【2:診療所】【診療科目:内科_小児科】京都府京都市左京区高野玉岡町５１" }, "geometry": { "type": "Point", "coordinates": [ 135.784151, 35.044698 ] } },
{ "type": "Feature", "properties": { "ID": "2622620000963", "正式名称": "田口整形外科医院", "機関区分": 2, "都道府県コード": 26, "市区町村コード": 106, "所在地": "京都府京都市下京区東錺屋町１６７ビューフォート五条烏丸２０１", "緯度": 34.996508, "経度": 135.756933, "url": "https://www.iryou.teikyouseido.mhlw.go.jp/znk-web/juminkanja/S2430/initialize?prefCd=26&kikanCd=2620000963&kikanKbn=2", "url2": null, "内容": "田口整形外科医院【2:診療所】【診療科目:整形外科_リウマチ科】京都府京都市下京区東錺屋町１６７ビューフォート五条烏丸２０１" }, "geometry": { "type": "Point", "coordinates": [ 135.756933, 34.996508 ] } },
{ "type": "Feature", "properties": { "ID": "2622620000965", "正式名称": "つとう医院", "機関区分": 2, "都道府県コード": 26, "市区町村コード": 103, "所在地": "京都府京都市左京区高野東開町１番２４", "緯度": 35.039032, "経度": 135.781873, "url": "https://www.iryou.teikyouseido.mhlw.go.jp/znk-web/juminkanja/S2430/initialize?prefCd=26&kikanCd=2620000965&kikanKbn=2", "url2": null, "内容": "つとう医院【2:診療所】【診療科目:内科_外科_リハビリテーション科】京都府京都市左京区高野東開町１番２４" }, "geometry": { "type": "Point", "coordinates": [ 135.781873, 35.039032 ] } },
{ "type": "Feature", "properties": { "ID": "2622620000967", "正式名称": "林医院", "機関区分": 2, "都道府県コード": 26, "市区町村コード": 103, "所在地": "京都府京都市左京区一乗寺西杉ノ宮町５７番地", "緯度": 35.045586, "経度": 135.785317, "url": "https://www.iryou.teikyouseido.mhlw.go.jp/znk-web/juminkanja/S2430/initialize?prefCd=26&kikanCd=2620000967&kikanKbn=2", "url2": null, "内容": "林医院【2:診療所】【診療科目:内科_外科_肛門外科_皮膚科_麻酔科】京都府京都市左京区一乗寺西杉ノ宮町５７番地" }, "geometry": { "type": "Point", "coordinates": [ 135.785317, 35.045586 ] } },
{ "type": "Feature", "properties": { "ID": "2622620000968", "正式名称": "皮膚科内科小野医院", "機関区分": 2, "都道府県コード": 26, "市区町村コード": 103, "所在地": "京都府京都市左京区一乗寺北大丸町２５", "緯度": 35.045781, "経度": 135.786456, "url": "https://www.iryou.teikyouseido.mhlw.go.jp/znk-web/juminkanja/S2430/initialize?prefCd=26&kikanCd=2620000968&kikanKbn=2", "url2": null, "内容": "皮膚科内科小野医院【2:診療所】【診療科目:内科_皮膚科】京都府京都市左京区一乗寺北大丸町２５" }, "geometry": { "type": "Point", "coordinates": [ 135.786456, 35.045781 ] } },
{ "type": "Feature", "properties": { "ID": "2622620000969", "正式名称": "葛岡整形外科医院", "機関区分": 2, "都道府県コード": 26, "市区町村コード": 103, "所在地": "京都府京都市左京区一乗寺北大丸町５７番地", "緯度": 35.045448, "経度": 135.785595, "url": "https://www.iryou.teikyouseido.mhlw.go.jp/znk-web/juminkanja/S2430/initialize?prefCd=26&kikanCd=2620000969&kikanKbn=2", "url2": null, "内容": "葛岡整形外科医院【2:診療所】【診療科目:整形外科_リハビリテーション科】京都府京都市左京区一乗寺北大丸町５７番地" }, "geometry": { "type": "Point", "coordinates": [ 135.785595, 35.045448 ] } },
{ "type": "Feature", "properties": { "ID": "2622620000971", "正式名称": "医療法人十倉医院", "機関区分": 2, "都道府県コード": 26, "市区町村コード": 103, "所在地": "京都府京都市左京区一乗寺里ノ西町９－２", "緯度": 35.044753, "経度": 135.787928, "url": "https://www.iryou.teikyouseido.mhlw.go.jp/znk-web/juminkanja/S2430/initialize?prefCd=26&kikanCd=2620000971&kikanKbn=2", "url2": null, "内容": "医療法人十倉医院【2:診療所】【診療科目:内科】京都府京都市左京区一乗寺里ノ西町９－２" }, "geometry": { "type": "Point", "coordinates": [ 135.787928, 35.044753 ] } },
{ "type": "Feature", "properties": { "ID": "2622620000972", "正式名称": "医療法人健緑会　立石クリニック", "機関区分": 2, "都道府県コード": 26, "市区町村コード": 103, "所在地": "京都府京都市左京区一乗寺里の前町６９", "緯度": 35.043448, "経度": 135.787928, "url": "https://www.iryou.teikyouseido.mhlw.go.jp/znk-web/juminkanja/S2430/initialize?prefCd=26&kikanCd=2620000972&kikanKbn=2", "url2": null, "内容": "医療法人健緑会　立石クリニック【2:診療所】【診療科目:内科_外科_整形外科_皮膚科】京都府京都市左京区一乗寺里の前町６９" }, "geometry": { "type": "Point", "coordinates": [ 135.787928, 35.043448 ] } },
{ "type": "Feature", "properties": { "ID": "2622620000973", "正式名称": "ちふ医院", "機関区分": 2, "都道府県コード": 26, "市区町村コード": 103, "所在地": "京都府京都市左京区一乗寺西閉川原町２－４", "緯度": 35.048086, "経度": 135.787872, "url": "https://www.iryou.teikyouseido.mhlw.go.jp/znk-web/juminkanja/S2430/initialize?prefCd=26&kikanCd=2620000973&kikanKbn=2", "url2": "http://www2.ocn.ne.jp/~chifucl", "内容": "ちふ医院【2:診療所】【診療科目:リハビリテーション科_麻酔科】京都府京都市左京区一乗寺西閉川原町２－４" }, "geometry": { "type": "Point", "coordinates": [ 135.787872, 35.048086 ] } },
{ "type": "Feature", "properties": { "ID": "2622620000974", "正式名称": "わたなべクリニック", "機関区分": 2, "都道府県コード": 26, "市区町村コード": 103, "所在地": "京都府京都市左京区一乗寺向畑町４５", "緯度": 35.045614, "経度": 135.792122, "url": "https://www.iryou.teikyouseido.mhlw.go.jp/znk-web/juminkanja/S2430/initialize?prefCd=26&kikanCd=2620000974&kikanKbn=2", "url2": "http://www.watanabe-heart-clinic.com/", "内容": "わたなべクリニック【2:診療所】【診療科目:内科】京都府京都市左京区一乗寺向畑町４５" }, "geometry": { "type": "Point", "coordinates": [ 135.792122, 35.045614 ] } },
{ "type": "Feature", "properties": { "ID": "2622620000975", "正式名称": "加藤胃腸科内科医院", "機関区分": 2, "都道府県コード": 26, "市区町村コード": 103, "所在地": "京都府京都市左京区一乗寺西浦畑町３番地", "緯度": 35.046975, "経度": 135.793594, "url": "https://www.iryou.teikyouseido.mhlw.go.jp/znk-web/juminkanja/S2430/initialize?prefCd=26&kikanCd=2620000975&kikanKbn=2", "url2": null, "内容": "加藤胃腸科内科医院【2:診療所】【診療科目:胃腸内科】京都府京都市左京区一乗寺西浦畑町３番地" }, "geometry": { "type": "Point", "coordinates": [ 135.793594, 35.046975 ] } },
{ "type": "Feature", "properties": { "ID": "2622620000976", "正式名称": "医療法人社団三裕会嶋田外科医院", "機関区分": 2, "都道府県コード": 26, "市区町村コード": 103, "所在地": "京都府京都市左京区一乗寺燈籠本町２７番地", "緯度": 35.045281, "経度": 135.794427, "url": "https://www.iryou.teikyouseido.mhlw.go.jp/znk-web/juminkanja/S2430/initialize?prefCd=26&kikanCd=2620000976&kikanKbn=2", "url2": "http://nttbj.itp.ne.jp/0757814408/", "内容": "医療法人社団三裕会嶋田外科医院【2:診療所】【診療科目:内科_外科_皮膚科_放射線科】京都府京都市左京区一乗寺燈籠本町２７番地" }, "geometry": { "type": "Point", "coordinates": [ 135.794427, 35.045281 ] } },
{ "type": "Feature", "properties": { "ID": "2622620000977", "正式名称": "細谷眼科医院", "機関区分": 2, "都道府県コード": 26, "市区町村コード": 103, "所在地": "京都府京都市左京区一乗寺花ノ木町４７", "緯度": 35.043392, "経度": 135.793205, "url": "https://www.iryou.teikyouseido.mhlw.go.jp/znk-web/juminkanja/S2430/initialize?prefCd=26&kikanCd=2620000977&kikanKbn=2", "url2": null, "内容": "細谷眼科医院【2:診療所】【診療科目:眼科】京都府京都市左京区一乗寺花ノ木町４７" }, "geometry": { "type": "Point", "coordinates": [ 135.793205, 35.043392 ] } },
{ "type": "Feature", "properties": { "ID": "2622620000978", "正式名称": "のざき整形外科医院", "機関区分": 2, "都道府県コード": 26, "市区町村コード": 103, "所在地": "京都府京都市左京区一乗寺下り松町１３", "緯度": 35.043948, "経度": 135.792067, "url": "https://www.iryou.teikyouseido.mhlw.go.jp/znk-web/juminkanja/S2430/initialize?prefCd=26&kikanCd=2620000978&kikanKbn=2", "url2": null, "内容": "のざき整形外科医院【2:診療所】【診療科目:整形外科_リハビリテーション科】京都府京都市左京区一乗寺下り松町１３" }, "geometry": { "type": "Point", "coordinates": [ 135.792067, 35.043948 ] } },
{ "type": "Feature", "properties": { "ID": "2622620000979", "正式名称": "医療法人社団いじち医院", "機関区分": 2, "都道府県コード": 26, "市区町村コード": 103, "所在地": "京都府京都市左京区一乗寺宮ノ東町３７番地", "緯度": 35.044864, "経度": 135.791233, "url": "https://www.iryou.teikyouseido.mhlw.go.jp/znk-web/juminkanja/S2430/initialize?prefCd=26&kikanCd=2620000979&kikanKbn=2", "url2": null, "内容": "医療法人社団いじち医院【2:診療所】【診療科目:内科_神経内科_皮膚科_アレルギー科】京都府京都市左京区一乗寺宮ノ東町３７番地" }, "geometry": { "type": "Point", "coordinates": [ 135.791233, 35.044864 ] } },
{ "type": "Feature", "properties": { "ID": "2622620000981", "正式名称": "北川内科医院", "機関区分": 2, "都道府県コード": 26, "市区町村コード": 103, "所在地": "京都府京都市左京区一乗寺木ノ本町１０", "緯度": 35.040754, "経度": 135.789734, "url": "https://www.iryou.teikyouseido.mhlw.go.jp/znk-web/juminkanja/S2430/initialize?prefCd=26&kikanCd=2620000981&kikanKbn=2", "url2": null, "内容": "北川内科医院【2:診療所】【診療科目:内科】京都府京都市左京区一乗寺木ノ本町１０" }, "geometry": { "type": "Point", "coordinates": [ 135.789734, 35.040754 ] } },
{ "type": "Feature", "properties": { "ID": "2622620000983", "正式名称": "万井医院", "機関区分": 2, "都道府県コード": 26, "市区町村コード": 103, "所在地": "京都府京都市左京区一乗寺出口町１", "緯度": 35.04267, "経度": 135.792094, "url": "https://www.iryou.teikyouseido.mhlw.go.jp/znk-web/juminkanja/S2430/initialize?prefCd=26&kikanCd=2620000983&kikanKbn=2", "url2": null, "内容": "万井医院【2:診療所】【診療科目:小児科_婦人科】京都府京都市左京区一乗寺出口町１" }, "geometry": { "type": "Point", "coordinates": [ 135.792094, 35.04267 ] } },
{ "type": "Feature", "properties": { "ID": "2622620000986", "正式名称": "医療法人社団幸得会貫戸産婦人科医院", "機関区分": 2, "都道府県コード": 26, "市区町村コード": 103, "所在地": "京都府京都市左京区一乗寺梅ノ木町１２", "緯度": 35.040643, "経度": 135.786401, "url": "https://www.iryou.teikyouseido.mhlw.go.jp/znk-web/juminkanja/S2430/initialize?prefCd=26&kikanCd=2620000986&kikanKbn=2", "url2": "http://air.forlink.jp/kanto/", "内容": "医療法人社団幸得会貫戸産婦人科医院【2:診療所】【診療科目:産婦人科】京都府京都市左京区一乗寺梅ノ木町１２" }, "geometry": { "type": "Point", "coordinates": [ 135.786401, 35.040643 ] } },
{ "type": "Feature", "properties": { "ID": "2622620000987", "正式名称": "医療法人透生会北白川クリニック", "機関区分": 2, "都道府県コード": 26, "市区町村コード": 103, "所在地": "京都府京都市左京区北白川下別当町３４番地１", "緯度": 35.03136, "経度": 135.791781, "url": "https://www.iryou.teikyouseido.mhlw.go.jp/znk-web/juminkanja/S2430/initialize?prefCd=26&kikanCd=2620000987&kikanKbn=2", "url2": "http://www.touseikai-hd.com/", "内容": "医療法人透生会北白川クリニック【2:診療所】【診療科目:内科_腎臓内科_人工透析内科_アレルギー科】京都府京都市左京区北白川下別当町３４番地１" }, "geometry": { "type": "Point", "coordinates": [ 135.791781, 35.03136 ] } },
{ "type": "Feature", "properties": { "ID": "2622620000988", "正式名称": "医療法人藤田医院", "機関区分": 2, "都道府県コード": 26, "市区町村コード": 103, "所在地": "京都府京都市左京区一乗寺塚本町４６－２", "緯度": 35.038809, "経度": 135.790928, "url": "https://www.iryou.teikyouseido.mhlw.go.jp/znk-web/juminkanja/S2430/initialize?prefCd=26&kikanCd=2620000988&kikanKbn=2", "url2": null, "内容": "医療法人藤田医院【2:診療所】【診療科目:内科_小児科_アレルギー科_リウマチ科_放射線科】京都府京都市左京区一乗寺塚本町４６－２" }, "geometry": { "type": "Point", "coordinates": [ 135.790928, 35.038809 ] } },
{ "type": "Feature", "properties": { "ID": "2622620000992", "正式名称": "上原　医院", "機関区分": 2, "都道府県コード": 26, "市区町村コード": 103, "所在地": "京都府京都市左京区田中大堰町８７", "緯度": 35.030171, "経度": 135.776596, "url": "https://www.iryou.teikyouseido.mhlw.go.jp/znk-web/juminkanja/S2430/initialize?prefCd=26&kikanCd=2620000992&kikanKbn=2", "url2": null, "内容": "上原　医院【2:診療所】【診療科目:内科_小児科】京都府京都市左京区田中大堰町８７" }, "geometry": { "type": "Point", "coordinates": [ 135.776596, 35.030171 ] } },
{ "type": "Feature", "properties": { "ID": "2622620000993", "正式名称": "医療法人社団中島医院", "機関区分": 2, "都道府県コード": 26, "市区町村コード": 103, "所在地": "京都府京都市左京区田中関田町１番地の４", "緯度": 35.029033, "経度": 135.77743, "url": "https://www.iryou.teikyouseido.mhlw.go.jp/znk-web/juminkanja/S2430/initialize?prefCd=26&kikanCd=2620000993&kikanKbn=2", "url2": "http://www.nakajima1992.com/", "内容": "医療法人社団中島医院【2:診療所】【診療科目:内科_消化器内科】京都府京都市左京区田中関田町１番地の４" }, "geometry": { "type": "Point", "coordinates": [ 135.77743, 35.029033 ] } },
{ "type": "Feature", "properties": { "ID": "2622620000996", "正式名称": "宗皮膚科・病理診断科医院", "機関区分": 2, "都道府県コード": 26, "市区町村コード": 103, "所在地": "京都府京都市左京区田中下柳町２０－６　２Ｆ", "緯度": 35.030227, "経度": 135.773374, "url": "https://www.iryou.teikyouseido.mhlw.go.jp/znk-web/juminkanja/S2430/initialize?prefCd=26&kikanCd=2620000996&kikanKbn=2", "url2": null, "内容": "宗皮膚科・病理診断科医院【2:診療所】【診療科目:皮膚科_アレルギー科】京都府京都市左京区田中下柳町２０－６　２Ｆ" }, "geometry": { "type": "Point", "coordinates": [ 135.773374, 35.030227 ] } },
{ "type": "Feature", "properties": { "ID": "2622620000998", "正式名称": "やまぎわ整形外科", "機関区分": 2, "都道府県コード": 26, "市区町村コード": 103, "所在地": "京都府京都市左京区田中上柳町１１", "緯度": 35.031643, "経度": 135.773902, "url": "https://www.iryou.teikyouseido.mhlw.go.jp/znk-web/juminkanja/S2430/initialize?prefCd=26&kikanCd=2620000998&kikanKbn=2", "url2": null, "内容": "やまぎわ整形外科【2:診療所】【診療科目:整形外科】京都府京都市左京区田中上柳町１１" }, "geometry": { "type": "Point", "coordinates": [ 135.773902, 35.031643 ] } },
{ "type": "Feature", "properties": { "ID": "2622620000999", "正式名称": "医療法人社団　ウエノ診療所", "機関区分": 2, "都道府県コード": 26, "市区町村コード": 103, "所在地": "京都府京都市左京区田中上柳町２番地１", "緯度": 35.032032, "経度": 135.774096, "url": "https://www.iryou.teikyouseido.mhlw.go.jp/znk-web/juminkanja/S2430/initialize?prefCd=26&kikanCd=2620000999&kikanKbn=2", "url2": "https://ueno-clinic.info/", "内容": "医療法人社団　ウエノ診療所【2:診療所】【診療科目:精神科_神経科】京都府京都市左京区田中上柳町２番地１" }, "geometry": { "type": "Point", "coordinates": [ 135.774096, 35.032032 ] } },
{ "type": "Feature", "properties": { "ID": "2622620001001", "正式名称": "もりもとレディースクリニック", "機関区分": 2, "都道府県コード": 26, "市区町村コード": 103, "所在地": "京都府京都市左京区田中西大久保町１３－１伊佐ビル１Ｆ", "緯度": 35.037615, "経度": 135.78154, "url": "https://www.iryou.teikyouseido.mhlw.go.jp/znk-web/juminkanja/S2430/initialize?prefCd=26&kikanCd=2620001001&kikanKbn=2", "url2": null, "内容": "もりもとレディースクリニック【2:診療所】【診療科目:内科_婦人科】京都府京都市左京区田中西大久保町１３－１伊佐ビル１Ｆ" }, "geometry": { "type": "Point", "coordinates": [ 135.78154, 35.037615 ] } },
{ "type": "Feature", "properties": { "ID": "2622620001002", "正式名称": "医療法人耳鼻咽喉科松岡医院", "機関区分": 2, "都道府県コード": 26, "市区町村コード": 103, "所在地": "京都府京都市左京区田中西大久保町４２番地", "緯度": 35.036032, "経度": 135.780846, "url": "https://www.iryou.teikyouseido.mhlw.go.jp/znk-web/juminkanja/S2430/initialize?prefCd=26&kikanCd=2620001002&kikanKbn=2", "url2": null, "内容": "医療法人耳鼻咽喉科松岡医院【2:診療所】【診療科目:耳鼻いんこう科_アレルギー科】京都府京都市左京区田中西大久保町４２番地" }, "geometry": { "type": "Point", "coordinates": [ 135.780846, 35.036032 ] } },
{ "type": "Feature", "properties": { "ID": "2622620001008", "正式名称": "平野皮膚科医院", "機関区分": 2, "都道府県コード": 26, "市区町村コード": 103, "所在地": "京都府京都市左京区田中門前町３８番地", "緯度": 35.029644, "経度": 135.779124, "url": "https://www.iryou.teikyouseido.mhlw.go.jp/znk-web/juminkanja/S2430/initialize?prefCd=26&kikanCd=2620001008&kikanKbn=2", "url2": "http://www2.ocn.ne.jp/~hiranosc/", "内容": "平野皮膚科医院【2:診療所】【診療科目:皮膚科】京都府京都市左京区田中門前町３８番地" }, "geometry": { "type": "Point", "coordinates": [ 135.779124, 35.029644 ] } },
{ "type": "Feature", "properties": { "ID": "2622620001012", "正式名称": "井手医院", "機関区分": 2, "都道府県コード": 26, "市区町村コード": 103, "所在地": "京都府京都市左京区田中上大久保町１３－２ネオコーポ洛北１０２", "緯度": 35.037809, "経度": 135.782207, "url": "https://www.iryou.teikyouseido.mhlw.go.jp/znk-web/juminkanja/S2430/initialize?prefCd=26&kikanCd=2620001012&kikanKbn=2", "url2": null, "内容": "井手医院【2:診療所】【診療科目:内科_アレルギー科_放射線科】京都府京都市左京区田中上大久保町１３－２ネオコーポ洛北１０２" }, "geometry": { "type": "Point", "coordinates": [ 135.782207, 35.037809 ] } },
{ "type": "Feature", "properties": { "ID": "2622620001013", "正式名称": "かわみ皮膚科", "機関区分": 2, "都道府県コード": 26, "市区町村コード": 103, "所在地": "京都府京都市左京区田中上大久保町１３－２ネオコーポ洛北１０１", "緯度": 35.037809, "経度": 135.782207, "url": "https://www.iryou.teikyouseido.mhlw.go.jp/znk-web/juminkanja/S2430/initialize?prefCd=26&kikanCd=2620001013&kikanKbn=2", "url2": "http://www.2525-kawami.com/", "内容": "かわみ皮膚科【2:診療所】【診療科目:皮膚科】京都府京都市左京区田中上大久保町１３－２ネオコーポ洛北１０１" }, "geometry": { "type": "Point", "coordinates": [ 135.782207, 35.037809 ] } },
{ "type": "Feature", "properties": { "ID": "2622620001014", "正式名称": "鈴鹿内科医院", "機関区分": 2, "都道府県コード": 26, "市区町村コード": 103, "所在地": "京都府京都市左京区田中上大久保町２－３　鈴鹿ビル", "緯度": 35.037143, "経度": 135.782457, "url": "https://www.iryou.teikyouseido.mhlw.go.jp/znk-web/juminkanja/S2430/initialize?prefCd=26&kikanCd=2620001014&kikanKbn=2", "url2": null, "内容": "鈴鹿内科医院【2:診療所】【診療科目:内科】京都府京都市左京区田中上大久保町２－３　鈴鹿ビル" }, "geometry": { "type": "Point", "coordinates": [ 135.782457, 35.037143 ] } },
{ "type": "Feature", "properties": { "ID": "2622620001016", "正式名称": "峯松医院", "機関区分": 2, "都道府県コード": 26, "市区町村コード": 103, "所在地": "京都府京都市左京区田中東高原町４８－２", "緯度": 35.03656, "経度": 135.787901, "url": "https://www.iryou.teikyouseido.mhlw.go.jp/znk-web/juminkanja/S2430/initialize?prefCd=26&kikanCd=2620001016&kikanKbn=2", "url2": "http://www7a.biglobe.ne.jp/~mine", "内容": "峯松医院【2:診療所】【診療科目:外科_整形外科】京都府京都市左京区田中東高原町４８－２" }, "geometry": { "type": "Point", "coordinates": [ 135.787901, 35.03656 ] } },
{ "type": "Feature", "properties": { "ID": "2622620001017", "正式名称": "田中淳夫内科診療所", "機関区分": 2, "都道府県コード": 26, "市区町村コード": 103, "所在地": "京都府京都市左京区北白川瀬ノ内町５の２", "緯度": 35.035532, "経度": 135.790817, "url": "https://www.iryou.teikyouseido.mhlw.go.jp/znk-web/juminkanja/S2430/initialize?prefCd=26&kikanCd=2620001017&kikanKbn=2", "url2": null, "内容": "田中淳夫内科診療所【2:診療所】【診療科目:内科_神経内科_アレルギー科_リウマチ科】京都府京都市左京区北白川瀬ノ内町５の２" }, "geometry": { "type": "Point", "coordinates": [ 135.790817, 35.035532 ] } },
{ "type": "Feature", "properties": { "ID": "2622620001019", "正式名称": "たかせ医院", "機関区分": 2, "都道府県コード": 26, "市区町村コード": 103, "所在地": "京都府京都市左京区北白川伊織町５６", "緯度": 35.035754, "経度": 135.788956, "url": "https://www.iryou.teikyouseido.mhlw.go.jp/znk-web/juminkanja/S2430/initialize?prefCd=26&kikanCd=2620001019&kikanKbn=2", "url2": null, "内容": "たかせ医院【2:診療所】【診療科目:内科_小児科】京都府京都市左京区北白川伊織町５６" }, "geometry": { "type": "Point", "coordinates": [ 135.788956, 35.035754 ] } },
{ "type": "Feature", "properties": { "ID": "2622620001021", "正式名称": "有馬医院", "機関区分": 2, "都道府県コード": 26, "市区町村コード": 103, "所在地": "京都府京都市左京区北白川西町７４", "緯度": 35.029283, "経度": 135.787901, "url": "https://www.iryou.teikyouseido.mhlw.go.jp/znk-web/juminkanja/S2430/initialize?prefCd=26&kikanCd=2620001021&kikanKbn=2", "url2": "https://arima-iin.jp/", "内容": "有馬医院【2:診療所】【診療科目:内科_消化器内科_胃腸内科_肝臓内科_内視鏡内科_整形外科】京都府京都市左京区北白川西町７４" }, "geometry": { "type": "Point", "coordinates": [ 135.787901, 35.029283 ] } },
{ "type": "Feature", "properties": { "ID": "2622620001022", "正式名称": "医療法人澤村整形外科医院", "機関区分": 2, "都道府県コード": 26, "市区町村コード": 103, "所在地": "京都府京都市左京区北白川山田町５番地", "緯度": 35.035004, "経度": 135.791817, "url": "https://www.iryou.teikyouseido.mhlw.go.jp/znk-web/juminkanja/S2430/initialize?prefCd=26&kikanCd=2620001022&kikanKbn=2", "url2": null, "内容": "医療法人澤村整形外科医院【2:診療所】【診療科目:整形外科】京都府京都市左京区北白川山田町５番地" }, "geometry": { "type": "Point", "coordinates": [ 135.791817, 35.035004 ] } },
{ "type": "Feature", "properties": { "ID": "2622620001023", "正式名称": "高本医院", "機関区分": 2, "都道府県コード": 26, "市区町村コード": 103, "所在地": "京都府京都市左京区北白川山田町６７－２１", "緯度": 35.034782, "経度": 135.791762, "url": "https://www.iryou.teikyouseido.mhlw.go.jp/znk-web/juminkanja/S2430/initialize?prefCd=26&kikanCd=2620001023&kikanKbn=2", "url2": null, "内容": "高本医院【2:診療所】【診療科目:内科_小児科】京都府京都市左京区北白川山田町６７－２１" }, "geometry": { "type": "Point", "coordinates": [ 135.791762, 35.034782 ] } },
{ "type": "Feature", "properties": { "ID": "2622620001027", "正式名称": "ながた耳鼻咽喉科", "機関区分": 2, "都道府県コード": 26, "市区町村コード": 103, "所在地": "京都府京都市左京区北白川大堂町６０", "緯度": 35.033393, "経度": 135.791789, "url": "https://www.iryou.teikyouseido.mhlw.go.jp/znk-web/juminkanja/S2430/initialize?prefCd=26&kikanCd=2620001027&kikanKbn=2", "url2": null, "内容": "ながた耳鼻咽喉科【2:診療所】【診療科目:耳鼻いんこう科】京都府京都市左京区北白川大堂町６０" }, "geometry": { "type": "Point", "coordinates": [ 135.791789, 35.033393 ] } },
{ "type": "Feature", "properties": { "ID": "2622620001030", "正式名称": "にしざわ眼科", "機関区分": 2, "都道府県コード": 26, "市区町村コード": 103, "所在地": "京都府京都市左京区北白川堂ノ前町３８ナルド２　１Ｆ", "緯度": 35.032838, "経度": 135.791262, "url": "https://www.iryou.teikyouseido.mhlw.go.jp/znk-web/juminkanja/S2430/initialize?prefCd=26&kikanCd=2620001030&kikanKbn=2", "url2": null, "内容": "にしざわ眼科【2:診療所】【診療科目:眼科】京都府京都市左京区北白川堂ノ前町３８ナルド２　１Ｆ" }, "geometry": { "type": "Point", "coordinates": [ 135.791262, 35.032838 ] } },
{ "type": "Feature", "properties": { "ID": "2622620001031", "正式名称": "医療法人社団佐藤耳鼻咽喉科気管食道科医院", "機関区分": 2, "都道府県コード": 26, "市区町村コード": 103, "所在地": "京都府京都市左京区北白川東久保田町１番地", "緯度": 35.0282, "経度": 135.791651, "url": "https://www.iryou.teikyouseido.mhlw.go.jp/znk-web/juminkanja/S2430/initialize?prefCd=26&kikanCd=2620001031&kikanKbn=2", "url2": "http://www15.plala.or.jp/SATO_ENT_BE/", "内容": "医療法人社団佐藤耳鼻咽喉科気管食道科医院【2:診療所】【診療科目:耳鼻いんこう科_アレルギー科】京都府京都市左京区北白川東久保田町１番地" }, "geometry": { "type": "Point", "coordinates": [ 135.791651, 35.0282 ] } },
{ "type": "Feature", "properties": { "ID": "2622620001032", "正式名称": "藤原医院", "機関区分": 2, "都道府県コード": 26, "市区町村コード": 103, "所在地": "京都府京都市左京区北白川東久保田町６６", "緯度": 35.028699, "経度": 135.79229, "url": "https://www.iryou.teikyouseido.mhlw.go.jp/znk-web/juminkanja/S2430/initialize?prefCd=26&kikanCd=2620001032&kikanKbn=2", "url2": null, "内容": "藤原医院【2:診療所】【診療科目:内科】京都府京都市左京区北白川東久保田町６６" }, "geometry": { "type": "Point", "coordinates": [ 135.79229, 35.028699 ] } },
{ "type": "Feature", "properties": { "ID": "2622620001034", "正式名称": "一般財団法人　日本バプテスト連盟医療団　バプテスト眼科クリニック", "機関区分": 2, "都道府県コード": 26, "市区町村コード": 103, "所在地": "京都府京都市左京区北白川上池田町１２", "緯度": 35.032505, "経度": 135.79415, "url": "https://www.iryou.teikyouseido.mhlw.go.jp/znk-web/juminkanja/S2430/initialize?prefCd=26&kikanCd=2620001034&kikanKbn=2", "url2": "http://www.eye-clinic.gr.jp/", "内容": "一般財団法人　日本バプテスト連盟医療団　バプテスト眼科クリニック【2:診療所】【診療科目:眼科】京都府京都市左京区北白川上池田町１２" }, "geometry": { "type": "Point", "coordinates": [ 135.79415, 35.032505 ] } },
{ "type": "Feature", "properties": { "ID": "2622620001036", "正式名称": "池田医院", "機関区分": 2, "都道府県コード": 26, "市区町村コード": 103, "所在地": "京都府京都市左京区吉田牛ノ宮町１０－５", "緯度": 35.025144, "経度": 135.777374, "url": "https://www.iryou.teikyouseido.mhlw.go.jp/znk-web/juminkanja/S2430/initialize?prefCd=26&kikanCd=2620001036&kikanKbn=2", "url2": "http://www.ikeda-c.jp", "内容": "池田医院【2:診療所】【診療科目:外科_整形外科_リハビリテーション科】京都府京都市左京区吉田牛ノ宮町１０－５" }, "geometry": { "type": "Point", "coordinates": [ 135.777374, 35.025144 ] } },
{ "type": "Feature", "properties": { "ID": "2622620001038", "正式名称": "志熊医院", "機関区分": 2, "都道府県コード": 26, "市区町村コード": 103, "所在地": "京都府京都市左京区吉田中阿達町２８－３", "緯度": 35.0232, "経度": 135.774319, "url": "https://www.iryou.teikyouseido.mhlw.go.jp/znk-web/juminkanja/S2430/initialize?prefCd=26&kikanCd=2620001038&kikanKbn=2", "url2": null, "内容": "志熊医院【2:診療所】【診療科目:内科_循環器内科_外科】京都府京都市左京区吉田中阿達町２８－３" }, "geometry": { "type": "Point", "coordinates": [ 135.774319, 35.0232 ] } },
{ "type": "Feature", "properties": { "ID": "2622620001039", "正式名称": "耳鼻咽喉科・アレルギー科柴田クリニック", "機関区分": 2, "都道府県コード": 26, "市区町村コード": 103, "所在地": "京都府京都市左京区吉田中阿達町３８－８", "緯度": 35.025366, "経度": 135.775847, "url": "https://www.iryou.teikyouseido.mhlw.go.jp/znk-web/juminkanja/S2430/initialize?prefCd=26&kikanCd=2620001039&kikanKbn=2", "url2": "https://www.shibata-ent.jp/", "内容": "耳鼻咽喉科・アレルギー科柴田クリニック【2:診療所】【診療科目:耳鼻いんこう科_アレルギー科】京都府京都市左京区吉田中阿達町３８－８" }, "geometry": { "type": "Point", "coordinates": [ 135.775847, 35.025366 ] } },
{ "type": "Feature", "properties": { "ID": "2622620001042", "正式名称": "中野神楽岡医院", "機関区分": 2, "都道府県コード": 26, "市区町村コード": 103, "所在地": "京都府京都市左京区吉田神楽岡町５０", "緯度": 35.026727, "経度": 135.789512, "url": "https://www.iryou.teikyouseido.mhlw.go.jp/znk-web/juminkanja/S2430/initialize?prefCd=26&kikanCd=2620001042&kikanKbn=2", "url2": null, "内容": "中野神楽岡医院【2:診療所】【診療科目:内科_産婦人科_リハビリテーション科】京都府京都市左京区吉田神楽岡町５０" }, "geometry": { "type": "Point", "coordinates": [ 135.789512, 35.026727 ] } },
{ "type": "Feature", "properties": { "ID": "2622620001046", "正式名称": "医療法人　堀居医院", "機関区分": 2, "都道府県コード": 26, "市区町村コード": 103, "所在地": "京都府京都市左京区吉田下大路町４５－２", "緯度": 35.021145, "経度": 135.78343, "url": "https://www.iryou.teikyouseido.mhlw.go.jp/znk-web/juminkanja/S2430/initialize?prefCd=26&kikanCd=2620001046&kikanKbn=2", "url2": "https://horii-6.jimdosite.com", "内容": "医療法人　堀居医院【2:診療所】【診療科目:内科】京都府京都市左京区吉田下大路町４５－２" }, "geometry": { "type": "Point", "coordinates": [ 135.78343, 35.021145 ] } },
{ "type": "Feature", "properties": { "ID": "2622620001049", "正式名称": "原山眼科医院", "機関区分": 2, "都道府県コード": 26, "市区町村コード": 103, "所在地": "京都府京都市左京区黒谷町３０", "緯度": 35.018145, "経度": 135.790985, "url": "https://www.iryou.teikyouseido.mhlw.go.jp/znk-web/juminkanja/S2430/initialize?prefCd=26&kikanCd=2620001049&kikanKbn=2", "url2": null, "内容": "原山眼科医院【2:診療所】【診療科目:眼科】京都府京都市左京区黒谷町３０" }, "geometry": { "type": "Point", "coordinates": [ 135.790985, 35.018145 ] } },
{ "type": "Feature", "properties": { "ID": "2622620001050", "正式名称": "もりした循環器科クリニック", "機関区分": 2, "都道府県コード": 26, "市区町村コード": 103, "所在地": "京都府京都市左京区北白川堂ノ前町３６番地", "緯度": 35.033032, "経度": 135.791373, "url": "https://www.iryou.teikyouseido.mhlw.go.jp/znk-web/juminkanja/S2430/initialize?prefCd=26&kikanCd=2620001050&kikanKbn=2", "url2": "http://www.morishitaheart.com/", "内容": "もりした循環器科クリニック【2:診療所】【診療科目:内科_循環器内科】京都府京都市左京区北白川堂ノ前町３６番地" }, "geometry": { "type": "Point", "coordinates": [ 135.791373, 35.033032 ] } },
{ "type": "Feature", "properties": { "ID": "2622620001051", "正式名称": "出木谷医院", "機関区分": 2, "都道府県コード": 26, "市区町村コード": 103, "所在地": "京都府京都市左京区岡崎北御所町１１－１", "緯度": 35.017978, "経度": 135.784902, "url": "https://www.iryou.teikyouseido.mhlw.go.jp/znk-web/juminkanja/S2430/initialize?prefCd=26&kikanCd=2620001051&kikanKbn=2", "url2": null, "内容": "出木谷医院【2:診療所】【診療科目:内科】京都府京都市左京区岡崎北御所町１１－１" }, "geometry": { "type": "Point", "coordinates": [ 135.784902, 35.017978 ] } },
{ "type": "Feature", "properties": { "ID": "2622620001055", "正式名称": "竹村診療所", "機関区分": 2, "都道府県コード": 26, "市区町村コード": 103, "所在地": "京都府京都市左京区岡崎円勝寺町１－１６", "緯度": 35.012229, "経度": 135.779708, "url": "https://www.iryou.teikyouseido.mhlw.go.jp/znk-web/juminkanja/S2430/initialize?prefCd=26&kikanCd=2620001055&kikanKbn=2", "url2": "http://nttbj.itp.ne.jp/0757710835/index.html", "内容": "竹村診療所【2:診療所】【診療科目:内科_小児科_麻酔科】京都府京都市左京区岡崎円勝寺町１－１６" }, "geometry": { "type": "Point", "coordinates": [ 135.779708, 35.012229 ] } },
{ "type": "Feature", "properties": { "ID": "2622620001056", "正式名称": "医療法人六合会診療所北大路大宮診療所", "機関区分": 2, "都道府県コード": 26, "市区町村コード": 101, "所在地": "京都府京都市北区紫野雲林院町", "緯度": 35.040447, "経度": 135.748682, "url": "https://www.iryou.teikyouseido.mhlw.go.jp/znk-web/juminkanja/S2430/initialize?prefCd=26&kikanCd=2620001056&kikanKbn=2", "url2": null, "内容": "医療法人六合会診療所北大路大宮診療所【2:診療所】【診療科目:内科_漢方内科_外科】京都府京都市北区紫野雲林院町" }, "geometry": { "type": "Point", "coordinates": [ 135.748682, 35.040447 ] } },
{ "type": "Feature", "properties": { "ID": "2622620001057", "正式名称": "医療法人天翔会上田リハビリテーション診療所", "機関区分": 2, "都道府県コード": 26, "市区町村コード": 103, "所在地": "京都府京都市左京区岡崎徳成町２０－６", "緯度": 35.01509, "経度": 135.778541, "url": "https://www.iryou.teikyouseido.mhlw.go.jp/znk-web/juminkanja/S2430/initialize?prefCd=26&kikanCd=2620001057&kikanKbn=2", "url2": null, "内容": "医療法人天翔会上田リハビリテーション診療所【2:診療所】【診療科目:神経内科_精神科_リハビリテーション科】京都府京都市左京区岡崎徳成町２０－６" }, "geometry": { "type": "Point", "coordinates": [ 135.778541, 35.01509 ] } },
{ "type": "Feature", "properties": { "ID": "2622620001059", "正式名称": "医療法人石川耳鼻咽喉科医院", "機関区分": 2, "都道府県コード": 26, "市区町村コード": 103, "所在地": "京都府京都市左京区東大路二条北門前町４８１", "緯度": 35.013034, "経度": 135.778486, "url": "https://www.iryou.teikyouseido.mhlw.go.jp/znk-web/juminkanja/S2430/initialize?prefCd=26&kikanCd=2620001059&kikanKbn=2", "url2": "http://www.ishikawa-ent.info/", "内容": "医療法人石川耳鼻咽喉科医院【2:診療所】【診療科目:耳鼻いんこう科_アレルギー科】京都府京都市左京区東大路二条北門前町４８１" }, "geometry": { "type": "Point", "coordinates": [ 135.778486, 35.013034 ] } },
{ "type": "Feature", "properties": { "ID": "2622620001060", "正式名称": "山本医院", "機関区分": 2, "都道府県コード": 26, "市区町村コード": 103, "所在地": "京都府京都市左京区聖護院蓮華蔵町３１第２近建ビル２階", "緯度": 35.013812, "経度": 135.776708, "url": "https://www.iryou.teikyouseido.mhlw.go.jp/znk-web/juminkanja/S2430/initialize?prefCd=26&kikanCd=2620001060&kikanKbn=2", "url2": "http://www.eonet.ne.jp/~yamamotoiin/", "内容": "山本医院【2:診療所】【診療科目:内科】京都府京都市左京区聖護院蓮華蔵町３１第２近建ビル２階" }, "geometry": { "type": "Point", "coordinates": [ 135.776708, 35.013812 ] } },
{ "type": "Feature", "properties": { "ID": "2622620001061", "正式名称": "医療法人社団貴正会仁王門村上診療所", "機関区分": 2, "都道府県コード": 26, "市区町村コード": 103, "所在地": "京都府京都市左京区仁王門通り新高倉西入福本町４１０番地　三宅ビル２Ｆ", "緯度": 35.011812, "経度": 135.776125, "url": "https://www.iryou.teikyouseido.mhlw.go.jp/znk-web/juminkanja/S2430/initialize?prefCd=26&kikanCd=2620001061&kikanKbn=2", "url2": null, "内容": "医療法人社団貴正会仁王門村上診療所【2:診療所】【診療科目:内科_リハビリテーション科】京都府京都市左京区仁王門通り新高倉西入福本町４１０番地　三宅ビル２Ｆ" }, "geometry": { "type": "Point", "coordinates": [ 135.776125, 35.011812 ] } },
{ "type": "Feature", "properties": { "ID": "2622620001062", "正式名称": "公益社団法人信和会川端診療所", "機関区分": 2, "都道府県コード": 26, "市区町村コード": 103, "所在地": "京都府京都市左京区川端通り夷川上ル新生洲町１００", "緯度": 35.015117, "経度": 135.77257, "url": "https://www.iryou.teikyouseido.mhlw.go.jp/znk-web/juminkanja/S2430/initialize?prefCd=26&kikanCd=2620001062&kikanKbn=2", "url2": "http://www.kawabata.or.jp/", "内容": "公益社団法人信和会川端診療所【2:診療所】【診療科目:内科_糖尿病内科_循環器内科_腎臓内科_人工透析内科_漢方内科_整形外科】京都府京都市左京区川端通り夷川上ル新生洲町１００" }, "geometry": { "type": "Point", "coordinates": [ 135.77257, 35.015117 ] } },
{ "type": "Feature", "properties": { "ID": "2622620001065", "正式名称": "医療法人社団神野医院くまのクリニック", "機関区分": 2, "都道府県コード": 26, "市区町村コード": 103, "所在地": "京都府京都市左京区聖護院川原町３３番地３", "緯度": 35.018395, "経度": 135.777652, "url": "https://www.iryou.teikyouseido.mhlw.go.jp/znk-web/juminkanja/S2430/initialize?prefCd=26&kikanCd=2620001065&kikanKbn=2", "url2": null, "内容": "医療法人社団神野医院くまのクリニック【2:診療所】【診療科目:内科_外科_リハビリテーション科】京都府京都市左京区聖護院川原町３３番地３" }, "geometry": { "type": "Point", "coordinates": [ 135.777652, 35.018395 ] } },
{ "type": "Feature", "properties": { "ID": "2622620001066", "正式名称": "桑原クリニック", "機関区分": 2, "都道府県コード": 26, "市区町村コード": 103, "所在地": "京都府京都市左京区聖護院山王町２８", "緯度": 35.016784, "経度": 135.778513, "url": "https://www.iryou.teikyouseido.mhlw.go.jp/znk-web/juminkanja/S2430/initialize?prefCd=26&kikanCd=2620001066&kikanKbn=2", "url2": null, "内容": "桑原クリニック【2:診療所】【診療科目:内科_精神科_神経科_心療内科】京都府京都市左京区聖護院山王町２８" }, "geometry": { "type": "Point", "coordinates": [ 135.778513, 35.016784 ] } },
{ "type": "Feature", "properties": { "ID": "2622620001070", "正式名称": "大前耳鼻咽喉科医院", "機関区分": 2, "都道府県コード": 26, "市区町村コード": 103, "所在地": "京都府京都市左京区丸太町通り川端東入東丸太町３４", "緯度": 35.017673, "経度": 135.776097, "url": "https://www.iryou.teikyouseido.mhlw.go.jp/znk-web/juminkanja/S2430/initialize?prefCd=26&kikanCd=2620001070&kikanKbn=2", "url2": null, "内容": "大前耳鼻咽喉科医院【2:診療所】【診療科目:耳鼻いんこう科_アレルギー科】京都府京都市左京区丸太町通り川端東入東丸太町３４" }, "geometry": { "type": "Point", "coordinates": [ 135.776097, 35.017673 ] } },
{ "type": "Feature", "properties": { "ID": "2622620001072", "正式名称": "医療法人社団テイ医院", "機関区分": 2, "都道府県コード": 26, "市区町村コード": 103, "所在地": "京都府京都市左京区浄土寺下南田町３－５", "緯度": 35.022728, "経度": 135.79379, "url": "https://www.iryou.teikyouseido.mhlw.go.jp/znk-web/juminkanja/S2430/initialize?prefCd=26&kikanCd=2620001072&kikanKbn=2", "url2": "https://www.tei.or.jp", "内容": "医療法人社団テイ医院【2:診療所】【診療科目:内科_消化器内科_胃腸内科_内視鏡内科_外科_リハビリテーション科】京都府京都市左京区浄土寺下南田町３－５" }, "geometry": { "type": "Point", "coordinates": [ 135.79379, 35.022728 ] } },
{ "type": "Feature", "properties": { "ID": "2622620001073", "正式名称": "医療法人京真会岡野医院", "機関区分": 2, "都道府県コード": 26, "市区町村コード": 103, "所在地": "京都府京都市左京区浄土寺東田町３", "緯度": 35.025533, "経度": 135.792095, "url": "https://www.iryou.teikyouseido.mhlw.go.jp/znk-web/juminkanja/S2430/initialize?prefCd=26&kikanCd=2620001073&kikanKbn=2", "url2": null, "内容": "医療法人京真会岡野医院【2:診療所】【診療科目:内科_リハビリテーション科】京都府京都市左京区浄土寺東田町３" }, "geometry": { "type": "Point", "coordinates": [ 135.792095, 35.025533 ] } },
{ "type": "Feature", "properties": { "ID": "2622620001075", "正式名称": "草場内科医院", "機関区分": 2, "都道府県コード": 26, "市区町村コード": 103, "所在地": "京都府京都市左京区浄土寺下馬場町８８ポルト・ド・浄土寺１０４", "緯度": 35.023478, "経度": 135.792068, "url": "https://www.iryou.teikyouseido.mhlw.go.jp/znk-web/juminkanja/S2430/initialize?prefCd=26&kikanCd=2620001075&kikanKbn=2", "url2": null, "内容": "草場内科医院【2:診療所】【診療科目:内科】京都府京都市左京区浄土寺下馬場町８８ポルト・ド・浄土寺１０４" }, "geometry": { "type": "Point", "coordinates": [ 135.792068, 35.023478 ] } },
{ "type": "Feature", "properties": { "ID": "2622620001077", "正式名称": "社会福祉法人市原寮花友診療所", "機関区分": 2, "都道府県コード": 26, "市区町村コード": 103, "所在地": "京都府京都市左京区浄土寺真如町１５５番地３", "緯度": 35.020478, "経度": 135.791512, "url": "https://www.iryou.teikyouseido.mhlw.go.jp/znk-web/juminkanja/S2430/initialize?prefCd=26&kikanCd=2620001077&kikanKbn=2", "url2": null, "内容": "社会福祉法人市原寮花友診療所【2:診療所】【診療科目:内科_眼科】京都府京都市左京区浄土寺真如町１５５番地３" }, "geometry": { "type": "Point", "coordinates": [ 135.791512, 35.020478 ] } },
{ "type": "Feature", "properties": { "ID": "2622620001078", "正式名称": "おおせこ内科", "機関区分": 2, "都道府県コード": 26, "市区町村コード": 103, "所在地": "京都府京都市左京区浄土寺上馬場町１６", "緯度": 35.024839, "経度": 135.789818, "url": "https://www.iryou.teikyouseido.mhlw.go.jp/znk-web/juminkanja/S2430/initialize?prefCd=26&kikanCd=2620001078&kikanKbn=2", "url2": "http://www.mfis.pref.kyoto.lg.jp/ap/co/WebCoParts/oseko-naika.com", "内容": "おおせこ内科【2:診療所】【診療科目:内科_小児科】京都府京都市左京区浄土寺上馬場町１６" }, "geometry": { "type": "Point", "coordinates": [ 135.789818, 35.024839 ] } },
{ "type": "Feature", "properties": { "ID": "2622620001079", "正式名称": "桐山眼科医院", "機関区分": 2, "都道府県コード": 26, "市区町村コード": 103, "所在地": "京都府京都市左京区浄土寺上馬場町７９－１", "緯度": 35.025894, "経度": 135.791595, "url": "https://www.iryou.teikyouseido.mhlw.go.jp/znk-web/juminkanja/S2430/initialize?prefCd=26&kikanCd=2620001079&kikanKbn=2", "url2": null, "内容": "桐山眼科医院【2:診療所】【診療科目:眼科】京都府京都市左京区浄土寺上馬場町７９－１" }, "geometry": { "type": "Point", "coordinates": [ 135.791595, 35.025894 ] } },
{ "type": "Feature", "properties": { "ID": "2622620001080", "正式名称": "渡邉医院", "機関区分": 2, "都道府県コード": 26, "市区町村コード": 103, "所在地": "京都府京都市左京区浄土寺西田町５８－３ハイツロワール２Ｆ", "緯度": 35.027033, "経度": 135.791373, "url": "https://www.iryou.teikyouseido.mhlw.go.jp/znk-web/juminkanja/S2430/initialize?prefCd=26&kikanCd=2620001080&kikanKbn=2", "url2": null, "内容": "渡邉医院【2:診療所】【診療科目:内科_呼吸器内科_循環器内科_外科_小児科】京都府京都市左京区浄土寺西田町５８－３ハイツロワール２Ｆ" }, "geometry": { "type": "Point", "coordinates": [ 135.791373, 35.027033 ] } },
{ "type": "Feature", "properties": { "ID": "2622620001095", "正式名称": "医療法人中井医院", "機関区分": 2, "都道府県コード": 26, "市区町村コード": 110, "所在地": "京都府京都市山科区四ノ宮小金塚８番地５１１", "緯度": 34.999259, "経度": 135.83401, "url": "https://www.iryou.teikyouseido.mhlw.go.jp/znk-web/juminkanja/S2430/initialize?prefCd=26&kikanCd=2620001095&kikanKbn=2", "url2": null, "内容": "医療法人中井医院【2:診療所】【診療科目:内科_小児科】京都府京都市山科区四ノ宮小金塚８番地５１１" }, "geometry": { "type": "Point", "coordinates": [ 135.83401, 34.999259 ] } },
{ "type": "Feature", "properties": { "ID": "2622620001097", "正式名称": "堺医院", "機関区分": 2, "都道府県コード": 26, "市区町村コード": 110, "所在地": "京都府京都市山科区四ノ宮泓３番地の４", "緯度": 34.989788, "経度": 135.824955, "url": "https://www.iryou.teikyouseido.mhlw.go.jp/znk-web/juminkanja/S2430/initialize?prefCd=26&kikanCd=2620001097&kikanKbn=2", "url2": null, "内容": "堺医院【2:診療所】【診療科目:内科_皮膚科】京都府京都市山科区四ノ宮泓３番地の４" }, "geometry": { "type": "Point", "coordinates": [ 135.824955, 34.989788 ] } },
{ "type": "Feature", "properties": { "ID": "2622620001098", "正式名称": "医療法人社団貴正会　村上内科医院", "機関区分": 2, "都道府県コード": 26, "市区町村コード": 110, "所在地": "京都府京都市山科区四ノ宮垣ノ内町１", "緯度": 34.991176, "経度": 135.823622, "url": "https://www.iryou.teikyouseido.mhlw.go.jp/znk-web/juminkanja/S2430/initialize?prefCd=26&kikanCd=2620001098&kikanKbn=2", "url2": "https://murakaminaika.com/", "内容": "医療法人社団貴正会　村上内科医院【2:診療所】【診療科目:内科_消化器内科_小児科】京都府京都市山科区四ノ宮垣ノ内町１" }, "geometry": { "type": "Point", "coordinates": [ 135.823622, 34.991176 ] } },
{ "type": "Feature", "properties": { "ID": "2622620001099", "正式名称": "北川眼科医院", "機関区分": 2, "都道府県コード": 26, "市区町村コード": 110, "所在地": "京都府京都市山科区四ノ宮垣ノ内町３２四ノ宮コート", "緯度": 34.991176, "経度": 135.823316, "url": "https://www.iryou.teikyouseido.mhlw.go.jp/znk-web/juminkanja/S2430/initialize?prefCd=26&kikanCd=2620001099&kikanKbn=2", "url2": null, "内容": "北川眼科医院【2:診療所】【診療科目:眼科】京都府京都市山科区四ノ宮垣ノ内町３２四ノ宮コート" }, "geometry": { "type": "Point", "coordinates": [ 135.823316, 34.991176 ] } },
{ "type": "Feature", "properties": { "ID": "2622620001101", "正式名称": "医療法人山羽医院", "機関区分": 2, "都道府県コード": 26, "市区町村コード": 110, "所在地": "京都府京都市山科区音羽草田町１８番地", "緯度": 34.989149, "経度": 135.824928, "url": "https://www.iryou.teikyouseido.mhlw.go.jp/znk-web/juminkanja/S2430/initialize?prefCd=26&kikanCd=2620001101&kikanKbn=2", "url2": null, "内容": "医療法人山羽医院【2:診療所】【診療科目:内科_小児科】京都府京都市山科区音羽草田町１８番地" }, "geometry": { "type": "Point", "coordinates": [ 135.824928, 34.989149 ] } },
{ "type": "Feature", "properties": { "ID": "2622620001104", "正式名称": "水本内科医院", "機関区分": 2, "都道府県コード": 26, "市区町村コード": 110, "所在地": "京都府京都市山科区音羽千本町１７－３", "緯度": 34.982677, "経度": 135.8244, "url": "https://www.iryou.teikyouseido.mhlw.go.jp/znk-web/juminkanja/S2430/initialize?prefCd=26&kikanCd=2620001104&kikanKbn=2", "url2": null, "内容": "水本内科医院【2:診療所】【診療科目:内科】京都府京都市山科区音羽千本町１７－３" }, "geometry": { "type": "Point", "coordinates": [ 135.8244, 34.982677 ] } },
{ "type": "Feature", "properties": { "ID": "2622620001105", "正式名称": "小川皮フ科医院", "機関区分": 2, "都道府県コード": 26, "市区町村コード": 110, "所在地": "京都府京都市山科区音羽乙出町１１－２", "緯度": 34.983399, "経度": 135.819262, "url": "https://www.iryou.teikyouseido.mhlw.go.jp/znk-web/juminkanja/S2430/initialize?prefCd=26&kikanCd=2620001105&kikanKbn=2", "url2": "http://www.ogawa-skin-clinic.com/", "内容": "小川皮フ科医院【2:診療所】【診療科目:形成外科_皮膚科】京都府京都市山科区音羽乙出町１１－２" }, "geometry": { "type": "Point", "coordinates": [ 135.819262, 34.983399 ] } },
{ "type": "Feature", "properties": { "ID": "2622620001106", "正式名称": "医療法人杉本医院", "機関区分": 2, "都道府県コード": 26, "市区町村コード": 110, "所在地": "京都府京都市山科区音羽乙出町２－１１", "緯度": 34.983899, "経度": 135.818178, "url": "https://www.iryou.teikyouseido.mhlw.go.jp/znk-web/juminkanja/S2430/initialize?prefCd=26&kikanCd=2620001106&kikanKbn=2", "url2": null, "内容": "医療法人杉本医院【2:診療所】【診療科目:内科_循環器内科_消化器内科_放射線科】京都府京都市山科区音羽乙出町２－１１" }, "geometry": { "type": "Point", "coordinates": [ 135.818178, 34.983899 ] } },
{ "type": "Feature", "properties": { "ID": "2622620001108", "正式名称": "医療法人社団享友会洛東耳鼻咽喉科医院", "機関区分": 2, "都道府県コード": 26, "市区町村コード": 110, "所在地": "京都府京都市山科区音羽役出町１－３０山科ロイヤルビル２Ｆ", "緯度": 34.98526, "経度": 135.816901, "url": "https://www.iryou.teikyouseido.mhlw.go.jp/znk-web/juminkanja/S2430/initialize?prefCd=26&kikanCd=2620001108&kikanKbn=2", "url2": null, "内容": "医療法人社団享友会洛東耳鼻咽喉科医院【2:診療所】【診療科目:耳鼻いんこう科】京都府京都市山科区音羽役出町１－３０山科ロイヤルビル２Ｆ" }, "geometry": { "type": "Point", "coordinates": [ 135.816901, 34.98526 ] } },
{ "type": "Feature", "properties": { "ID": "2622620001110", "正式名称": "水野整形外科医院", "機関区分": 2, "都道府県コード": 26, "市区町村コード": 110, "所在地": "京都府京都市山科区音羽役出町６－２", "緯度": 34.985371, "経度": 135.817789, "url": "https://www.iryou.teikyouseido.mhlw.go.jp/znk-web/juminkanja/S2430/initialize?prefCd=26&kikanCd=2620001110&kikanKbn=2", "url2": "http://www.mfis.pref.kyoto.lg.jp/ap/co/WebCoParts/mizuno-seikei.com", "内容": "水野整形外科医院【2:診療所】【診療科目:整形外科_皮膚科】京都府京都市山科区音羽役出町６－２" }, "geometry": { "type": "Point", "coordinates": [ 135.817789, 34.985371 ] } },
{ "type": "Feature", "properties": { "ID": "2622620001111", "正式名称": "紀田クリニック", "機関区分": 2, "都道府県コード": 26, "市区町村コード": 110, "所在地": "京都府京都市山科区音羽沢町３５番地", "緯度": 34.987482, "経度": 135.820539, "url": "https://www.iryou.teikyouseido.mhlw.go.jp/znk-web/juminkanja/S2430/initialize?prefCd=26&kikanCd=2620001111&kikanKbn=2", "url2": null, "内容": "紀田クリニック【2:診療所】【診療科目:内科_心臓内科】京都府京都市山科区音羽沢町３５番地" }, "geometry": { "type": "Point", "coordinates": [ 135.820539, 34.987482 ] } },
{ "type": "Feature", "properties": { "ID": "2622620001113", "正式名称": "医療法人中川医院", "機関区分": 2, "都道府県コード": 26, "市区町村コード": 110, "所在地": "京都府京都市山科区竹鼻竹ノ街道町３５番地", "緯度": 34.990426, "経度": 135.8164, "url": "https://www.iryou.teikyouseido.mhlw.go.jp/znk-web/juminkanja/S2430/initialize?prefCd=26&kikanCd=2620001113&kikanKbn=2", "url2": null, "内容": "医療法人中川医院【2:診療所】【診療科目:内科_糖尿病・代謝内科_小児科】京都府京都市山科区竹鼻竹ノ街道町３５番地" }, "geometry": { "type": "Point", "coordinates": [ 135.8164, 34.990426 ] } },
{ "type": "Feature", "properties": { "ID": "2622620001114", "正式名称": "医療法人鈴木整形外科医院", "機関区分": 2, "都道府県コード": 26, "市区町村コード": 110, "所在地": "京都府京都市山科区竹鼻竹ノ街道町８の１", "緯度": 34.989926, "経度": 135.8189, "url": "https://www.iryou.teikyouseido.mhlw.go.jp/znk-web/juminkanja/S2430/initialize?prefCd=26&kikanCd=2620001114&kikanKbn=2", "url2": null, "内容": "医療法人鈴木整形外科医院【2:診療所】【診療科目:外科_整形外科_放射線科】京都府京都市山科区竹鼻竹ノ街道町８の１" }, "geometry": { "type": "Point", "coordinates": [ 135.8189, 34.989926 ] } },
{ "type": "Feature", "properties": { "ID": "2622620001115", "正式名称": "ふくみつ内科", "機関区分": 2, "都道府県コード": 26, "市区町村コード": 110, "所在地": "京都府京都市山科区竹鼻竹ノ街道町２３　レーベン早川Ｉ　５階", "緯度": 34.989593, "経度": 135.817567, "url": "https://www.iryou.teikyouseido.mhlw.go.jp/znk-web/juminkanja/S2430/initialize?prefCd=26&kikanCd=2620001115&kikanKbn=2", "url2": "http://www17.plala.or.jp/smedicof/", "内容": "ふくみつ内科【2:診療所】【診療科目:内科】京都府京都市山科区竹鼻竹ノ街道町２３　レーベン早川Ｉ　５階" }, "geometry": { "type": "Point", "coordinates": [ 135.817567, 34.989593 ] } },
{ "type": "Feature", "properties": { "ID": "2622620001117", "正式名称": "医療法人社団康和会　高須町塚診療所", "機関区分": 2, "都道府県コード": 26, "市区町村コード": 110, "所在地": "京都府京都市山科区竹鼻竹ノ街道町２９番地の２", "緯度": 34.989593, "経度": 135.817039, "url": "https://www.iryou.teikyouseido.mhlw.go.jp/znk-web/juminkanja/S2430/initialize?prefCd=26&kikanCd=2620001117&kikanKbn=2", "url2": "http://www.tmclinic.jp/", "内容": "医療法人社団康和会　高須町塚診療所【2:診療所】【診療科目:内科_人工透析内科_肝臓内科_外科_泌尿器科】京都府京都市山科区竹鼻竹ノ街道町２９番地の２" }, "geometry": { "type": "Point", "coordinates": [ 135.817039, 34.989593 ] } },
{ "type": "Feature", "properties": { "ID": "2622620001118", "正式名称": "安田医院", "機関区分": 2, "都道府県コード": 26, "市区町村コード": 110, "所在地": "京都府京都市山科区竹鼻竹ノ街道町６２の７", "緯度": 34.990343, "経度": 135.815206, "url": "https://www.iryou.teikyouseido.mhlw.go.jp/znk-web/juminkanja/S2430/initialize?prefCd=26&kikanCd=2620001118&kikanKbn=2", "url2": "http://www.yasuda-iin.jp/", "内容": "安田医院【2:診療所】【診療科目:内科_神経内科】京都府京都市山科区竹鼻竹ノ街道町６２の７" }, "geometry": { "type": "Point", "coordinates": [ 135.815206, 34.990343 ] } },
{ "type": "Feature", "properties": { "ID": "2622620001122", "正式名称": "神崎内科医院", "機関区分": 2, "都道府県コード": 26, "市区町村コード": 110, "所在地": "京都府京都市山科区竹鼻堂ノ前町２４－６大栄外環ビル３Ｆ", "緯度": 34.987315, "経度": 135.817206, "url": "https://www.iryou.teikyouseido.mhlw.go.jp/znk-web/juminkanja/S2430/initialize?prefCd=26&kikanCd=2620001122&kikanKbn=2", "url2": null, "内容": "神崎内科医院【2:診療所】【診療科目:内科_糖尿病・代謝内科】京都府京都市山科区竹鼻堂ノ前町２４－６大栄外環ビル３Ｆ" }, "geometry": { "type": "Point", "coordinates": [ 135.817206, 34.987315 ] } },
{ "type": "Feature", "properties": { "ID": "2622620001125", "正式名称": "えびすい医院", "機関区分": 2, "都道府県コード": 26, "市区町村コード": 110, "所在地": "京都府京都市山科区竹鼻堂ノ前町８－１１ヴィオス山科１Ｆ", "緯度": 34.988038, "経度": 135.817484, "url": "https://www.iryou.teikyouseido.mhlw.go.jp/znk-web/juminkanja/S2430/initialize?prefCd=26&kikanCd=2620001125&kikanKbn=2", "url2": null, "内容": "えびすい医院【2:診療所】【診療科目:内科_泌尿器科】京都府京都市山科区竹鼻堂ノ前町８－１１ヴィオス山科１Ｆ" }, "geometry": { "type": "Point", "coordinates": [ 135.817484, 34.988038 ] } },
{ "type": "Feature", "properties": { "ID": "2622620001127", "正式名称": "大西内科クリニック", "機関区分": 2, "都道府県コード": 26, "市区町村コード": 110, "所在地": "京都府京都市山科区竹鼻西ノ口町２１番５", "緯度": 34.989649, "経度": 135.819511, "url": "https://www.iryou.teikyouseido.mhlw.go.jp/znk-web/juminkanja/S2430/initialize?prefCd=26&kikanCd=2620001127&kikanKbn=2", "url2": null, "内容": "大西内科クリニック【2:診療所】【診療科目:内科_消化器内科】京都府京都市山科区竹鼻西ノ口町２１番５" }, "geometry": { "type": "Point", "coordinates": [ 135.819511, 34.989649 ] } },
{ "type": "Feature", "properties": { "ID": "2622620001129", "正式名称": "医療法人希祥会八木沢医院", "機関区分": 2, "都道府県コード": 26, "市区町村コード": 110, "所在地": "京都府京都市山科区大塚南溝町３０番地４", "緯度": 34.978483, "経度": 135.824261, "url": "https://www.iryou.teikyouseido.mhlw.go.jp/znk-web/juminkanja/S2430/initialize?prefCd=26&kikanCd=2620001129&kikanKbn=2", "url2": null, "内容": "医療法人希祥会八木沢医院【2:診療所】【診療科目:内科】京都府京都市山科区大塚南溝町３０番地４" }, "geometry": { "type": "Point", "coordinates": [ 135.824261, 34.978483 ] } },
{ "type": "Feature", "properties": { "ID": "2622620001130", "正式名称": "医療法人　大塚医院", "機関区分": 2, "都道府県コード": 26, "市区町村コード": 110, "所在地": "京都府京都市山科区大塚森町１５番地１", "緯度": 34.980558, "経度": 135.823492, "url": "https://www.iryou.teikyouseido.mhlw.go.jp/znk-web/juminkanja/S2430/initialize?prefCd=26&kikanCd=2620001130&kikanKbn=2", "url2": null, "内容": "医療法人　大塚医院【2:診療所】【診療科目:内科_循環器内科_消化器内科_外科_小児科】京都府京都市山科区大塚森町１５番地１" }, "geometry": { "type": "Point", "coordinates": [ 135.823492, 34.980558 ] } },
{ "type": "Feature", "properties": { "ID": "2622620001132", "正式名称": "吉田小児科医院", "機関区分": 2, "都道府県コード": 26, "市区町村コード": 110, "所在地": "京都府京都市山科区大塚丹田町２１－８", "緯度": 34.980178, "経度": 135.8294, "url": "https://www.iryou.teikyouseido.mhlw.go.jp/znk-web/juminkanja/S2430/initialize?prefCd=26&kikanCd=2620001132&kikanKbn=2", "url2": "http://www.yoshida-syonika.com./", "内容": "吉田小児科医院【2:診療所】【診療科目:小児科】京都府京都市山科区大塚丹田町２１－８" }, "geometry": { "type": "Point", "coordinates": [ 135.8294, 34.980178 ] } },
{ "type": "Feature", "properties": { "ID": "2622620001133", "正式名称": "医療法人社団辻医院", "機関区分": 2, "都道府県コード": 26, "市区町村コード": 110, "所在地": "京都府京都市山科区東野南井ノ上町１２番地の８", "緯度": 34.9779, "経度": 135.820317, "url": "https://www.iryou.teikyouseido.mhlw.go.jp/znk-web/juminkanja/S2430/initialize?prefCd=26&kikanCd=2620001133&kikanKbn=2", "url2": "http://web.kyoto-inet.or.jp/people/htsuji/", "内容": "医療法人社団辻医院【2:診療所】【診療科目:内科_消化器内科_リハビリテーション科】京都府京都市山科区東野南井ノ上町１２番地の８" }, "geometry": { "type": "Point", "coordinates": [ 135.820317, 34.9779 ] } },
{ "type": "Feature", "properties": { "ID": "2622620001136", "正式名称": "中西医院", "機関区分": 2, "都道府県コード": 26, "市区町村コード": 110, "所在地": "京都府京都市山科区東野八反畑町２１", "緯度": 34.977678, "経度": 135.816207, "url": "https://www.iryou.teikyouseido.mhlw.go.jp/znk-web/juminkanja/S2430/initialize?prefCd=26&kikanCd=2620001136&kikanKbn=2", "url2": null, "内容": "中西医院【2:診療所】【診療科目:内科】京都府京都市山科区東野八反畑町２１" }, "geometry": { "type": "Point", "coordinates": [ 135.816207, 34.977678 ] } },
{ "type": "Feature", "properties": { "ID": "2622620001139", "正式名称": "福田医院", "機関区分": 2, "都道府県コード": 26, "市区町村コード": 110, "所在地": "京都府京都市山科区東野八代１－１４", "緯度": 34.978566, "経度": 135.807874, "url": "https://www.iryou.teikyouseido.mhlw.go.jp/znk-web/juminkanja/S2430/initialize?prefCd=26&kikanCd=2620001139&kikanKbn=2", "url2": null, "内容": "福田医院【2:診療所】【診療科目:内科_感染症内科_糖尿病内科_内分泌内科_脂質代謝内科_糖尿病・内分泌内科_糖尿病・代謝内科_代謝・内分泌内科_脳神経内科_呼吸器内科_循環器内科_心臓内科_消化器内科_胃腸内科_腎臓内科_肝臓内科_アレルギー科】京都府京都市山科区東野八代１－１４" }, "geometry": { "type": "Point", "coordinates": [ 135.807874, 34.978566 ] } },
{ "type": "Feature", "properties": { "ID": "2622620001140", "正式名称": "牧野クリニック", "機関区分": 2, "都道府県コード": 26, "市区町村コード": 110, "所在地": "京都府京都市山科区東野百拍子町２１－２大翔第二ビル１階", "緯度": 34.978816, "経度": 135.81604, "url": "https://www.iryou.teikyouseido.mhlw.go.jp/znk-web/juminkanja/S2430/initialize?prefCd=26&kikanCd=2620001140&kikanKbn=2", "url2": null, "内容": "牧野クリニック【2:診療所】【診療科目:内科_外科】京都府京都市山科区東野百拍子町２１－２大翔第二ビル１階" }, "geometry": { "type": "Point", "coordinates": [ 135.81604, 34.978816 ] } },
{ "type": "Feature", "properties": { "ID": "2622620001141", "正式名称": "医療法人藤原医院", "機関区分": 2, "都道府県コード": 26, "市区町村コード": 110, "所在地": "京都府京都市山科区東野百拍子町２７番の１", "緯度": 34.978372, "経度": 135.814818, "url": "https://www.iryou.teikyouseido.mhlw.go.jp/znk-web/juminkanja/S2430/initialize?prefCd=26&kikanCd=2620001141&kikanKbn=2", "url2": null, "内容": "医療法人藤原医院【2:診療所】【診療科目:内科_外科_リハビリテーション科】京都府京都市山科区東野百拍子町２７番の１" }, "geometry": { "type": "Point", "coordinates": [ 135.814818, 34.978372 ] } },
{ "type": "Feature", "properties": { "ID": "2622620001143", "正式名称": "加藤眼科医院", "機関区分": 2, "都道府県コード": 26, "市区町村コード": 110, "所在地": "京都府京都市山科区椥ノ辻中在家町１７プラザ椥ノ辻２Ｆ", "緯度": 34.974289, "経度": 135.815512, "url": "https://www.iryou.teikyouseido.mhlw.go.jp/znk-web/juminkanja/S2430/initialize?prefCd=26&kikanCd=2620001143&kikanKbn=2", "url2": "http://www.katoeye.com/", "内容": "加藤眼科医院【2:診療所】【診療科目:眼科】京都府京都市山科区椥ノ辻中在家町１７プラザ椥ノ辻２Ｆ" }, "geometry": { "type": "Point", "coordinates": [ 135.815512, 34.974289 ] } },
{ "type": "Feature", "properties": { "ID": "2622620001144", "正式名称": "竹内医院", "機関区分": 2, "都道府県コード": 26, "市区町村コード": 110, "所在地": "京都府京都市山科区椥辻中在家町１２－２", "緯度": 34.974206, "経度": 135.815012, "url": "https://www.iryou.teikyouseido.mhlw.go.jp/znk-web/juminkanja/S2430/initialize?prefCd=26&kikanCd=2620001144&kikanKbn=2", "url2": null, "内容": "竹内医院【2:診療所】【診療科目:内科_放射線科】京都府京都市山科区椥辻中在家町１２－２" }, "geometry": { "type": "Point", "coordinates": [ 135.815012, 34.974206 ] } },
{ "type": "Feature", "properties": { "ID": "2622620001145", "正式名称": "医療法人社団なぎつじ耳鼻咽喉科", "機関区分": 2, "都道府県コード": 26, "市区町村コード": 110, "所在地": "京都府京都市山科区椥辻中在家町１７番地　プラザ椥ノ辻ビル１Ｆ１３号", "緯度": 34.974261, "経度": 135.815512, "url": "https://www.iryou.teikyouseido.mhlw.go.jp/znk-web/juminkanja/S2430/initialize?prefCd=26&kikanCd=2620001145&kikanKbn=2", "url2": null, "内容": "医療法人社団なぎつじ耳鼻咽喉科【2:診療所】【診療科目:耳鼻いんこう科】京都府京都市山科区椥辻中在家町１７番地　プラザ椥ノ辻ビル１Ｆ１３号" }, "geometry": { "type": "Point", "coordinates": [ 135.815512, 34.974261 ] } },
{ "type": "Feature", "properties": { "ID": "2622620001146", "正式名称": "中川皮膚科クリニック", "機関区分": 2, "都道府県コード": 26, "市区町村コード": 110, "所在地": "京都府京都市山科区椥辻草海道町３８－３５椥辻ＨＳビル２Ｆ", "緯度": 34.972595, "経度": 135.815012, "url": "https://www.iryou.teikyouseido.mhlw.go.jp/znk-web/juminkanja/S2430/initialize?prefCd=26&kikanCd=2620001146&kikanKbn=2", "url2": null, "内容": "中川皮膚科クリニック【2:診療所】【診療科目:皮膚科】京都府京都市山科区椥辻草海道町３８－３５椥辻ＨＳビル２Ｆ" }, "geometry": { "type": "Point", "coordinates": [ 135.815012, 34.972595 ] } },
{ "type": "Feature", "properties": { "ID": "2622620001147", "正式名称": "浅田内科消化器科医院", "機関区分": 2, "都道府県コード": 26, "市区町村コード": 110, "所在地": "京都府京都市山科区椥辻草海道町３８－３５椥辻ＨＳビル３Ｆ", "緯度": 34.97265, "経度": 135.815012, "url": "https://www.iryou.teikyouseido.mhlw.go.jp/znk-web/juminkanja/S2430/initialize?prefCd=26&kikanCd=2620001147&kikanKbn=2", "url2": null, "内容": "浅田内科消化器科医院【2:診療所】【診療科目:内科】京都府京都市山科区椥辻草海道町３８－３５椥辻ＨＳビル３Ｆ" }, "geometry": { "type": "Point", "coordinates": [ 135.815012, 34.97265 ] } },
{ "type": "Feature", "properties": { "ID": "2622620001150", "正式名称": "田中眼科医院", "機関区分": 2, "都道府県コード": 26, "市区町村コード": 110, "所在地": "京都府京都市山科区椥辻西浦町２２－１０", "緯度": 34.974539, "経度": 135.814429, "url": "https://www.iryou.teikyouseido.mhlw.go.jp/znk-web/juminkanja/S2430/initialize?prefCd=26&kikanCd=2620001150&kikanKbn=2", "url2": null, "内容": "田中眼科医院【2:診療所】【診療科目:眼科】京都府京都市山科区椥辻西浦町２２－１０" }, "geometry": { "type": "Point", "coordinates": [ 135.814429, 34.974539 ] } },
{ "type": "Feature", "properties": { "ID": "2622620001152", "正式名称": "医療法人医幸会辻際医院", "機関区分": 2, "都道府県コード": 26, "市区町村コード": 110, "所在地": "京都府京都市山科区大宅五反畑町３番地３", "緯度": 34.974178, "経度": 135.822595, "url": "https://www.iryou.teikyouseido.mhlw.go.jp/znk-web/juminkanja/S2430/initialize?prefCd=26&kikanCd=2620001152&kikanKbn=2", "url2": "http://www18.ocn.ne.jp/~tujigiwa/", "内容": "医療法人医幸会辻際医院【2:診療所】【診療科目:内科_小児科_皮膚科】京都府京都市山科区大宅五反畑町３番地３" }, "geometry": { "type": "Point", "coordinates": [ 135.822595, 34.974178 ] } },
{ "type": "Feature", "properties": { "ID": "2622620001154", "正式名称": "津田医院", "機関区分": 2, "都道府県コード": 26, "市区町村コード": 110, "所在地": "京都府京都市山科区大宅打明町１４－１", "緯度": 34.972845, "経度": 135.82104, "url": "https://www.iryou.teikyouseido.mhlw.go.jp/znk-web/juminkanja/S2430/initialize?prefCd=26&kikanCd=2620001154&kikanKbn=2", "url2": null, "内容": "津田医院【2:診療所】【診療科目:内科_循環器内科_消化器内科】京都府京都市山科区大宅打明町１４－１" }, "geometry": { "type": "Point", "coordinates": [ 135.82104, 34.972845 ] } },
{ "type": "Feature", "properties": { "ID": "2622620001155", "正式名称": "社団法人信和会大宅診療所", "機関区分": 2, "都道府県コード": 26, "市区町村コード": 110, "所在地": "京都府京都市山科区大宅早稲ノ内町２番地", "緯度": 34.968429, "経度": 135.816207, "url": "https://www.iryou.teikyouseido.mhlw.go.jp/znk-web/juminkanja/S2430/initialize?prefCd=26&kikanCd=2620001155&kikanKbn=2", "url2": null, "内容": "社団法人信和会大宅診療所【2:診療所】【診療科目:内科_アレルギー科】京都府京都市山科区大宅早稲ノ内町２番地" }, "geometry": { "type": "Point", "coordinates": [ 135.816207, 34.968429 ] } },
{ "type": "Feature", "properties": { "ID": "2622620001159", "正式名称": "医療法人耳鼻咽喉科松井医院", "機関区分": 2, "都道府県コード": 26, "市区町村コード": 110, "所在地": "京都府京都市山科区観修寺西栗栖野町２５０番地", "緯度": 34.968762, "経度": 135.807624, "url": "https://www.iryou.teikyouseido.mhlw.go.jp/znk-web/juminkanja/S2430/initialize?prefCd=26&kikanCd=2620001159&kikanKbn=2", "url2": null, "内容": "医療法人耳鼻咽喉科松井医院【2:診療所】【診療科目:耳鼻いんこう科_アレルギー科】京都府京都市山科区観修寺西栗栖野町２５０番地" }, "geometry": { "type": "Point", "coordinates": [ 135.807624, 34.968762 ] } },
{ "type": "Feature", "properties": { "ID": "2622620001160", "正式名称": "坂部医院", "機関区分": 2, "都道府県コード": 26, "市区町村コード": 110, "所在地": "京都府京都市山科区勧修寺西栗栖野町２７３", "緯度": 34.969428, "経度": 135.806652, "url": "https://www.iryou.teikyouseido.mhlw.go.jp/znk-web/juminkanja/S2430/initialize?prefCd=26&kikanCd=2620001160&kikanKbn=2", "url2": "https://www.sakabe-iin.com/", "内容": "坂部医院【2:診療所】【診療科目:内科_糖尿病内科】京都府京都市山科区勧修寺西栗栖野町２７３" }, "geometry": { "type": "Point", "coordinates": [ 135.806652, 34.969428 ] } },
{ "type": "Feature", "properties": { "ID": "2622620001164", "正式名称": "土屋診療所", "機関区分": 2, "都道府県コード": 26, "市区町村コード": 110, "所在地": "京都府京都市山科区勧修寺柴山８－１０９", "緯度": 34.967623, "経度": 135.802708, "url": "https://www.iryou.teikyouseido.mhlw.go.jp/znk-web/juminkanja/S2430/initialize?prefCd=26&kikanCd=2620001164&kikanKbn=2", "url2": null, "内容": "土屋診療所【2:診療所】【診療科目:内科_精神科】京都府京都市山科区勧修寺柴山８－１０９" }, "geometry": { "type": "Point", "coordinates": [ 135.802708, 34.967623 ] } },
{ "type": "Feature", "properties": { "ID": "2622620001165", "正式名称": "若林診療所", "機関区分": 2, "都道府県コード": 26, "市区町村コード": 110, "所在地": "京都府京都市山科区勧修寺柴山１５－２", "緯度": 34.966131, "経度": 135.802666, "url": "https://www.iryou.teikyouseido.mhlw.go.jp/znk-web/juminkanja/S2430/initialize?prefCd=26&kikanCd=2620001165&kikanKbn=2", "url2": "https://wakabayashi-clinic.jp/", "内容": "若林診療所【2:診療所】【診療科目:内科_呼吸器内科_循環器内科_消化器内科】京都府京都市山科区勧修寺柴山１５－２" }, "geometry": { "type": "Point", "coordinates": [ 135.802666, 34.966131 ] } },
{ "type": "Feature", "properties": { "ID": "2622620001166", "正式名称": "医療法人耳鼻咽喉科服部医院", "機関区分": 2, "都道府県コード": 26, "市区町村コード": 110, "所在地": "京都府京都市山科区西野山百々町１８５－２", "緯度": 34.975983, "経度": 135.796764, "url": "https://www.iryou.teikyouseido.mhlw.go.jp/znk-web/juminkanja/S2430/initialize?prefCd=26&kikanCd=2620001166&kikanKbn=2", "url2": null, "内容": "医療法人耳鼻咽喉科服部医院【2:診療所】【診療科目:耳鼻いんこう科】京都府京都市山科区西野山百々町１８５－２" }, "geometry": { "type": "Point", "coordinates": [ 135.796764, 34.975983 ] } },
{ "type": "Feature", "properties": { "ID": "2622620001168", "正式名称": "あしはら診療所", "機関区分": 2, "都道府県コード": 26, "市区町村コード": 110, "所在地": "京都府京都市山科区西野山中鳥井町６８－１", "緯度": 34.97115, "経度": 135.799653, "url": "https://www.iryou.teikyouseido.mhlw.go.jp/znk-web/juminkanja/S2430/initialize?prefCd=26&kikanCd=2620001168&kikanKbn=2", "url2": null, "内容": "あしはら診療所【2:診療所】【診療科目:内科_消化器内科】京都府京都市山科区西野山中鳥井町６８－１" }, "geometry": { "type": "Point", "coordinates": [ 135.799653, 34.97115 ] } },
{ "type": "Feature", "properties": { "ID": "2622620001170", "正式名称": "樋口医院", "機関区分": 2, "都道府県コード": 26, "市区町村コード": 110, "所在地": "京都府京都市山科区西野山桜の馬場町１３", "緯度": 34.966734, "経度": 135.801097, "url": "https://www.iryou.teikyouseido.mhlw.go.jp/znk-web/juminkanja/S2430/initialize?prefCd=26&kikanCd=2620001170&kikanKbn=2", "url2": "http://higuchiiin.webmedipr.jp/", "内容": "樋口医院【2:診療所】【診療科目:内科_腎臓内科_外科_整形外科_皮膚科_泌尿器科】京都府京都市山科区西野山桜の馬場町１３" }, "geometry": { "type": "Point", "coordinates": [ 135.801097, 34.966734 ] } },
{ "type": "Feature", "properties": { "ID": "2622620001174", "正式名称": "守屋医院", "機関区分": 2, "都道府県コード": 26, "市区町村コード": 110, "所在地": "京都府京都市山科区西野今屋敷町４６－２", "緯度": 34.98626, "経度": 135.809457, "url": "https://www.iryou.teikyouseido.mhlw.go.jp/znk-web/juminkanja/S2430/initialize?prefCd=26&kikanCd=2620001174&kikanKbn=2", "url2": null, "内容": "守屋医院【2:診療所】【診療科目:内科_脳神経外科】京都府京都市山科区西野今屋敷町４６－２" }, "geometry": { "type": "Point", "coordinates": [ 135.809457, 34.98626 ] } },
{ "type": "Feature", "properties": { "ID": "2622620001175", "正式名称": "澤内科医院", "機関区分": 2, "都道府県コード": 26, "市区町村コード": 110, "所在地": "京都府京都市山科区西野大手先町８－５", "緯度": 34.984399, "経度": 135.814345, "url": "https://www.iryou.teikyouseido.mhlw.go.jp/znk-web/juminkanja/S2430/initialize?prefCd=26&kikanCd=2620001175&kikanKbn=2", "url2": "http://www.myclinic.ne.jp/sawa_clinic/", "内容": "澤内科医院【2:診療所】【診療科目:内科_消化器内科】京都府京都市山科区西野大手先町８－５" }, "geometry": { "type": "Point", "coordinates": [ 135.814345, 34.984399 ] } },
{ "type": "Feature", "properties": { "ID": "2622620001178", "正式名称": "坂元内科医院", "機関区分": 2, "都道府県コード": 26, "市区町村コード": 110, "所在地": "京都府京都市山科区西野大鳥井町１００－４６", "緯度": 34.979177, "経度": 135.804902, "url": "https://www.iryou.teikyouseido.mhlw.go.jp/znk-web/juminkanja/S2430/initialize?prefCd=26&kikanCd=2620001178&kikanKbn=2", "url2": null, "内容": "坂元内科医院【2:診療所】【診療科目:内科_小児科】京都府京都市山科区西野大鳥井町１００－４６" }, "geometry": { "type": "Point", "coordinates": [ 135.804902, 34.979177 ] } },
{ "type": "Feature", "properties": { "ID": "2622620001179", "正式名称": "沖林医院", "機関区分": 2, "都道府県コード": 26, "市区町村コード": 110, "所在地": "京都府京都市山科区西野楳本町１１０の３", "緯度": 34.981677, "経度": 135.802041, "url": "https://www.iryou.teikyouseido.mhlw.go.jp/znk-web/juminkanja/S2430/initialize?prefCd=26&kikanCd=2620001179&kikanKbn=2", "url2": null, "内容": "沖林医院【2:診療所】【診療科目:内科_外科】京都府京都市山科区西野楳本町１１０の３" }, "geometry": { "type": "Point", "coordinates": [ 135.802041, 34.981677 ] } },
{ "type": "Feature", "properties": { "ID": "2622620001182", "正式名称": "ふくだ眼科クリニック", "機関区分": 2, "都道府県コード": 26, "市区町村コード": 110, "所在地": "京都府京都市山科区御陵四丁野町５４－３", "緯度": 34.987926, "経度": 135.813373, "url": "https://www.iryou.teikyouseido.mhlw.go.jp/znk-web/juminkanja/S2430/initialize?prefCd=26&kikanCd=2620001182&kikanKbn=2", "url2": null, "内容": "ふくだ眼科クリニック【2:診療所】【診療科目:眼科】京都府京都市山科区御陵四丁野町５４－３" }, "geometry": { "type": "Point", "coordinates": [ 135.813373, 34.987926 ] } },
{ "type": "Feature", "properties": { "ID": "2622620001183", "正式名称": "医療法人社団片岡医院", "機関区分": 2, "都道府県コード": 26, "市区町村コード": 110, "所在地": "京都府京都市山科区御陵四丁野町６５番地の２", "緯度": 34.988978, "経度": 135.812522, "url": "https://www.iryou.teikyouseido.mhlw.go.jp/znk-web/juminkanja/S2430/initialize?prefCd=26&kikanCd=2620001183&kikanKbn=2", "url2": "http://web.kyoto-inet.or.jp/people/kataoka-clinic/index.html", "内容": "医療法人社団片岡医院【2:診療所】【診療科目:内科_消化器内科_外科_皮膚科_放射線科】京都府京都市山科区御陵四丁野町６５番地の２" }, "geometry": { "type": "Point", "coordinates": [ 135.812522, 34.988978 ] } },
{ "type": "Feature", "properties": { "ID": "2622620001184", "正式名称": "こおり内科医院", "機関区分": 2, "都道府県コード": 26, "市区町村コード": 110, "所在地": "京都府京都市山科区御陵中内町３８", "緯度": 34.990287, "経度": 135.809318, "url": "https://www.iryou.teikyouseido.mhlw.go.jp/znk-web/juminkanja/S2430/initialize?prefCd=26&kikanCd=2620001184&kikanKbn=2", "url2": null, "内容": "こおり内科医院【2:診療所】【診療科目:内科】京都府京都市山科区御陵中内町３８" }, "geometry": { "type": "Point", "coordinates": [ 135.809318, 34.990287 ] } },
{ "type": "Feature", "properties": { "ID": "2622620001186", "正式名称": "医療法人　竹村診療所", "機関区分": 2, "都道府県コード": 26, "市区町村コード": 110, "所在地": "京都府京都市山科区御陵封ジ山町７番地の７１", "緯度": 35.000286, "経度": 135.796679, "url": "https://www.iryou.teikyouseido.mhlw.go.jp/znk-web/juminkanja/S2430/initialize?prefCd=26&kikanCd=2620001186&kikanKbn=2", "url2": null, "内容": "医療法人　竹村診療所【2:診療所】【診療科目:精神科_神経科】京都府京都市山科区御陵封ジ山町７番地の７１" }, "geometry": { "type": "Point", "coordinates": [ 135.796679, 35.000286 ] } },
{ "type": "Feature", "properties": { "ID": "2622620001188", "正式名称": "こうクリニック", "機関区分": 2, "都道府県コード": 26, "市区町村コード": 110, "所在地": "京都府京都市山科区御陵上御廟野町７－７台成ビル１Ｆ", "緯度": 34.995648, "経度": 135.803929, "url": "https://www.iryou.teikyouseido.mhlw.go.jp/znk-web/juminkanja/S2430/initialize?prefCd=26&kikanCd=2620001188&kikanKbn=2", "url2": "http://www16.ocn.ne.jp/~koclinic/", "内容": "こうクリニック【2:診療所】【診療科目:内科_糖尿病内科_小児科_皮膚科_アレルギー科_リハビリテーション科】京都府京都市山科区御陵上御廟野町７－７台成ビル１Ｆ" }, "geometry": { "type": "Point", "coordinates": [ 135.803929, 34.995648 ] } },
{ "type": "Feature", "properties": { "ID": "2622620001189", "正式名称": "医療法人たかせ整形外科", "機関区分": 2, "都道府県コード": 26, "市区町村コード": 110, "所在地": "京都府京都市山科区御陵上御廟野町７－３", "緯度": 34.994203, "経度": 135.805346, "url": "https://www.iryou.teikyouseido.mhlw.go.jp/znk-web/juminkanja/S2430/initialize?prefCd=26&kikanCd=2620001189&kikanKbn=2", "url2": "http://www.myclinic.ne.jp/toshito", "内容": "医療法人たかせ整形外科【2:診療所】【診療科目:整形外科_リウマチ科_リハビリテーション科】京都府京都市山科区御陵上御廟野町７－３" }, "geometry": { "type": "Point", "coordinates": [ 135.805346, 34.994203 ] } },
{ "type": "Feature", "properties": { "ID": "2622620001192", "正式名称": "医療法人藤本内科診療所", "機関区分": 2, "都道府県コード": 26, "市区町村コード": 110, "所在地": "京都府京都市山科区御陵鴨戸町６２番地の３", "緯度": 34.995453, "経度": 135.800874, "url": "https://www.iryou.teikyouseido.mhlw.go.jp/znk-web/juminkanja/S2430/initialize?prefCd=26&kikanCd=2620001192&kikanKbn=2", "url2": null, "内容": "医療法人藤本内科診療所【2:診療所】【診療科目:内科_小児科】京都府京都市山科区御陵鴨戸町６２番地の３" }, "geometry": { "type": "Point", "coordinates": [ 135.800874, 34.995453 ] } },
{ "type": "Feature", "properties": { "ID": "2622620001193", "正式名称": "上田医院", "機関区分": 2, "都道府県コード": 26, "市区町村コード": 110, "所在地": "京都府京都市山科区上野御所ノ内町１６の１", "緯度": 34.990287, "経度": 135.815178, "url": "https://www.iryou.teikyouseido.mhlw.go.jp/znk-web/juminkanja/S2430/initialize?prefCd=26&kikanCd=2620001193&kikanKbn=2", "url2": null, "内容": "上田医院【2:診療所】【診療科目:眼科_皮膚科】京都府京都市山科区上野御所ノ内町１６の１" }, "geometry": { "type": "Point", "coordinates": [ 135.815178, 34.990287 ] } },
{ "type": "Feature", "properties": { "ID": "2622620001194", "正式名称": "医療法人健生会小泉肛門科外科医院", "機関区分": 2, "都道府県コード": 26, "市区町村コード": 110, "所在地": "京都府京都市山科区厨子奥若林町３５番地の１", "緯度": 34.986926, "経度": 135.809707, "url": "https://www.iryou.teikyouseido.mhlw.go.jp/znk-web/juminkanja/S2430/initialize?prefCd=26&kikanCd=2620001194&kikanKbn=2", "url2": null, "内容": "医療法人健生会小泉肛門科外科医院【2:診療所】【診療科目:外科_麻酔科】京都府京都市山科区厨子奥若林町３５番地の１" }, "geometry": { "type": "Point", "coordinates": [ 135.809707, 34.986926 ] } },
{ "type": "Feature", "properties": { "ID": "2622620001196", "正式名称": "鈴木医院", "機関区分": 2, "都道府県コード": 26, "市区町村コード": 110, "所在地": "京都府京都市山科区厨子奥尾上町１４－１５４", "緯度": 34.98751, "経度": 135.807679, "url": "https://www.iryou.teikyouseido.mhlw.go.jp/znk-web/juminkanja/S2430/initialize?prefCd=26&kikanCd=2620001196&kikanKbn=2", "url2": null, "内容": "鈴木医院【2:診療所】【診療科目:内科_泌尿器科】京都府京都市山科区厨子奥尾上町１４－１５４" }, "geometry": { "type": "Point", "coordinates": [ 135.807679, 34.98751 ] } },
{ "type": "Feature", "properties": { "ID": "2622620001199", "正式名称": "医療法人赤城医院", "機関区分": 2, "都道府県コード": 26, "市区町村コード": 110, "所在地": "京都府京都市山科区北花山中道町３５番地３１", "緯度": 34.987149, "経度": 135.80218, "url": "https://www.iryou.teikyouseido.mhlw.go.jp/znk-web/juminkanja/S2430/initialize?prefCd=26&kikanCd=2620001199&kikanKbn=2", "url2": "http://www.akagi-iin.jp/index.html", "内容": "医療法人赤城医院【2:診療所】【診療科目:内科_循環器内科_小児科_耳鼻いんこう科】京都府京都市山科区北花山中道町３５番地３１" }, "geometry": { "type": "Point", "coordinates": [ 135.80218, 34.987149 ] } },
{ "type": "Feature", "properties": { "ID": "2622620001205", "正式名称": "京都市山科保健センター", "機関区分": 2, "都道府県コード": 26, "市区町村コード": 110, "所在地": "京都府京都市山科区椥辻　池尻町１４－２", "緯度": 34.972289, "経度": 135.813735, "url": "https://www.iryou.teikyouseido.mhlw.go.jp/znk-web/juminkanja/S2430/initialize?prefCd=26&kikanCd=2620001205&kikanKbn=2", "url2": null, "内容": "京都市山科保健センター【2:診療所】【診療科目:内科_小児科】京都府京都市山科区椥辻　池尻町１４－２" }, "geometry": { "type": "Point", "coordinates": [ 135.813735, 34.972289 ] } },
{ "type": "Feature", "properties": { "ID": "2622620001216", "正式名称": "医療法人かまの外科医院", "機関区分": 2, "都道府県コード": 26, "市区町村コード": 111, "所在地": "京都府京都市西京区大枝北福西町３丁目２－１０", "緯度": 34.959872, "経度": 135.682385, "url": "https://www.iryou.teikyouseido.mhlw.go.jp/znk-web/juminkanja/S2430/initialize?prefCd=26&kikanCd=2620001216&kikanKbn=2", "url2": "https://www.kamano.org/kamano-geka/", "内容": "医療法人かまの外科医院【2:診療所】【診療科目:外科】京都府京都市西京区大枝北福西町３丁目２－１０" }, "geometry": { "type": "Point", "coordinates": [ 135.682385, 34.959872 ] } },
{ "type": "Feature", "properties": { "ID": "2622620001229", "正式名称": "医療法人　矢野小児科循環器内科医院", "機関区分": 2, "都道府県コード": 26, "市区町村コード": 111, "所在地": "京都府京都市西京区大枝西新林町４－２", "緯度": 34.969315, "経度": 135.669747, "url": "https://www.iryou.teikyouseido.mhlw.go.jp/znk-web/juminkanja/S2430/initialize?prefCd=26&kikanCd=2620001229&kikanKbn=2", "url2": "http://paa.jp/t/149701/", "内容": "医療法人　矢野小児科循環器内科医院【2:診療所】【診療科目:内科_循環器内科_小児科】京都府京都市西京区大枝西新林町４－２" }, "geometry": { "type": "Point", "coordinates": [ 135.669747, 34.969315 ] } },
{ "type": "Feature", "properties": { "ID": "2622620001232", "正式名称": "内田医院", "機関区分": 2, "都道府県コード": 26, "市区町村コード": 111, "所在地": "京都府京都市西京区大枝西新林町６－１５－８", "緯度": 34.966371, "経度": 135.666553, "url": "https://www.iryou.teikyouseido.mhlw.go.jp/znk-web/juminkanja/S2430/initialize?prefCd=26&kikanCd=2620001232&kikanKbn=2", "url2": "https://www.uchidaiin.jp/", "内容": "内田医院【2:診療所】【診療科目:内科】京都府京都市西京区大枝西新林町６－１５－８" }, "geometry": { "type": "Point", "coordinates": [ 135.666553, 34.966371 ] } },
{ "type": "Feature", "properties": { "ID": "2622620001238", "正式名称": "福原小児科医院", "機関区分": 2, "都道府県コード": 26, "市区町村コード": 111, "所在地": "京都府京都市西京区大原野西竹の里町１－１７", "緯度": 34.957038, "経度": 135.671831, "url": "https://www.iryou.teikyouseido.mhlw.go.jp/znk-web/juminkanja/S2430/initialize?prefCd=26&kikanCd=2620001238&kikanKbn=2", "url2": null, "内容": "福原小児科医院【2:診療所】【診療科目:小児科】京都府京都市西京区大原野西竹の里町１－１７" }, "geometry": { "type": "Point", "coordinates": [ 135.671831, 34.957038 ] } },
{ "type": "Feature", "properties": { "ID": "2622620001242", "正式名称": "藤田医院", "機関区分": 2, "都道府県コード": 26, "市区町村コード": 109, "所在地": "京都府京都市伏見区深草上横縄町１０の５７", "緯度": 34.970455, "経度": 135.768794, "url": "https://www.iryou.teikyouseido.mhlw.go.jp/znk-web/juminkanja/S2430/initialize?prefCd=26&kikanCd=2620001242&kikanKbn=2", "url2": null, "内容": "藤田医院【2:診療所】【診療科目:内科_眼科】京都府京都市伏見区深草上横縄町１０の５７" }, "geometry": { "type": "Point", "coordinates": [ 135.768794, 34.970455 ] } },
{ "type": "Feature", "properties": { "ID": "2622620001251", "正式名称": "中本医院", "機関区分": 2, "都道府県コード": 26, "市区町村コード": 109, "所在地": "京都府京都市伏見区深草極楽町７５９", "緯度": 34.955901, "経度": 135.7706, "url": "https://www.iryou.teikyouseido.mhlw.go.jp/znk-web/juminkanja/S2430/initialize?prefCd=26&kikanCd=2620001251&kikanKbn=2", "url2": null, "内容": "中本医院【2:診療所】【診療科目:整形外科_皮膚科】京都府京都市伏見区深草極楽町７５９" }, "geometry": { "type": "Point", "coordinates": [ 135.7706, 34.955901 ] } },
{ "type": "Feature", "properties": { "ID": "2622620001257", "正式名称": "医療法人まつむら医院", "機関区分": 2, "都道府県コード": 26, "市区町村コード": 109, "所在地": "京都府京都市伏見区深草西浦町七丁目７４番地", "緯度": 34.957401, "経度": 135.763629, "url": "https://www.iryou.teikyouseido.mhlw.go.jp/znk-web/juminkanja/S2430/initialize?prefCd=26&kikanCd=2620001257&kikanKbn=2", "url2": "http://www.matsumuraiin.or.jp", "内容": "医療法人まつむら医院【2:診療所】【診療科目:内科_循環器内科_消化器内科_小児科】京都府京都市伏見区深草西浦町七丁目７４番地" }, "geometry": { "type": "Point", "coordinates": [ 135.763629, 34.957401 ] } },
{ "type": "Feature", "properties": { "ID": "2622620001262", "正式名称": "きもと医院", "機関区分": 2, "都道府県コード": 26, "市区町村コード": 109, "所在地": "京都府京都市伏見区深草北蓮池町９０３‐１", "緯度": 34.95168, "経度": 135.767962, "url": "https://www.iryou.teikyouseido.mhlw.go.jp/znk-web/juminkanja/S2430/initialize?prefCd=26&kikanCd=2620001262&kikanKbn=2", "url2": "http://www.mfis.pref.kyoto.lg.jp/ap/co/WebCoParts/http/clinic.to/kimoto", "内容": "きもと医院【2:診療所】【診療科目:内科_外科_リハビリテーション科】京都府京都市伏見区深草北蓮池町９０３‐１" }, "geometry": { "type": "Point", "coordinates": [ 135.767962, 34.95168 ] } },
{ "type": "Feature", "properties": { "ID": "2622620001267", "正式名称": "医療法人社団優久会ふじのもり腎泌尿器科クリニック", "機関区分": 2, "都道府県コード": 26, "市区町村コード": 109, "所在地": "京都府京都市伏見区深草南蓮池町９２８－２", "緯度": 34.950743, "経度": 135.767483, "url": "https://www.iryou.teikyouseido.mhlw.go.jp/znk-web/juminkanja/S2430/initialize?prefCd=26&kikanCd=2620001267&kikanKbn=2", "url2": "https://www.fujinomori-uro.com/", "内容": "医療法人社団優久会ふじのもり腎泌尿器科クリニック【2:診療所】【診療科目:内科_腎臓内科_泌尿器科】京都府京都市伏見区深草南蓮池町９２８－２" }, "geometry": { "type": "Point", "coordinates": [ 135.767483, 34.950743 ] } },
{ "type": "Feature", "properties": { "ID": "2622620001274", "正式名称": "中島医院", "機関区分": 2, "都道府県コード": 26, "市区町村コード": 109, "所在地": "京都府京都市伏見区深草山村町１００３－１", "緯度": 34.948402, "経度": 135.76674, "url": "https://www.iryou.teikyouseido.mhlw.go.jp/znk-web/juminkanja/S2430/initialize?prefCd=26&kikanCd=2620001274&kikanKbn=2", "url2": null, "内容": "中島医院【2:診療所】【診療科目:内科_消化器内科_小児科】京都府京都市伏見区深草山村町１００３－１" }, "geometry": { "type": "Point", "coordinates": [ 135.76674, 34.948402 ] } },
{ "type": "Feature", "properties": { "ID": "2622620001287", "正式名称": "医療法人社団林整形外科医院", "機関区分": 2, "都道府県コード": 26, "市区町村コード": 109, "所在地": "京都府京都市伏見区深草藤森町３８番地", "緯度": 34.952207, "経度": 135.7716, "url": "https://www.iryou.teikyouseido.mhlw.go.jp/znk-web/juminkanja/S2430/initialize?prefCd=26&kikanCd=2620001287&kikanKbn=2", "url2": null, "内容": "医療法人社団林整形外科医院【2:診療所】【診療科目:整形外科_リウマチ科_リハビリテーション科】京都府京都市伏見区深草藤森町３８番地" }, "geometry": { "type": "Point", "coordinates": [ 135.7716, 34.952207 ] } },
{ "type": "Feature", "properties": { "ID": "2622620001292", "正式名称": "西眼科クリニック", "機関区分": 2, "都道府県コード": 26, "市区町村コード": 109, "所在地": "京都府京都市伏見区深草稲荷御前町９０西クリニックビル１Ｆ", "緯度": 34.967233, "経度": 135.770739, "url": "https://www.iryou.teikyouseido.mhlw.go.jp/znk-web/juminkanja/S2430/initialize?prefCd=26&kikanCd=2620001292&kikanKbn=2", "url2": null, "内容": "西眼科クリニック【2:診療所】【診療科目:眼科】京都府京都市伏見区深草稲荷御前町９０西クリニックビル１Ｆ" }, "geometry": { "type": "Point", "coordinates": [ 135.770739, 34.967233 ] } },
{ "type": "Feature", "properties": { "ID": "2622620001293", "正式名称": "医療法人玄紀会　西医院", "機関区分": 2, "都道府県コード": 26, "市区町村コード": 109, "所在地": "京都府京都市伏見区深草稲荷御前町９０西クリニックビル２階", "緯度": 34.967289, "経度": 135.770739, "url": "https://www.iryou.teikyouseido.mhlw.go.jp/znk-web/juminkanja/S2430/initialize?prefCd=26&kikanCd=2620001293&kikanKbn=2", "url2": "https://www.nishi-clinic.jp/", "内容": "医療法人玄紀会　西医院【2:診療所】【診療科目:内科_消化器内科_小児科】京都府京都市伏見区深草稲荷御前町９０西クリニックビル２階" }, "geometry": { "type": "Point", "coordinates": [ 135.770739, 34.967289 ] } },
{ "type": "Feature", "properties": { "ID": "2622620001295", "正式名称": "杉の下医院", "機関区分": 2, "都道府県コード": 26, "市区町村コード": 109, "所在地": "京都府京都市伏見区深草直違橋１０丁目１７１", "緯度": 34.964012, "経度": 135.770961, "url": "https://www.iryou.teikyouseido.mhlw.go.jp/znk-web/juminkanja/S2430/initialize?prefCd=26&kikanCd=2620001295&kikanKbn=2", "url2": null, "内容": "杉の下医院【2:診療所】【診療科目:皮膚科】京都府京都市伏見区深草直違橋１０丁目１７１" }, "geometry": { "type": "Point", "coordinates": [ 135.770961, 34.964012 ] } },
{ "type": "Feature", "properties": { "ID": "2622620001298", "正式名称": "医療法人真誠会辻クリニック", "機関区分": 2, "都道府県コード": 26, "市区町村コード": 109, "所在地": "京都府京都市伏見区深草直違橋９－１８４－２", "緯度": 34.962928, "経度": 135.771239, "url": "https://www.iryou.teikyouseido.mhlw.go.jp/znk-web/juminkanja/S2430/initialize?prefCd=26&kikanCd=2620001298&kikanKbn=2", "url2": "http://www.tsuji-clinic-kyoto.com/", "内容": "医療法人真誠会辻クリニック【2:診療所】【診療科目:内科_外科_整形外科_皮膚泌尿器科_リハビリテーション科_放射線科_麻酔科】京都府京都市伏見区深草直違橋９－１８４－２" }, "geometry": { "type": "Point", "coordinates": [ 135.771239, 34.962928 ] } },
{ "type": "Feature", "properties": { "ID": "2622620001299", "正式名称": "医療法人三和会平松診療所", "機関区分": 2, "都道府県コード": 26, "市区町村コード": 109, "所在地": "京都府京都市伏見区深草直違橋五丁目３２８", "緯度": 34.95904, "経度": 135.771017, "url": "https://www.iryou.teikyouseido.mhlw.go.jp/znk-web/juminkanja/S2430/initialize?prefCd=26&kikanCd=2620001299&kikanKbn=2", "url2": null, "内容": "医療法人三和会平松診療所【2:診療所】【診療科目:眼科】京都府京都市伏見区深草直違橋五丁目３２８" }, "geometry": { "type": "Point", "coordinates": [ 135.771017, 34.95904 ] } },
{ "type": "Feature", "properties": { "ID": "2622620001301", "正式名称": "医療法人社団弓削眼科診療所", "機関区分": 2, "都道府県コード": 26, "市区町村コード": 109, "所在地": "京都府京都市伏見区桃山町西尾４２－４", "緯度": 34.934793, "経度": 135.794683, "url": "https://www.iryou.teikyouseido.mhlw.go.jp/znk-web/juminkanja/S2430/initialize?prefCd=26&kikanCd=2620001301&kikanKbn=2", "url2": "http://www.yuge.or.jp/", "内容": "医療法人社団弓削眼科診療所【2:診療所】【診療科目:眼科】京都府京都市伏見区桃山町西尾４２－４" }, "geometry": { "type": "Point", "coordinates": [ 135.794683, 34.934793 ] } },
{ "type": "Feature", "properties": { "ID": "2622620001307", "正式名称": "医療法人法駿会　羽場医院", "機関区分": 2, "都道府県コード": 26, "市区町村コード": 109, "所在地": "京都府京都市伏見区桃山町大島３８番地の２", "緯度": 34.923183, "経度": 135.790961, "url": "https://www.iryou.teikyouseido.mhlw.go.jp/znk-web/juminkanja/S2430/initialize?prefCd=26&kikanCd=2620001307&kikanKbn=2", "url2": null, "内容": "医療法人法駿会　羽場医院【2:診療所】【診療科目:内科_小児科_アレルギー科】京都府京都市伏見区桃山町大島３８番地の２" }, "geometry": { "type": "Point", "coordinates": [ 135.790961, 34.923183 ] } },
{ "type": "Feature", "properties": { "ID": "2622620001308", "正式名称": "辻皮膚科医院", "機関区分": 2, "都道府県コード": 26, "市区町村コード": 109, "所在地": "京都府京都市伏見区桃山町因幡２４－３１", "緯度": 34.932415, "経度": 135.791494, "url": "https://www.iryou.teikyouseido.mhlw.go.jp/znk-web/juminkanja/S2430/initialize?prefCd=26&kikanCd=2620001308&kikanKbn=2", "url2": null, "内容": "辻皮膚科医院【2:診療所】【診療科目:皮膚科】京都府京都市伏見区桃山町因幡２４－３１" }, "geometry": { "type": "Point", "coordinates": [ 135.791494, 34.932415 ] } },
{ "type": "Feature", "properties": { "ID": "2622620001311", "正式名称": "葛山医院", "機関区分": 2, "都道府県コード": 26, "市区町村コード": 109, "所在地": "京都府京都市伏見区桃山町養斎１９－１２", "緯度": 34.928654, "経度": 135.784906, "url": "https://www.iryou.teikyouseido.mhlw.go.jp/znk-web/juminkanja/S2430/initialize?prefCd=26&kikanCd=2620001311&kikanKbn=2", "url2": null, "内容": "葛山医院【2:診療所】【診療科目:内科】京都府京都市伏見区桃山町養斎１９－１２" }, "geometry": { "type": "Point", "coordinates": [ 135.784906, 34.928654 ] } },
{ "type": "Feature", "properties": { "ID": "2622620001313", "正式名称": "吉田医院", "機関区分": 2, "都道府県コード": 26, "市区町村コード": 109, "所在地": "京都府京都市伏見区桃山町養斉１６－５７", "緯度": 34.929321, "経度": 135.7851, "url": "https://www.iryou.teikyouseido.mhlw.go.jp/znk-web/juminkanja/S2430/initialize?prefCd=26&kikanCd=2620001313&kikanKbn=2", "url2": null, "内容": "吉田医院【2:診療所】【診療科目:内科_胃腸内科_外科_リハビリテーション科】京都府京都市伏見区桃山町養斉１６－５７" }, "geometry": { "type": "Point", "coordinates": [ 135.7851, 34.929321 ] } },
{ "type": "Feature", "properties": { "ID": "2622620001316", "正式名称": "池田産婦人科医院", "機関区分": 2, "都道府県コード": 26, "市区町村コード": 109, "所在地": "京都府京都市伏見区桃山町養斉２０－１２", "緯度": 34.92871, "経度": 135.785323, "url": "https://www.iryou.teikyouseido.mhlw.go.jp/znk-web/juminkanja/S2430/initialize?prefCd=26&kikanCd=2620001316&kikanKbn=2", "url2": null, "内容": "池田産婦人科医院【2:診療所】【診療科目:産婦人科_婦人科_泌尿器科】京都府京都市伏見区桃山町養斉２０－１２" }, "geometry": { "type": "Point", "coordinates": [ 135.785323, 34.92871 ] } },
{ "type": "Feature", "properties": { "ID": "2622620001318", "正式名称": "伴整形外科医院", "機関区分": 2, "都道府県コード": 26, "市区町村コード": 109, "所在地": "京都府京都市伏見区桃山町丹後３０－２３", "緯度": 34.932182, "経度": 135.784767, "url": "https://www.iryou.teikyouseido.mhlw.go.jp/znk-web/juminkanja/S2430/initialize?prefCd=26&kikanCd=2620001318&kikanKbn=2", "url2": null, "内容": "伴整形外科医院【2:診療所】【診療科目:整形外科】京都府京都市伏見区桃山町丹後３０－２３" }, "geometry": { "type": "Point", "coordinates": [ 135.784767, 34.932182 ] } },
{ "type": "Feature", "properties": { "ID": "2622620001322", "正式名称": "古家医院", "機関区分": 2, "都道府県コード": 26, "市区町村コード": 109, "所在地": "京都府京都市伏見区桃山筑前台町３３の１", "緯度": 34.933487, "経度": 135.770962, "url": "https://www.iryou.teikyouseido.mhlw.go.jp/znk-web/juminkanja/S2430/initialize?prefCd=26&kikanCd=2620001322&kikanKbn=2", "url2": null, "内容": "古家医院【2:診療所】【診療科目:内科_外科_消化器科】京都府京都市伏見区桃山筑前台町３３の１" }, "geometry": { "type": "Point", "coordinates": [ 135.770962, 34.933487 ] } },
{ "type": "Feature", "properties": { "ID": "2622620001335", "正式名称": "宮田眼科医院", "機関区分": 2, "都道府県コード": 26, "市区町村コード": 109, "所在地": "京都府京都市伏見区新町１０丁目３６４－４", "緯度": 34.939792, "経度": 135.763546, "url": "https://www.iryou.teikyouseido.mhlw.go.jp/znk-web/juminkanja/S2430/initialize?prefCd=26&kikanCd=2620001335&kikanKbn=2", "url2": null, "内容": "宮田眼科医院【2:診療所】【診療科目:眼科】京都府京都市伏見区新町１０丁目３６４－４" }, "geometry": { "type": "Point", "coordinates": [ 135.763546, 34.939792 ] } },
{ "type": "Feature", "properties": { "ID": "2622620001336", "正式名称": "太田整形外科医院", "機関区分": 2, "都道府県コード": 26, "市区町村コード": 109, "所在地": "京都府京都市伏見区新町４丁目４６１", "緯度": 34.932563, "経度": 135.763406, "url": "https://www.iryou.teikyouseido.mhlw.go.jp/znk-web/juminkanja/S2430/initialize?prefCd=26&kikanCd=2620001336&kikanKbn=2", "url2": "https://ota-orthopedics.kyoto.jp/", "内容": "太田整形外科医院【2:診療所】【診療科目:整形外科_リウマチ科_リハビリテーション科】京都府京都市伏見区新町４丁目４６１" }, "geometry": { "type": "Point", "coordinates": [ 135.763406, 34.932563 ] } },
{ "type": "Feature", "properties": { "ID": "2622620001337", "正式名称": "浜耳鼻咽喉科医院", "機関区分": 2, "都道府県コード": 26, "市区町村コード": 109, "所在地": "京都府京都市伏見区新町４丁目４６５", "緯度": 34.932515, "経度": 135.763185, "url": "https://www.iryou.teikyouseido.mhlw.go.jp/znk-web/juminkanja/S2430/initialize?prefCd=26&kikanCd=2620001337&kikanKbn=2", "url2": null, "内容": "浜耳鼻咽喉科医院【2:診療所】【診療科目:耳鼻いんこう科】京都府京都市伏見区新町４丁目４６５" }, "geometry": { "type": "Point", "coordinates": [ 135.763185, 34.932515 ] } },
{ "type": "Feature", "properties": { "ID": "2622620001340", "正式名称": "町田小児科内科医院", "機関区分": 2, "都道府県コード": 26, "市区町村コード": 109, "所在地": "京都府京都市伏見区新町６丁目４７０－５", "緯度": 34.934431, "経度": 135.763491, "url": "https://www.iryou.teikyouseido.mhlw.go.jp/znk-web/juminkanja/S2430/initialize?prefCd=26&kikanCd=2620001340&kikanKbn=2", "url2": null, "内容": "町田小児科内科医院【2:診療所】【診療科目:内科_小児科】京都府京都市伏見区新町６丁目４７０－５" }, "geometry": { "type": "Point", "coordinates": [ 135.763491, 34.934431 ] } },
{ "type": "Feature", "properties": { "ID": "2622620001341", "正式名称": "清水医院", "機関区分": 2, "都道府県コード": 26, "市区町村コード": 109, "所在地": "京都府京都市伏見区新町６丁目４７５", "緯度": 34.934987, "経度": 135.763046, "url": "https://www.iryou.teikyouseido.mhlw.go.jp/znk-web/juminkanja/S2430/initialize?prefCd=26&kikanCd=2620001341&kikanKbn=2", "url2": null, "内容": "清水医院【2:診療所】【診療科目:内科_整形外科】京都府京都市伏見区新町６丁目４７５" }, "geometry": { "type": "Point", "coordinates": [ 135.763046, 34.934987 ] } },
{ "type": "Feature", "properties": { "ID": "2622620001343", "正式名称": "医療法人隆仁会　松永医院", "機関区分": 2, "都道府県コード": 26, "市区町村コード": 109, "所在地": "京都府京都市伏見区新町十丁目３６４番地", "緯度": 34.939708, "経度": 135.763574, "url": "https://www.iryou.teikyouseido.mhlw.go.jp/znk-web/juminkanja/S2430/initialize?prefCd=26&kikanCd=2620001343&kikanKbn=2", "url2": "matsunaga-clinic.jp", "内容": "医療法人隆仁会　松永医院【2:診療所】【診療科目:内科_循環器内科_消化器内科_放射線科】京都府京都市伏見区新町十丁目３６４番地" }, "geometry": { "type": "Point", "coordinates": [ 135.763574, 34.939708 ] } },
{ "type": "Feature", "properties": { "ID": "2622620001351", "正式名称": "若林内科胃腸科医院", "機関区分": 2, "都道府県コード": 26, "市区町村コード": 109, "所在地": "京都府京都市伏見区京町南８丁目１０１番地の５", "緯度": 34.939958, "経度": 135.765268, "url": "https://www.iryou.teikyouseido.mhlw.go.jp/znk-web/juminkanja/S2430/initialize?prefCd=26&kikanCd=2620001351&kikanKbn=2", "url2": null, "内容": "若林内科胃腸科医院【2:診療所】【診療科目:内科_消化器内科】京都府京都市伏見区京町南８丁目１０１番地の５" }, "geometry": { "type": "Point", "coordinates": [ 135.765268, 34.939958 ] } },
{ "type": "Feature", "properties": { "ID": "2622620001352", "正式名称": "医療法人仁寿会中津川内科診療所", "機関区分": 2, "都道府県コード": 26, "市区町村コード": 109, "所在地": "京都府京都市伏見区京町南八丁目１１７番地の１", "緯度": 34.940042, "経度": 135.76474, "url": "https://www.iryou.teikyouseido.mhlw.go.jp/znk-web/juminkanja/S2430/initialize?prefCd=26&kikanCd=2620001352&kikanKbn=2", "url2": null, "内容": "医療法人仁寿会中津川内科診療所【2:診療所】【診療科目:内科_消化器内科】京都府京都市伏見区京町南八丁目１１７番地の１" }, "geometry": { "type": "Point", "coordinates": [ 135.76474, 34.940042 ] } },
{ "type": "Feature", "properties": { "ID": "2622620001359", "正式名称": "医療法人藤田産科・婦人科医院", "機関区分": 2, "都道府県コード": 26, "市区町村コード": 109, "所在地": "京都府京都市伏見区銀座町２丁目３４２番地", "緯度": 34.934431, "経度": 135.763796, "url": "https://www.iryou.teikyouseido.mhlw.go.jp/znk-web/juminkanja/S2430/initialize?prefCd=26&kikanCd=2620001359&kikanKbn=2", "url2": "http://fujita-clinic.com/", "内容": "医療法人藤田産科・婦人科医院【2:診療所】【診療科目:産婦人科_産科_婦人科】京都府京都市伏見区銀座町２丁目３４２番地" }, "geometry": { "type": "Point", "coordinates": [ 135.763796, 34.934431 ] } },
{ "type": "Feature", "properties": { "ID": "2622620001360", "正式名称": "社会医療法人健康会伏見診療所", "機関区分": 2, "都道府県コード": 26, "市区町村コード": 109, "所在地": "京都府京都市伏見区銀座町３丁目３１８－１", "緯度": 34.935931, "経度": 135.763935, "url": "https://www.iryou.teikyouseido.mhlw.go.jp/znk-web/juminkanja/S2430/initialize?prefCd=26&kikanCd=2620001360&kikanKbn=2", "url2": "http:www.kyotominami.or.jp/", "内容": "社会医療法人健康会伏見診療所【2:診療所】【診療科目:内科】京都府京都市伏見区銀座町３丁目３１８－１" }, "geometry": { "type": "Point", "coordinates": [ 135.763935, 34.935931 ] } },
{ "type": "Feature", "properties": { "ID": "2622620001366", "正式名称": "八木耳鼻咽喉科医院", "機関区分": 2, "都道府県コード": 26, "市区町村コード": 109, "所在地": "京都府京都市伏見区向島善阿弥町３４の６", "緯度": 34.924488, "経度": 135.771129, "url": "https://www.iryou.teikyouseido.mhlw.go.jp/znk-web/juminkanja/S2430/initialize?prefCd=26&kikanCd=2620001366&kikanKbn=2", "url2": null, "内容": "八木耳鼻咽喉科医院【2:診療所】【診療科目:耳鼻いんこう科】京都府京都市伏見区向島善阿弥町３４の６" }, "geometry": { "type": "Point", "coordinates": [ 135.771129, 34.924488 ] } },
{ "type": "Feature", "properties": { "ID": "2622620001374", "正式名称": "医療法人松本眼科", "機関区分": 2, "都道府県コード": 26, "市区町村コード": 109, "所在地": "京都府京都市伏見区向島二ノ丸町１４２番地の１２", "緯度": 34.914739, "経度": 135.77063, "url": "https://www.iryou.teikyouseido.mhlw.go.jp/znk-web/juminkanja/S2430/initialize?prefCd=26&kikanCd=2620001374&kikanKbn=2", "url2": "matsumoto-g.com", "内容": "医療法人松本眼科【2:診療所】【診療科目:眼科】京都府京都市伏見区向島二ノ丸町１４２番地の１２" }, "geometry": { "type": "Point", "coordinates": [ 135.77063, 34.914739 ] } },
{ "type": "Feature", "properties": { "ID": "2622620001375", "正式名称": "医療法人岸田医院", "機関区分": 2, "都道府県コード": 26, "市区町村コード": 109, "所在地": "京都府京都市伏見区向島二ノ丸町１５１－２", "緯度": 34.919905, "経度": 135.76988, "url": "https://www.iryou.teikyouseido.mhlw.go.jp/znk-web/juminkanja/S2430/initialize?prefCd=26&kikanCd=2620001375&kikanKbn=2", "url2": null, "内容": "医療法人岸田医院【2:診療所】【診療科目:内科】京都府京都市伏見区向島二ノ丸町１５１－２" }, "geometry": { "type": "Point", "coordinates": [ 135.76988, 34.919905 ] } },
{ "type": "Feature", "properties": { "ID": "2622620001378", "正式名称": "医療法人社団中部産婦人科医院", "機関区分": 2, "都道府県コード": 26, "市区町村コード": 109, "所在地": "京都府京都市伏見区向島二ノ丸町１５１－４４", "緯度": 34.915433, "経度": 135.770463, "url": "https://www.iryou.teikyouseido.mhlw.go.jp/znk-web/juminkanja/S2430/initialize?prefCd=26&kikanCd=2620001378&kikanKbn=2", "url2": "https://www.nakabe.or.jp", "内容": "医療法人社団中部産婦人科医院【2:診療所】【診療科目:産婦人科_麻酔科】京都府京都市伏見区向島二ノ丸町１５１－４４" }, "geometry": { "type": "Point", "coordinates": [ 135.770463, 34.915433 ] } },
{ "type": "Feature", "properties": { "ID": "2622620001388", "正式名称": "医療法人社団東前医院", "機関区分": 2, "都道府県コード": 26, "市区町村コード": 109, "所在地": "京都府京都市伏見区表町５８９－２", "緯度": 34.929348, "経度": 135.758991, "url": "https://www.iryou.teikyouseido.mhlw.go.jp/znk-web/juminkanja/S2430/initialize?prefCd=26&kikanCd=2620001388&kikanKbn=2", "url2": null, "内容": "医療法人社団東前医院【2:診療所】【診療科目:内科_老年内科_精神科】京都府京都市伏見区表町５８９－２" }, "geometry": { "type": "Point", "coordinates": [ 135.758991, 34.929348 ] } },
{ "type": "Feature", "properties": { "ID": "2622620001390", "正式名称": "社会医療法人健康会　三栖診療所", "機関区分": 2, "都道府県コード": 26, "市区町村コード": 109, "所在地": "京都府京都市伏見区三栖向町７６０", "緯度": 34.927043, "経度": 135.757103, "url": "https://www.iryou.teikyouseido.mhlw.go.jp/znk-web/juminkanja/S2430/initialize?prefCd=26&kikanCd=2620001390&kikanKbn=2", "url2": null, "内容": "社会医療法人健康会　三栖診療所【2:診療所】【診療科目:内科_外科】京都府京都市伏見区三栖向町７６０" }, "geometry": { "type": "Point", "coordinates": [ 135.757103, 34.927043 ] } },
{ "type": "Feature", "properties": { "ID": "2622620001394", "正式名称": "河野医院", "機関区分": 2, "都道府県コード": 26, "市区町村コード": 109, "所在地": "京都府京都市伏見区菱屋町６４９", "緯度": 34.944956, "経度": 135.760255, "url": "https://www.iryou.teikyouseido.mhlw.go.jp/znk-web/juminkanja/S2430/initialize?prefCd=26&kikanCd=2620001394&kikanKbn=2", "url2": "https://kono-iin.com/", "内容": "河野医院【2:診療所】【診療科目:内科_循環器内科】京都府京都市伏見区菱屋町６４９" }, "geometry": { "type": "Point", "coordinates": [ 135.760255, 34.944956 ] } },
{ "type": "Feature", "properties": { "ID": "2622620001396", "正式名称": "医療法人至誠会西村医院", "機関区分": 2, "都道府県コード": 26, "市区町村コード": 109, "所在地": "京都府京都市伏見区東町１９８", "緯度": 34.935376, "経度": 135.760408, "url": "https://www.iryou.teikyouseido.mhlw.go.jp/znk-web/juminkanja/S2430/initialize?prefCd=26&kikanCd=2620001396&kikanKbn=2", "url2": "https://shiseikai-nishimura-clinic.com", "内容": "医療法人至誠会西村医院【2:診療所】【診療科目:内科_消化器内科_小児科】京都府京都市伏見区東町１９８" }, "geometry": { "type": "Point", "coordinates": [ 135.760408, 34.935376 ] } },
{ "type": "Feature", "properties": { "ID": "2622620001400", "正式名称": "医療法人谷口医院", "機関区分": 2, "都道府県コード": 26, "市区町村コード": 109, "所在地": "京都府京都市伏見区下鳥羽北ノ口町７０番地", "緯度": 34.940541, "経度": 135.748714, "url": "https://www.iryou.teikyouseido.mhlw.go.jp/znk-web/juminkanja/S2430/initialize?prefCd=26&kikanCd=2620001400&kikanKbn=2", "url2": "https://taniguchi-iinn.hp.peraichi.com/", "内容": "医療法人谷口医院【2:診療所】【診療科目:内科_循環器内科_小児科】京都府京都市伏見区下鳥羽北ノ口町７０番地" }, "geometry": { "type": "Point", "coordinates": [ 135.748714, 34.940541 ] } },
{ "type": "Feature", "properties": { "ID": "2622620001402", "正式名称": "医療法人吉松医院", "機関区分": 2, "都道府県コード": 26, "市区町村コード": 109, "所在地": "京都府京都市伏見区深草下川原町３１番地の７", "緯度": 34.968344, "経度": 135.762934, "url": "https://www.iryou.teikyouseido.mhlw.go.jp/znk-web/juminkanja/S2430/initialize?prefCd=26&kikanCd=2620001402&kikanKbn=2", "url2": null, "内容": "医療法人吉松医院【2:診療所】【診療科目:耳鼻いんこう科】京都府京都市伏見区深草下川原町３１番地の７" }, "geometry": { "type": "Point", "coordinates": [ 135.762934, 34.968344 ] } },
{ "type": "Feature", "properties": { "ID": "2622620001405", "正式名称": "医療法人康榮会岩田クリニック", "機関区分": 2, "都道府県コード": 26, "市区町村コード": 109, "所在地": "京都府京都市伏見区竹田久保町１９番地１サンウィステリア１Ｆ", "緯度": 34.963345, "経度": 135.761323, "url": "https://www.iryou.teikyouseido.mhlw.go.jp/znk-web/juminkanja/S2430/initialize?prefCd=26&kikanCd=2620001405&kikanKbn=2", "url2": "https://www.iwata-clinic.net", "内容": "医療法人康榮会岩田クリニック【2:診療所】【診療科目:内科_胃腸内科_外科_皮膚科】京都府京都市伏見区竹田久保町１９番地１サンウィステリア１Ｆ" }, "geometry": { "type": "Point", "coordinates": [ 135.761323, 34.963345 ] } },
{ "type": "Feature", "properties": { "ID": "2622620001408", "正式名称": "医療法人社団久世会　くぜクリニック", "機関区分": 2, "都道府県コード": 26, "市区町村コード": 109, "所在地": "京都府京都市伏見区竹田桶ノ井町１５６番地", "緯度": 34.956901, "経度": 135.757129, "url": "https://www.iryou.teikyouseido.mhlw.go.jp/znk-web/juminkanja/S2430/initialize?prefCd=26&kikanCd=2620001408&kikanKbn=2", "url2": null, "内容": "医療法人社団久世会　くぜクリニック【2:診療所】【診療科目:内科_循環器内科_腎臓内科_人工透析内科_老年内科_皮膚科_泌尿器科】京都府京都市伏見区竹田桶ノ井町１５６番地" }, "geometry": { "type": "Point", "coordinates": [ 135.757129, 34.956901 ] } },
{ "type": "Feature", "properties": { "ID": "2622620001409", "正式名称": "川原林整形外科医院", "機関区分": 2, "都道府県コード": 26, "市区町村コード": 109, "所在地": "京都府京都市伏見区竹田七瀬川町２０－８", "緯度": 34.955373, "経度": 135.760629, "url": "https://www.iryou.teikyouseido.mhlw.go.jp/znk-web/juminkanja/S2430/initialize?prefCd=26&kikanCd=2620001409&kikanKbn=2", "url2": null, "内容": "川原林整形外科医院【2:診療所】【診療科目:外科_整形外科_皮膚科_リウマチ科】京都府京都市伏見区竹田七瀬川町２０－８" }, "geometry": { "type": "Point", "coordinates": [ 135.760629, 34.955373 ] } },
{ "type": "Feature", "properties": { "ID": "2622620001410", "正式名称": "医療法人社団蒼樹会山本整形外科", "機関区分": 2, "都道府県コード": 26, "市区町村コード": 109, "所在地": "京都府京都市伏見区竹田七瀬川町８６番地８", "緯度": 34.952874, "経度": 135.759212, "url": "https://www.iryou.teikyouseido.mhlw.go.jp/znk-web/juminkanja/S2430/initialize?prefCd=26&kikanCd=2620001410&kikanKbn=2", "url2": null, "内容": "医療法人社団蒼樹会山本整形外科【2:診療所】【診療科目:内科_整形外科_皮膚科_美容皮膚科_リウマチ科_リハビリテーション科】京都府京都市伏見区竹田七瀬川町８６番地８" }, "geometry": { "type": "Point", "coordinates": [ 135.759212, 34.952874 ] } },
{ "type": "Feature", "properties": { "ID": "2622620001414", "正式名称": "おちあい医院", "機関区分": 2, "都道府県コード": 26, "市区町村コード": 109, "所在地": "京都府京都市伏見区深草柴田屋敷町２３－９５", "緯度": 34.947208, "経度": 135.762074, "url": "https://www.iryou.teikyouseido.mhlw.go.jp/znk-web/juminkanja/S2430/initialize?prefCd=26&kikanCd=2620001414&kikanKbn=2", "url2": "www.ochiaiclinic.jp", "内容": "おちあい医院【2:診療所】【診療科目:内科_消化器内科_放射線科】京都府京都市伏見区深草柴田屋敷町２３－９５" }, "geometry": { "type": "Point", "coordinates": [ 135.762074, 34.947208 ] } },
{ "type": "Feature", "properties": { "ID": "2622620001421", "正式名称": "医療法人社団弘田医院", "機関区分": 2, "都道府県コード": 26, "市区町村コード": 109, "所在地": "京都府京都市伏見区深草フチ町１４番地の２", "緯度": 34.95529, "経度": 135.760768, "url": "https://www.iryou.teikyouseido.mhlw.go.jp/znk-web/juminkanja/S2430/initialize?prefCd=26&kikanCd=2620001421&kikanKbn=2", "url2": null, "内容": "医療法人社団弘田医院【2:診療所】【診療科目:内科_糖尿病内科_循環器内科_消化器内科_小児科】京都府京都市伏見区深草フチ町１４番地の２" }, "geometry": { "type": "Point", "coordinates": [ 135.760768, 34.95529 ] } },
{ "type": "Feature", "properties": { "ID": "2622620001423", "正式名称": "生嶋こどもクリニック", "機関区分": 2, "都道府県コード": 26, "市区町村コード": 109, "所在地": "京都府京都市伏見区羽束師志水町１２８－１マンションフジ２　１－Ｂ号", "緯度": 34.931348, "経度": 135.725744, "url": "https://www.iryou.teikyouseido.mhlw.go.jp/znk-web/juminkanja/S2430/initialize?prefCd=26&kikanCd=2620001423&kikanKbn=2", "url2": null, "内容": "生嶋こどもクリニック【2:診療所】【診療科目:内科_小児科_アレルギー科】京都府京都市伏見区羽束師志水町１２８－１マンションフジ２　１－Ｂ号" }, "geometry": { "type": "Point", "coordinates": [ 135.725744, 34.931348 ] } },
{ "type": "Feature", "properties": { "ID": "2622620001424", "正式名称": "医療法人目高会　羽束師クリニック", "機関区分": 2, "都道府県コード": 26, "市区町村コード": 109, "所在地": "京都府京都市伏見区羽束師古川町７３－１", "緯度": 34.927098, "経度": 135.723689, "url": "https://www.iryou.teikyouseido.mhlw.go.jp/znk-web/juminkanja/S2430/initialize?prefCd=26&kikanCd=2620001424&kikanKbn=2", "url2": "http://www.kyoto.zaq.ne.jp/ogawa-clinic/", "内容": "医療法人目高会　羽束師クリニック【2:診療所】【診療科目:内科_糖尿病内科_循環器内科_整形外科_小児科_リハビリテーション科】京都府京都市伏見区羽束師古川町７３－１" }, "geometry": { "type": "Point", "coordinates": [ 135.723689, 34.927098 ] } },
{ "type": "Feature", "properties": { "ID": "2622620001429", "正式名称": "医療法人　高安医院", "機関区分": 2, "都道府県コード": 26, "市区町村コード": 109, "所在地": "京都府京都市伏見区久我東町２１４番地の１７", "緯度": 34.934847, "経度": 135.728133, "url": "https://www.iryou.teikyouseido.mhlw.go.jp/znk-web/juminkanja/S2430/initialize?prefCd=26&kikanCd=2620001429&kikanKbn=2", "url2": "http://www.takayasu-group.com/", "内容": "医療法人　高安医院【2:診療所】【診療科目:内科_神経内科_小児科_皮膚科】京都府京都市伏見区久我東町２１４番地の１７" }, "geometry": { "type": "Point", "coordinates": [ 135.728133, 34.934847 ] } },
{ "type": "Feature", "properties": { "ID": "2622620001430", "正式名称": "宮谷眼科医院", "機関区分": 2, "都道府県コード": 26, "市区町村コード": 109, "所在地": "京都府京都市伏見区久我東町２１５－２", "緯度": 34.935153, "経度": 135.728271, "url": "https://www.iryou.teikyouseido.mhlw.go.jp/znk-web/juminkanja/S2430/initialize?prefCd=26&kikanCd=2620001430&kikanKbn=2", "url2": null, "内容": "宮谷眼科医院【2:診療所】【診療科目:眼科】京都府京都市伏見区久我東町２１５－２" }, "geometry": { "type": "Point", "coordinates": [ 135.728271, 34.935153 ] } },
{ "type": "Feature", "properties": { "ID": "2622620001432", "正式名称": "松岡耳鼻いんこう科", "機関区分": 2, "都道府県コード": 26, "市区町村コード": 109, "所在地": "京都府京都市伏見区久我森の宮町１５－２３", "緯度": 34.933236, "経度": 135.725327, "url": "https://www.iryou.teikyouseido.mhlw.go.jp/znk-web/juminkanja/S2430/initialize?prefCd=26&kikanCd=2620001432&kikanKbn=2", "url2": "http://www.matsuokajibiinkouka.com/", "内容": "松岡耳鼻いんこう科【2:診療所】【診療科目:耳鼻いんこう科】京都府京都市伏見区久我森の宮町１５－２３" }, "geometry": { "type": "Point", "coordinates": [ 135.725327, 34.933236 ] } },
{ "type": "Feature", "properties": { "ID": "2622620001433", "正式名称": "医療法人社団木村医院", "機関区分": 2, "都道府県コード": 26, "市区町村コード": 109, "所在地": "京都府京都市伏見区久我森の宮町２番地の８３", "緯度": 34.940708, "経度": 135.73091, "url": "https://www.iryou.teikyouseido.mhlw.go.jp/znk-web/juminkanja/S2430/initialize?prefCd=26&kikanCd=2620001433&kikanKbn=2", "url2": "http://www.kimuraiin.com/", "内容": "医療法人社団木村医院【2:診療所】【診療科目:内科_糖尿病内科】京都府京都市伏見区久我森の宮町２番地の８３" }, "geometry": { "type": "Point", "coordinates": [ 135.73091, 34.940708 ] } },
{ "type": "Feature", "properties": { "ID": "2622620001439", "正式名称": "金井クリニック", "機関区分": 2, "都道府県コード": 26, "市区町村コード": 109, "所在地": "京都府京都市伏見区淀池上町１５１番地１９", "緯度": 34.905545, "経度": 135.720162, "url": "https://www.iryou.teikyouseido.mhlw.go.jp/znk-web/juminkanja/S2430/initialize?prefCd=26&kikanCd=2620001439&kikanKbn=2", "url2": "https://kanaiclinic.jp", "内容": "金井クリニック【2:診療所】【診療科目:内科_小児科_耳鼻いんこう科_皮膚科_アレルギー科】京都府京都市伏見区淀池上町１５１番地１９" }, "geometry": { "type": "Point", "coordinates": [ 135.720162, 34.905545 ] } },
{ "type": "Feature", "properties": { "ID": "2622620001442", "正式名称": "医療法人社団つくだ医院", "機関区分": 2, "都道府県コード": 26, "市区町村コード": 109, "所在地": "京都府京都市伏見区淀下津町４７番地", "緯度": 34.903045, "経度": 135.720496, "url": "https://www.iryou.teikyouseido.mhlw.go.jp/znk-web/juminkanja/S2430/initialize?prefCd=26&kikanCd=2620001442&kikanKbn=2", "url2": null, "内容": "医療法人社団つくだ医院【2:診療所】【診療科目:内科_外科_整形外科_皮膚科】京都府京都市伏見区淀下津町４７番地" }, "geometry": { "type": "Point", "coordinates": [ 135.720496, 34.903045 ] } },
{ "type": "Feature", "properties": { "ID": "2622620001446", "正式名称": "公益社団法人京都保健会春日診療所", "機関区分": 2, "都道府県コード": 26, "市区町村コード": 108, "所在地": "京都府京都市右京区西院下花田町２１番地", "緯度": 35.006562, "経度": 135.729129, "url": "https://www.iryou.teikyouseido.mhlw.go.jp/znk-web/juminkanja/S2430/initialize?prefCd=26&kikanCd=2620001446&kikanKbn=2", "url2": "https://kasugasin.com/", "内容": "公益社団法人京都保健会春日診療所【2:診療所】【診療科目:内科_循環器内科_消化器内科】京都府京都市右京区西院下花田町２１番地" }, "geometry": { "type": "Point", "coordinates": [ 135.729129, 35.006562 ] } },
{ "type": "Feature", "properties": { "ID": "2622620001450", "正式名称": "一般社団法人視力愛護協会富井眼科診療所", "機関区分": 2, "都道府県コード": 26, "市区町村コード": 108, "所在地": "京都府京都市右京区西院高山寺町１１", "緯度": 35.002951, "経度": 135.732129, "url": "https://www.iryou.teikyouseido.mhlw.go.jp/znk-web/juminkanja/S2430/initialize?prefCd=26&kikanCd=2620001450&kikanKbn=2", "url2": "https://www.tomiiganka.net/", "内容": "一般社団法人視力愛護協会富井眼科診療所【2:診療所】【診療科目:眼科】京都府京都市右京区西院高山寺町１１" }, "geometry": { "type": "Point", "coordinates": [ 135.732129, 35.002951 ] } },
{ "type": "Feature", "properties": { "ID": "2622620001454", "正式名称": "玉置皮膚科医院", "機関区分": 2, "都道府県コード": 26, "市区町村コード": 108, "所在地": "京都府京都市右京区西院西淳和院町２６－３", "緯度": 35.005062, "経度": 135.730296, "url": "https://www.iryou.teikyouseido.mhlw.go.jp/znk-web/juminkanja/S2430/initialize?prefCd=26&kikanCd=2620001454&kikanKbn=2", "url2": null, "内容": "玉置皮膚科医院【2:診療所】【診療科目:皮膚科】京都府京都市右京区西院西淳和院町２６－３" }, "geometry": { "type": "Point", "coordinates": [ 135.730296, 35.005062 ] } },
{ "type": "Feature", "properties": { "ID": "2622620001465", "正式名称": "医療法人國枝医院", "機関区分": 2, "都道府県コード": 26, "市区町村コード": 108, "所在地": "京都府京都市右京区西院東貝川町１４", "緯度": 35.002562, "経度": 135.717936, "url": "https://www.iryou.teikyouseido.mhlw.go.jp/znk-web/juminkanja/S2430/initialize?prefCd=26&kikanCd=2620001465&kikanKbn=2", "url2": null, "内容": "医療法人國枝医院【2:診療所】【診療科目:内科_感染症内科_血液内科_糖尿病内科_代謝内科_内分泌内科_脂質代謝内科_循環器内科_心臓内科_消化器内科_胃腸内科_神経内科_内視鏡内科_アレルギー疾患内科_小児科】京都府京都市右京区西院東貝川町１４" }, "geometry": { "type": "Point", "coordinates": [ 135.717936, 35.002562 ] } },
{ "type": "Feature", "properties": { "ID": "2622620001473", "正式名称": "医療法人清水医院", "機関区分": 2, "都道府県コード": 26, "市区町村コード": 108, "所在地": "京都府京都市右京区山ノ内宮前町１番地", "緯度": 35.008473, "経度": 135.722364, "url": "https://www.iryou.teikyouseido.mhlw.go.jp/znk-web/juminkanja/S2430/initialize?prefCd=26&kikanCd=2620001473&kikanKbn=2", "url2": "https://cl-shimizu.com/", "内容": "医療法人清水医院【2:診療所】【診療科目:内科_外科】京都府京都市右京区山ノ内宮前町１番地" }, "geometry": { "type": "Point", "coordinates": [ 135.722364, 35.008473 ] } },
{ "type": "Feature", "properties": { "ID": "2622620001475", "正式名称": "医療法人一医会　林医院", "機関区分": 2, "都道府県コード": 26, "市区町村コード": 108, "所在地": "京都府京都市右京区西京極南庄境町３２", "緯度": 34.992119, "経度": 135.728463, "url": "https://www.iryou.teikyouseido.mhlw.go.jp/znk-web/juminkanja/S2430/initialize?prefCd=26&kikanCd=2620001475&kikanKbn=2", "url2": "https://hayashi-clinic-kyoto.jimdofree.com/", "内容": "医療法人一医会　林医院【2:診療所】【診療科目:内科_呼吸器内科_外科_整形外科_リハビリテーション科】京都府京都市右京区西京極南庄境町３２" }, "geometry": { "type": "Point", "coordinates": [ 135.728463, 34.992119 ] } },
{ "type": "Feature", "properties": { "ID": "2622620001483", "正式名称": "医療法人社団堀部耳鼻咽喉科医院", "機関区分": 2, "都道府県コード": 26, "市区町村コード": 108, "所在地": "京都府京都市右京区西京極西池田町１３番地の４ＳＫＢビル１０２号", "緯度": 34.992147, "経度": 135.719519, "url": "https://www.iryou.teikyouseido.mhlw.go.jp/znk-web/juminkanja/S2430/initialize?prefCd=26&kikanCd=2620001483&kikanKbn=2", "url2": "https://horibe.skr.jp/", "内容": "医療法人社団堀部耳鼻咽喉科医院【2:診療所】【診療科目:耳鼻いんこう科】京都府京都市右京区西京極西池田町１３番地の４ＳＫＢビル１０２号" }, "geometry": { "type": "Point", "coordinates": [ 135.719519, 34.992147 ] } },
{ "type": "Feature", "properties": { "ID": "2622620001485", "正式名称": "大井整形外科", "機関区分": 2, "都道府県コード": 26, "市区町村コード": 108, "所在地": "京都府京都市右京区西京極西池田町３８", "緯度": 34.991647, "経度": 135.718297, "url": "https://www.iryou.teikyouseido.mhlw.go.jp/znk-web/juminkanja/S2430/initialize?prefCd=26&kikanCd=2620001485&kikanKbn=2", "url2": "ooiseikeigeka.com", "内容": "大井整形外科【2:診療所】【診療科目:整形外科_リウマチ科_リハビリテーション科】京都府京都市右京区西京極西池田町３８" }, "geometry": { "type": "Point", "coordinates": [ 135.718297, 34.991647 ] } },
{ "type": "Feature", "properties": { "ID": "2622620001489", "正式名称": "西大丸診療所", "機関区分": 2, "都道府県コード": 26, "市区町村コード": 108, "所在地": "京都府京都市右京区西京極西大丸町２９", "緯度": 34.994646, "経度": 135.718936, "url": "https://www.iryou.teikyouseido.mhlw.go.jp/znk-web/juminkanja/S2430/initialize?prefCd=26&kikanCd=2620001489&kikanKbn=2", "url2": null, "内容": "西大丸診療所【2:診療所】【診療科目:内科_小児科】京都府京都市右京区西京極西大丸町２９" }, "geometry": { "type": "Point", "coordinates": [ 135.718936, 34.994646 ] } },
{ "type": "Feature", "properties": { "ID": "2622620001493", "正式名称": "進藤耳鼻咽喉科", "機関区分": 2, "都道府県コード": 26, "市区町村コード": 108, "所在地": "京都府京都市右京区西京極午塚町３７－Ａ２３カドノハイツ１０１号", "緯度": 34.999785, "経度": 135.714214, "url": "https://www.iryou.teikyouseido.mhlw.go.jp/znk-web/juminkanja/S2430/initialize?prefCd=26&kikanCd=2620001493&kikanKbn=2", "url2": "http://homepage3.nifty.com/shindojibiinkouka/", "内容": "進藤耳鼻咽喉科【2:診療所】【診療科目:耳鼻いんこう科】京都府京都市右京区西京極午塚町３７－Ａ２３カドノハイツ１０１号" }, "geometry": { "type": "Point", "coordinates": [ 135.714214, 34.999785 ] } },
{ "type": "Feature", "properties": { "ID": "2622620001500", "正式名称": "医療法人　平盛会　耳鼻咽喉科　平杉クリニック", "機関区分": 2, "都道府県コード": 26, "市区町村コード": 108, "所在地": "京都府京都市右京区梅津南上田町１番地", "緯度": 35.003423, "経度": 135.704048, "url": "https://www.iryou.teikyouseido.mhlw.go.jp/znk-web/juminkanja/S2430/initialize?prefCd=26&kikanCd=2620001500&kikanKbn=2", "url2": "https://www.hirasugi-clinic.com/", "内容": "医療法人　平盛会　耳鼻咽喉科　平杉クリニック【2:診療所】【診療科目:耳鼻いんこう科】京都府京都市右京区梅津南上田町１番地" }, "geometry": { "type": "Point", "coordinates": [ 135.704048, 35.003423 ] } },
{ "type": "Feature", "properties": { "ID": "2622620001505", "正式名称": "すどう小児科医院", "機関区分": 2, "都道府県コード": 26, "市区町村コード": 108, "所在地": "京都府京都市右京区梅津前田町４２‐１ビアンカ２・３　１Ｆ", "緯度": 35.002478, "経度": 135.694882, "url": "https://www.iryou.teikyouseido.mhlw.go.jp/znk-web/juminkanja/S2430/initialize?prefCd=26&kikanCd=2620001505&kikanKbn=2", "url2": "https://sudo-child.com", "内容": "すどう小児科医院【2:診療所】【診療科目:小児科_アレルギー科】京都府京都市右京区梅津前田町４２‐１ビアンカ２・３　１Ｆ" }, "geometry": { "type": "Point", "coordinates": [ 135.694882, 35.002478 ] } },
{ "type": "Feature", "properties": { "ID": "2622620001506", "正式名称": "医療法人大塚医院", "機関区分": 2, "都道府県コード": 26, "市区町村コード": 108, "所在地": "京都府京都市右京区梅津前田町６５番地の４", "緯度": 35.002506, "経度": 135.693827, "url": "https://www.iryou.teikyouseido.mhlw.go.jp/znk-web/juminkanja/S2430/initialize?prefCd=26&kikanCd=2620001506&kikanKbn=2", "url2": "ootsukaclinic.com", "内容": "医療法人大塚医院【2:診療所】【診療科目:内科_消化器内科】京都府京都市右京区梅津前田町６５番地の４" }, "geometry": { "type": "Point", "coordinates": [ 135.693827, 35.002506 ] } },
{ "type": "Feature", "properties": { "ID": "2622620001509", "正式名称": "松木皮膚科クリニック", "機関区分": 2, "都道府県コード": 26, "市区町村コード": 108, "所在地": "京都府京都市右京区梅津上田町５１－１", "緯度": 35.003673, "経度": 135.704187, "url": "https://www.iryou.teikyouseido.mhlw.go.jp/znk-web/juminkanja/S2430/initialize?prefCd=26&kikanCd=2620001509&kikanKbn=2", "url2": "http://www.msc-kyoto.jp/", "内容": "松木皮膚科クリニック【2:診療所】【診療科目:形成外科_皮膚科】京都府京都市右京区梅津上田町５１－１" }, "geometry": { "type": "Point", "coordinates": [ 135.704187, 35.003673 ] } },
{ "type": "Feature", "properties": { "ID": "2622620001511", "正式名称": "ささきクリニック", "機関区分": 2, "都道府県コード": 26, "市区町村コード": 108, "所在地": "京都府京都市右京区梅津北浦町３の１", "緯度": 35.003173, "経度": 135.700076, "url": "https://www.iryou.teikyouseido.mhlw.go.jp/znk-web/juminkanja/S2430/initialize?prefCd=26&kikanCd=2620001511&kikanKbn=2", "url2": "http://www.sasaki-cli.com/", "内容": "ささきクリニック【2:診療所】【診療科目:婦人科】京都府京都市右京区梅津北浦町３の１" }, "geometry": { "type": "Point", "coordinates": [ 135.700076, 35.003173 ] } },
{ "type": "Feature", "properties": { "ID": "2622620001515", "正式名称": "土井小児科", "機関区分": 2, "都道府県コード": 26, "市区町村コード": 111, "所在地": "京都府京都市西京区桂北滝川町８１－２", "緯度": 34.979092, "経度": 135.713243, "url": "https://www.iryou.teikyouseido.mhlw.go.jp/znk-web/juminkanja/S2430/initialize?prefCd=26&kikanCd=2620001515&kikanKbn=2", "url2": "http://www.doi-kids.org/", "内容": "土井小児科【2:診療所】【診療科目:小児科】京都府京都市西京区桂北滝川町８１－２" }, "geometry": { "type": "Point", "coordinates": [ 135.713243, 34.979092 ] } },
{ "type": "Feature", "properties": { "ID": "2622620001520", "正式名称": "高岡医院", "機関区分": 2, "都道府県コード": 26, "市区町村コード": 111, "所在地": "京都府京都市西京区下津林大般若町１６６", "緯度": 34.97662, "経度": 135.712465, "url": "https://www.iryou.teikyouseido.mhlw.go.jp/znk-web/juminkanja/S2430/initialize?prefCd=26&kikanCd=2620001520&kikanKbn=2", "url2": null, "内容": "高岡医院【2:診療所】【診療科目:内科_胃腸内科_肛門外科】京都府京都市西京区下津林大般若町１６６" }, "geometry": { "type": "Point", "coordinates": [ 135.712465, 34.97662 ] } },
{ "type": "Feature", "properties": { "ID": "2622620001525", "正式名称": "なかつかさ足立医院", "機関区分": 2, "都道府県コード": 26, "市区町村コード": 111, "所在地": "京都府京都市西京区桂野里町１２", "緯度": 34.981564, "経度": 135.70391, "url": "https://www.iryou.teikyouseido.mhlw.go.jp/znk-web/juminkanja/S2430/initialize?prefCd=26&kikanCd=2620001525&kikanKbn=2", "url2": "https://www.na-clinic.com/", "内容": "なかつかさ足立医院【2:診療所】【診療科目:内科_乳腺・内分泌外科】京都府京都市西京区桂野里町１２" }, "geometry": { "type": "Point", "coordinates": [ 135.70391, 34.981564 ] } },
{ "type": "Feature", "properties": { "ID": "2622620001527", "正式名称": "金子医院", "機関区分": 2, "都道府県コード": 26, "市区町村コード": 111, "所在地": "京都府京都市西京区桂野里町４１－３５松風桂ビル１Ｆ", "緯度": 34.979898, "経度": 135.70541, "url": "https://www.iryou.teikyouseido.mhlw.go.jp/znk-web/juminkanja/S2430/initialize?prefCd=26&kikanCd=2620001527&kikanKbn=2", "url2": null, "内容": "金子医院【2:診療所】【診療科目:皮膚科_泌尿器科】京都府京都市西京区桂野里町４１－３５松風桂ビル１Ｆ" }, "geometry": { "type": "Point", "coordinates": [ 135.70541, 34.979898 ] } },
{ "type": "Feature", "properties": { "ID": "2622620001532", "正式名称": "医療法人末廣耳鼻咽喉科医院", "機関区分": 2, "都道府県コード": 26, "市区町村コード": 111, "所在地": "京都府京都市西京区桂南巽町１３番地桂オーエスプラザビル２０３", "緯度": 34.979925, "経度": 135.701772, "url": "https://www.iryou.teikyouseido.mhlw.go.jp/znk-web/juminkanja/S2430/initialize?prefCd=26&kikanCd=2620001532&kikanKbn=2", "url2": null, "内容": "医療法人末廣耳鼻咽喉科医院【2:診療所】【診療科目:耳鼻いんこう科】京都府京都市西京区桂南巽町１３番地桂オーエスプラザビル２０３" }, "geometry": { "type": "Point", "coordinates": [ 135.701772, 34.979925 ] } },
{ "type": "Feature", "properties": { "ID": "2622620001550", "正式名称": "中島眼科クリニック", "機関区分": 2, "都道府県コード": 26, "市区町村コード": 111, "所在地": "京都府京都市西京区川島東代町５１－１０１", "緯度": 34.974426, "経度": 135.706521, "url": "https://www.iryou.teikyouseido.mhlw.go.jp/znk-web/juminkanja/S2430/initialize?prefCd=26&kikanCd=2620001550&kikanKbn=2", "url2": null, "内容": "中島眼科クリニック【2:診療所】【診療科目:眼科】京都府京都市西京区川島東代町５１－１０１" }, "geometry": { "type": "Point", "coordinates": [ 135.706521, 34.974426 ] } },
{ "type": "Feature", "properties": { "ID": "2622620001552", "正式名称": "医療法人いわせ内科クリニック", "機関区分": 2, "都道府県コード": 26, "市区町村コード": 111, "所在地": "京都府京都市西京区川島六ノ坪町６３－１メディキューブ洛西口３階", "緯度": 34.964205, "経度": 135.70255, "url": "https://www.iryou.teikyouseido.mhlw.go.jp/znk-web/juminkanja/S2430/initialize?prefCd=26&kikanCd=2620001552&kikanKbn=2", "url2": "http://www.iwasenaika-cl.com/", "内容": "医療法人いわせ内科クリニック【2:診療所】【診療科目:内科_消化器内科】京都府京都市西京区川島六ノ坪町６３－１メディキューブ洛西口３階" }, "geometry": { "type": "Point", "coordinates": [ 135.70255, 34.964205 ] } },
{ "type": "Feature", "properties": { "ID": "2622620001553", "正式名称": "よしおかこどもクリニック", "機関区分": 2, "都道府県コード": 26, "市区町村コード": 111, "所在地": "京都府京都市西京区川島滑樋町４６－３－Ｂ", "緯度": 34.974565, "経度": 135.702688, "url": "https://www.iryou.teikyouseido.mhlw.go.jp/znk-web/juminkanja/S2430/initialize?prefCd=26&kikanCd=2620001553&kikanKbn=2", "url2": null, "内容": "よしおかこどもクリニック【2:診療所】【診療科目:小児科】京都府京都市西京区川島滑樋町４６－３－Ｂ" }, "geometry": { "type": "Point", "coordinates": [ 135.702688, 34.974565 ] } },
{ "type": "Feature", "properties": { "ID": "2622620001555", "正式名称": "いだ胃腸科内科医院", "機関区分": 2, "都道府県コード": 26, "市区町村コード": 111, "所在地": "京都府京都市西京区樫原井戸１６－１２", "緯度": 34.970148, "経度": 135.694661, "url": "https://www.iryou.teikyouseido.mhlw.go.jp/znk-web/juminkanja/S2430/initialize?prefCd=26&kikanCd=2620001555&kikanKbn=2", "url2": null, "内容": "いだ胃腸科内科医院【2:診療所】【診療科目:内科_胃腸内科】京都府京都市西京区樫原井戸１６－１２" }, "geometry": { "type": "Point", "coordinates": [ 135.694661, 34.970148 ] } },
{ "type": "Feature", "properties": { "ID": "2622620001556", "正式名称": "医療法人かみやクリニック　　かみや小児科医院", "機関区分": 2, "都道府県コード": 26, "市区町村コード": 111, "所在地": "京都府京都市西京区樫原井戸１９番地６", "緯度": 34.969843, "経度": 135.694995, "url": "https://www.iryou.teikyouseido.mhlw.go.jp/znk-web/juminkanja/S2430/initialize?prefCd=26&kikanCd=2620001556&kikanKbn=2", "url2": "https://mokuba.mdja.jp/", "内容": "医療法人かみやクリニック　　かみや小児科医院【2:診療所】【診療科目:小児科】京都府京都市西京区樫原井戸１９番地６" }, "geometry": { "type": "Point", "coordinates": [ 135.694995, 34.969843 ] } },
{ "type": "Feature", "properties": { "ID": "2622620001563", "正式名称": "アキタ眼科医院", "機関区分": 2, "都道府県コード": 26, "市区町村コード": 111, "所在地": "京都府京都市西京区川島有栖川町５０－１ＦＯＲＣＥビル５Ｆ", "緯度": 34.979009, "経度": 135.702133, "url": "https://www.iryou.teikyouseido.mhlw.go.jp/znk-web/juminkanja/S2430/initialize?prefCd=26&kikanCd=2620001563&kikanKbn=2", "url2": "http://akita-ganka.com", "内容": "アキタ眼科医院【2:診療所】【診療科目:眼科】京都府京都市西京区川島有栖川町５０－１ＦＯＲＣＥビル５Ｆ" }, "geometry": { "type": "Point", "coordinates": [ 135.702133, 34.979009 ] } },
{ "type": "Feature", "properties": { "ID": "2622620001565", "正式名称": "武田整形外科医院", "機関区分": 2, "都道府県コード": 26, "市区町村コード": 111, "所在地": "京都府京都市西京区川島有栖川町８", "緯度": 34.979259, "経度": 135.701327, "url": "https://www.iryou.teikyouseido.mhlw.go.jp/znk-web/juminkanja/S2430/initialize?prefCd=26&kikanCd=2620001565&kikanKbn=2", "url2": null, "内容": "武田整形外科医院【2:診療所】【診療科目:整形外科_形成外科_リハビリテーション科】京都府京都市西京区川島有栖川町８" }, "geometry": { "type": "Point", "coordinates": [ 135.701327, 34.979259 ] } },
{ "type": "Feature", "properties": { "ID": "2622620001569", "正式名称": "医療法人社団岩瀬医院", "機関区分": 2, "都道府県コード": 26, "市区町村コード": 111, "所在地": "京都府京都市西京区松室追上町１８番地の１６", "緯度": 34.998534, "経度": 135.687661, "url": "https://www.iryou.teikyouseido.mhlw.go.jp/znk-web/juminkanja/S2430/initialize?prefCd=26&kikanCd=2620001569&kikanKbn=2", "url2": "http://iwaseiin.net/", "内容": "医療法人社団岩瀬医院【2:診療所】【診療科目:内科_循環器内科】京都府京都市西京区松室追上町１８番地の１６" }, "geometry": { "type": "Point", "coordinates": [ 135.687661, 34.998534 ] } },
{ "type": "Feature", "properties": { "ID": "262262000157", "正式名称": "武田医院", "機関区分": 2, "都道府県コード": 26, "市区町村コード": 111, "所在地": "京都府京都市西京区上桂西居町１番４番合地", "緯度": 34.990606, "経度": 135.699133, "url": "https://www.iryou.teikyouseido.mhlw.go.jp/znk-web/juminkanja/S2430/initialize?prefCd=26&kikanCd=262000157&kikanKbn=2", "url2": null, "内容": "武田医院【2:診療所】【診療科目:内科_小児科】京都府京都市西京区上桂西居町１番４番合地" }, "geometry": { "type": "Point", "coordinates": [ 135.699133, 34.990606 ] } },
{ "type": "Feature", "properties": { "ID": "2622620001571", "正式名称": "医療法人創志会板倉内科医院", "機関区分": 2, "都道府県コード": 26, "市区町村コード": 111, "所在地": "京都府京都市西京区上桂三ノ宮町６０", "緯度": 34.987452, "経度": 135.697022, "url": "https://www.iryou.teikyouseido.mhlw.go.jp/znk-web/juminkanja/S2430/initialize?prefCd=26&kikanCd=2620001571&kikanKbn=2", "url2": "http://www.itakura-clinic.com/", "内容": "医療法人創志会板倉内科医院【2:診療所】【診療科目:内科_呼吸器内科_循環器内科_リハビリテーション科】京都府京都市西京区上桂三ノ宮町６０" }, "geometry": { "type": "Point", "coordinates": [ 135.697022, 34.987452 ] } },
{ "type": "Feature", "properties": { "ID": "2622620001572", "正式名称": "米山医院", "機関区分": 2, "都道府県コード": 26, "市区町村コード": 111, "所在地": "京都府京都市西京区上桂三ノ宮町６６－２", "緯度": 34.987369, "経度": 135.696022, "url": "https://www.iryou.teikyouseido.mhlw.go.jp/znk-web/juminkanja/S2430/initialize?prefCd=26&kikanCd=2620001572&kikanKbn=2", "url2": "no", "内容": "米山医院【2:診療所】【診療科目:内科_外科_肛門外科_皮膚科_麻酔科】京都府京都市西京区上桂三ノ宮町６６－２" }, "geometry": { "type": "Point", "coordinates": [ 135.696022, 34.987369 ] } },
{ "type": "Feature", "properties": { "ID": "2622620001573", "正式名称": "医療法人創志会しくま脳神経外科クリニック", "機関区分": 2, "都道府県コード": 26, "市区町村コード": 111, "所在地": "京都府京都市西京区上桂三ノ宮町８０番地１", "緯度": 34.987647, "経度": 135.697049, "url": "https://www.iryou.teikyouseido.mhlw.go.jp/znk-web/juminkanja/S2430/initialize?prefCd=26&kikanCd=2620001573&kikanKbn=2", "url2": "http://www.shikuma-clinic.com/", "内容": "医療法人創志会しくま脳神経外科クリニック【2:診療所】【診療科目:神経内科_脳神経外科_放射線科】京都府京都市西京区上桂三ノ宮町８０番地１" }, "geometry": { "type": "Point", "coordinates": [ 135.697049, 34.987647 ] } },
{ "type": "Feature", "properties": { "ID": "2622620001574", "正式名称": "医療法人今井内科医院", "機関区分": 2, "都道府県コード": 26, "市区町村コード": 111, "所在地": "京都府京都市西京区上桂森上町１９－４", "緯度": 34.990063, "経度": 135.694661, "url": "https://www.iryou.teikyouseido.mhlw.go.jp/znk-web/juminkanja/S2430/initialize?prefCd=26&kikanCd=2620001574&kikanKbn=2", "url2": null, "内容": "医療法人今井内科医院【2:診療所】【診療科目:内科_消化器内科】京都府京都市西京区上桂森上町１９－４" }, "geometry": { "type": "Point", "coordinates": [ 135.694661, 34.990063 ] } },
{ "type": "Feature", "properties": { "ID": "2622620001579", "正式名称": "大八木循環器内科医院", "機関区分": 2, "都道府県コード": 26, "市区町村コード": 111, "所在地": "京都府京都市西京区御陵溝浦町２６", "緯度": 34.978925, "経度": 135.693772, "url": "https://www.iryou.teikyouseido.mhlw.go.jp/znk-web/juminkanja/S2430/initialize?prefCd=26&kikanCd=2620001579&kikanKbn=2", "url2": null, "内容": "大八木循環器内科医院【2:診療所】【診療科目:内科_循環器内科】京都府京都市西京区御陵溝浦町２６" }, "geometry": { "type": "Point", "coordinates": [ 135.693772, 34.978925 ] } },
{ "type": "Feature", "properties": { "ID": "2622620001582", "正式名称": "社会福祉法人京都社会事業財団　ライフ・イン京都診療所", "機関区分": 2, "都道府県コード": 26, "市区町村コード": 111, "所在地": "京都府京都市西京区山田平尾町４６－２ライフ・イン京都", "緯度": 34.982369, "経度": 135.683773, "url": "https://www.iryou.teikyouseido.mhlw.go.jp/znk-web/juminkanja/S2430/initialize?prefCd=26&kikanCd=2620001582&kikanKbn=2", "url2": null, "内容": "社会福祉法人京都社会事業財団　ライフ・イン京都診療所【2:診療所】【診療科目:内科_精神科】京都府京都市西京区山田平尾町４６－２ライフ・イン京都" }, "geometry": { "type": "Point", "coordinates": [ 135.683773, 34.982369 ] } },
{ "type": "Feature", "properties": { "ID": "2622620001587", "正式名称": "医療法人さんゆう会内科胃腸内科小林クリニック", "機関区分": 2, "都道府県コード": 26, "市区町村コード": 111, "所在地": "京都府京都市西京区松尾大利町１１－１松尾メディカル・スクエア１階", "緯度": 34.990813, "経度": 135.6923, "url": "https://www.iryou.teikyouseido.mhlw.go.jp/znk-web/juminkanja/S2430/initialize?prefCd=26&kikanCd=2620001587&kikanKbn=2", "url2": null, "内容": "医療法人さんゆう会内科胃腸内科小林クリニック【2:診療所】【診療科目:内科_胃腸内科】京都府京都市西京区松尾大利町１１－１松尾メディカル・スクエア１階" }, "geometry": { "type": "Point", "coordinates": [ 135.6923, 34.990813 ] } },
{ "type": "Feature", "properties": { "ID": "2622620001593", "正式名称": "医療法人社団聡樹会　まさき医院", "機関区分": 2, "都道府県コード": 26, "市区町村コード": 108, "所在地": "京都府京都市右京区西京極午塚町６５番地１", "緯度": 34.99934, "経度": 135.713159, "url": "https://www.iryou.teikyouseido.mhlw.go.jp/znk-web/juminkanja/S2430/initialize?prefCd=26&kikanCd=2620001593&kikanKbn=2", "url2": null, "内容": "医療法人社団聡樹会　まさき医院【2:診療所】【診療科目:内科_消化器内科_外科_整形外科_リハビリテーション科】京都府京都市右京区西京極午塚町６５番地１" }, "geometry": { "type": "Point", "coordinates": [ 135.713159, 34.99934 ] } },
{ "type": "Feature", "properties": { "ID": "2622620001605", "正式名称": "石郷岡眼科医院", "機関区分": 2, "都道府県コード": 26, "市区町村コード": 108, "所在地": "京都府京都市右京区谷口梅津間町１０番地", "緯度": 35.02706, "経度": 135.720712, "url": "https://www.iryou.teikyouseido.mhlw.go.jp/znk-web/juminkanja/S2430/initialize?prefCd=26&kikanCd=2620001605&kikanKbn=2", "url2": null, "内容": "石郷岡眼科医院【2:診療所】【診療科目:眼科】京都府京都市右京区谷口梅津間町１０番地" }, "geometry": { "type": "Point", "coordinates": [ 135.720712, 35.02706 ] } },
{ "type": "Feature", "properties": { "ID": "2622620001609", "正式名称": "医療法人　竜安寺クリニック", "機関区分": 2, "都道府県コード": 26, "市区町村コード": 108, "所在地": "京都府京都市右京区龍安寺西ノ川町７番地６", "緯度": 35.027198, "経度": 135.719296, "url": "https://www.iryou.teikyouseido.mhlw.go.jp/znk-web/juminkanja/S2430/initialize?prefCd=26&kikanCd=2620001609&kikanKbn=2", "url2": "http://www.ryoanji-clinic.com/", "内容": "医療法人　竜安寺クリニック【2:診療所】【診療科目:内科_消化器内科_小児科】京都府京都市右京区龍安寺西ノ川町７番地６" }, "geometry": { "type": "Point", "coordinates": [ 135.719296, 35.027198 ] } },
{ "type": "Feature", "properties": { "ID": "2622620001611", "正式名称": "医療法人社団太田診療所", "機関区分": 2, "都道府県コード": 26, "市区町村コード": 108, "所在地": "京都府京都市右京区花園伊町６", "緯度": 35.020921, "経度": 135.719018, "url": "https://www.iryou.teikyouseido.mhlw.go.jp/znk-web/juminkanja/S2430/initialize?prefCd=26&kikanCd=2620001611&kikanKbn=2", "url2": "http://www.ota-sinryosyo.or.jp/", "内容": "医療法人社団太田診療所【2:診療所】【診療科目:内科_呼吸器内科_消化器内科】京都府京都市右京区花園伊町６" }, "geometry": { "type": "Point", "coordinates": [ 135.719018, 35.020921 ] } },
{ "type": "Feature", "properties": { "ID": "2622620001612", "正式名称": "神部眼科医院", "機関区分": 2, "都道府県コード": 26, "市区町村コード": 108, "所在地": "京都府京都市右京区花園内畑町３０", "緯度": 35.018588, "経度": 135.715324, "url": "https://www.iryou.teikyouseido.mhlw.go.jp/znk-web/juminkanja/S2430/initialize?prefCd=26&kikanCd=2620001612&kikanKbn=2", "url2": null, "内容": "神部眼科医院【2:診療所】【診療科目:眼科】京都府京都市右京区花園内畑町３０" }, "geometry": { "type": "Point", "coordinates": [ 135.715324, 35.018588 ] } },
{ "type": "Feature", "properties": { "ID": "2622620001616", "正式名称": "医療法人中安皮膚科診療所", "機関区分": 2, "都道府県コード": 26, "市区町村コード": 108, "所在地": "京都府京都市右京区太秦安井春日町５", "緯度": 35.016005, "経度": 135.72324, "url": "https://www.iryou.teikyouseido.mhlw.go.jp/znk-web/juminkanja/S2430/initialize?prefCd=26&kikanCd=2620001616&kikanKbn=2", "url2": null, "内容": "医療法人中安皮膚科診療所【2:診療所】【診療科目:小児皮膚科_皮膚科】京都府京都市右京区太秦安井春日町５" }, "geometry": { "type": "Point", "coordinates": [ 135.72324, 35.016005 ] } },
{ "type": "Feature", "properties": { "ID": "2622620001621", "正式名称": "山田医院", "機関区分": 2, "都道府県コード": 26, "市区町村コード": 108, "所在地": "京都府京都市右京区御室竪町２３－４", "緯度": 35.027421, "経度": 135.716435, "url": "https://www.iryou.teikyouseido.mhlw.go.jp/znk-web/juminkanja/S2430/initialize?prefCd=26&kikanCd=2620001621&kikanKbn=2", "url2": "http://www.omuro-yamadaiin.sakura.ne.jp/", "内容": "山田医院【2:診療所】【診療科目:内科_糖尿病内科_胃腸内科_リハビリテーション科】京都府京都市右京区御室竪町２３－４" }, "geometry": { "type": "Point", "coordinates": [ 135.716435, 35.027421 ] } },
{ "type": "Feature", "properties": { "ID": "2622620001624", "正式名称": "医療法人社団寿光会竹腰医院", "機関区分": 2, "都道府県コード": 26, "市区町村コード": 108, "所在地": "京都府京都市右京区御室芝橋町６番地の１９", "緯度": 35.026476, "経度": 135.71288, "url": "https://www.iryou.teikyouseido.mhlw.go.jp/znk-web/juminkanja/S2430/initialize?prefCd=26&kikanCd=2620001624&kikanKbn=2", "url2": "http://takekoshi-med.com", "内容": "医療法人社団寿光会竹腰医院【2:診療所】【診療科目:内科_呼吸器内科_アレルギー疾患内科_泌尿器科_心療内科_リウマチ科】京都府京都市右京区御室芝橋町６番地の１９" }, "geometry": { "type": "Point", "coordinates": [ 135.71288, 35.026476 ] } },
{ "type": "Feature", "properties": { "ID": "2622620001626", "正式名称": "大塚診療所", "機関区分": 2, "都道府県コード": 26, "市区町村コード": 108, "所在地": "京都府京都市右京区太秦和泉式部町４の１３", "緯度": 35.017116, "経度": 135.714602, "url": "https://www.iryou.teikyouseido.mhlw.go.jp/znk-web/juminkanja/S2430/initialize?prefCd=26&kikanCd=2620001626&kikanKbn=2", "url2": null, "内容": "大塚診療所【2:診療所】【診療科目:内科_外科_眼科_皮膚科_泌尿器科】京都府京都市右京区太秦和泉式部町４の１３" }, "geometry": { "type": "Point", "coordinates": [ 135.714602, 35.017116 ] } },
{ "type": "Feature", "properties": { "ID": "2622620001640", "正式名称": "田代医院", "機関区分": 2, "都道府県コード": 26, "市区町村コード": 108, "所在地": "京都府京都市右京区太秦組石町３", "緯度": 35.012534, "経度": 135.70803, "url": "https://www.iryou.teikyouseido.mhlw.go.jp/znk-web/juminkanja/S2430/initialize?prefCd=26&kikanCd=2620001640&kikanKbn=2", "url2": "https://tashiro-iin.blogspot.com", "内容": "田代医院【2:診療所】【診療科目:内科_循環器内科】京都府京都市右京区太秦組石町３" }, "geometry": { "type": "Point", "coordinates": [ 135.70803, 35.012534 ] } },
{ "type": "Feature", "properties": { "ID": "2622620001641", "正式名称": "古谷医院", "機関区分": 2, "都道府県コード": 26, "市区町村コード": 108, "所在地": "京都府京都市右京区太秦百合ヶ本町８の２０１", "緯度": 35.007145, "経度": 135.70402, "url": "https://www.iryou.teikyouseido.mhlw.go.jp/znk-web/juminkanja/S2430/initialize?prefCd=26&kikanCd=2620001641&kikanKbn=2", "url2": "http://website2.infomity.net/8100000262/", "内容": "古谷医院【2:診療所】【診療科目:内科】京都府京都市右京区太秦百合ヶ本町８の２０１" }, "geometry": { "type": "Point", "coordinates": [ 135.70402, 35.007145 ] } },
{ "type": "Feature", "properties": { "ID": "2622620001642", "正式名称": "社会医療法人太秦病院附属うずまさ診療所", "機関区分": 2, "都道府県コード": 26, "市区町村コード": 108, "所在地": "京都府京都市右京区太秦帷子ノ辻町３０番地の４", "緯度": 35.014922, "経度": 135.701825, "url": "https://www.iryou.teikyouseido.mhlw.go.jp/znk-web/juminkanja/S2430/initialize?prefCd=26&kikanCd=2620001642&kikanKbn=2", "url2": "https://www.uzumasa-hp.jp/", "内容": "社会医療法人太秦病院附属うずまさ診療所【2:診療所】【診療科目:内科_呼吸器内科_消化器内科_神経内科_整形外科_皮膚科_リハビリテーション科】京都府京都市右京区太秦帷子ノ辻町３０番地の４" }, "geometry": { "type": "Point", "coordinates": [ 135.701825, 35.014922 ] } },
{ "type": "Feature", "properties": { "ID": "2622620001651", "正式名称": "松本眼科クリニック", "機関区分": 2, "都道府県コード": 26, "市区町村コード": 108, "所在地": "京都府京都市右京区太秦多薮町１４－１２５", "緯度": 35.013727, "経度": 135.702964, "url": "https://www.iryou.teikyouseido.mhlw.go.jp/znk-web/juminkanja/S2430/initialize?prefCd=26&kikanCd=2620001651&kikanKbn=2", "url2": null, "内容": "松本眼科クリニック【2:診療所】【診療科目:眼科】京都府京都市右京区太秦多薮町１４－１２５" }, "geometry": { "type": "Point", "coordinates": [ 135.702964, 35.013727 ] } },
{ "type": "Feature", "properties": { "ID": "2622620001662", "正式名称": "イトウ診療所", "機関区分": 2, "都道府県コード": 26, "市区町村コード": 108, "所在地": "京都府京都市右京区常盤東ノ町２２－３", "緯度": 35.020199, "経度": 135.709241, "url": "https://www.iryou.teikyouseido.mhlw.go.jp/znk-web/juminkanja/S2430/initialize?prefCd=26&kikanCd=2620001662&kikanKbn=2", "url2": "http://www.myclinic.ne.jp/itoclinic/pc/index.html", "内容": "イトウ診療所【2:診療所】【診療科目:内科】京都府京都市右京区常盤東ノ町２２－３" }, "geometry": { "type": "Point", "coordinates": [ 135.709241, 35.020199 ] } },
{ "type": "Feature", "properties": { "ID": "2622620001663", "正式名称": "医療法人　かねみつ医院", "機関区分": 2, "都道府県コード": 26, "市区町村コード": 108, "所在地": "京都府京都市右京区常盤東ノ町６－５", "緯度": 35.019393, "経度": 135.710463, "url": "https://www.iryou.teikyouseido.mhlw.go.jp/znk-web/juminkanja/S2430/initialize?prefCd=26&kikanCd=2620001663&kikanKbn=2", "url2": null, "内容": "医療法人　かねみつ医院【2:診療所】【診療科目:内科_糖尿病内科】京都府京都市右京区常盤東ノ町６－５" }, "geometry": { "type": "Point", "coordinates": [ 135.710463, 35.019393 ] } },
{ "type": "Feature", "properties": { "ID": "2622620001665", "正式名称": "医療法人神谷耳鼻咽喉科医院", "機関区分": 2, "都道府県コード": 26, "市区町村コード": 108, "所在地": "京都府京都市右京区常盤馬塚町", "緯度": 35.019866, "経度": 135.710352, "url": "https://www.iryou.teikyouseido.mhlw.go.jp/znk-web/juminkanja/S2430/initialize?prefCd=26&kikanCd=2620001665&kikanKbn=2", "url2": "https://kamitani-ent.com/", "内容": "医療法人神谷耳鼻咽喉科医院【2:診療所】【診療科目:耳鼻いんこう科】京都府京都市右京区常盤馬塚町" }, "geometry": { "type": "Point", "coordinates": [ 135.710352, 35.019866 ] } },
{ "type": "Feature", "properties": { "ID": "2622620001669", "正式名称": "井上医院", "機関区分": 2, "都道府県コード": 26, "市区町村コード": 108, "所在地": "京都府京都市右京区鳴滝嵯峨園町１０", "緯度": 35.023226, "経度": 135.70613, "url": "https://www.iryou.teikyouseido.mhlw.go.jp/znk-web/juminkanja/S2430/initialize?prefCd=26&kikanCd=2620001669&kikanKbn=2", "url2": "http://www.inoue-clinic.info/", "内容": "井上医院【2:診療所】【診療科目:皮膚科_泌尿器科】京都府京都市右京区鳴滝嵯峨園町１０" }, "geometry": { "type": "Point", "coordinates": [ 135.70613, 35.023226 ] } },
{ "type": "Feature", "properties": { "ID": "262262000167", "正式名称": "医療法人おくい診療所", "機関区分": 2, "都道府県コード": 26, "市区町村コード": 108, "所在地": "京都府京都市右京区嵯峨野開町８－６０", "緯度": 35.015431, "経度": 135.699012, "url": "https://www.iryou.teikyouseido.mhlw.go.jp/znk-web/juminkanja/S2430/initialize?prefCd=26&kikanCd=262000167&kikanKbn=2", "url2": null, "内容": "医療法人おくい診療所【2:診療所】【診療科目:精神科_心療内科】京都府京都市右京区嵯峨野開町８－６０" }, "geometry": { "type": "Point", "coordinates": [ 135.699012, 35.015431 ] } },
{ "type": "Feature", "properties": { "ID": "2622620001672", "正式名称": "小島内科クリニック", "機関区分": 2, "都道府県コード": 26, "市区町村コード": 108, "所在地": "京都府京都市右京区嵯峨広沢御所の内町３７－５", "緯度": 35.020726, "経度": 135.687937, "url": "https://www.iryou.teikyouseido.mhlw.go.jp/znk-web/juminkanja/S2430/initialize?prefCd=26&kikanCd=2620001672&kikanKbn=2", "url2": null, "内容": "小島内科クリニック【2:診療所】【診療科目:内科_糖尿病内科_消化器内科】京都府京都市右京区嵯峨広沢御所の内町３７－５" }, "geometry": { "type": "Point", "coordinates": [ 135.687937, 35.020726 ] } },
{ "type": "Feature", "properties": { "ID": "2622620001677", "正式名称": "石田医院", "機関区分": 2, "都道府県コード": 26, "市区町村コード": 108, "所在地": "京都府京都市右京区嵯峨野有栖川町４０－１６８", "緯度": 35.015366, "経度": 135.694548, "url": "https://www.iryou.teikyouseido.mhlw.go.jp/znk-web/juminkanja/S2430/initialize?prefCd=26&kikanCd=2620001677&kikanKbn=2", "url2": null, "内容": "石田医院【2:診療所】【診療科目:内科_糖尿病内科_呼吸器内科_消化器内科】京都府京都市右京区嵯峨野有栖川町４０－１６８" }, "geometry": { "type": "Point", "coordinates": [ 135.694548, 35.015366 ] } },
{ "type": "Feature", "properties": { "ID": "2622620001681", "正式名称": "医療法人三春会たけさこクリニック", "機関区分": 2, "都道府県コード": 26, "市区町村コード": 108, "所在地": "京都府京都市右京区嵯峨明星町１７番５", "緯度": 35.014366, "経度": 135.690049, "url": "https://www.iryou.teikyouseido.mhlw.go.jp/znk-web/juminkanja/S2430/initialize?prefCd=26&kikanCd=2620001681&kikanKbn=2", "url2": "http://www.myclinic.ne.jp/takesako_cli/", "内容": "医療法人三春会たけさこクリニック【2:診療所】【診療科目:内科_呼吸器内科_循環器内科】京都府京都市右京区嵯峨明星町１７番５" }, "geometry": { "type": "Point", "coordinates": [ 135.690049, 35.014366 ] } },
{ "type": "Feature", "properties": { "ID": "2622620001682", "正式名称": "宮下医院", "機関区分": 2, "都道府県コード": 26, "市区町村コード": 108, "所在地": "京都府京都市右京区嵯峨天龍寺油掛町６の３", "緯度": 35.019782, "経度": 135.686715, "url": "https://www.iryou.teikyouseido.mhlw.go.jp/znk-web/juminkanja/S2430/initialize?prefCd=26&kikanCd=2620001682&kikanKbn=2", "url2": null, "内容": "宮下医院【2:診療所】【診療科目:内科_糖尿病内科_循環器内科_リハビリテーション科】京都府京都市右京区嵯峨天龍寺油掛町６の３" }, "geometry": { "type": "Point", "coordinates": [ 135.686715, 35.019782 ] } },
{ "type": "Feature", "properties": { "ID": "2622620001683", "正式名称": "医療法人岡田医院", "機関区分": 2, "都道府県コード": 26, "市区町村コード": 108, "所在地": "京都府京都市右京区嵯峨中又町２５", "緯度": 35.017366, "経度": 135.689299, "url": "https://www.iryou.teikyouseido.mhlw.go.jp/znk-web/juminkanja/S2430/initialize?prefCd=26&kikanCd=2620001683&kikanKbn=2", "url2": null, "内容": "医療法人岡田医院【2:診療所】【診療科目:内科_呼吸器内科_循環器内科】京都府京都市右京区嵯峨中又町２５" }, "geometry": { "type": "Point", "coordinates": [ 135.689299, 35.017366 ] } },
{ "type": "Feature", "properties": { "ID": "2622620001687", "正式名称": "医療法人高島診療所", "機関区分": 2, "都道府県コード": 26, "市区町村コード": 108, "所在地": "京都府京都市右京区嵯峨天龍寺今堀町２番地", "緯度": 35.017282, "経度": 135.681549, "url": "https://www.iryou.teikyouseido.mhlw.go.jp/znk-web/juminkanja/S2430/initialize?prefCd=26&kikanCd=2620001687&kikanKbn=2", "url2": null, "内容": "医療法人高島診療所【2:診療所】【診療科目:内科_循環器内科_小児科】京都府京都市右京区嵯峨天龍寺今堀町２番地" }, "geometry": { "type": "Point", "coordinates": [ 135.681549, 35.017282 ] } },
{ "type": "Feature", "properties": { "ID": "2622620001688", "正式名称": "医療法人社団柏木内科整形外科医院", "機関区分": 2, "都道府県コード": 26, "市区町村コード": 108, "所在地": "京都府京都市右京区嵯峨北堀町２０番地の１２１", "緯度": 35.017254, "経度": 135.684716, "url": "https://www.iryou.teikyouseido.mhlw.go.jp/znk-web/juminkanja/S2430/initialize?prefCd=26&kikanCd=2620001688&kikanKbn=2", "url2": null, "内容": "医療法人社団柏木内科整形外科医院【2:診療所】【診療科目:内科_消化器内科_外科_リウマチ科_リハビリテーション科】京都府京都市右京区嵯峨北堀町２０番地の１２１" }, "geometry": { "type": "Point", "coordinates": [ 135.684716, 35.017254 ] } },
{ "type": "Feature", "properties": { "ID": "2622620001689", "正式名称": "医療法人社団宮尾眼科", "機関区分": 2, "都道府県コード": 26, "市区町村コード": 108, "所在地": "京都府京都市右京区嵯峨天龍寺若宮町２０", "緯度": 35.020226, "経度": 135.680605, "url": "https://www.iryou.teikyouseido.mhlw.go.jp/znk-web/juminkanja/S2430/initialize?prefCd=26&kikanCd=2620001689&kikanKbn=2", "url2": "https://www.miyao-eye.com/", "内容": "医療法人社団宮尾眼科【2:診療所】【診療科目:内科_眼科】京都府京都市右京区嵯峨天龍寺若宮町２０" }, "geometry": { "type": "Point", "coordinates": [ 135.680605, 35.020226 ] } },
{ "type": "Feature", "properties": { "ID": "2622620001696", "正式名称": "嵯峨嵐山・田中クリニック", "機関区分": 2, "都道府県コード": 26, "市区町村コード": 108, "所在地": "京都府京都市右京区嵯峨釈迦堂門前瀬戸川町４－８", "緯度": 35.020698, "経度": 135.677383, "url": "https://www.iryou.teikyouseido.mhlw.go.jp/znk-web/juminkanja/S2430/initialize?prefCd=26&kikanCd=2620001696&kikanKbn=2", "url2": "http://www.sagaarashiyama-tanakaclinic.com/", "内容": "嵯峨嵐山・田中クリニック【2:診療所】【診療科目:内科_産婦人科_婦人科_精神科_心療内科】京都府京都市右京区嵯峨釈迦堂門前瀬戸川町４－８" }, "geometry": { "type": "Point", "coordinates": [ 135.677383, 35.020698 ] } },
{ "type": "Feature", "properties": { "ID": "2622620001705", "正式名称": "医療法人　上原医院", "機関区分": 2, "都道府県コード": 26, "市区町村コード": 208, "所在地": "京都府向日市物集女町池の裏１－６", "緯度": 34.966927, "経度": 135.694162, "url": "https://www.iryou.teikyouseido.mhlw.go.jp/znk-web/juminkanja/S2430/initialize?prefCd=26&kikanCd=2620001705&kikanKbn=2", "url2": null, "内容": "医療法人　上原医院【2:診療所】【診療科目:内科_外科_乳腺外科_整形外科_皮膚科】京都府向日市物集女町池の裏１－６" }, "geometry": { "type": "Point", "coordinates": [ 135.694162, 34.966927 ] } },
{ "type": "Feature", "properties": { "ID": "2622620001708", "正式名称": "繁本医院", "機関区分": 2, "都道府県コード": 26, "市区町村コード": 208, "所在地": "京都府向日市寺戸町永田１１番地の３８", "緯度": 34.957622, "経度": 135.701661, "url": "https://www.iryou.teikyouseido.mhlw.go.jp/znk-web/juminkanja/S2430/initialize?prefCd=26&kikanCd=2620001708&kikanKbn=2", "url2": null, "内容": "繁本医院【2:診療所】【診療科目:内科_外科_整形外科_皮膚科_泌尿器科】京都府向日市寺戸町永田１１番地の３８" }, "geometry": { "type": "Point", "coordinates": [ 135.701661, 34.957622 ] } },
{ "type": "Feature", "properties": { "ID": "2622620001711", "正式名称": "医療法人恵洋会岩本医院", "機関区分": 2, "都道府県コード": 26, "市区町村コード": 208, "所在地": "京都府向日市寺戸町向畑５７－３", "緯度": 34.953234, "経度": 135.700884, "url": "https://www.iryou.teikyouseido.mhlw.go.jp/znk-web/juminkanja/S2430/initialize?prefCd=26&kikanCd=2620001711&kikanKbn=2", "url2": "http//iwamoto-iin.jp", "内容": "医療法人恵洋会岩本医院【2:診療所】【診療科目:呼吸器内科_心臓血管内科_胃腸内科_外科_リハビリテーション科】京都府向日市寺戸町向畑５７－３" }, "geometry": { "type": "Point", "coordinates": [ 135.700884, 34.953234 ] } },
{ "type": "Feature", "properties": { "ID": "2622620001717", "正式名称": "医療法人慶治会はなみつ耳鼻咽喉科", "機関区分": 2, "都道府県コード": 26, "市区町村コード": 208, "所在地": "京都府向日市寺戸町初田１９－３　Ｋ＆Ｃプラザ２階", "緯度": 34.952567, "経度": 135.702912, "url": "https://www.iryou.teikyouseido.mhlw.go.jp/znk-web/juminkanja/S2430/initialize?prefCd=26&kikanCd=2620001717&kikanKbn=2", "url2": "https://web.clinicn.jp/hanamitsu/", "内容": "医療法人慶治会はなみつ耳鼻咽喉科【2:診療所】【診療科目:耳鼻いんこう科_アレルギー科】京都府向日市寺戸町初田１９－３　Ｋ＆Ｃプラザ２階" }, "geometry": { "type": "Point", "coordinates": [ 135.702912, 34.952567 ] } },
{ "type": "Feature", "properties": { "ID": "2622620001726", "正式名称": "医療法人きくおかクリニック", "機関区分": 2, "都道府県コード": 26, "市区町村コード": 208, "所在地": "京都府向日市寺戸町殿長１９－１　トライアングルプラザビル１階", "緯度": 34.951067, "経度": 135.703106, "url": "https://www.iryou.teikyouseido.mhlw.go.jp/znk-web/juminkanja/S2430/initialize?prefCd=26&kikanCd=2620001726&kikanKbn=2", "url2": null, "内容": "医療法人きくおかクリニック【2:診療所】【診療科目:内科_外科_肛門外科_リハビリテーション科】京都府向日市寺戸町殿長１９－１　トライアングルプラザビル１階" }, "geometry": { "type": "Point", "coordinates": [ 135.703106, 34.951067 ] } },
{ "type": "Feature", "properties": { "ID": "2622620001727", "正式名称": "乙訓医療生活協同組合医誠会診療所", "機関区分": 2, "都道府県コード": 26, "市区町村コード": 208, "所在地": "京都府向日市寺戸町殿長３７", "緯度": 34.950373, "経度": 135.700412, "url": "https://www.iryou.teikyouseido.mhlw.go.jp/znk-web/juminkanja/S2430/initialize?prefCd=26&kikanCd=2620001727&kikanKbn=2", "url2": "http://www.otokuni-hcoop.com/", "内容": "乙訓医療生活協同組合医誠会診療所【2:診療所】【診療科目:内科_整形外科】京都府向日市寺戸町殿長３７" }, "geometry": { "type": "Point", "coordinates": [ 135.700412, 34.950373 ] } },
{ "type": "Feature", "properties": { "ID": "2622620001728", "正式名称": "医療法人社団　加藤小児科", "機関区分": 2, "都道府県コード": 26, "市区町村コード": 208, "所在地": "京都府向日市寺戸町八反田３６－６", "緯度": 34.958039, "経度": 135.699884, "url": "https://www.iryou.teikyouseido.mhlw.go.jp/znk-web/juminkanja/S2430/initialize?prefCd=26&kikanCd=2620001728&kikanKbn=2", "url2": "kato-shonika.com", "内容": "医療法人社団　加藤小児科【2:診療所】【診療科目:小児科_アレルギー科】京都府向日市寺戸町八反田３６－６" }, "geometry": { "type": "Point", "coordinates": [ 135.699884, 34.958039 ] } },
{ "type": "Feature", "properties": { "ID": "2622620001730", "正式名称": "あらかわ医院", "機関区分": 2, "都道府県コード": 26, "市区町村コード": 208, "所在地": "京都府向日市森本町上森本２１－５", "緯度": 34.951567, "経度": 135.708744, "url": "https://www.iryou.teikyouseido.mhlw.go.jp/znk-web/juminkanja/S2430/initialize?prefCd=26&kikanCd=2620001730&kikanKbn=2", "url2": null, "内容": "あらかわ医院【2:診療所】【診療科目:呼吸器内科_消化器内科_外科_眼科_皮膚科】京都府向日市森本町上森本２１－５" }, "geometry": { "type": "Point", "coordinates": [ 135.708744, 34.951567 ] } },
{ "type": "Feature", "properties": { "ID": "2622620001731", "正式名称": "山下医院", "機関区分": 2, "都道府県コード": 26, "市区町村コード": 208, "所在地": "京都府向日市森本町天神の森６－５", "緯度": 34.946651, "経度": 135.704467, "url": "https://www.iryou.teikyouseido.mhlw.go.jp/znk-web/juminkanja/S2430/initialize?prefCd=26&kikanCd=2620001731&kikanKbn=2", "url2": null, "内容": "山下医院【2:診療所】【診療科目:内科_リハビリテーション科_放射線科】京都府向日市森本町天神の森６－５" }, "geometry": { "type": "Point", "coordinates": [ 135.704467, 34.946651 ] } },
{ "type": "Feature", "properties": { "ID": "2622620001732", "正式名称": "医療法人花安小児科医院", "機関区分": 2, "都道府県コード": 26, "市区町村コード": 208, "所在地": "京都府向日市鶏冠井町荒内９１－２２", "緯度": 34.944651, "経度": 135.703023, "url": "https://www.iryou.teikyouseido.mhlw.go.jp/znk-web/juminkanja/S2430/initialize?prefCd=26&kikanCd=2620001732&kikanKbn=2", "url2": null, "内容": "医療法人花安小児科医院【2:診療所】【診療科目:小児科_アレルギー科】京都府向日市鶏冠井町荒内９１－２２" }, "geometry": { "type": "Point", "coordinates": [ 135.703023, 34.944651 ] } },
{ "type": "Feature", "properties": { "ID": "2622620001733", "正式名称": "医療法人桜風会　さくらのき米山ファミリークリニック", "機関区分": 2, "都道府県コード": 26, "市区町村コード": 208, "所在地": "京都府向日市鶏冠井町山畑３９－１", "緯度": 34.941929, "経度": 135.702301, "url": "https://www.iryou.teikyouseido.mhlw.go.jp/znk-web/juminkanja/S2430/initialize?prefCd=26&kikanCd=2620001733&kikanKbn=2", "url2": null, "内容": "医療法人桜風会　さくらのき米山ファミリークリニック【2:診療所】【診療科目:内科_整形外科_小児科_皮膚科_泌尿器科_精神科_アレルギー科】京都府向日市鶏冠井町山畑３９－１" }, "geometry": { "type": "Point", "coordinates": [ 135.702301, 34.941929 ] } },
{ "type": "Feature", "properties": { "ID": "2622620001737", "正式名称": "鈴木内科外科診療所", "機関区分": 2, "都道府県コード": 26, "市区町村コード": 208, "所在地": "京都府向日市上植野町円山１２－５", "緯度": 34.939013, "経度": 135.703468, "url": "https://www.iryou.teikyouseido.mhlw.go.jp/znk-web/juminkanja/S2430/initialize?prefCd=26&kikanCd=2620001737&kikanKbn=2", "url2": "https://www.suzuki-naikageka.com/", "内容": "鈴木内科外科診療所【2:診療所】【診療科目:内科_外科_整形外科_リハビリテーション科_放射線科】京都府向日市上植野町円山１２－５" }, "geometry": { "type": "Point", "coordinates": [ 135.703468, 34.939013 ] } },
{ "type": "Feature", "properties": { "ID": "2622620001739", "正式名称": "医療法人　わかえ内科クリニック", "機関区分": 2, "都道府県コード": 26, "市区町村コード": 208, "所在地": "京都府向日市上植野町御塔道２－１５", "緯度": 34.93993, "経度": 135.702218, "url": "https://www.iryou.teikyouseido.mhlw.go.jp/znk-web/juminkanja/S2430/initialize?prefCd=26&kikanCd=2620001739&kikanKbn=2", "url2": null, "内容": "医療法人　わかえ内科クリニック【2:診療所】【診療科目:内科】京都府向日市上植野町御塔道２－１５" }, "geometry": { "type": "Point", "coordinates": [ 135.702218, 34.93993 ] } },
{ "type": "Feature", "properties": { "ID": "2622620001746", "正式名称": "医療法人晴楓会洛西医院", "機関区分": 2, "都道府県コード": 26, "市区町村コード": 208, "所在地": "京都府向日市寺戸町東田中３－２", "緯度": 34.942596, "経度": 135.700496, "url": "https://www.iryou.teikyouseido.mhlw.go.jp/znk-web/juminkanja/S2430/initialize?prefCd=26&kikanCd=2620001746&kikanKbn=2", "url2": "http://rakusei0502.wixsite.com/clinic", "内容": "医療法人晴楓会洛西医院【2:診療所】【診療科目:呼吸器内科_消化器内科_外科_小児科_リハビリテーション科】京都府向日市寺戸町東田中３－２" }, "geometry": { "type": "Point", "coordinates": [ 135.700496, 34.942596 ] } },
{ "type": "Feature", "properties": { "ID": "2622620001751", "正式名称": "医療法人社団　片岡診療所", "機関区分": 2, "都道府県コード": 26, "市区町村コード": 209, "所在地": "京都府長岡京市今里西ノ口１８番地５", "緯度": 34.934958, "経度": 135.685803, "url": "https://www.iryou.teikyouseido.mhlw.go.jp/znk-web/juminkanja/S2430/initialize?prefCd=26&kikanCd=2620001751&kikanKbn=2", "url2": null, "内容": "医療法人社団　片岡診療所【2:診療所】【診療科目:内科_胃腸内科_外科】京都府長岡京市今里西ノ口１８番地５" }, "geometry": { "type": "Point", "coordinates": [ 135.685803, 34.934958 ] } },
{ "type": "Feature", "properties": { "ID": "2622620001754", "正式名称": "医療法人社団　岡村医院　腎・泌尿器科クリニック", "機関区分": 2, "都道府県コード": 26, "市区町村コード": 209, "所在地": "京都府長岡京市今里畔町２４－８", "緯度": 34.938408, "経度": 135.692181, "url": "https://www.iryou.teikyouseido.mhlw.go.jp/znk-web/juminkanja/S2430/initialize?prefCd=26&kikanCd=2620001754&kikanKbn=2", "url2": "http://www.okamuraiin.jp/", "内容": "医療法人社団　岡村医院　腎・泌尿器科クリニック【2:診療所】【診療科目:泌尿器科】京都府長岡京市今里畔町２４－８" }, "geometry": { "type": "Point", "coordinates": [ 135.692181, 34.938408 ] } },
{ "type": "Feature", "properties": { "ID": "2622620001755", "正式名称": "乙訓休日応急診療所", "機関区分": 2, "都道府県コード": 26, "市区町村コード": 209, "所在地": "京都府長岡京市下海印寺下内田１０１番地", "緯度": 34.916043, "経度": 135.686498, "url": "https://www.iryou.teikyouseido.mhlw.go.jp/znk-web/juminkanja/S2430/initialize?prefCd=26&kikanCd=2620001755&kikanKbn=2", "url2": "http://www.city.nagaokakyo.lg.jp/", "内容": "乙訓休日応急診療所【2:診療所】【診療科目:内科_小児科】京都府長岡京市下海印寺下内田１０１番地" }, "geometry": { "type": "Point", "coordinates": [ 135.686498, 34.916043 ] } },
{ "type": "Feature", "properties": { "ID": "2622620001757", "正式名称": "小原内科・消化器科診療所", "機関区分": 2, "都道府県コード": 26, "市区町村コード": 209, "所在地": "京都府長岡京市滝ノ町１－１５－１０", "緯度": 34.941402, "経度": 135.697663, "url": "https://www.iryou.teikyouseido.mhlw.go.jp/znk-web/juminkanja/S2430/initialize?prefCd=26&kikanCd=2620001757&kikanKbn=2", "url2": null, "内容": "小原内科・消化器科診療所【2:診療所】【診療科目:内科_消化器内科】京都府長岡京市滝ノ町１－１５－１０" }, "geometry": { "type": "Point", "coordinates": [ 135.697663, 34.941402 ] } },
{ "type": "Feature", "properties": { "ID": "2622620001758", "正式名称": "ほう内科医院", "機関区分": 2, "都道府県コード": 26, "市区町村コード": 209, "所在地": "京都府長岡京市滝ノ町２－６－１３", "緯度": 34.943262, "経度": 135.696051, "url": "https://www.iryou.teikyouseido.mhlw.go.jp/znk-web/juminkanja/S2430/initialize?prefCd=26&kikanCd=2620001758&kikanKbn=2", "url2": null, "内容": "ほう内科医院【2:診療所】【診療科目:内科】京都府長岡京市滝ノ町２－６－１３" }, "geometry": { "type": "Point", "coordinates": [ 135.696051, 34.943262 ] } },
{ "type": "Feature", "properties": { "ID": "2622620001762", "正式名称": "医療法人菅田医院", "機関区分": 2, "都道府県コード": 26, "市区町村コード": 209, "所在地": "京都府長岡京市八条が丘１－８－２", "緯度": 34.929403, "経度": 135.688192, "url": "https://www.iryou.teikyouseido.mhlw.go.jp/znk-web/juminkanja/S2430/initialize?prefCd=26&kikanCd=2620001762&kikanKbn=2", "url2": null, "内容": "医療法人菅田医院【2:診療所】【診療科目:内科_消化器内科_胃腸内科】京都府長岡京市八条が丘１－８－２" }, "geometry": { "type": "Point", "coordinates": [ 135.688192, 34.929403 ] } },
{ "type": "Feature", "properties": { "ID": "2622620001767", "正式名称": "医療法人社団和秀会近藤産婦人科医院", "機関区分": 2, "都道府県コード": 26, "市区町村コード": 209, "所在地": "京都府長岡京市長岡２－２－３２", "緯度": 34.926931, "経度": 135.689719, "url": "https://www.iryou.teikyouseido.mhlw.go.jp/znk-web/juminkanja/S2430/initialize?prefCd=26&kikanCd=2620001767&kikanKbn=2", "url2": "http://www.kondo-sanfujinka.com/", "内容": "医療法人社団和秀会近藤産婦人科医院【2:診療所】【診療科目:産婦人科_産科_婦人科】京都府長岡京市長岡２－２－３２" }, "geometry": { "type": "Point", "coordinates": [ 135.689719, 34.926931 ] } },
{ "type": "Feature", "properties": { "ID": "2622620001783", "正式名称": "岩見眼科", "機関区分": 2, "都道府県コード": 26, "市区町村コード": 209, "所在地": "京都府長岡京市開田２丁目９番１２－１０２", "緯度": 34.923737, "経度": 135.696747, "url": "https://www.iryou.teikyouseido.mhlw.go.jp/znk-web/juminkanja/S2430/initialize?prefCd=26&kikanCd=2620001783&kikanKbn=2", "url2": null, "内容": "岩見眼科【2:診療所】【診療科目:眼科】京都府長岡京市開田２丁目９番１２－１０２" }, "geometry": { "type": "Point", "coordinates": [ 135.696747, 34.923737 ] } },
{ "type": "Feature", "properties": { "ID": "2622620001787", "正式名称": "はっとりこどもクリニック", "機関区分": 2, "都道府県コード": 26, "市区町村コード": 209, "所在地": "京都府長岡京市開田４丁目１－５　タナカビル２・３Ｆ", "緯度": 34.923265, "経度": 135.691664, "url": "https://www.iryou.teikyouseido.mhlw.go.jp/znk-web/juminkanja/S2430/initialize?prefCd=26&kikanCd=2620001787&kikanKbn=2", "url2": "http://www.hattori-clinic.net/", "内容": "はっとりこどもクリニック【2:診療所】【診療科目:小児科】京都府長岡京市開田４丁目１－５　タナカビル２・３Ｆ" }, "geometry": { "type": "Point", "coordinates": [ 135.691664, 34.923265 ] } },
{ "type": "Feature", "properties": { "ID": "2622620001789", "正式名称": "小児科・アレルギー科北條クリニック", "機関区分": 2, "都道府県コード": 26, "市区町村コード": 209, "所在地": "京都府長岡京市開田４丁目５－１０　ワコウビル", "緯度": 34.920376, "経度": 135.691331, "url": "https://www.iryou.teikyouseido.mhlw.go.jp/znk-web/juminkanja/S2430/initialize?prefCd=26&kikanCd=2620001789&kikanKbn=2", "url2": "https://park.paa.jp/park2/clinics/1100/buisinesses/01", "内容": "小児科・アレルギー科北條クリニック【2:診療所】【診療科目:小児科_アレルギー科】京都府長岡京市開田４丁目５－１０　ワコウビル" }, "geometry": { "type": "Point", "coordinates": [ 135.691331, 34.920376 ] } },
{ "type": "Feature", "properties": { "ID": "2622620001796", "正式名称": "医療法人社団くぼた医院", "機関区分": 2, "都道府県コード": 26, "市区町村コード": 209, "所在地": "京都府長岡京市馬場見場走り２５－３", "緯度": 34.926903, "経度": 135.70844, "url": "https://www.iryou.teikyouseido.mhlw.go.jp/znk-web/juminkanja/S2430/initialize?prefCd=26&kikanCd=2620001796&kikanKbn=2", "url2": null, "内容": "医療法人社団くぼた医院【2:診療所】【診療科目:内科_循環器内科_小児科】京都府長岡京市馬場見場走り２５－３" }, "geometry": { "type": "Point", "coordinates": [ 135.70844, 34.926903 ] } },
{ "type": "Feature", "properties": { "ID": "2622620001802", "正式名称": "医療法人さいのうち医院", "機関区分": 2, "都道府県コード": 26, "市区町村コード": 209, "所在地": "京都府長岡京市神足１丁目１０番６号", "緯度": 34.923931, "経度": 135.699524, "url": "https://www.iryou.teikyouseido.mhlw.go.jp/znk-web/juminkanja/S2430/initialize?prefCd=26&kikanCd=2620001802&kikanKbn=2", "url2": "http://www1a.biglobe.ne.jp/sai-iin/", "内容": "医療法人さいのうち医院【2:診療所】【診療科目:胃腸内科_外科_整形外科_リハビリテーション科】京都府長岡京市神足１丁目１０番６号" }, "geometry": { "type": "Point", "coordinates": [ 135.699524, 34.923931 ] } },
{ "type": "Feature", "properties": { "ID": "2622620001803", "正式名称": "神部整形外科", "機関区分": 2, "都道府県コード": 26, "市区町村コード": 209, "所在地": "京都府長岡京市神足３丁目４－８", "緯度": 34.92057, "経度": 135.697663, "url": "https://www.iryou.teikyouseido.mhlw.go.jp/znk-web/juminkanja/S2430/initialize?prefCd=26&kikanCd=2620001803&kikanKbn=2", "url2": null, "内容": "神部整形外科【2:診療所】【診療科目:内科_整形外科_リウマチ科_リハビリテーション科】京都府長岡京市神足３丁目４－８" }, "geometry": { "type": "Point", "coordinates": [ 135.697663, 34.92057 ] } },
{ "type": "Feature", "properties": { "ID": "2622620001809", "正式名称": "医療法人社団森小児科医院", "機関区分": 2, "都道府県コード": 26, "市区町村コード": 209, "所在地": "京都府長岡京市花山３丁目２６番地", "緯度": 34.918654, "経度": 135.689137, "url": "https://www.iryou.teikyouseido.mhlw.go.jp/znk-web/juminkanja/S2430/initialize?prefCd=26&kikanCd=2620001809&kikanKbn=2", "url2": "http://www.moriclinic.jp/", "内容": "医療法人社団森小児科医院【2:診療所】【診療科目:内科_循環器内科_小児科】京都府長岡京市花山３丁目２６番地" }, "geometry": { "type": "Point", "coordinates": [ 135.689137, 34.918654 ] } },
{ "type": "Feature", "properties": { "ID": "2622620001818", "正式名称": "安藤小児科", "機関区分": 2, "都道府県コード": 26, "市区町村コード": 209, "所在地": "京都府長岡京市こがねが丘９－４７", "緯度": 34.919348, "経度": 135.672805, "url": "https://www.iryou.teikyouseido.mhlw.go.jp/znk-web/juminkanja/S2430/initialize?prefCd=26&kikanCd=2620001818&kikanKbn=2", "url2": null, "内容": "安藤小児科【2:診療所】【診療科目:小児科】京都府長岡京市こがねが丘９－４７" }, "geometry": { "type": "Point", "coordinates": [ 135.672805, 34.919348 ] } },
{ "type": "Feature", "properties": { "ID": "2622620001819", "正式名称": "下尾医院", "機関区分": 2, "都道府県コード": 26, "市区町村コード": 209, "所在地": "京都府長岡京市金ヶ原塚穴の前３－１　パレス金ヶ原１Ｆ", "緯度": 34.918515, "経度": 135.675277, "url": "https://www.iryou.teikyouseido.mhlw.go.jp/znk-web/juminkanja/S2430/initialize?prefCd=26&kikanCd=2620001819&kikanKbn=2", "url2": "http://www16.plala.or.jp/clinicshimoo/", "内容": "下尾医院【2:診療所】【診療科目:内科_循環器内科】京都府長岡京市金ヶ原塚穴の前３－１　パレス金ヶ原１Ｆ" }, "geometry": { "type": "Point", "coordinates": [ 135.675277, 34.918515 ] } },
{ "type": "Feature", "properties": { "ID": "2622620001823", "正式名称": "あまここども診療所", "機関区分": 2, "都道府県コード": 26, "市区町村コード": 303, "所在地": "京都府乙訓郡大山崎町字大山崎小字藤井畑２３－１", "緯度": 34.891268, "経度": 135.679889, "url": "https://www.iryou.teikyouseido.mhlw.go.jp/znk-web/juminkanja/S2430/initialize?prefCd=26&kikanCd=2620001823&kikanKbn=2", "url2": null, "内容": "あまここども診療所【2:診療所】【診療科目:内科_小児科】京都府乙訓郡大山崎町字大山崎小字藤井畑２３－１" }, "geometry": { "type": "Point", "coordinates": [ 135.679889, 34.891268 ] } },
{ "type": "Feature", "properties": { "ID": "2622620001824", "正式名称": "医療法人社団　中川医院", "機関区分": 2, "都道府県コード": 26, "市区町村コード": 303, "所在地": "京都府乙訓郡大山崎町字大山崎小字堀尻１２番地", "緯度": 34.898823, "経度": 135.685665, "url": "https://www.iryou.teikyouseido.mhlw.go.jp/znk-web/juminkanja/S2430/initialize?prefCd=26&kikanCd=2620001824&kikanKbn=2", "url2": "https://nakagawa-iin.hp.gogo.jp", "内容": "医療法人社団　中川医院【2:診療所】【診療科目:内科_循環器内科_消化器内科_小児科_リハビリテーション科】京都府乙訓郡大山崎町字大山崎小字堀尻１２番地" }, "geometry": { "type": "Point", "coordinates": [ 135.685665, 34.898823 ] } },
{ "type": "Feature", "properties": { "ID": "2622620001828", "正式名称": "医療法人太田内科医院", "機関区分": 2, "都道府県コード": 26, "市区町村コード": 303, "所在地": "京都府乙訓郡大山崎町円明寺鳥居前６－７", "緯度": 34.912293, "経度": 135.684137, "url": "https://www.iryou.teikyouseido.mhlw.go.jp/znk-web/juminkanja/S2430/initialize?prefCd=26&kikanCd=2620001828&kikanKbn=2", "url2": null, "内容": "医療法人太田内科医院【2:診療所】【診療科目:内科_循環器内科_消化器内科】京都府乙訓郡大山崎町円明寺鳥居前６－７" }, "geometry": { "type": "Point", "coordinates": [ 135.684137, 34.912293 ] } },
{ "type": "Feature", "properties": { "ID": "2622620001834", "正式名称": "沼眼科", "機関区分": 2, "都道府県コード": 26, "市区町村コード": 207, "所在地": "京都府城陽市平川指月６２－２", "緯度": 34.86455, "経度": 135.772132, "url": "https://www.iryou.teikyouseido.mhlw.go.jp/znk-web/juminkanja/S2430/initialize?prefCd=26&kikanCd=2620001834&kikanKbn=2", "url2": "https://numaganka.com/", "内容": "沼眼科【2:診療所】【診療科目:眼科】京都府城陽市平川指月６２－２" }, "geometry": { "type": "Point", "coordinates": [ 135.772132, 34.86455 ] } },
{ "type": "Feature", "properties": { "ID": "2622620001835", "正式名称": "医療法人狩野内科", "機関区分": 2, "都道府県コード": 26, "市区町村コード": 207, "所在地": "京都府城陽市平川室木１２－３綿利ビル１Ｆ", "緯度": 34.865855, "経度": 135.774799, "url": "https://www.iryou.teikyouseido.mhlw.go.jp/znk-web/juminkanja/S2430/initialize?prefCd=26&kikanCd=2620001835&kikanKbn=2", "url2": null, "内容": "医療法人狩野内科【2:診療所】【診療科目:内科】京都府城陽市平川室木１２－３綿利ビル１Ｆ" }, "geometry": { "type": "Point", "coordinates": [ 135.774799, 34.865855 ] } },
{ "type": "Feature", "properties": { "ID": "2622620001836", "正式名称": "医療法人社団はら内科クリニック", "機関区分": 2, "都道府県コード": 26, "市区町村コード": 207, "所在地": "京都府城陽市平川車塚１６－４", "緯度": 34.86405, "経度": 135.778826, "url": "https://www.iryou.teikyouseido.mhlw.go.jp/znk-web/juminkanja/S2430/initialize?prefCd=26&kikanCd=2620001836&kikanKbn=2", "url2": null, "内容": "医療法人社団はら内科クリニック【2:診療所】【診療科目:内科_消化器内科】京都府城陽市平川車塚１６－４" }, "geometry": { "type": "Point", "coordinates": [ 135.778826, 34.86405 ] } },
{ "type": "Feature", "properties": { "ID": "2622620001843", "正式名称": "医療法人社団コクラ医院", "機関区分": 2, "都道府県コード": 26, "市区町村コード": 207, "所在地": "京都府城陽市久世下大谷１８－１１１", "緯度": 34.869411, "経度": 135.781798, "url": "https://www.iryou.teikyouseido.mhlw.go.jp/znk-web/juminkanja/S2430/initialize?prefCd=26&kikanCd=2620001843&kikanKbn=2", "url2": null, "内容": "医療法人社団コクラ医院【2:診療所】【診療科目:内科_糖尿病内科_呼吸器内科_整形外科_小児科】京都府城陽市久世下大谷１８－１１１" }, "geometry": { "type": "Point", "coordinates": [ 135.781798, 34.869411 ] } },
{ "type": "Feature", "properties": { "ID": "2622620001847", "正式名称": "とくだ小児科内科", "機関区分": 2, "都道府県コード": 26, "市区町村コード": 207, "所在地": "京都府城陽市久世里ノ西６４－２２", "緯度": 34.860967, "経度": 135.768216, "url": "https://www.iryou.teikyouseido.mhlw.go.jp/znk-web/juminkanja/S2430/initialize?prefCd=26&kikanCd=2620001847&kikanKbn=2", "url2": null, "内容": "とくだ小児科内科【2:診療所】【診療科目:内科_小児科】京都府城陽市久世里ノ西６４－２２" }, "geometry": { "type": "Point", "coordinates": [ 135.768216, 34.860967 ] } },
{ "type": "Feature", "properties": { "ID": "2622620001849", "正式名称": "堀士内科医院", "機関区分": 2, "都道府県コード": 26, "市区町村コード": 207, "所在地": "京都府城陽市富野乾垣内８０", "緯度": 34.839247, "経度": 135.778188, "url": "https://www.iryou.teikyouseido.mhlw.go.jp/znk-web/juminkanja/S2430/initialize?prefCd=26&kikanCd=2620001849&kikanKbn=2", "url2": null, "内容": "堀士内科医院【2:診療所】【診療科目:内科_消化器内科】京都府城陽市富野乾垣内８０" }, "geometry": { "type": "Point", "coordinates": [ 135.778188, 34.839247 ] } },
{ "type": "Feature", "properties": { "ID": "2622620001850", "正式名称": "城陽市休日急病診療所", "機関区分": 2, "都道府県コード": 26, "市区町村コード": 207, "所在地": "京都府城陽市富野久保田１番地の１", "緯度": 34.846135, "経度": 135.77991, "url": "https://www.iryou.teikyouseido.mhlw.go.jp/znk-web/juminkanja/S2430/initialize?prefCd=26&kikanCd=2620001850&kikanKbn=2", "url2": null, "内容": "城陽市休日急病診療所【2:診療所】【診療科目:内科_小児科】京都府城陽市富野久保田１番地の１" }, "geometry": { "type": "Point", "coordinates": [ 135.77991, 34.846135 ] } },
{ "type": "Feature", "properties": { "ID": "2622620001853", "正式名称": "鈴木診療所", "機関区分": 2, "都道府県コード": 26, "市区町村コード": 207, "所在地": "京都府城陽市富野西田部１－７", "緯度": 34.842497, "経度": 135.778605, "url": "https://www.iryou.teikyouseido.mhlw.go.jp/znk-web/juminkanja/S2430/initialize?prefCd=26&kikanCd=2620001853&kikanKbn=2", "url2": null, "内容": "鈴木診療所【2:診療所】【診療科目:内科_神経内科】京都府城陽市富野西田部１－７" }, "geometry": { "type": "Point", "coordinates": [ 135.778605, 34.842497 ] } },
{ "type": "Feature", "properties": { "ID": "2622620001859", "正式名称": "医療法人　ほりうち医院", "機関区分": 2, "都道府県コード": 26, "市区町村コード": 207, "所在地": "京都府城陽市市辺柿木原５２－１", "緯度": 34.82636, "経度": 135.802854, "url": "https://www.iryou.teikyouseido.mhlw.go.jp/znk-web/juminkanja/S2430/initialize?prefCd=26&kikanCd=2620001859&kikanKbn=2", "url2": "https://www.eonet.ne.jp/~med-horiuchi/", "内容": "医療法人　ほりうち医院【2:診療所】【診療科目:内科_小児科_リウマチ科】京都府城陽市市辺柿木原５２－１" }, "geometry": { "type": "Point", "coordinates": [ 135.802854, 34.82636 ] } },
{ "type": "Feature", "properties": { "ID": "2622620001861", "正式名称": "医療法人たつみ内科クリニック", "機関区分": 2, "都道府県コード": 26, "市区町村コード": 207, "所在地": "京都府城陽市市辺小梨間３１－１０", "緯度": 34.827332, "経度": 135.802076, "url": "https://www.iryou.teikyouseido.mhlw.go.jp/znk-web/juminkanja/S2430/initialize?prefCd=26&kikanCd=2620001861&kikanKbn=2", "url2": "https://tatsumi-clinic.net/", "内容": "医療法人たつみ内科クリニック【2:診療所】【診療科目:内科_消化器内科】京都府城陽市市辺小梨間３１－１０" }, "geometry": { "type": "Point", "coordinates": [ 135.802076, 34.827332 ] } },
{ "type": "Feature", "properties": { "ID": "2622620001869", "正式名称": "医療法人和会　うめかわ内科クリニック", "機関区分": 2, "都道府県コード": 26, "市区町村コード": 207, "所在地": "京都府城陽市寺田高田５５－２", "緯度": 34.854523, "経度": 135.778299, "url": "https://www.iryou.teikyouseido.mhlw.go.jp/znk-web/juminkanja/S2430/initialize?prefCd=26&kikanCd=2620001869&kikanKbn=2", "url2": "http://www.umekawa-naika.com/", "内容": "医療法人和会　うめかわ内科クリニック【2:診療所】【診療科目:内科】京都府城陽市寺田高田５５－２" }, "geometry": { "type": "Point", "coordinates": [ 135.778299, 34.854523 ] } },
{ "type": "Feature", "properties": { "ID": "2622620001874", "正式名称": "伊勢村医院", "機関区分": 2, "都道府県コード": 26, "市区町村コード": 207, "所在地": "京都府城陽市寺田尺後５１の１４", "緯度": 34.855634, "経度": 135.772438, "url": "https://www.iryou.teikyouseido.mhlw.go.jp/znk-web/juminkanja/S2430/initialize?prefCd=26&kikanCd=2620001874&kikanKbn=2", "url2": null, "内容": "伊勢村医院【2:診療所】【診療科目:内科】京都府城陽市寺田尺後５１の１４" }, "geometry": { "type": "Point", "coordinates": [ 135.772438, 34.855634 ] } },
{ "type": "Feature", "properties": { "ID": "2622620001877", "正式名称": "佐々木レディスクリニック", "機関区分": 2, "都道府県コード": 26, "市区町村コード": 207, "所在地": "京都府城陽市寺田水度坂１５ー４７６", "緯度": 34.854885, "経度": 135.784243, "url": "https://www.iryou.teikyouseido.mhlw.go.jp/znk-web/juminkanja/S2430/initialize?prefCd=26&kikanCd=2620001877&kikanKbn=2", "url2": "http://www.sasaki-lc.com./", "内容": "佐々木レディスクリニック【2:診療所】【診療科目:婦人科】京都府城陽市寺田水度坂１５ー４７６" }, "geometry": { "type": "Point", "coordinates": [ 135.784243, 34.854885 ] } },
{ "type": "Feature", "properties": { "ID": "2622620001885", "正式名称": "医療法人社団　究元会山野医院", "機関区分": 2, "都道府県コード": 26, "市区町村コード": 207, "所在地": "京都府城陽市寺田東ノ口４７", "緯度": 34.852579, "経度": 135.778882, "url": "https://www.iryou.teikyouseido.mhlw.go.jp/znk-web/juminkanja/S2430/initialize?prefCd=26&kikanCd=2620001885&kikanKbn=2", "url2": "https://yamanoiin-kyoto-joyo.com/", "内容": "医療法人社団　究元会山野医院【2:診療所】【診療科目:内科】京都府城陽市寺田東ノ口４７" }, "geometry": { "type": "Point", "coordinates": [ 135.778882, 34.852579 ] } },
{ "type": "Feature", "properties": { "ID": "2622620001906", "正式名称": "谷村医院", "機関区分": 2, "都道府県コード": 26, "市区町村コード": 211, "所在地": "京都府京田辺市三山木中央二丁目３番地１４", "緯度": 34.798724, "経度": 135.786967, "url": "https://www.iryou.teikyouseido.mhlw.go.jp/znk-web/juminkanja/S2430/initialize?prefCd=26&kikanCd=2620001906&kikanKbn=2", "url2": "https://www.tanimura.dr-clinic.jp/", "内容": "谷村医院【2:診療所】【診療科目:耳鼻いんこう科】京都府京田辺市三山木中央二丁目３番地１４" }, "geometry": { "type": "Point", "coordinates": [ 135.786967, 34.798724 ] } },
{ "type": "Feature", "properties": { "ID": "2622620001907", "正式名称": "髙橋医院", "機関区分": 2, "都道府県コード": 26, "市区町村コード": 211, "所在地": "京都府京田辺市三山木中央六丁目３番地１", "緯度": 34.800363, "経度": 135.782551, "url": "https://www.iryou.teikyouseido.mhlw.go.jp/znk-web/juminkanja/S2430/initialize?prefCd=26&kikanCd=2620001907&kikanKbn=2", "url2": null, "内容": "髙橋医院【2:診療所】【診療科目:内科】京都府京田辺市三山木中央六丁目３番地１" }, "geometry": { "type": "Point", "coordinates": [ 135.782551, 34.800363 ] } },
{ "type": "Feature", "properties": { "ID": "2622620001908", "正式名称": "京田辺市休日応急診療所", "機関区分": 2, "都道府県コード": 26, "市区町村コード": 211, "所在地": "京都府京田辺市田辺７８", "緯度": 34.814555, "経度": 135.768579, "url": "https://www.iryou.teikyouseido.mhlw.go.jp/znk-web/juminkanja/S2430/initialize?prefCd=26&kikanCd=2620001908&kikanKbn=2", "url2": "http://www.kyotanabe.jp/benrityou/003_oukyu.html", "内容": "京田辺市休日応急診療所【2:診療所】【診療科目:内科_小児科】京都府京田辺市田辺７８" }, "geometry": { "type": "Point", "coordinates": [ 135.768579, 34.814555 ] } },
{ "type": "Feature", "properties": { "ID": "2622620001911", "正式名称": "浜耳鼻咽喉科医院", "機関区分": 2, "都道府県コード": 26, "市区町村コード": 211, "所在地": "京都府京田辺市田辺中央６丁目３－１　近鉄新田辺西ビル３階", "緯度": 34.821555, "経度": 135.772329, "url": "https://www.iryou.teikyouseido.mhlw.go.jp/znk-web/juminkanja/S2430/initialize?prefCd=26&kikanCd=2620001911&kikanKbn=2", "url2": "http://hamajibika.p-kit.com/", "内容": "浜耳鼻咽喉科医院【2:診療所】【診療科目:耳鼻いんこう科_アレルギー科】京都府京田辺市田辺中央６丁目３－１　近鉄新田辺西ビル３階" }, "geometry": { "type": "Point", "coordinates": [ 135.772329, 34.821555 ] } },
{ "type": "Feature", "properties": { "ID": "2622620001912", "正式名称": "医療法人健心会　五十嵐こころのクリニック", "機関区分": 2, "都道府県コード": 26, "市区町村コード": 211, "所在地": "京都府京田辺市河原神谷７－１", "緯度": 34.821555, "経度": 135.772356, "url": "https://www.iryou.teikyouseido.mhlw.go.jp/znk-web/juminkanja/S2430/initialize?prefCd=26&kikanCd=2620001912&kikanKbn=2", "url2": "https://igarashi-c.jp/", "内容": "医療法人健心会　五十嵐こころのクリニック【2:診療所】【診療科目:精神科_心療内科】京都府京田辺市河原神谷７－１" }, "geometry": { "type": "Point", "coordinates": [ 135.772356, 34.821555 ] } },
{ "type": "Feature", "properties": { "ID": "2622620001916", "正式名称": "京都府立こども発達支援センター診療所", "機関区分": 2, "都道府県コード": 26, "市区町村コード": 211, "所在地": "京都府京田辺市田辺茂ヶ谷１８６－１", "緯度": 34.813055, "経度": 135.757663, "url": "https://www.iryou.teikyouseido.mhlw.go.jp/znk-web/juminkanja/S2430/initialize?prefCd=26&kikanCd=2620001916&kikanKbn=2", "url2": "http://www.ksj.or.jp/kodomo/index.html", "内容": "京都府立こども発達支援センター診療所【2:診療所】【診療科目:整形外科_小児科_児童精神科】京都府京田辺市田辺茂ヶ谷１８６－１" }, "geometry": { "type": "Point", "coordinates": [ 135.757663, 34.813055 ] } },
{ "type": "Feature", "properties": { "ID": "2622620001917", "正式名称": "同志社同志社大学京田辺校地保健センター", "機関区分": 2, "都道府県コード": 26, "市区町村コード": 211, "所在地": "京都府京田辺市興戸川原谷６１", "緯度": 34.806806, "経度": 135.767913, "url": "https://www.iryou.teikyouseido.mhlw.go.jp/znk-web/juminkanja/S2430/initialize?prefCd=26&kikanCd=2620001917&kikanKbn=2", "url2": "http://www.doshisha.ac.jp/japanese/", "内容": "同志社同志社大学京田辺校地保健センター【2:診療所】【診療科目:内科】京都府京田辺市興戸川原谷６１" }, "geometry": { "type": "Point", "coordinates": [ 135.767913, 34.806806 ] } },
{ "type": "Feature", "properties": { "ID": "2622620001919", "正式名称": "田畑医院", "機関区分": 2, "都道府県コード": 26, "市区町村コード": 211, "所在地": "京都府京田辺市薪おがき２１", "緯度": 34.817527, "経度": 135.759691, "url": "https://www.iryou.teikyouseido.mhlw.go.jp/znk-web/juminkanja/S2430/initialize?prefCd=26&kikanCd=2620001919&kikanKbn=2", "url2": null, "内容": "田畑医院【2:診療所】【診療科目:内科_糖尿病内科_糖尿病・内分泌内科】京都府京田辺市薪おがき２１" }, "geometry": { "type": "Point", "coordinates": [ 135.759691, 34.817527 ] } },
{ "type": "Feature", "properties": { "ID": "2622620001921", "正式名称": "川東整形外科", "機関区分": 2, "都道府県コード": 26, "市区町村コード": 211, "所在地": "京都府京田辺市薪茶屋前３１", "緯度": 34.828331, "経度": 135.757579, "url": "https://www.iryou.teikyouseido.mhlw.go.jp/znk-web/juminkanja/S2430/initialize?prefCd=26&kikanCd=2620001921&kikanKbn=2", "url2": "http://www.kawahigashi-seikei.com/", "内容": "川東整形外科【2:診療所】【診療科目:整形外科_リウマチ科_リハビリテーション科】京都府京田辺市薪茶屋前３１" }, "geometry": { "type": "Point", "coordinates": [ 135.757579, 34.828331 ] } },
{ "type": "Feature", "properties": { "ID": "2622620001927", "正式名称": "西村外科医院", "機関区分": 2, "都道府県コード": 26, "市区町村コード": 211, "所在地": "京都府京田辺市大住ヶ丘１－１６－３", "緯度": 34.830053, "経度": 135.743914, "url": "https://www.iryou.teikyouseido.mhlw.go.jp/znk-web/juminkanja/S2430/initialize?prefCd=26&kikanCd=2620001927&kikanKbn=2", "url2": null, "内容": "西村外科医院【2:診療所】【診療科目:内科_外科】京都府京田辺市大住ヶ丘１－１６－３" }, "geometry": { "type": "Point", "coordinates": [ 135.743914, 34.830053 ] } },
{ "type": "Feature", "properties": { "ID": "2622620001933", "正式名称": "医療法人　新生会伊原内科医院", "機関区分": 2, "都道府県コード": 26, "市区町村コード": 211, "所在地": "京都府京田辺市松井ヶ丘４丁目３－１７", "緯度": 34.831164, "経度": 135.730054, "url": "https://www.iryou.teikyouseido.mhlw.go.jp/znk-web/juminkanja/S2430/initialize?prefCd=26&kikanCd=2620001933&kikanKbn=2", "url2": "http://www.eonet.ne.jp/~iharaclinic/", "内容": "医療法人　新生会伊原内科医院【2:診療所】【診療科目:内科_消化器内科_漢方内科_内視鏡内科_漢方内科】京都府京田辺市松井ヶ丘４丁目３－１７" }, "geometry": { "type": "Point", "coordinates": [ 135.730054, 34.831164 ] } },
{ "type": "Feature", "properties": { "ID": "2622620001938", "正式名称": "医療法人浜口キッズクリニック", "機関区分": 2, "都道府県コード": 26, "市区町村コード": 211, "所在地": "京都府京田辺市松井ケ丘３丁目１－９", "緯度": 34.831816, "経度": 135.729603, "url": "https://www.iryou.teikyouseido.mhlw.go.jp/znk-web/juminkanja/S2430/initialize?prefCd=26&kikanCd=2620001938&kikanKbn=2", "url2": "http://www.hamaguchi-kids.com/", "内容": "医療法人浜口キッズクリニック【2:診療所】【診療科目:小児科_アレルギー科】京都府京田辺市松井ケ丘３丁目１－９" }, "geometry": { "type": "Point", "coordinates": [ 135.729603, 34.831816 ] } },
{ "type": "Feature", "properties": { "ID": "2622620001941", "正式名称": "医療法人こじまレディースクリニック", "機関区分": 2, "都道府県コード": 26, "市区町村コード": 211, "所在地": "京都府京田辺市山手東１丁目２－６", "緯度": 34.833803, "経度": 135.728359, "url": "https://www.iryou.teikyouseido.mhlw.go.jp/znk-web/juminkanja/S2430/initialize?prefCd=26&kikanCd=2620001941&kikanKbn=2", "url2": "http://www.kojima-lc.com/", "内容": "医療法人こじまレディースクリニック【2:診療所】【診療科目:産婦人科】京都府京田辺市山手東１丁目２－６" }, "geometry": { "type": "Point", "coordinates": [ 135.728359, 34.833803 ] } },
{ "type": "Feature", "properties": { "ID": "2622620001943", "正式名称": "医療法人翔隆会寺島クリニック", "機関区分": 2, "都道府県コード": 26, "市区町村コード": 211, "所在地": "京都府京田辺市河原御影３０－４０", "緯度": 34.821638, "経度": 135.773912, "url": "https://www.iryou.teikyouseido.mhlw.go.jp/znk-web/juminkanja/S2430/initialize?prefCd=26&kikanCd=2620001943&kikanKbn=2", "url2": "https://www.terashimaclinic-kyotanabe.com", "内容": "医療法人翔隆会寺島クリニック【2:診療所】【診療科目:消化器内科_外科_肛門外科】京都府京田辺市河原御影３０－４０" }, "geometry": { "type": "Point", "coordinates": [ 135.773912, 34.821638 ] } },
{ "type": "Feature", "properties": { "ID": "2622620001947", "正式名称": "三村小児科医院", "機関区分": 2, "都道府県コード": 26, "市区町村コード": 211, "所在地": "京都府京田辺市河原食田１０－５", "緯度": 34.821055, "経度": 135.773467, "url": "https://www.iryou.teikyouseido.mhlw.go.jp/znk-web/juminkanja/S2430/initialize?prefCd=26&kikanCd=2620001947&kikanKbn=2", "url2": null, "内容": "三村小児科医院【2:診療所】【診療科目:小児科】京都府京田辺市河原食田１０－５" }, "geometry": { "type": "Point", "coordinates": [ 135.773467, 34.821055 ] } },
{ "type": "Feature", "properties": { "ID": "2622620001950", "正式名称": "医療法人社団翔裕会あめの医院", "機関区分": 2, "都道府県コード": 26, "市区町村コード": 211, "所在地": "京都府京田辺市河原神谷８－１２", "緯度": 34.819666, "経度": 135.777578, "url": "https://www.iryou.teikyouseido.mhlw.go.jp/znk-web/juminkanja/S2430/initialize?prefCd=26&kikanCd=2620001950&kikanKbn=2", "url2": "http://homepage2.nifty.com/ameno/", "内容": "医療法人社団翔裕会あめの医院【2:診療所】【診療科目:外科】京都府京田辺市河原神谷８－１２" }, "geometry": { "type": "Point", "coordinates": [ 135.777578, 34.819666 ] } },
{ "type": "Feature", "properties": { "ID": "2622620001953", "正式名称": "医療法人米田医院", "機関区分": 2, "都道府県コード": 26, "市区町村コード": 204, "所在地": "京都府宇治市六地蔵町並１１", "緯度": 34.935821, "経度": 135.802571, "url": "https://www.iryou.teikyouseido.mhlw.go.jp/znk-web/juminkanja/S2430/initialize?prefCd=26&kikanCd=2620001953&kikanKbn=2", "url2": null, "内容": "医療法人米田医院【2:診療所】【診療科目:内科_循環器内科】京都府宇治市六地蔵町並１１" }, "geometry": { "type": "Point", "coordinates": [ 135.802571, 34.935821 ] } },
{ "type": "Feature", "properties": { "ID": "2622620001954", "正式名称": "医療法人小田部小児科内科医院", "機関区分": 2, "都道府県コード": 26, "市区町村コード": 204, "所在地": "京都府宇治市六地蔵町並３２", "緯度": 34.934904, "経度": 135.801126, "url": "https://www.iryou.teikyouseido.mhlw.go.jp/znk-web/juminkanja/S2430/initialize?prefCd=26&kikanCd=2620001954&kikanKbn=2", "url2": null, "内容": "医療法人小田部小児科内科医院【2:診療所】【診療科目:内科_循環器内科_小児科】京都府宇治市六地蔵町並３２" }, "geometry": { "type": "Point", "coordinates": [ 135.801126, 34.934904 ] } },
{ "type": "Feature", "properties": { "ID": "2622620001961", "正式名称": "小山医院", "機関区分": 2, "都道府県コード": 26, "市区町村コード": 204, "所在地": "京都府宇治市木幡御蔵山３９－６０２", "緯度": 34.931182, "経度": 135.804876, "url": "https://www.iryou.teikyouseido.mhlw.go.jp/znk-web/juminkanja/S2430/initialize?prefCd=26&kikanCd=2620001961&kikanKbn=2", "url2": "http://koyamaclinic.livedoor.biz/", "内容": "小山医院【2:診療所】【診療科目:内科_小児科】京都府宇治市木幡御蔵山３９－６０２" }, "geometry": { "type": "Point", "coordinates": [ 135.804876, 34.931182 ] } },
{ "type": "Feature", "properties": { "ID": "2622620001962", "正式名称": "大石医院", "機関区分": 2, "都道府県コード": 26, "市区町村コード": 204, "所在地": "京都府宇治市木幡陣の内２０", "緯度": 34.931016, "経度": 135.800266, "url": "https://www.iryou.teikyouseido.mhlw.go.jp/znk-web/juminkanja/S2430/initialize?prefCd=26&kikanCd=2620001962&kikanKbn=2", "url2": null, "内容": "大石医院【2:診療所】【診療科目:内科_消化器内科_整形外科_小児科_リハビリテーション科】京都府宇治市木幡陣の内２０" }, "geometry": { "type": "Point", "coordinates": [ 135.800266, 34.931016 ] } },
{ "type": "Feature", "properties": { "ID": "2622620001966", "正式名称": "大石木幡医院", "機関区分": 2, "都道府県コード": 26, "市区町村コード": 204, "所在地": "京都府宇治市木幡大瀬戸４６", "緯度": 34.925377, "経度": 135.797599, "url": "https://www.iryou.teikyouseido.mhlw.go.jp/znk-web/juminkanja/S2430/initialize?prefCd=26&kikanCd=2620001966&kikanKbn=2", "url2": null, "内容": "大石木幡医院【2:診療所】【診療科目:内科_外科_大腸・肛門外科_整形外科_小児科_皮膚科】京都府宇治市木幡大瀬戸４６" }, "geometry": { "type": "Point", "coordinates": [ 135.797599, 34.925377 ] } },
{ "type": "Feature", "properties": { "ID": "2622620001970", "正式名称": "いそべ医院", "機関区分": 2, "都道府県コード": 26, "市区町村コード": 204, "所在地": "京都府宇治市木幡南端４８－１０", "緯度": 34.917906, "経度": 135.803044, "url": "https://www.iryou.teikyouseido.mhlw.go.jp/znk-web/juminkanja/S2430/initialize?prefCd=26&kikanCd=2620001970&kikanKbn=2", "url2": null, "内容": "いそべ医院【2:診療所】【診療科目:皮膚科】京都府宇治市木幡南端４８－１０" }, "geometry": { "type": "Point", "coordinates": [ 135.803044, 34.917906 ] } },
{ "type": "Feature", "properties": { "ID": "2622620001974", "正式名称": "医療法人相幸会かどさか内科クリニック", "機関区分": 2, "都道府県コード": 26, "市区町村コード": 204, "所在地": "京都府宇治市平尾台４丁目３－２", "緯度": 34.924628, "経度": 135.812182, "url": "https://www.iryou.teikyouseido.mhlw.go.jp/znk-web/juminkanja/S2430/initialize?prefCd=26&kikanCd=2620001974&kikanKbn=2", "url2": "http://kadosaka-naika.jp", "内容": "医療法人相幸会かどさか内科クリニック【2:診療所】【診療科目:内科_消化器内科】京都府宇治市平尾台４丁目３－２" }, "geometry": { "type": "Point", "coordinates": [ 135.812182, 34.924628 ] } },
{ "type": "Feature", "properties": { "ID": "2622620001975", "正式名称": "小児科いしはらクリニック", "機関区分": 2, "都道府県コード": 26, "市区町村コード": 204, "所在地": "京都府宇治市平尾台４丁目５－２", "緯度": 34.925044, "経度": 135.812098, "url": "https://www.iryou.teikyouseido.mhlw.go.jp/znk-web/juminkanja/S2430/initialize?prefCd=26&kikanCd=2620001975&kikanKbn=2", "url2": null, "内容": "小児科いしはらクリニック【2:診療所】【診療科目:小児科】京都府宇治市平尾台４丁目５－２" }, "geometry": { "type": "Point", "coordinates": [ 135.812098, 34.925044 ] } },
{ "type": "Feature", "properties": { "ID": "2622620001978", "正式名称": "中田医院", "機関区分": 2, "都道府県コード": 26, "市区町村コード": 204, "所在地": "京都府宇治市五ケ庄戸ノ内７－２２", "緯度": 34.90438, "経度": 135.799906, "url": "https://www.iryou.teikyouseido.mhlw.go.jp/znk-web/juminkanja/S2430/initialize?prefCd=26&kikanCd=2620001978&kikanKbn=2", "url2": null, "内容": "中田医院【2:診療所】【診療科目:内科_アレルギー科】京都府宇治市五ケ庄戸ノ内７－２２" }, "geometry": { "type": "Point", "coordinates": [ 135.799906, 34.90438 ] } },
{ "type": "Feature", "properties": { "ID": "2622620001986", "正式名称": "今井内科クリニック", "機関区分": 2, "都道府県コード": 26, "市区町村コード": 204, "所在地": "京都府宇治市五ケ庄福角４９の４", "緯度": 34.907074, "経度": 135.804516, "url": "https://www.iryou.teikyouseido.mhlw.go.jp/znk-web/juminkanja/S2430/initialize?prefCd=26&kikanCd=2620001986&kikanKbn=2", "url2": null, "内容": "今井内科クリニック【2:診療所】【診療科目:内科_消化器内科_アレルギー科】京都府宇治市五ケ庄福角４９の４" }, "geometry": { "type": "Point", "coordinates": [ 135.804516, 34.907074 ] } },
{ "type": "Feature", "properties": { "ID": "2622620001991", "正式名称": "大石三室戸医院", "機関区分": 2, "都道府県コード": 26, "市区町村コード": 204, "所在地": "京都府宇治市菟道荒槙２８－３", "緯度": 34.896825, "経度": 135.807905, "url": "https://www.iryou.teikyouseido.mhlw.go.jp/znk-web/juminkanja/S2430/initialize?prefCd=26&kikanCd=2620001991&kikanKbn=2", "url2": null, "内容": "大石三室戸医院【2:診療所】【診療科目:内科_外科_大腸・肛門外科_小児科_皮膚科】京都府宇治市菟道荒槙２８－３" }, "geometry": { "type": "Point", "coordinates": [ 135.807905, 34.896825 ] } },
{ "type": "Feature", "properties": { "ID": "2622620001992", "正式名称": "医療法人社団　紘仁会　土井内科", "機関区分": 2, "都道府県コード": 26, "市区町村コード": 204, "所在地": "京都府宇治市菟道荒槇１－５４", "緯度": 34.896519, "経度": 135.809766, "url": "https://www.iryou.teikyouseido.mhlw.go.jp/znk-web/juminkanja/S2430/initialize?prefCd=26&kikanCd=2620001992&kikanKbn=2", "url2": "https://www.doi-naika.net", "内容": "医療法人社団　紘仁会　土井内科【2:診療所】【診療科目:内科_糖尿病内科_代謝内科_循環器内科】京都府宇治市菟道荒槇１－５４" }, "geometry": { "type": "Point", "coordinates": [ 135.809766, 34.896519 ] } },
{ "type": "Feature", "properties": { "ID": "2622620002006", "正式名称": "宇治市休日急病診療所", "機関区分": 2, "都道府県コード": 26, "市区町村コード": 204, "所在地": "京都府宇治市宇治下居１３番地の２　うじ安心館５階", "緯度": 34.884437, "経度": 135.800573, "url": "https://www.iryou.teikyouseido.mhlw.go.jp/znk-web/juminkanja/S2430/initialize?prefCd=26&kikanCd=2620002006&kikanKbn=2", "url2": "http://www.city.uji.kyoto.jp/data/phxq2LPgaAZvVz2/Indexhtm", "内容": "宇治市休日急病診療所【2:診療所】【診療科目:内科_小児科_歯科】京都府宇治市宇治下居１３番地の２　うじ安心館５階" }, "geometry": { "type": "Point", "coordinates": [ 135.800573, 34.884437 ] } },
{ "type": "Feature", "properties": { "ID": "2622620002010", "正式名称": "大西眼科医院", "機関区分": 2, "都道府県コード": 26, "市区町村コード": 204, "所在地": "京都府宇治市宇治弐番１番地一ノ坂ビル１Ｆ", "緯度": 34.886826, "経度": 135.798351, "url": "https://www.iryou.teikyouseido.mhlw.go.jp/znk-web/juminkanja/S2430/initialize?prefCd=26&kikanCd=2620002010&kikanKbn=2", "url2": null, "内容": "大西眼科医院【2:診療所】【診療科目:眼科】京都府宇治市宇治弐番１番地一ノ坂ビル１Ｆ" }, "geometry": { "type": "Point", "coordinates": [ 135.798351, 34.886826 ] } },
{ "type": "Feature", "properties": { "ID": "2622620002024", "正式名称": "一般財団法人日本老人福祉財団京都ゆうゆうの里診療所", "機関区分": 2, "都道府県コード": 26, "市区町村コード": 204, "所在地": "京都府宇治市白川鍋倉山１４－１", "緯度": 34.866078, "経度": 135.814129, "url": "https://www.iryou.teikyouseido.mhlw.go.jp/znk-web/juminkanja/S2430/initialize?prefCd=26&kikanCd=2620002024&kikanKbn=2", "url2": null, "内容": "一般財団法人日本老人福祉財団京都ゆうゆうの里診療所【2:診療所】【診療科目:内科_整形外科_精神科】京都府宇治市白川鍋倉山１４－１" }, "geometry": { "type": "Point", "coordinates": [ 135.814129, 34.866078 ] } },
{ "type": "Feature", "properties": { "ID": "2622620002031", "正式名称": "中村医院", "機関区分": 2, "都道府県コード": 26, "市区町村コード": 204, "所在地": "京都府宇治市羽拍子町５６－２２", "緯度": 34.882132, "経度": 135.784519, "url": "https://www.iryou.teikyouseido.mhlw.go.jp/znk-web/juminkanja/S2430/initialize?prefCd=26&kikanCd=2620002031&kikanKbn=2", "url2": null, "内容": "中村医院【2:診療所】【診療科目:内科_消化器内科_外科_整形外科_リハビリテーション科】京都府宇治市羽拍子町５６－２２" }, "geometry": { "type": "Point", "coordinates": [ 135.784519, 34.882132 ] } },
{ "type": "Feature", "properties": { "ID": "2622620002042", "正式名称": "医療法人今村医院", "機関区分": 2, "都道府県コード": 26, "市区町村コード": 204, "所在地": "京都府宇治市広野町茶屋裏３－３", "緯度": 34.873327, "経度": 135.777798, "url": "https://www.iryou.teikyouseido.mhlw.go.jp/znk-web/juminkanja/S2430/initialize?prefCd=26&kikanCd=2620002042&kikanKbn=2", "url2": "https://imamura-iin.jp/", "内容": "医療法人今村医院【2:診療所】【診療科目:耳鼻いんこう科】京都府宇治市広野町茶屋裏３－３" }, "geometry": { "type": "Point", "coordinates": [ 135.777798, 34.873327 ] } },
{ "type": "Feature", "properties": { "ID": "2622620002049", "正式名称": "やましろ健康医療生活協同組合あさくら診療所", "機関区分": 2, "都道府県コード": 26, "市区町村コード": 204, "所在地": "京都府宇治市大久保町山ノ内１９－１", "緯度": 34.87091, "経度": 135.773715, "url": "https://www.iryou.teikyouseido.mhlw.go.jp/znk-web/juminkanja/S2430/initialize?prefCd=26&kikanCd=2620002049&kikanKbn=2", "url2": null, "内容": "やましろ健康医療生活協同組合あさくら診療所【2:診療所】【診療科目:内科_神経内科_歯科_小児歯科_リハビリテーション科_放射線科】京都府宇治市大久保町山ノ内１９－１" }, "geometry": { "type": "Point", "coordinates": [ 135.773715, 34.87091 ] } },
{ "type": "Feature", "properties": { "ID": "2622620002056", "正式名称": "川北整形外科医院", "機関区分": 2, "都道府県コード": 26, "市区町村コード": 204, "所在地": "京都府宇治市大久保町北ノ山２４－１ホクユービル２Ｆ", "緯度": 34.873688, "経度": 135.77327, "url": "https://www.iryou.teikyouseido.mhlw.go.jp/znk-web/juminkanja/S2430/initialize?prefCd=26&kikanCd=2620002056&kikanKbn=2", "url2": null, "内容": "川北整形外科医院【2:診療所】【診療科目:整形外科_リウマチ科_リハビリテーション科】京都府宇治市大久保町北ノ山２４－１ホクユービル２Ｆ" }, "geometry": { "type": "Point", "coordinates": [ 135.77327, 34.873688 ] } },
{ "type": "Feature", "properties": { "ID": "2622620002066", "正式名称": "医療法人鉢嶺医院", "機関区分": 2, "都道府県コード": 26, "市区町村コード": 204, "所在地": "京都府宇治市小倉町山際１－３", "緯度": 34.891464, "経度": 135.781047, "url": "https://www.iryou.teikyouseido.mhlw.go.jp/znk-web/juminkanja/S2430/initialize?prefCd=26&kikanCd=2620002066&kikanKbn=2", "url2": "http://hatimine-clinic.com/", "内容": "医療法人鉢嶺医院【2:診療所】【診療科目:内科_外科_整形外科_リハビリテーション科】京都府宇治市小倉町山際１－３" }, "geometry": { "type": "Point", "coordinates": [ 135.781047, 34.891464 ] } },
{ "type": "Feature", "properties": { "ID": "2622620002073", "正式名称": "医療法人　今林医院", "機関区分": 2, "都道府県コード": 26, "市区町村コード": 204, "所在地": "京都府宇治市小倉町西浦８８－３９", "緯度": 34.893186, "経度": 135.780686, "url": "https://www.iryou.teikyouseido.mhlw.go.jp/znk-web/juminkanja/S2430/initialize?prefCd=26&kikanCd=2620002073&kikanKbn=2", "url2": "http://www.m-life.jp/detail/hospital84230.php", "内容": "医療法人　今林医院【2:診療所】【診療科目:内科_老年内科_小児科】京都府宇治市小倉町西浦８８－３９" }, "geometry": { "type": "Point", "coordinates": [ 135.780686, 34.893186 ] } },
{ "type": "Feature", "properties": { "ID": "2622620002074", "正式名称": "藤倉眼科医院", "機関区分": 2, "都道府県コード": 26, "市区町村コード": 204, "所在地": "京都府宇治市小倉町西浦８８番地の２９　今井ビル２階", "緯度": 34.893297, "経度": 135.781241, "url": "https://www.iryou.teikyouseido.mhlw.go.jp/znk-web/juminkanja/S2430/initialize?prefCd=26&kikanCd=2620002074&kikanKbn=2", "url2": null, "内容": "藤倉眼科医院【2:診療所】【診療科目:眼科】京都府宇治市小倉町西浦８８番地の２９　今井ビル２階" }, "geometry": { "type": "Point", "coordinates": [ 135.781241, 34.893297 ] } },
{ "type": "Feature", "properties": { "ID": "2622620002078", "正式名称": "医療法人社団岡田医院", "機関区分": 2, "都道府県コード": 26, "市区町村コード": 204, "所在地": "京都府宇治市小倉町天王３１－５", "緯度": 34.894464, "経度": 135.786352, "url": "https://www.iryou.teikyouseido.mhlw.go.jp/znk-web/juminkanja/S2430/initialize?prefCd=26&kikanCd=2620002078&kikanKbn=2", "url2": null, "内容": "医療法人社団岡田医院【2:診療所】【診療科目:内科_消化器内科_放射線科】京都府宇治市小倉町天王３１－５" }, "geometry": { "type": "Point", "coordinates": [ 135.786352, 34.894464 ] } },
{ "type": "Feature", "properties": { "ID": "2622620002080", "正式名称": "山村内科", "機関区分": 2, "都道府県コード": 26, "市区町村コード": 204, "所在地": "京都府宇治市小倉町南浦２８番地の３", "緯度": 34.89102, "経度": 135.779491, "url": "https://www.iryou.teikyouseido.mhlw.go.jp/znk-web/juminkanja/S2430/initialize?prefCd=26&kikanCd=2620002080&kikanKbn=2", "url2": "http://www.yamamura-naika.sakura.ne.jp/", "内容": "山村内科【2:診療所】【診療科目:内科】京都府宇治市小倉町南浦２８番地の３" }, "geometry": { "type": "Point", "coordinates": [ 135.779491, 34.89102 ] } },
{ "type": "Feature", "properties": { "ID": "2622620002088", "正式名称": "医療法人　曽我産婦人科", "機関区分": 2, "都道府県コード": 26, "市区町村コード": 204, "所在地": "京都府宇治市伊勢田町大谷６１－２２", "緯度": 34.886937, "経度": 135.781408, "url": "https://www.iryou.teikyouseido.mhlw.go.jp/znk-web/juminkanja/S2430/initialize?prefCd=26&kikanCd=2620002088&kikanKbn=2", "url2": "http://www.soga-maternity.jp", "内容": "医療法人　曽我産婦人科【2:診療所】【診療科目:産婦人科_麻酔科】京都府宇治市伊勢田町大谷６１－２２" }, "geometry": { "type": "Point", "coordinates": [ 135.781408, 34.886937 ] } },
{ "type": "Feature", "properties": { "ID": "2622620002091", "正式名称": "医療法人千照会千原眼科医院", "機関区分": 2, "都道府県コード": 26, "市区町村コード": 204, "所在地": "京都府宇治市伊勢田町南山５０番地の１", "緯度": 34.881243, "経度": 135.778881, "url": "https://www.iryou.teikyouseido.mhlw.go.jp/znk-web/juminkanja/S2430/initialize?prefCd=26&kikanCd=2620002091&kikanKbn=2", "url2": "http://www.chihara-ganka.com/", "内容": "医療法人千照会千原眼科医院【2:診療所】【診療科目:眼科】京都府宇治市伊勢田町南山５０番地の１" }, "geometry": { "type": "Point", "coordinates": [ 135.778881, 34.881243 ] } },
{ "type": "Feature", "properties": { "ID": "2622620002104", "正式名称": "医療法人　となみクリニック", "機関区分": 2, "都道府県コード": 26, "市区町村コード": 210, "所在地": "京都府八幡市八幡樋ノ口３番地の５", "緯度": 34.888074, "経度": 135.719663, "url": "https://www.iryou.teikyouseido.mhlw.go.jp/znk-web/juminkanja/S2430/initialize?prefCd=26&kikanCd=2620002104&kikanKbn=2", "url2": null, "内容": "医療法人　となみクリニック【2:診療所】【診療科目:内科_感染症内科_性感染症内科_糖尿病内科_脂質代謝内科_循環器内科_腎臓内科_アレルギー疾患内科_泌尿器科_小児泌尿器科_皮膚科_皮膚泌尿器科_泌尿器科_男性泌尿器科_神経泌尿器科_腎臓・泌尿器科_アトピー性皮膚炎_包茎】京都府八幡市八幡樋ノ口３番地の５" }, "geometry": { "type": "Point", "coordinates": [ 135.719663, 34.888074 ] } },
{ "type": "Feature", "properties": { "ID": "2622620002106", "正式名称": "医療法人昭洋会　中村診療所", "機関区分": 2, "都道府県コード": 26, "市区町村コード": 210, "所在地": "京都府八幡市八幡山柴１７番地", "緯度": 34.881491, "経度": 135.703831, "url": "https://www.iryou.teikyouseido.mhlw.go.jp/znk-web/juminkanja/S2430/initialize?prefCd=26&kikanCd=2620002106&kikanKbn=2", "url2": "https://nakamura-med.com/", "内容": "医療法人昭洋会　中村診療所【2:診療所】【診療科目:内科_外科_整形外科】京都府八幡市八幡山柴１７番地" }, "geometry": { "type": "Point", "coordinates": [ 135.703831, 34.881491 ] } },
{ "type": "Feature", "properties": { "ID": "2622620002107", "正式名称": "下野眼科医院", "機関区分": 2, "都道府県コード": 26, "市区町村コード": 210, "所在地": "京都府八幡市八幡旦所８－１", "緯度": 34.881158, "経度": 135.706415, "url": "https://www.iryou.teikyouseido.mhlw.go.jp/znk-web/juminkanja/S2430/initialize?prefCd=26&kikanCd=2620002107&kikanKbn=2", "url2": null, "内容": "下野眼科医院【2:診療所】【診療科目:眼科】京都府八幡市八幡旦所８－１" }, "geometry": { "type": "Point", "coordinates": [ 135.706415, 34.881158 ] } },
{ "type": "Feature", "properties": { "ID": "2622620002111", "正式名称": "医療法人やすだこどもクリニック", "機関区分": 2, "都道府県コード": 26, "市区町村コード": 210, "所在地": "京都府八幡市欽明台西１５ー６", "緯度": 34.875548, "経度": 135.707637, "url": "https://www.iryou.teikyouseido.mhlw.go.jp/znk-web/juminkanja/S2430/initialize?prefCd=26&kikanCd=2620002111&kikanKbn=2", "url2": "http://yasuda-kodomo.com/", "内容": "医療法人やすだこどもクリニック【2:診療所】【診療科目:小児科】京都府八幡市欽明台西１５ー６" }, "geometry": { "type": "Point", "coordinates": [ 135.707637, 34.875548 ] } },
{ "type": "Feature", "properties": { "ID": "2622620002112", "正式名称": "医療法人社団廣道会　下野医院", "機関区分": 2, "都道府県コード": 26, "市区町村コード": 210, "所在地": "京都府八幡市八幡平谷２７", "緯度": 34.880408, "経度": 135.703609, "url": "https://www.iryou.teikyouseido.mhlw.go.jp/znk-web/juminkanja/S2430/initialize?prefCd=26&kikanCd=2620002112&kikanKbn=2", "url2": null, "内容": "医療法人社団廣道会　下野医院【2:診療所】【診療科目:内科_小児科_放射線科】京都府八幡市八幡平谷２７" }, "geometry": { "type": "Point", "coordinates": [ 135.703609, 34.880408 ] } },
{ "type": "Feature", "properties": { "ID": "2622620002113", "正式名称": "いばら木整形外科医院", "機関区分": 2, "都道府県コード": 26, "市区町村コード": 210, "所在地": "京都府八幡市八幡三本橋１－１０", "緯度": 34.878936, "経度": 135.706054, "url": "https://www.iryou.teikyouseido.mhlw.go.jp/znk-web/juminkanja/S2430/initialize?prefCd=26&kikanCd=2620002113&kikanKbn=2", "url2": null, "内容": "いばら木整形外科医院【2:診療所】【診療科目:整形外科_リウマチ科_リハビリテーション科】京都府八幡市八幡三本橋１－１０" }, "geometry": { "type": "Point", "coordinates": [ 135.706054, 34.878936 ] } },
{ "type": "Feature", "properties": { "ID": "2622620002115", "正式名称": "にのゆ耳鼻咽喉科医院", "機関区分": 2, "都道府県コード": 26, "市区町村コード": 210, "所在地": "京都府八幡市八幡三本橋１８番１８１", "緯度": 34.876909, "経度": 135.706359, "url": "https://www.iryou.teikyouseido.mhlw.go.jp/znk-web/juminkanja/S2430/initialize?prefCd=26&kikanCd=2620002115&kikanKbn=2", "url2": null, "内容": "にのゆ耳鼻咽喉科医院【2:診療所】【診療科目:耳鼻いんこう科】京都府八幡市八幡三本橋１８番１８１" }, "geometry": { "type": "Point", "coordinates": [ 135.706359, 34.876909 ] } },
{ "type": "Feature", "properties": { "ID": "2622620002118", "正式名称": "内科小児科　大森医院", "機関区分": 2, "都道府県コード": 26, "市区町村コード": 210, "所在地": "京都府八幡市橋本栗ケ谷２６－１５５", "緯度": 34.880464, "経度": 135.687611, "url": "https://www.iryou.teikyouseido.mhlw.go.jp/znk-web/juminkanja/S2430/initialize?prefCd=26&kikanCd=2620002118&kikanKbn=2", "url2": null, "内容": "内科小児科　大森医院【2:診療所】【診療科目:内科_消化器内科_小児科_リハビリテーション科】京都府八幡市橋本栗ケ谷２６－１５５" }, "geometry": { "type": "Point", "coordinates": [ 135.687611, 34.880464 ] } },
{ "type": "Feature", "properties": { "ID": "2622620002119", "正式名称": "宮谷眼科医院", "機関区分": 2, "都道府県コード": 26, "市区町村コード": 210, "所在地": "京都府八幡市橋本向山１－６", "緯度": 34.874992, "経度": 135.686361, "url": "https://www.iryou.teikyouseido.mhlw.go.jp/znk-web/juminkanja/S2430/initialize?prefCd=26&kikanCd=2620002119&kikanKbn=2", "url2": null, "内容": "宮谷眼科医院【2:診療所】【診療科目:眼科】京都府八幡市橋本向山１－６" }, "geometry": { "type": "Point", "coordinates": [ 135.686361, 34.874992 ] } },
{ "type": "Feature", "properties": { "ID": "2622620002120", "正式名称": "医療法人山下医院", "機関区分": 2, "都道府県コード": 26, "市区町村コード": 210, "所在地": "京都府八幡市橋本向山２－３", "緯度": 34.874659, "経度": 135.686611, "url": "https://www.iryou.teikyouseido.mhlw.go.jp/znk-web/juminkanja/S2430/initialize?prefCd=26&kikanCd=2620002120&kikanKbn=2", "url2": null, "内容": "医療法人山下医院【2:診療所】【診療科目:脳神経外科_整形外科_リハビリテーション科】京都府八幡市橋本向山２－３" }, "geometry": { "type": "Point", "coordinates": [ 135.686611, 34.874659 ] } },
{ "type": "Feature", "properties": { "ID": "2622620002128", "正式名称": "医療法人小糸医院", "機関区分": 2, "都道府県コード": 26, "市区町村コード": 210, "所在地": "京都府八幡市男山金振２０番地の２０", "緯度": 34.854327, "経度": 135.692278, "url": "https://www.iryou.teikyouseido.mhlw.go.jp/znk-web/juminkanja/S2430/initialize?prefCd=26&kikanCd=2620002128&kikanKbn=2", "url2": null, "内容": "医療法人小糸医院【2:診療所】【診療科目:内科_循環器内科】京都府八幡市男山金振２０番地の２０" }, "geometry": { "type": "Point", "coordinates": [ 135.692278, 34.854327 ] } },
{ "type": "Feature", "properties": { "ID": "2622620002136", "正式名称": "医療法人社団右橋医院", "機関区分": 2, "都道府県コード": 26, "市区町村コード": 210, "所在地": "京都府八幡市男山竹園２－１", "緯度": 34.855966, "経度": 135.696111, "url": "https://www.iryou.teikyouseido.mhlw.go.jp/znk-web/juminkanja/S2430/initialize?prefCd=26&kikanCd=2620002136&kikanKbn=2", "url2": "http://www.migihashi.com/", "内容": "医療法人社団右橋医院【2:診療所】【診療科目:内科_消化器内科_小児科_リハビリテーション科】京都府八幡市男山竹園２－１" }, "geometry": { "type": "Point", "coordinates": [ 135.696111, 34.855966 ] } },
{ "type": "Feature", "properties": { "ID": "2622620002145", "正式名称": "医療法人周寿会　はただ診療所", "機関区分": 2, "都道府県コード": 26, "市区町村コード": 214, "所在地": "京都府木津川市市坂六本木７６", "緯度": 34.718261, "経度": 135.807386, "url": "https://www.iryou.teikyouseido.mhlw.go.jp/znk-web/juminkanja/S2430/initialize?prefCd=26&kikanCd=2620002145&kikanKbn=2", "url2": "http://www.hatada-clinic.com/", "内容": "医療法人周寿会　はただ診療所【2:診療所】【診療科目:内科_精神科_神経科】京都府木津川市市坂六本木７６" }, "geometry": { "type": "Point", "coordinates": [ 135.807386, 34.718261 ] } },
{ "type": "Feature", "properties": { "ID": "2622620002149", "正式名称": "医療法人社団いさじ医院", "機関区分": 2, "都道府県コード": 26, "市区町村コード": 214, "所在地": "京都府木津川市木津西小林１０－１", "緯度": 34.729315, "経度": 135.812996, "url": "https://www.iryou.teikyouseido.mhlw.go.jp/znk-web/juminkanja/S2430/initialize?prefCd=26&kikanCd=2620002149&kikanKbn=2", "url2": "http://www.isaji.com/", "内容": "医療法人社団いさじ医院【2:診療所】【診療科目:内科_外科_整形外科】京都府木津川市木津西小林１０－１" }, "geometry": { "type": "Point", "coordinates": [ 135.812996, 34.729315 ] } },
{ "type": "Feature", "properties": { "ID": "2622620002150", "正式名称": "医療法人松森内科医院", "機関区分": 2, "都道府県コード": 26, "市区町村コード": 214, "所在地": "京都府木津川市木津川原田２７－３", "緯度": 34.734815, "経度": 135.821217, "url": "https://www.iryou.teikyouseido.mhlw.go.jp/znk-web/juminkanja/S2430/initialize?prefCd=26&kikanCd=2620002150&kikanKbn=2", "url2": null, "内容": "医療法人松森内科医院【2:診療所】【診療科目:内科】京都府木津川市木津川原田２７－３" }, "geometry": { "type": "Point", "coordinates": [ 135.821217, 34.734815 ] } },
{ "type": "Feature", "properties": { "ID": "2622620002151", "正式名称": "医療法人晃和会　いとうクリニック", "機関区分": 2, "都道府県コード": 26, "市区町村コード": 214, "所在地": "京都府木津川市木津池田３４－６", "緯度": 34.735454, "経度": 135.822162, "url": "https://www.iryou.teikyouseido.mhlw.go.jp/znk-web/juminkanja/S2430/initialize?prefCd=26&kikanCd=2620002151&kikanKbn=2", "url2": "http://itouclinic.com", "内容": "医療法人晃和会　いとうクリニック【2:診療所】【診療科目:泌尿器科】京都府木津川市木津池田３４－６" }, "geometry": { "type": "Point", "coordinates": [ 135.822162, 34.735454 ] } },
{ "type": "Feature", "properties": { "ID": "2622620002152", "正式名称": "医療法人恵方会長井小児科医院", "機関区分": 2, "都道府県コード": 26, "市区町村コード": 214, "所在地": "京都府木津川市木津殿城６６－６", "緯度": 34.739509, "経度": 135.818606, "url": "https://www.iryou.teikyouseido.mhlw.go.jp/znk-web/juminkanja/S2430/initialize?prefCd=26&kikanCd=2620002152&kikanKbn=2", "url2": null, "内容": "医療法人恵方会長井小児科医院【2:診療所】【診療科目:小児科】京都府木津川市木津殿城６６－６" }, "geometry": { "type": "Point", "coordinates": [ 135.818606, 34.739509 ] } },
{ "type": "Feature", "properties": { "ID": "2622620002154", "正式名称": "医療法人豊田耳鼻咽喉科医院", "機関区分": 2, "都道府県コード": 26, "市区町村コード": 214, "所在地": "京都府木津川市木津駅前１丁目２３番地", "緯度": 34.736342, "経度": 135.823828, "url": "https://www.iryou.teikyouseido.mhlw.go.jp/znk-web/juminkanja/S2430/initialize?prefCd=26&kikanCd=2620002154&kikanKbn=2", "url2": null, "内容": "医療法人豊田耳鼻咽喉科医院【2:診療所】【診療科目:耳鼻いんこう科】京都府木津川市木津駅前１丁目２３番地" }, "geometry": { "type": "Point", "coordinates": [ 135.823828, 34.736342 ] } },
{ "type": "Feature", "properties": { "ID": "2622620002161", "正式名称": "ささき整形外科", "機関区分": 2, "都道府県コード": 26, "市区町村コード": 214, "所在地": "京都府木津川市木津町西垣外３７", "緯度": 34.73662, "経度": 135.817606, "url": "https://www.iryou.teikyouseido.mhlw.go.jp/znk-web/juminkanja/S2430/initialize?prefCd=26&kikanCd=2620002161&kikanKbn=2", "url2": null, "内容": "ささき整形外科【2:診療所】【診療科目:外科_整形外科_リウマチ科_リハビリテーション科_放射線科_麻酔科】京都府木津川市木津町西垣外３７" }, "geometry": { "type": "Point", "coordinates": [ 135.817606, 34.73662 ] } },
{ "type": "Feature", "properties": { "ID": "2622620002165", "正式名称": "医療法人きさらぎ会　松吉皮膚科", "機関区分": 2, "都道府県コード": 26, "市区町村コード": 214, "所在地": "京都府木津川市吐師山下１番地吐師医療ビル１階", "緯度": 34.745008, "経度": 135.793747, "url": "https://www.iryou.teikyouseido.mhlw.go.jp/znk-web/juminkanja/S2430/initialize?prefCd=26&kikanCd=2620002165&kikanKbn=2", "url2": null, "内容": "医療法人きさらぎ会　松吉皮膚科【2:診療所】【診療科目:皮膚科】京都府木津川市吐師山下１番地吐師医療ビル１階" }, "geometry": { "type": "Point", "coordinates": [ 135.793747, 34.745008 ] } },
{ "type": "Feature", "properties": { "ID": "2622620002166", "正式名称": "中島整形外科", "機関区分": 2, "都道府県コード": 26, "市区町村コード": 214, "所在地": "京都府木津川市吐師南ノ中条５－１", "緯度": 34.748174, "経度": 135.794497, "url": "https://www.iryou.teikyouseido.mhlw.go.jp/znk-web/juminkanja/S2430/initialize?prefCd=26&kikanCd=2620002166&kikanKbn=2", "url2": "https://nakajimaseikeigeka.com/", "内容": "中島整形外科【2:診療所】【診療科目:整形外科_リハビリテーション科】京都府木津川市吐師南ノ中条５－１" }, "geometry": { "type": "Point", "coordinates": [ 135.794497, 34.748174 ] } },
{ "type": "Feature", "properties": { "ID": "2622620002168", "正式名称": "ひがき小児科医院", "機関区分": 2, "都道府県コード": 26, "市区町村コード": 206, "所在地": "京都府亀岡市篠町森東垣内１－１１", "緯度": 34.996116, "経度": 135.601057, "url": "https://www.iryou.teikyouseido.mhlw.go.jp/znk-web/juminkanja/S2430/initialize?prefCd=26&kikanCd=2620002168&kikanKbn=2", "url2": "https://www.higaki-shonika.com/", "内容": "ひがき小児科医院【2:診療所】【診療科目:小児科_アレルギー科】京都府亀岡市篠町森東垣内１－１１" }, "geometry": { "type": "Point", "coordinates": [ 135.601057, 34.996116 ] } },
{ "type": "Feature", "properties": { "ID": "2622620002172", "正式名称": "河村医院", "機関区分": 2, "都道府県コード": 26, "市区町村コード": 214, "所在地": "京都府木津川市相楽台２－２－１５", "緯度": 34.728259, "経度": 135.790498, "url": "https://www.iryou.teikyouseido.mhlw.go.jp/znk-web/juminkanja/S2430/initialize?prefCd=26&kikanCd=2620002172&kikanKbn=2", "url2": null, "内容": "河村医院【2:診療所】【診療科目:内科_大腸・肛門外科_皮膚科】京都府木津川市相楽台２－２－１５" }, "geometry": { "type": "Point", "coordinates": [ 135.790498, 34.728259 ] } },
{ "type": "Feature", "properties": { "ID": "2622620002175", "正式名称": "医療法人錦見医院", "機関区分": 2, "都道府県コード": 26, "市区町村コード": 214, "所在地": "京都府木津川市相楽台９丁目３－７", "緯度": 34.724926, "経度": 135.794248, "url": "https://www.iryou.teikyouseido.mhlw.go.jp/znk-web/juminkanja/S2430/initialize?prefCd=26&kikanCd=2620002175&kikanKbn=2", "url2": null, "内容": "医療法人錦見医院【2:診療所】【診療科目:内科_小児科_アレルギー科】京都府木津川市相楽台９丁目３－７" }, "geometry": { "type": "Point", "coordinates": [ 135.794248, 34.724926 ] } },
{ "type": "Feature", "properties": { "ID": "2622620002176", "正式名称": "つなもと医院", "機関区分": 2, "都道府県コード": 26, "市区町村コード": 214, "所在地": "京都府木津川市兜台３－３－１", "緯度": 34.725343, "経度": 135.782499, "url": "https://www.iryou.teikyouseido.mhlw.go.jp/znk-web/juminkanja/S2430/initialize?prefCd=26&kikanCd=2620002176&kikanKbn=2", "url2": null, "内容": "つなもと医院【2:診療所】【診療科目:内科_小児科】京都府木津川市兜台３－３－１" }, "geometry": { "type": "Point", "coordinates": [ 135.782499, 34.725343 ] } },
{ "type": "Feature", "properties": { "ID": "2622620002179", "正式名称": "やました小児科医院", "機関区分": 2, "都道府県コード": 26, "市区町村コード": 214, "所在地": "京都府木津川市兜台７丁目１０の７", "緯度": 34.727287, "経度": 135.787082, "url": "https://www.iryou.teikyouseido.mhlw.go.jp/znk-web/juminkanja/S2430/initialize?prefCd=26&kikanCd=2620002179&kikanKbn=2", "url2": null, "内容": "やました小児科医院【2:診療所】【診療科目:小児科_アレルギー科】京都府木津川市兜台７丁目１０の７" }, "geometry": { "type": "Point", "coordinates": [ 135.787082, 34.727287 ] } },
{ "type": "Feature", "properties": { "ID": "2622620002191", "正式名称": "山田内科クリニック", "機関区分": 2, "都道府県コード": 26, "市区町村コード": 366, "所在地": "京都府相楽郡精華町精華台２－１０－９４", "緯度": 34.749618, "経度": 135.782914, "url": "https://www.iryou.teikyouseido.mhlw.go.jp/znk-web/juminkanja/S2430/initialize?prefCd=26&kikanCd=2620002191&kikanKbn=2", "url2": null, "内容": "山田内科クリニック【2:診療所】【診療科目:内科_神経内科_リハビリテーション科】京都府相楽郡精華町精華台２－１０－９４" }, "geometry": { "type": "Point", "coordinates": [ 135.782914, 34.749618 ] } },
{ "type": "Feature", "properties": { "ID": "2622620002197", "正式名称": "医療法人桜井眼科", "機関区分": 2, "都道府県コード": 26, "市区町村コード": 366, "所在地": "京都府相楽郡精華町祝園西１－２４－３祝園駅西医療ビル２階", "緯度": 34.761089, "経度": 135.791274, "url": "https://www.iryou.teikyouseido.mhlw.go.jp/znk-web/juminkanja/S2430/initialize?prefCd=26&kikanCd=2620002197&kikanKbn=2", "url2": null, "内容": "医療法人桜井眼科【2:診療所】【診療科目:眼科】京都府相楽郡精華町祝園西１－２４－３祝園駅西医療ビル２階" }, "geometry": { "type": "Point", "coordinates": [ 135.791274, 34.761089 ] } },
{ "type": "Feature", "properties": { "ID": "2622620002200", "正式名称": "藤木医院", "機関区分": 2, "都道府県コード": 26, "市区町村コード": 366, "所在地": "京都府相楽郡精華町祝園西１丁目２４－１５", "緯度": 34.760911, "経度": 135.79129, "url": "https://www.iryou.teikyouseido.mhlw.go.jp/znk-web/juminkanja/S2430/initialize?prefCd=26&kikanCd=2620002200&kikanKbn=2", "url2": null, "内容": "藤木医院【2:診療所】【診療科目:内科_糖尿病内科_循環器内科_腎臓内科】京都府相楽郡精華町祝園西１丁目２４－１５" }, "geometry": { "type": "Point", "coordinates": [ 135.79129, 34.760911 ] } },
{ "type": "Feature", "properties": { "ID": "2622620002203", "正式名称": "山本整形外科", "機関区分": 2, "都道府県コード": 26, "市区町村コード": 366, "所在地": "京都府相楽郡精華町祝園西一丁目２４－３　祝園駅西ビル１Ｆ１０１", "緯度": 34.761089, "経度": 135.791246, "url": "https://www.iryou.teikyouseido.mhlw.go.jp/znk-web/juminkanja/S2430/initialize?prefCd=26&kikanCd=2620002203&kikanKbn=2", "url2": null, "内容": "山本整形外科【2:診療所】【診療科目:整形外科】京都府相楽郡精華町祝園西一丁目２４－３　祝園駅西ビル１Ｆ１０１" }, "geometry": { "type": "Point", "coordinates": [ 135.791246, 34.761089 ] } },
{ "type": "Feature", "properties": { "ID": "2622620002207", "正式名称": "コマダ診療所", "機関区分": 2, "都道府県コード": 26, "市区町村コード": 366, "所在地": "京都府相楽郡精華町菱田宮川原１０", "緯度": 34.78117, "経度": 135.794717, "url": "https://www.iryou.teikyouseido.mhlw.go.jp/znk-web/juminkanja/S2430/initialize?prefCd=26&kikanCd=2620002207&kikanKbn=2", "url2": null, "内容": "コマダ診療所【2:診療所】【診療科目:内科_外科_整形外科】京都府相楽郡精華町菱田宮川原１０" }, "geometry": { "type": "Point", "coordinates": [ 135.794717, 34.78117 ] } },
{ "type": "Feature", "properties": { "ID": "2622620002210", "正式名称": "山口医院", "機関区分": 2, "都道府県コード": 26, "市区町村コード": 214, "所在地": "京都府木津川市加茂町里南古田１３４番地", "緯度": 34.751897, "経度": 135.865176, "url": "https://www.iryou.teikyouseido.mhlw.go.jp/znk-web/juminkanja/S2430/initialize?prefCd=26&kikanCd=2620002210&kikanKbn=2", "url2": "https://www.yamaguchi-iin.net/", "内容": "山口医院【2:診療所】【診療科目:内科_消化器内科】京都府木津川市加茂町里南古田１３４番地" }, "geometry": { "type": "Point", "coordinates": [ 135.865176, 34.751897 ] } },
{ "type": "Feature", "properties": { "ID": "2622620002212", "正式名称": "小川医院", "機関区分": 2, "都道府県コード": 26, "市区町村コード": 214, "所在地": "京都府木津川市南加茂台９－１７－２", "緯度": 34.737287, "経度": 135.865964, "url": "https://www.iryou.teikyouseido.mhlw.go.jp/znk-web/juminkanja/S2430/initialize?prefCd=26&kikanCd=2620002212&kikanKbn=2", "url2": "http://ogawa-iin.com/", "内容": "小川医院【2:診療所】【診療科目:内科_小児科】京都府木津川市南加茂台９－１７－２" }, "geometry": { "type": "Point", "coordinates": [ 135.865964, 34.737287 ] } },
{ "type": "Feature", "properties": { "ID": "2622620002217", "正式名称": "兎本眼科", "機関区分": 2, "都道府県コード": 26, "市区町村コード": 214, "所在地": "京都府木津川市加茂町里西鳥口１０－２", "緯度": 34.752841, "経度": 135.867324, "url": "https://www.iryou.teikyouseido.mhlw.go.jp/znk-web/juminkanja/S2430/initialize?prefCd=26&kikanCd=2620002217&kikanKbn=2", "url2": null, "内容": "兎本眼科【2:診療所】【診療科目:眼科】京都府木津川市加茂町里西鳥口１０－２" }, "geometry": { "type": "Point", "coordinates": [ 135.867324, 34.752841 ] } },
{ "type": "Feature", "properties": { "ID": "2622620002219", "正式名称": "医療法人吉村医院", "機関区分": 2, "都道府県コード": 26, "市区町村コード": 214, "所在地": "京都府木津川市加茂町駅東二丁目６－１２", "緯度": 34.751869, "経度": 135.871018, "url": "https://www.iryou.teikyouseido.mhlw.go.jp/znk-web/juminkanja/S2430/initialize?prefCd=26&kikanCd=2620002219&kikanKbn=2", "url2": "https://www.yoshimura-iin.com/", "内容": "医療法人吉村医院【2:診療所】【診療科目:内科_小児科】京都府木津川市加茂町駅東二丁目６－１２" }, "geometry": { "type": "Point", "coordinates": [ 135.871018, 34.751869 ] } },
{ "type": "Feature", "properties": { "ID": "2622620002222", "正式名称": "和束町国民健康保険診療所", "機関区分": 2, "都道府県コード": 26, "市区町村コード": 365, "所在地": "京都府相楽郡和束町南川口４４", "緯度": 34.795143, "経度": 135.904319, "url": "https://www.iryou.teikyouseido.mhlw.go.jp/znk-web/juminkanja/S2430/initialize?prefCd=26&kikanCd=2620002222&kikanKbn=2", "url2": null, "内容": "和束町国民健康保険診療所【2:診療所】【診療科目:内科_外科】京都府相楽郡和束町南川口４４" }, "geometry": { "type": "Point", "coordinates": [ 135.904319, 34.795143 ] } },
{ "type": "Feature", "properties": { "ID": "2622620002224", "正式名称": "医療法人伊左治医院", "機関区分": 2, "都道府県コード": 26, "市区町村コード": 364, "所在地": "京都府相楽郡笠置町大字笠置小字隅田１７", "緯度": 34.756759, "経度": 135.93404, "url": "https://www.iryou.teikyouseido.mhlw.go.jp/znk-web/juminkanja/S2430/initialize?prefCd=26&kikanCd=2620002224&kikanKbn=2", "url2": null, "内容": "医療法人伊左治医院【2:診療所】【診療科目:内科_小児科_皮膚科】京都府相楽郡笠置町大字笠置小字隅田１７" }, "geometry": { "type": "Point", "coordinates": [ 135.93404, 34.756759 ] } },
{ "type": "Feature", "properties": { "ID": "2622620002227", "正式名称": "南丹市国民健康保険南丹みやま診療所", "機関区分": 2, "都道府県コード": 26, "市区町村コード": 213, "所在地": "京都府南丹市美山町安掛下８", "緯度": 35.275919, "経度": 135.586517, "url": "https://www.iryou.teikyouseido.mhlw.go.jp/znk-web/juminkanja/S2430/initialize?prefCd=26&kikanCd=2620002227&kikanKbn=2", "url2": null, "内容": "南丹市国民健康保険南丹みやま診療所【2:診療所】【診療科目:内科_糖尿病内科_内分泌内科_外科_整形外科_小児科_精神科_心療内科】京都府南丹市美山町安掛下８" }, "geometry": { "type": "Point", "coordinates": [ 135.586517, 35.275919 ] } },
{ "type": "Feature", "properties": { "ID": "2622620002230", "正式名称": "南丹市国民健康保険美山林健センター診療所", "機関区分": 2, "都道府県コード": 26, "市区町村コード": 213, "所在地": "京都府南丹市美山町鶴ヶ岡釈迦堂前１４番地の１", "緯度": 35.321636, "経度": 135.55774, "url": "https://www.iryou.teikyouseido.mhlw.go.jp/znk-web/juminkanja/S2430/initialize?prefCd=26&kikanCd=2620002230&kikanKbn=2", "url2": null, "内容": "南丹市国民健康保険美山林健センター診療所【2:診療所】【診療科目:内科_外科_整形外科_小児科】京都府南丹市美山町鶴ヶ岡釈迦堂前１４番地の１" }, "geometry": { "type": "Point", "coordinates": [ 135.55774, 35.321636 ] } },
{ "type": "Feature", "properties": { "ID": "2622620002238", "正式名称": "おくざわ眼科医院", "機関区分": 2, "都道府県コード": 26, "市区町村コード": 206, "所在地": "京都府亀岡市大井町並河２丁目７０１番地", "緯度": 35.027112, "経度": 135.556309, "url": "https://www.iryou.teikyouseido.mhlw.go.jp/znk-web/juminkanja/S2430/initialize?prefCd=26&kikanCd=2620002238&kikanKbn=2", "url2": null, "内容": "おくざわ眼科医院【2:診療所】【診療科目:眼科】京都府亀岡市大井町並河２丁目７０１番地" }, "geometry": { "type": "Point", "coordinates": [ 135.556309, 35.027112 ] } },
{ "type": "Feature", "properties": { "ID": "2622620002245", "正式名称": "森戸整形外科", "機関区分": 2, "都道府県コード": 26, "市区町村コード": 206, "所在地": "京都府亀岡市千代川町小川２丁目２番１６号", "緯度": 35.048193, "経度": 135.546031, "url": "https://www.iryou.teikyouseido.mhlw.go.jp/znk-web/juminkanja/S2430/initialize?prefCd=26&kikanCd=2620002245&kikanKbn=2", "url2": null, "内容": "森戸整形外科【2:診療所】【診療科目:整形外科】京都府亀岡市千代川町小川２丁目２番１６号" }, "geometry": { "type": "Point", "coordinates": [ 135.546031, 35.048193 ] } },
{ "type": "Feature", "properties": { "ID": "2622620002246", "正式名称": "医療法人さとう医院", "機関区分": 2, "都道府県コード": 26, "市区町村コード": 206, "所在地": "京都府亀岡市千代川町高野林西ノ畑２７番", "緯度": 35.044666, "経度": 135.545948, "url": "https://www.iryou.teikyouseido.mhlw.go.jp/znk-web/juminkanja/S2430/initialize?prefCd=26&kikanCd=2620002246&kikanKbn=2", "url2": "satou-iin.com", "内容": "医療法人さとう医院【2:診療所】【診療科目:内科_消化器内科_胃腸内科_婦人科】京都府亀岡市千代川町高野林西ノ畑２７番" }, "geometry": { "type": "Point", "coordinates": [ 135.545948, 35.044666 ] } },
{ "type": "Feature", "properties": { "ID": "2622620002250", "正式名称": "医療法人宮前診療所", "機関区分": 2, "都道府県コード": 26, "市区町村コード": 206, "所在地": "京都府亀岡市宮前町宮川西垣内１７", "緯度": 35.03911, "経度": 135.480648, "url": "https://www.iryou.teikyouseido.mhlw.go.jp/znk-web/juminkanja/S2430/initialize?prefCd=26&kikanCd=2620002250&kikanKbn=2", "url2": null, "内容": "医療法人宮前診療所【2:診療所】【診療科目:内科_外科】京都府亀岡市宮前町宮川西垣内１７" }, "geometry": { "type": "Point", "coordinates": [ 135.480648, 35.03911 ] } },
{ "type": "Feature", "properties": { "ID": "2622620002257", "正式名称": "医療法人福知会　クリニック「もみじ」", "機関区分": 2, "都道府県コード": 26, "市区町村コード": 206, "所在地": "京都府亀岡市余部町清水２６番地１", "緯度": 35.017725, "経度": 135.576752, "url": "https://www.iryou.teikyouseido.mhlw.go.jp/znk-web/juminkanja/S2430/initialize?prefCd=26&kikanCd=2620002257&kikanKbn=2", "url2": "http://www.fukuchikai.or.jp/momiji/", "内容": "医療法人福知会　クリニック「もみじ」【2:診療所】【診療科目:精神科_心療内科】京都府亀岡市余部町清水２６番地１" }, "geometry": { "type": "Point", "coordinates": [ 135.576752, 35.017725 ] } },
{ "type": "Feature", "properties": { "ID": "2622620002259", "正式名称": "ぬくい泌尿器科医院", "機関区分": 2, "都道府県コード": 26, "市区町村コード": 206, "所在地": "京都府亀岡市追分町馬場通２２－８　ＡＢＩＬー２", "緯度": 35.015419, "経度": 135.58128, "url": "https://www.iryou.teikyouseido.mhlw.go.jp/znk-web/juminkanja/S2430/initialize?prefCd=26&kikanCd=2620002259&kikanKbn=2", "url2": null, "内容": "ぬくい泌尿器科医院【2:診療所】【診療科目:泌尿器科】京都府亀岡市追分町馬場通２２－８　ＡＢＩＬー２" }, "geometry": { "type": "Point", "coordinates": [ 135.58128, 35.015419 ] } },
{ "type": "Feature", "properties": { "ID": "2622620002263", "正式名称": "医療法人　田村産婦人科医院", "機関区分": 2, "都道府県コード": 26, "市区町村コード": 206, "所在地": "京都府亀岡市安町野々神２８", "緯度": 35.014086, "経度": 135.57142, "url": "https://www.iryou.teikyouseido.mhlw.go.jp/znk-web/juminkanja/S2430/initialize?prefCd=26&kikanCd=2620002263&kikanKbn=2", "url2": "http://tamura-hp.com/", "内容": "医療法人　田村産婦人科医院【2:診療所】【診療科目:産婦人科_産科_婦人科_産婦人科（生殖医療）_思春期相談（ＰＭＳなど）、更年期】京都府亀岡市安町野々神２８" }, "geometry": { "type": "Point", "coordinates": [ 135.57142, 35.014086 ] } },
{ "type": "Feature", "properties": { "ID": "2622620002268", "正式名称": "鎌田整形外科医院", "機関区分": 2, "都道府県コード": 26, "市区町村コード": 206, "所在地": "京都府亀岡市突抜町４４番１号", "緯度": 35.009698, "経度": 135.58628, "url": "https://www.iryou.teikyouseido.mhlw.go.jp/znk-web/juminkanja/S2430/initialize?prefCd=26&kikanCd=2620002268&kikanKbn=2", "url2": "http://kamada-seikei.com", "内容": "鎌田整形外科医院【2:診療所】【診療科目:整形外科_リウマチ科_リハビリテーション科】京都府亀岡市突抜町４４番１号" }, "geometry": { "type": "Point", "coordinates": [ 135.58628, 35.009698 ] } },
{ "type": "Feature", "properties": { "ID": "2622620002275", "正式名称": "医療法人はやし整形外科", "機関区分": 2, "都道府県コード": 26, "市区町村コード": 206, "所在地": "京都府亀岡市古世町西内坪３２－１ラポール１階", "緯度": 35.014364, "経度": 135.583169, "url": "https://www.iryou.teikyouseido.mhlw.go.jp/znk-web/juminkanja/S2430/initialize?prefCd=26&kikanCd=2620002275&kikanKbn=2", "url2": null, "内容": "医療法人はやし整形外科【2:診療所】【診療科目:整形外科】京都府亀岡市古世町西内坪３２－１ラポール１階" }, "geometry": { "type": "Point", "coordinates": [ 135.583169, 35.014364 ] } },
{ "type": "Feature", "properties": { "ID": "2622620002277", "正式名称": "医療法人社団　蔵本会　八木診療所", "機関区分": 2, "都道府県コード": 26, "市区町村コード": 206, "所在地": "京都府亀岡市篠町柏原町頭１８", "緯度": 35.00917, "経度": 135.596918, "url": "https://www.iryou.teikyouseido.mhlw.go.jp/znk-web/juminkanja/S2430/initialize?prefCd=26&kikanCd=2620002277&kikanKbn=2", "url2": "https://yagiclinic.org", "内容": "医療法人社団　蔵本会　八木診療所【2:診療所】【診療科目:内科_耳鼻いんこう科_皮膚科】京都府亀岡市篠町柏原町頭１８" }, "geometry": { "type": "Point", "coordinates": [ 135.596918, 35.00917 ] } },
{ "type": "Feature", "properties": { "ID": "2622620002286", "正式名称": "医療法人社団　飯野小児科内科医院", "機関区分": 2, "都道府県コード": 26, "市区町村コード": 206, "所在地": "京都府亀岡市南つつじケ丘大葉台２丁目４４－１", "緯度": 34.991783, "経度": 135.58978, "url": "https://www.iryou.teikyouseido.mhlw.go.jp/znk-web/juminkanja/S2430/initialize?prefCd=26&kikanCd=2620002286&kikanKbn=2", "url2": null, "内容": "医療法人社団　飯野小児科内科医院【2:診療所】【診療科目:内科】京都府亀岡市南つつじケ丘大葉台２丁目４４－１" }, "geometry": { "type": "Point", "coordinates": [ 135.58978, 34.991783 ] } },
{ "type": "Feature", "properties": { "ID": "2622620002289", "正式名称": "医療法人上原医院", "機関区分": 2, "都道府県コード": 26, "市区町村コード": 206, "所在地": "京都府亀岡市西町３９－６", "緯度": 35.013697, "経度": 135.576641, "url": "https://www.iryou.teikyouseido.mhlw.go.jp/znk-web/juminkanja/S2430/initialize?prefCd=26&kikanCd=2620002289&kikanKbn=2", "url2": "https://www.uehara-iin.jp/", "内容": "医療法人上原医院【2:診療所】【診療科目:内科_小児科】京都府亀岡市西町３９－６" }, "geometry": { "type": "Point", "coordinates": [ 135.576641, 35.013697 ] } },
{ "type": "Feature", "properties": { "ID": "2622620002290", "正式名称": "平岡医院", "機関区分": 2, "都道府県コード": 26, "市区町村コード": 206, "所在地": "京都府亀岡市本町１９", "緯度": 35.010281, "経度": 135.579364, "url": "https://www.iryou.teikyouseido.mhlw.go.jp/znk-web/juminkanja/S2430/initialize?prefCd=26&kikanCd=2620002290&kikanKbn=2", "url2": null, "内容": "平岡医院【2:診療所】【診療科目:内科_外科】京都府亀岡市本町１９" }, "geometry": { "type": "Point", "coordinates": [ 135.579364, 35.010281 ] } },
{ "type": "Feature", "properties": { "ID": "2622620002291", "正式名称": "医療法人川西診療所", "機関区分": 2, "都道府県コード": 26, "市区町村コード": 213, "所在地": "京都府南丹市園部町宮町３６番地", "緯度": 35.109407, "経度": 135.471285, "url": "https://www.iryou.teikyouseido.mhlw.go.jp/znk-web/juminkanja/S2430/initialize?prefCd=26&kikanCd=2620002291&kikanKbn=2", "url2": "https://kawanishiclinic.com/access/", "内容": "医療法人川西診療所【2:診療所】【診療科目:内科_小児科】京都府南丹市園部町宮町３６番地" }, "geometry": { "type": "Point", "coordinates": [ 135.471285, 35.109407 ] } },
{ "type": "Feature", "properties": { "ID": "2622620002294", "正式名称": "京丹アイクリニック", "機関区分": 2, "都道府県コード": 26, "市区町村コード": 213, "所在地": "京都府南丹市園部町上木崎町寺ノ下２７－１", "緯度": 35.113046, "経度": 135.468868, "url": "https://www.iryou.teikyouseido.mhlw.go.jp/znk-web/juminkanja/S2430/initialize?prefCd=26&kikanCd=2620002294&kikanKbn=2", "url2": null, "内容": "京丹アイクリニック【2:診療所】【診療科目:眼科】京都府南丹市園部町上木崎町寺ノ下２７－１" }, "geometry": { "type": "Point", "coordinates": [ 135.468868, 35.113046 ] } },
{ "type": "Feature", "properties": { "ID": "2622620002296", "正式名称": "社会福祉法人長生園診療所", "機関区分": 2, "都道府県コード": 26, "市区町村コード": 213, "所在地": "京都府南丹市園部町上木崎町坪ノ内１９番地", "緯度": 35.115324, "経度": 135.472757, "url": "https://www.iryou.teikyouseido.mhlw.go.jp/znk-web/juminkanja/S2430/initialize?prefCd=26&kikanCd=2620002296&kikanKbn=2", "url2": null, "内容": "社会福祉法人長生園診療所【2:診療所】【診療科目:内科_外科_整形外科_精神科】京都府南丹市園部町上木崎町坪ノ内１９番地" }, "geometry": { "type": "Point", "coordinates": [ 135.472757, 35.115324 ] } },
{ "type": "Feature", "properties": { "ID": "2622620002299", "正式名称": "医療法人　仁丹医院", "機関区分": 2, "都道府県コード": 26, "市区町村コード": 213, "所在地": "京都府南丹市園部町河原町４号１３番地", "緯度": 35.110713, "経度": 135.468229, "url": "https://www.iryou.teikyouseido.mhlw.go.jp/znk-web/juminkanja/S2430/initialize?prefCd=26&kikanCd=2620002299&kikanKbn=2", "url2": "http://www.nitan-clinic.com/", "内容": "医療法人　仁丹医院【2:診療所】【診療科目:内科_外科】京都府南丹市園部町河原町４号１３番地" }, "geometry": { "type": "Point", "coordinates": [ 135.468229, 35.110713 ] } },
{ "type": "Feature", "properties": { "ID": "2622620002307", "正式名称": "松原医院", "機関区分": 2, "都道府県コード": 26, "市区町村コード": 407, "所在地": "京都府船井郡京丹波町下山野丸１０６－地１０８", "緯度": 35.205869, "経度": 135.426423, "url": "https://www.iryou.teikyouseido.mhlw.go.jp/znk-web/juminkanja/S2430/initialize?prefCd=26&kikanCd=2620002307&kikanKbn=2", "url2": null, "内容": "松原医院【2:診療所】【診療科目:内科_小児科_皮膚科_放射線科】京都府船井郡京丹波町下山野丸１０６－地１０８" }, "geometry": { "type": "Point", "coordinates": [ 135.426423, 35.205869 ] } },
{ "type": "Feature", "properties": { "ID": "2622620002315", "正式名称": "きむら診療所", "機関区分": 2, "都道府県コード": 26, "市区町村コード": 213, "所在地": "京都府南丹市八木町西田北条３０－２", "緯度": 35.074801, "経度": 135.54278, "url": "https://www.iryou.teikyouseido.mhlw.go.jp/znk-web/juminkanja/S2430/initialize?prefCd=26&kikanCd=2620002315&kikanKbn=2", "url2": null, "内容": "きむら診療所【2:診療所】【診療科目:内科_呼吸器内科_漢方内科_アレルギー科_リハビリテーション科】京都府南丹市八木町西田北条３０－２" }, "geometry": { "type": "Point", "coordinates": [ 135.54278, 35.074801 ] } },
{ "type": "Feature", "properties": { "ID": "2622620002316", "正式名称": "山田医院", "機関区分": 2, "都道府県コード": 26, "市区町村コード": 213, "所在地": "京都府南丹市八木町八木鹿草３４", "緯度": 35.071829, "経度": 135.53492, "url": "https://www.iryou.teikyouseido.mhlw.go.jp/znk-web/juminkanja/S2430/initialize?prefCd=26&kikanCd=2620002316&kikanKbn=2", "url2": null, "内容": "山田医院【2:診療所】【診療科目:内科_小児科】京都府南丹市八木町八木鹿草３４" }, "geometry": { "type": "Point", "coordinates": [ 135.53492, 35.071829 ] } },
{ "type": "Feature", "properties": { "ID": "2622620002320", "正式名称": "胡麻佐野診療所", "機関区分": 2, "都道府県コード": 26, "市区町村コード": 213, "所在地": "京都府南丹市日吉町胡麻才ノ本４", "緯度": 35.196287, "経度": 135.468475, "url": "https://www.iryou.teikyouseido.mhlw.go.jp/znk-web/juminkanja/S2430/initialize?prefCd=26&kikanCd=2620002320&kikanKbn=2", "url2": null, "内容": "胡麻佐野診療所【2:診療所】【診療科目:内科】京都府南丹市日吉町胡麻才ノ本４" }, "geometry": { "type": "Point", "coordinates": [ 135.468475, 35.196287 ] } },
{ "type": "Feature", "properties": { "ID": "2622620002326", "正式名称": "国保京丹波町病院和知診療所", "機関区分": 2, "都道府県コード": 26, "市区町村コード": 407, "所在地": "京都府船井郡京丹波町本庄今福５番地", "緯度": 35.260112, "経度": 135.399062, "url": "https://www.iryou.teikyouseido.mhlw.go.jp/znk-web/juminkanja/S2430/initialize?prefCd=26&kikanCd=2620002326&kikanKbn=2", "url2": "http://www.kyotamba-hospital.jp/branch/wachi.html", "内容": "国保京丹波町病院和知診療所【2:診療所】【診療科目:内科_外科_整形外科】京都府船井郡京丹波町本庄今福５番地" }, "geometry": { "type": "Point", "coordinates": [ 135.399062, 35.260112 ] } },
{ "type": "Feature", "properties": { "ID": "2622620002327", "正式名称": "畑内科医院", "機関区分": 2, "都道府県コード": 26, "市区町村コード": 203, "所在地": "京都府綾部市青野町高田９１", "緯度": 35.305855, "経度": 135.260654, "url": "https://www.iryou.teikyouseido.mhlw.go.jp/znk-web/juminkanja/S2430/initialize?prefCd=26&kikanCd=2620002327&kikanKbn=2", "url2": null, "内容": "畑内科医院【2:診療所】【診療科目:内科_糖尿病・代謝内科_小児科】京都府綾部市青野町高田９１" }, "geometry": { "type": "Point", "coordinates": [ 135.260654, 35.305855 ] } },
{ "type": "Feature", "properties": { "ID": "2622620002328", "正式名称": "山下整形外科医院", "機関区分": 2, "都道府県コード": 26, "市区町村コード": 203, "所在地": "京都府綾部市青野町西青野２８－３", "緯度": 35.302966, "経度": 135.260571, "url": "https://www.iryou.teikyouseido.mhlw.go.jp/znk-web/juminkanja/S2430/initialize?prefCd=26&kikanCd=2620002328&kikanKbn=2", "url2": null, "内容": "山下整形外科医院【2:診療所】【診療科目:外科_整形外科_リハビリテーション科】京都府綾部市青野町西青野２８－３" }, "geometry": { "type": "Point", "coordinates": [ 135.260571, 35.302966 ] } },
{ "type": "Feature", "properties": { "ID": "2622620002329", "正式名称": "医療法人横山医院", "機関区分": 2, "都道府県コード": 26, "市区町村コード": 203, "所在地": "京都府綾部市若松町庵ノ上５８―１０", "緯度": 35.300828, "経度": 135.257683, "url": "https://www.iryou.teikyouseido.mhlw.go.jp/znk-web/juminkanja/S2430/initialize?prefCd=26&kikanCd=2620002329&kikanKbn=2", "url2": null, "内容": "医療法人横山医院【2:診療所】【診療科目:内科_小児科】京都府綾部市若松町庵ノ上５８―１０" }, "geometry": { "type": "Point", "coordinates": [ 135.257683, 35.300828 ] } },
{ "type": "Feature", "properties": { "ID": "2622620002330", "正式名称": "由良産婦人科・小児科医院", "機関区分": 2, "都道府県コード": 26, "市区町村コード": 203, "所在地": "京都府綾部市本町一丁目２０番地", "緯度": 35.297106, "経度": 135.260571, "url": "https://www.iryou.teikyouseido.mhlw.go.jp/znk-web/juminkanja/S2430/initialize?prefCd=26&kikanCd=2620002330&kikanKbn=2", "url2": "https://www.yuraladies.com/", "内容": "由良産婦人科・小児科医院【2:診療所】【診療科目:小児科_産婦人科】京都府綾部市本町一丁目２０番地" }, "geometry": { "type": "Point", "coordinates": [ 135.260571, 35.297106 ] } },
{ "type": "Feature", "properties": { "ID": "2622620002340", "正式名称": "大槻医院", "機関区分": 2, "都道府県コード": 26, "市区町村コード": 203, "所在地": "京都府綾部市宮代町土代１４番地", "緯度": 35.302549, "経度": 135.242878, "url": "https://www.iryou.teikyouseido.mhlw.go.jp/znk-web/juminkanja/S2430/initialize?prefCd=26&kikanCd=2620002340&kikanKbn=2", "url2": null, "内容": "大槻医院【2:診療所】【診療科目:皮膚科_アレルギー科】京都府綾部市宮代町土代１４番地" }, "geometry": { "type": "Point", "coordinates": [ 135.242878, 35.302549 ] } },
{ "type": "Feature", "properties": { "ID": "2622620002341", "正式名称": "医療法人丹綾会安村外科内科診療所", "機関区分": 2, "都道府県コード": 26, "市区町村コード": 203, "所在地": "京都府綾部市井倉町大将軍３７", "緯度": 35.304522, "経度": 135.247294, "url": "https://www.iryou.teikyouseido.mhlw.go.jp/znk-web/juminkanja/S2430/initialize?prefCd=26&kikanCd=2620002341&kikanKbn=2", "url2": "https://www.yasumura-gnclinic.com/", "内容": "医療法人丹綾会安村外科内科診療所【2:診療所】【診療科目:内科_外科】京都府綾部市井倉町大将軍３７" }, "geometry": { "type": "Point", "coordinates": [ 135.247294, 35.304522 ] } },
{ "type": "Feature", "properties": { "ID": "2622620002350", "正式名称": "公益社団法人京都保健会あやべ協立診療所", "機関区分": 2, "都道府県コード": 26, "市区町村コード": 203, "所在地": "京都府綾部市駅前通１番地", "緯度": 35.299272, "経度": 135.252294, "url": "https://www.iryou.teikyouseido.mhlw.go.jp/znk-web/juminkanja/S2430/initialize?prefCd=26&kikanCd=2620002350&kikanKbn=2", "url2": null, "内容": "公益社団法人京都保健会あやべ協立診療所【2:診療所】【診療科目:内科_消化器内科_リハビリテーション科】京都府綾部市駅前通１番地" }, "geometry": { "type": "Point", "coordinates": [ 135.252294, 35.299272 ] } },
{ "type": "Feature", "properties": { "ID": "2622620002358", "正式名称": "医療法人　荒木クリニック", "機関区分": 2, "都道府県コード": 26, "市区町村コード": 202, "所在地": "京都府舞鶴市字京田小字大角１８－１", "緯度": 35.426677, "経度": 135.327143, "url": "https://www.iryou.teikyouseido.mhlw.go.jp/znk-web/juminkanja/S2430/initialize?prefCd=26&kikanCd=2620002358&kikanKbn=2", "url2": "http://arakiccc.sharepoint.com/", "内容": "医療法人　荒木クリニック【2:診療所】【診療科目:内科_循環器内科_消化器内科_神経内科_小児科_皮膚科_リハビリテーション科_放射線科】京都府舞鶴市字京田小字大角１８－１" }, "geometry": { "type": "Point", "coordinates": [ 135.327143, 35.426677 ] } },
{ "type": "Feature", "properties": { "ID": "2622620002361", "正式名称": "医療法人りんご会しかた小児科医院", "機関区分": 2, "都道府県コード": 26, "市区町村コード": 202, "所在地": "京都府舞鶴市字引土３２４番地", "緯度": 35.444925, "経度": 135.327198, "url": "https://www.iryou.teikyouseido.mhlw.go.jp/znk-web/juminkanja/S2430/initialize?prefCd=26&kikanCd=2620002361&kikanKbn=2", "url2": null, "内容": "医療法人りんご会しかた小児科医院【2:診療所】【診療科目:小児科】京都府舞鶴市字引土３２４番地" }, "geometry": { "type": "Point", "coordinates": [ 135.327198, 35.444925 ] } },
{ "type": "Feature", "properties": { "ID": "2622620002367", "正式名称": "医療法人泰山会　あいおい橋四方クリニック", "機関区分": 2, "都道府県コード": 26, "市区町村コード": 202, "所在地": "京都府舞鶴市下安久９７８番地１５", "緯度": 35.451202, "経度": 135.330475, "url": "https://www.iryou.teikyouseido.mhlw.go.jp/znk-web/juminkanja/S2430/initialize?prefCd=26&kikanCd=2620002367&kikanKbn=2", "url2": null, "内容": "医療法人泰山会　あいおい橋四方クリニック【2:診療所】【診療科目:内科】京都府舞鶴市下安久９７８番地１５" }, "geometry": { "type": "Point", "coordinates": [ 135.330475, 35.451202 ] } },
{ "type": "Feature", "properties": { "ID": "2622620002369", "正式名称": "医療法人虹樹会　おおえ乳腺クリニック", "機関区分": 2, "都道府県コード": 26, "市区町村コード": 202, "所在地": "京都府舞鶴市字倉谷向ノ丁１９０４－１０", "緯度": 35.443342, "経度": 135.333447, "url": "https://www.iryou.teikyouseido.mhlw.go.jp/znk-web/juminkanja/S2430/initialize?prefCd=26&kikanCd=2620002369&kikanKbn=2", "url2": "http://www.nyusen.jp/", "内容": "医療法人虹樹会　おおえ乳腺クリニック【2:診療所】【診療科目:外科_乳腺外科_放射線科】京都府舞鶴市字倉谷向ノ丁１９０４－１０" }, "geometry": { "type": "Point", "coordinates": [ 135.333447, 35.443342 ] } },
{ "type": "Feature", "properties": { "ID": "2622620002370", "正式名称": "医療法人久英会　片山産婦人科", "機関区分": 2, "都道府県コード": 26, "市区町村コード": 202, "所在地": "京都府舞鶴市字倉谷４００－１", "緯度": 35.443147, "経度": 135.33292, "url": "https://www.iryou.teikyouseido.mhlw.go.jp/znk-web/juminkanja/S2430/initialize?prefCd=26&kikanCd=2620002370&kikanKbn=2", "url2": "http://www.katayma-angel.com/", "内容": "医療法人久英会　片山産婦人科【2:診療所】【診療科目:産婦人科】京都府舞鶴市字倉谷４００－１" }, "geometry": { "type": "Point", "coordinates": [ 135.33292, 35.443147 ] } },
{ "type": "Feature", "properties": { "ID": "2622620002373", "正式名称": "公益社団法人京都保健会まいづる協立診療所", "機関区分": 2, "都道府県コード": 26, "市区町村コード": 202, "所在地": "京都府舞鶴市字上安小字水力１９９－３０", "緯度": 35.44973, "経度": 135.342196, "url": "https://www.iryou.teikyouseido.mhlw.go.jp/znk-web/juminkanja/S2430/initialize?prefCd=26&kikanCd=2620002373&kikanKbn=2", "url2": "http://www.kyoto-hokenkai.or.jp/maizuru/index.htm", "内容": "公益社団法人京都保健会まいづる協立診療所【2:診療所】【診療科目:内科_小児科】京都府舞鶴市字上安小字水力１９９－３０" }, "geometry": { "type": "Point", "coordinates": [ 135.342196, 35.44973 ] } },
{ "type": "Feature", "properties": { "ID": "2622620002380", "正式名称": "市立舞鶴市民病院　加佐診療所", "機関区分": 2, "都道府県コード": 26, "市区町村コード": 202, "所在地": "京都府舞鶴市字八田９６２番地", "緯度": 35.453311, "経度": 135.263397, "url": "https://www.iryou.teikyouseido.mhlw.go.jp/znk-web/juminkanja/S2430/initialize?prefCd=26&kikanCd=2620002380&kikanKbn=2", "url2": null, "内容": "市立舞鶴市民病院　加佐診療所【2:診療所】【診療科目:内科_整形外科】京都府舞鶴市字八田９６２番地" }, "geometry": { "type": "Point", "coordinates": [ 135.263397, 35.453311 ] } },
{ "type": "Feature", "properties": { "ID": "2622620002390", "正式名称": "医療法人社団奥野整形外科医院", "機関区分": 2, "都道府県コード": 26, "市区町村コード": 202, "所在地": "京都府舞鶴市字溝尻１０", "緯度": 35.476367, "経度": 135.402135, "url": "https://www.iryou.teikyouseido.mhlw.go.jp/znk-web/juminkanja/S2430/initialize?prefCd=26&kikanCd=2620002390&kikanKbn=2", "url2": null, "内容": "医療法人社団奥野整形外科医院【2:診療所】【診療科目:整形外科】京都府舞鶴市字溝尻１０" }, "geometry": { "type": "Point", "coordinates": [ 135.402135, 35.476367 ] } },
{ "type": "Feature", "properties": { "ID": "2622620002391", "正式名称": "医療法人堀澤医院", "機関区分": 2, "都道府県コード": 26, "市区町村コード": 202, "所在地": "京都府舞鶴市字浜１１４３番地", "緯度": 35.470034, "経度": 135.394802, "url": "https://www.iryou.teikyouseido.mhlw.go.jp/znk-web/juminkanja/S2430/initialize?prefCd=26&kikanCd=2620002391&kikanKbn=2", "url2": null, "内容": "医療法人堀澤医院【2:診療所】【診療科目:外科_消化器外科_肛門外科】京都府舞鶴市字浜１１４３番地" }, "geometry": { "type": "Point", "coordinates": [ 135.394802, 35.470034 ] } },
{ "type": "Feature", "properties": { "ID": "2622620002395", "正式名称": "医療法人社団黒重会黒田神経内科医院", "機関区分": 2, "都道府県コード": 26, "市区町村コード": 202, "所在地": "京都府舞鶴市字浜５３７", "緯度": 35.474089, "経度": 135.396774, "url": "https://www.iryou.teikyouseido.mhlw.go.jp/znk-web/juminkanja/S2430/initialize?prefCd=26&kikanCd=2620002395&kikanKbn=2", "url2": null, "内容": "医療法人社団黒重会黒田神経内科医院【2:診療所】【診療科目:神経内科_精神科_心療内科】京都府舞鶴市字浜５３７" }, "geometry": { "type": "Point", "coordinates": [ 135.396774, 35.474089 ] } },
{ "type": "Feature", "properties": { "ID": "2622620002397", "正式名称": "医療法人一青会　本河医院", "機関区分": 2, "都道府県コード": 26, "市区町村コード": 202, "所在地": "京都府舞鶴市字浜７５８番地", "緯度": 35.47184, "経度": 135.393802, "url": "https://www.iryou.teikyouseido.mhlw.go.jp/znk-web/juminkanja/S2430/initialize?prefCd=26&kikanCd=2620002397&kikanKbn=2", "url2": null, "内容": "医療法人一青会　本河医院【2:診療所】【診療科目:耳鼻いんこう科】京都府舞鶴市字浜７５８番地" }, "geometry": { "type": "Point", "coordinates": [ 135.393802, 35.47184 ] } },
{ "type": "Feature", "properties": { "ID": "2622620002399", "正式名称": "医療法人弘愛会西村内科", "機関区分": 2, "都道府県コード": 26, "市区町村コード": 202, "所在地": "京都府舞鶴市字浜７８２番地", "緯度": 35.472145, "経度": 135.395191, "url": "https://www.iryou.teikyouseido.mhlw.go.jp/znk-web/juminkanja/S2430/initialize?prefCd=26&kikanCd=2620002399&kikanKbn=2", "url2": "http://www.eonet.ne.jp/~sakuraplaza/", "内容": "医療法人弘愛会西村内科【2:診療所】【診療科目:内科_循環器内科_胃腸内科】京都府舞鶴市字浜７８２番地" }, "geometry": { "type": "Point", "coordinates": [ 135.395191, 35.472145 ] } },
{ "type": "Feature", "properties": { "ID": "2622620002405", "正式名称": "曽我内科医院", "機関区分": 2, "都道府県コード": 26, "市区町村コード": 202, "所在地": "京都府舞鶴市矢之助町３２－１８", "緯度": 35.471618, "経度": 135.402163, "url": "https://www.iryou.teikyouseido.mhlw.go.jp/znk-web/juminkanja/S2430/initialize?prefCd=26&kikanCd=2620002405&kikanKbn=2", "url2": null, "内容": "曽我内科医院【2:診療所】【診療科目:内科_呼吸器内科_循環器内科_消化器内科_心療内科】京都府舞鶴市矢之助町３２－１８" }, "geometry": { "type": "Point", "coordinates": [ 135.402163, 35.471618 ] } },
{ "type": "Feature", "properties": { "ID": "2622620002409", "正式名称": "渡辺医院", "機関区分": 2, "都道府県コード": 26, "市区町村コード": 202, "所在地": "京都府舞鶴市森町２２－１", "緯度": 35.46584, "経度": 135.394275, "url": "https://www.iryou.teikyouseido.mhlw.go.jp/znk-web/juminkanja/S2430/initialize?prefCd=26&kikanCd=2620002409&kikanKbn=2", "url2": "https://watanabe-maizuru.com", "内容": "渡辺医院【2:診療所】【診療科目:内科_胃腸内科_整形外科_皮膚科_リハビリテーション科】京都府舞鶴市森町２２－１" }, "geometry": { "type": "Point", "coordinates": [ 135.394275, 35.46584 ] } },
{ "type": "Feature", "properties": { "ID": "2622620002415", "正式名称": "内藤矯正歯科医院", "機関区分": 2, "都道府県コード": 26, "市区町村コード": 202, "所在地": "京都府舞鶴市字浜９２９", "緯度": 35.471367, "経度": 135.396024, "url": "https://www.iryou.teikyouseido.mhlw.go.jp/znk-web/juminkanja/S2430/initialize?prefCd=26&kikanCd=2620002415&kikanKbn=2", "url2": "http://naito-kyousei.com/", "内容": "内藤矯正歯科医院【2:診療所】【診療科目:歯科_矯正歯科_小児歯科_小児矯正歯科】京都府舞鶴市字浜９２９" }, "geometry": { "type": "Point", "coordinates": [ 135.396024, 35.471367 ] } },
{ "type": "Feature", "properties": { "ID": "2622620002437", "正式名称": "小山医院", "機関区分": 2, "都道府県コード": 26, "市区町村コード": 201, "所在地": "京都府福知山市猪崎６４７", "緯度": 35.305186, "経度": 135.137692, "url": "https://www.iryou.teikyouseido.mhlw.go.jp/znk-web/juminkanja/S2430/initialize?prefCd=26&kikanCd=2620002437&kikanKbn=2", "url2": null, "内容": "小山医院【2:診療所】【診療科目:内科_消化器内科】京都府福知山市猪崎６４７" }, "geometry": { "type": "Point", "coordinates": [ 135.137692, 35.305186 ] } },
{ "type": "Feature", "properties": { "ID": "2622620002440", "正式名称": "医療法人　松山内科循環器科医院", "機関区分": 2, "都道府県コード": 26, "市区町村コード": 201, "所在地": "京都府福知山市内記４１―６", "緯度": 35.297881, "経度": 135.127582, "url": "https://www.iryou.teikyouseido.mhlw.go.jp/znk-web/juminkanja/S2430/initialize?prefCd=26&kikanCd=2620002440&kikanKbn=2", "url2": null, "内容": "医療法人　松山内科循環器科医院【2:診療所】【診療科目:内科_循環器内科】京都府福知山市内記４１―６" }, "geometry": { "type": "Point", "coordinates": [ 135.127582, 35.297881 ] } },
{ "type": "Feature", "properties": { "ID": "2622620002442", "正式名称": "こどもクリニックにっしんどう", "機関区分": 2, "都道府県コード": 26, "市区町村コード": 201, "所在地": "京都府福知山市中ノ２０２番地", "緯度": 35.301159, "経度": 135.12286, "url": "https://www.iryou.teikyouseido.mhlw.go.jp/znk-web/juminkanja/S2430/initialize?prefCd=26&kikanCd=2620002442&kikanKbn=2", "url2": null, "内容": "こどもクリニックにっしんどう【2:診療所】【診療科目:小児科】京都府福知山市中ノ２０２番地" }, "geometry": { "type": "Point", "coordinates": [ 135.12286, 35.301159 ] } },
{ "type": "Feature", "properties": { "ID": "2622620002445", "正式名称": "医療法人社団尚仁会　横山耳鼻咽喉科", "機関区分": 2, "都道府県コード": 26, "市区町村コード": 201, "所在地": "京都府福知山市裏ノ５６－８", "緯度": 35.299742, "経度": 135.121999, "url": "https://www.iryou.teikyouseido.mhlw.go.jp/znk-web/juminkanja/S2430/initialize?prefCd=26&kikanCd=2620002445&kikanKbn=2", "url2": "http://yokoyama-ent.a.la9.jp/", "内容": "医療法人社団尚仁会　横山耳鼻咽喉科【2:診療所】【診療科目:耳鼻いんこう科_アレルギー科】京都府福知山市裏ノ５６－８" }, "geometry": { "type": "Point", "coordinates": [ 135.121999, 35.299742 ] } },
{ "type": "Feature", "properties": { "ID": "2622620002448", "正式名称": "医療法人社団　冨阪眼科医院", "機関区分": 2, "都道府県コード": 26, "市区町村コード": 201, "所在地": "京都府福知山市駅前町３８２番地", "緯度": 35.297076, "経度": 135.119694, "url": "https://www.iryou.teikyouseido.mhlw.go.jp/znk-web/juminkanja/S2430/initialize?prefCd=26&kikanCd=2620002448&kikanKbn=2", "url2": null, "内容": "医療法人社団　冨阪眼科医院【2:診療所】【診療科目:眼科】京都府福知山市駅前町３８２番地" }, "geometry": { "type": "Point", "coordinates": [ 135.119694, 35.297076 ] } },
{ "type": "Feature", "properties": { "ID": "2622620002456", "正式名称": "医療法人正仁会　土佐医院", "機関区分": 2, "都道府県コード": 26, "市区町村コード": 201, "所在地": "京都府福知山市字天田１５４－２", "緯度": 35.301075, "経度": 135.116278, "url": "https://www.iryou.teikyouseido.mhlw.go.jp/znk-web/juminkanja/S2430/initialize?prefCd=26&kikanCd=2620002456&kikanKbn=2", "url2": null, "内容": "医療法人正仁会　土佐医院【2:診療所】【診療科目:内科_消化器内科】京都府福知山市字天田１５４－２" }, "geometry": { "type": "Point", "coordinates": [ 135.116278, 35.301075 ] } },
{ "type": "Feature", "properties": { "ID": "2622620002459", "正式名称": "ひがし眼科クリニック", "機関区分": 2, "都道府県コード": 26, "市区町村コード": 201, "所在地": "京都府福知山市篠尾新町２－３", "緯度": 35.301631, "経度": 135.115222, "url": "https://www.iryou.teikyouseido.mhlw.go.jp/znk-web/juminkanja/S2430/initialize?prefCd=26&kikanCd=2620002459&kikanKbn=2", "url2": null, "内容": "ひがし眼科クリニック【2:診療所】【診療科目:眼科】京都府福知山市篠尾新町２－３" }, "geometry": { "type": "Point", "coordinates": [ 135.115222, 35.301631 ] } },
{ "type": "Feature", "properties": { "ID": "2622620002462", "正式名称": "福知山市国民健康保険雲原診療所", "機関区分": 2, "都道府県コード": 26, "市区町村コード": 201, "所在地": "京都府福知山市雲原１６５番地の１", "緯度": 35.423673, "経度": 135.077331, "url": "https://www.iryou.teikyouseido.mhlw.go.jp/znk-web/juminkanja/S2430/initialize?prefCd=26&kikanCd=2620002462&kikanKbn=2", "url2": null, "内容": "福知山市国民健康保険雲原診療所【2:診療所】【診療科目:内科】京都府福知山市雲原１６５番地の１" }, "geometry": { "type": "Point", "coordinates": [ 135.077331, 35.423673 ] } },
{ "type": "Feature", "properties": { "ID": "2622620002463", "正式名称": "医療法人成仁会　吉河医院", "機関区分": 2, "都道府県コード": 26, "市区町村コード": 201, "所在地": "京都府福知山市大江町河守３１２", "緯度": 35.388872, "経度": 135.145632, "url": "https://www.iryou.teikyouseido.mhlw.go.jp/znk-web/juminkanja/S2430/initialize?prefCd=26&kikanCd=2620002463&kikanKbn=2", "url2": "https://www.yoshikawa-c.jp/index.php", "内容": "医療法人成仁会　吉河医院【2:診療所】【診療科目:内科_整形外科_整形外科（ペインクリニック）_小児科_精神科_麻酔科】京都府福知山市大江町河守３１２" }, "geometry": { "type": "Point", "coordinates": [ 135.145632, 35.388872 ] } },
{ "type": "Feature", "properties": { "ID": "2622620002467", "正式名称": "由良産婦人科石原分院", "機関区分": 2, "都道府県コード": 26, "市区町村コード": 201, "所在地": "京都府福知山市石原一丁目１５番地", "緯度": 35.301299, "経度": 135.181883, "url": "https://www.iryou.teikyouseido.mhlw.go.jp/znk-web/juminkanja/S2430/initialize?prefCd=26&kikanCd=2620002467&kikanKbn=2", "url2": "http://www.yuraladies.com/", "内容": "由良産婦人科石原分院【2:診療所】【診療科目:産婦人科_眼科】京都府福知山市石原一丁目１５番地" }, "geometry": { "type": "Point", "coordinates": [ 135.181883, 35.301299 ] } },
{ "type": "Feature", "properties": { "ID": "2622620002477", "正式名称": "公益社団法人京都保健会ふくちやま協立診療所", "機関区分": 2, "都道府県コード": 26, "市区町村コード": 201, "所在地": "京都府福知山市字土１", "緯度": 35.297022, "経度": 135.162828, "url": "https://www.iryou.teikyouseido.mhlw.go.jp/znk-web/juminkanja/S2430/initialize?prefCd=26&kikanCd=2620002477&kikanKbn=2", "url2": null, "内容": "公益社団法人京都保健会ふくちやま協立診療所【2:診療所】【診療科目:内科_外科_整形外科_小児科】京都府福知山市字土１" }, "geometry": { "type": "Point", "coordinates": [ 135.162828, 35.297022 ] } },
{ "type": "Feature", "properties": { "ID": "2622620002481", "正式名称": "医療法人社団前田耳鼻咽喉科医院", "機関区分": 2, "都道府県コード": 26, "市区町村コード": 201, "所在地": "京都府福知山市字堀小字今岡２４５０－１", "緯度": 35.296409, "経度": 135.132054, "url": "https://www.iryou.teikyouseido.mhlw.go.jp/znk-web/juminkanja/S2430/initialize?prefCd=26&kikanCd=2620002481&kikanKbn=2", "url2": null, "内容": "医療法人社団前田耳鼻咽喉科医院【2:診療所】【診療科目:耳鼻いんこう科_アレルギー科】京都府福知山市字堀小字今岡２４５０－１" }, "geometry": { "type": "Point", "coordinates": [ 135.132054, 35.296409 ] } },
{ "type": "Feature", "properties": { "ID": "2622620002484", "正式名称": "医療法人社団　大西内科医院", "機関区分": 2, "都道府県コード": 26, "市区町村コード": 201, "所在地": "京都府福知山市東小谷ケ丘１６３０－１", "緯度": 35.286198, "経度": 135.130378, "url": "https://www.iryou.teikyouseido.mhlw.go.jp/znk-web/juminkanja/S2430/initialize?prefCd=26&kikanCd=2620002484&kikanKbn=2", "url2": "https://ohnishinaika.com/", "内容": "医療法人社団　大西内科医院【2:診療所】【診療科目:内科_消化器内科_小児科】京都府福知山市東小谷ケ丘１６３０－１" }, "geometry": { "type": "Point", "coordinates": [ 135.130378, 35.286198 ] } },
{ "type": "Feature", "properties": { "ID": "2622620002491", "正式名称": "医療法人福知会　クリニック「まほら」", "機関区分": 2, "都道府県コード": 26, "市区町村コード": 201, "所在地": "京都府福知山市駅南町２－１８８", "緯度": 35.294576, "経度": 135.118722, "url": "https://www.iryou.teikyouseido.mhlw.go.jp/znk-web/juminkanja/S2430/initialize?prefCd=26&kikanCd=2620002491&kikanKbn=2", "url2": "http://fukuchikai.or.jp/mahora/", "内容": "医療法人福知会　クリニック「まほら」【2:診療所】【診療科目:精神科_心療内科】京都府福知山市駅南町２－１８８" }, "geometry": { "type": "Point", "coordinates": [ 135.118722, 35.294576 ] } },
{ "type": "Feature", "properties": { "ID": "2622620002492", "正式名称": "医療法人社団　木村外科内科医院", "機関区分": 2, "都道府県コード": 26, "市区町村コード": 201, "所在地": "京都府福知山市駅南町２丁目２１５", "緯度": 35.293132, "経度": 135.11875, "url": "https://www.iryou.teikyouseido.mhlw.go.jp/znk-web/juminkanja/S2430/initialize?prefCd=26&kikanCd=2620002492&kikanKbn=2", "url2": "https://www.kimuraclinic-fukuchiyama.com/", "内容": "医療法人社団　木村外科内科医院【2:診療所】【診療科目:内科_呼吸器内科_外科】京都府福知山市駅南町２丁目２１５" }, "geometry": { "type": "Point", "coordinates": [ 135.11875, 35.293132 ] } },
{ "type": "Feature", "properties": { "ID": "2622620002504", "正式名称": "医療法人　育成会　なかじ医院上夜久野診療所", "機関区分": 2, "都道府県コード": 26, "市区町村コード": 201, "所在地": "京都府福知山市夜久野町直見６２６７－１", "緯度": 35.371037, "経度": 134.968953, "url": "https://www.iryou.teikyouseido.mhlw.go.jp/znk-web/juminkanja/S2430/initialize?prefCd=26&kikanCd=2620002504&kikanKbn=2", "url2": null, "内容": "医療法人　育成会　なかじ医院上夜久野診療所【2:診療所】【診療科目:内科_外科_リハビリテーション科】京都府福知山市夜久野町直見６２６７－１" }, "geometry": { "type": "Point", "coordinates": [ 134.968953, 35.371037 ] } },
{ "type": "Feature", "properties": { "ID": "2622620002507", "正式名称": "医療法人　中川医院", "機関区分": 2, "都道府県コード": 26, "市区町村コード": 205, "所在地": "京都府宮津市字漁師１６７３－１", "緯度": 35.541717, "経度": 135.191455, "url": "https://www.iryou.teikyouseido.mhlw.go.jp/znk-web/juminkanja/S2430/initialize?prefCd=26&kikanCd=2620002507&kikanKbn=2", "url2": null, "内容": "医療法人　中川医院【2:診療所】【診療科目:内科_胃腸科_外科_こう門科_リハビリテーション科】京都府宮津市字漁師１６７３－１" }, "geometry": { "type": "Point", "coordinates": [ 135.191455, 35.541717 ] } },
{ "type": "Feature", "properties": { "ID": "2622620002509", "正式名称": "中村眼科医院", "機関区分": 2, "都道府県コード": 26, "市区町村コード": 205, "所在地": "京都府宮津市字魚屋９０７の１", "緯度": 35.536524, "経度": 135.194982, "url": "https://www.iryou.teikyouseido.mhlw.go.jp/znk-web/juminkanja/S2430/initialize?prefCd=26&kikanCd=2620002509&kikanKbn=2", "url2": null, "内容": "中村眼科医院【2:診療所】【診療科目:眼科】京都府宮津市字魚屋９０７の１" }, "geometry": { "type": "Point", "coordinates": [ 135.194982, 35.536524 ] } },
{ "type": "Feature", "properties": { "ID": "2622620002515", "正式名称": "医療法人　山根医院", "機関区分": 2, "都道府県コード": 26, "市区町村コード": 205, "所在地": "京都府宮津市字鶴賀２０７０－１２", "緯度": 35.535079, "経度": 135.198816, "url": "https://www.iryou.teikyouseido.mhlw.go.jp/znk-web/juminkanja/S2430/initialize?prefCd=26&kikanCd=2620002515&kikanKbn=2", "url2": null, "内容": "医療法人　山根医院【2:診療所】【診療科目:内科_内分泌内科】京都府宮津市字鶴賀２０７０－１２" }, "geometry": { "type": "Point", "coordinates": [ 135.198816, 35.535079 ] } },
{ "type": "Feature", "properties": { "ID": "2622620002517", "正式名称": "岡所・泌尿器科医院", "機関区分": 2, "都道府県コード": 26, "市区町村コード": 205, "所在地": "京都府宮津市惣３８７", "緯度": 35.533052, "経度": 135.201343, "url": "https://www.iryou.teikyouseido.mhlw.go.jp/znk-web/juminkanja/S2430/initialize?prefCd=26&kikanCd=2620002517&kikanKbn=2", "url2": null, "内容": "岡所・泌尿器科医院【2:診療所】【診療科目:内科_泌尿器科】京都府宮津市惣３８７" }, "geometry": { "type": "Point", "coordinates": [ 135.201343, 35.533052 ] } },
{ "type": "Feature", "properties": { "ID": "2622620002527", "正式名称": "伊根町国民健康保険本庄診療所", "機関区分": 2, "都道府県コード": 26, "市区町村コード": 463, "所在地": "京都府与謝郡伊根町本庄上１０１９番地の１", "緯度": 35.719538, "経度": 135.252085, "url": "https://www.iryou.teikyouseido.mhlw.go.jp/znk-web/juminkanja/S2430/initialize?prefCd=26&kikanCd=2620002527&kikanKbn=2", "url2": null, "内容": "伊根町国民健康保険本庄診療所【2:診療所】【診療科目:内科_神経内科_整形外科_歯科】京都府与謝郡伊根町本庄上１０１９番地の１" }, "geometry": { "type": "Point", "coordinates": [ 135.252085, 35.719538 ] } },
{ "type": "Feature", "properties": { "ID": "2622620002529", "正式名称": "伊根町国民健康保険伊根診療所", "機関区分": 2, "都道府県コード": 26, "市区町村コード": 463, "所在地": "京都府与謝郡伊根町字日出６４６番地", "緯度": 35.674621, "経度": 135.272581, "url": "https://www.iryou.teikyouseido.mhlw.go.jp/znk-web/juminkanja/S2430/initialize?prefCd=26&kikanCd=2620002529&kikanKbn=2", "url2": "http://www.town.ine.kyoto.jp/", "内容": "伊根町国民健康保険伊根診療所【2:診療所】【診療科目:内科_神経内科_眼科】京都府与謝郡伊根町字日出６４６番地" }, "geometry": { "type": "Point", "coordinates": [ 135.272581, 35.674621 ] } },
{ "type": "Feature", "properties": { "ID": "2622620002535", "正式名称": "京丹後市国民健康保険直営　野間診療所", "機関区分": 2, "都道府県コード": 26, "市区町村コード": 212, "所在地": "京都府京丹後市弥栄町野中２２４５番地の１", "緯度": 35.685063, "経度": 135.157312, "url": "https://www.iryou.teikyouseido.mhlw.go.jp/znk-web/juminkanja/S2430/initialize?prefCd=26&kikanCd=2620002535&kikanKbn=2", "url2": "https://www.city.kyotango.lg.jp/top/soshiki/iryo/iryoseisaku/1/3/3731.html", "内容": "京丹後市国民健康保険直営　野間診療所【2:診療所】【診療科目:内科】京都府京丹後市弥栄町野中２２４５番地の１" }, "geometry": { "type": "Point", "coordinates": [ 135.157312, 35.685063 ] } },
{ "type": "Feature", "properties": { "ID": "2622620002537", "正式名称": "京丹後市国民健康保険直営　間人診療所", "機関区分": 2, "都道府県コード": 26, "市区町村コード": 212, "所在地": "京都府京丹後市丹後町間人１６９９", "緯度": 35.739861, "経度": 135.099842, "url": "https://www.iryou.teikyouseido.mhlw.go.jp/znk-web/juminkanja/S2430/initialize?prefCd=26&kikanCd=2620002537&kikanKbn=2", "url2": "https://www.city.kyotango.lg.jp/top/soshiki/iryo/iryoseisaku/1/3/6427.html", "内容": "京丹後市国民健康保険直営　間人診療所【2:診療所】【診療科目:内科】京都府京丹後市丹後町間人１６９９" }, "geometry": { "type": "Point", "coordinates": [ 135.099842, 35.739861 ] } },
{ "type": "Feature", "properties": { "ID": "2622620002543", "正式名称": "府中診療所", "機関区分": 2, "都道府県コード": 26, "市区町村コード": 205, "所在地": "京都府宮津市字江尻２４５－１", "緯度": 35.580991, "経度": 135.198813, "url": "https://www.iryou.teikyouseido.mhlw.go.jp/znk-web/juminkanja/S2430/initialize?prefCd=26&kikanCd=2620002543&kikanKbn=2", "url2": null, "内容": "府中診療所【2:診療所】【診療科目:内科_小児科_アレルギー科】京都府宮津市字江尻２４５－１" }, "geometry": { "type": "Point", "coordinates": [ 135.198813, 35.580991 ] } },
{ "type": "Feature", "properties": { "ID": "2622620002550", "正式名称": "医療法人　南斗六星会　須川医院", "機関区分": 2, "都道府県コード": 26, "市区町村コード": 465, "所在地": "京都府与謝郡与謝野町下山田９８番地の１", "緯度": 35.541411, "経度": 135.121572, "url": "https://www.iryou.teikyouseido.mhlw.go.jp/znk-web/juminkanja/S2430/initialize?prefCd=26&kikanCd=2620002550&kikanKbn=2", "url2": "https://nantorokusei.com/", "内容": "医療法人　南斗六星会　須川医院【2:診療所】【診療科目:内科_神経内科_外科_脳神経外科_小児科】京都府与謝郡与謝野町下山田９８番地の１" }, "geometry": { "type": "Point", "coordinates": [ 135.121572, 35.541411 ] } },
{ "type": "Feature", "properties": { "ID": "2622620002551", "正式名称": "与謝野町立国民健康保険診療所", "機関区分": 2, "都道府県コード": 26, "市区町村コード": 465, "所在地": "京都府与謝郡与謝野町字石川６８５－１", "緯度": 35.529468, "経度": 135.122572, "url": "https://www.iryou.teikyouseido.mhlw.go.jp/znk-web/juminkanja/S2430/initialize?prefCd=26&kikanCd=2620002551&kikanKbn=2", "url2": "http://www.town.yosano.lg.jp/", "内容": "与謝野町立国民健康保険診療所【2:診療所】【診療科目:内科_外科_リハビリテーション科】京都府与謝郡与謝野町字石川６８５－１" }, "geometry": { "type": "Point", "coordinates": [ 135.122572, 35.529468 ] } },
{ "type": "Feature", "properties": { "ID": "2622620002561", "正式名称": "木村内科クリニック", "機関区分": 2, "都道府県コード": 26, "市区町村コード": 465, "所在地": "京都府与謝郡与謝野町字後野６４３－７", "緯度": 35.494915, "経度": 135.092965, "url": "https://www.iryou.teikyouseido.mhlw.go.jp/znk-web/juminkanja/S2430/initialize?prefCd=26&kikanCd=2620002561&kikanKbn=2", "url2": "http://www.kimuranaikaclinic.com/", "内容": "木村内科クリニック【2:診療所】【診療科目:内科_心臓内科_消化器内科_小児科_精神科_心療内科_リハビリテーション科】京都府与謝郡与謝野町字後野６４３－７" }, "geometry": { "type": "Point", "coordinates": [ 135.092965, 35.494915 ] } },
{ "type": "Feature", "properties": { "ID": "2622620002566", "正式名称": "京丹後市国民健康保険直営大宮診療所", "機関区分": 2, "都道府県コード": 26, "市区町村コード": 212, "所在地": "京都府京丹後市大宮町河辺２３４２", "緯度": 35.604348, "経度": 135.089766, "url": "https://www.iryou.teikyouseido.mhlw.go.jp/znk-web/juminkanja/S2430/initialize?prefCd=26&kikanCd=2620002566&kikanKbn=2", "url2": "https://omiyaclinic.net", "内容": "京丹後市国民健康保険直営大宮診療所【2:診療所】【診療科目:内科_小児科】京都府京丹後市大宮町河辺２３４２" }, "geometry": { "type": "Point", "coordinates": [ 135.089766, 35.604348 ] } },
{ "type": "Feature", "properties": { "ID": "2622620002567", "正式名称": "公益社団法人京都保健会　たんご協立診療所", "機関区分": 2, "都道府県コード": 26, "市区町村コード": 212, "所在地": "京都府京丹後市大宮町河辺３３６８－１", "緯度": 35.603292, "経度": 135.085072, "url": "https://www.iryou.teikyouseido.mhlw.go.jp/znk-web/juminkanja/S2430/initialize?prefCd=26&kikanCd=2620002567&kikanKbn=2", "url2": "http://www.kyoto-hokenkai.or.jp/tango/", "内容": "公益社団法人京都保健会　たんご協立診療所【2:診療所】【診療科目:内科_外科_整形外科_小児科_リハビリテーション科_放射線科】京都府京丹後市大宮町河辺３３６８－１" }, "geometry": { "type": "Point", "coordinates": [ 135.085072, 35.603292 ] } },
{ "type": "Feature", "properties": { "ID": "2622620002569", "正式名称": "京丹後市国民健康保険直営　佐濃診療所", "機関区分": 2, "都道府県コード": 26, "市区町村コード": 212, "所在地": "京都府京丹後市久美浜町佐野３番地", "緯度": 35.583376, "経度": 134.962944, "url": "https://www.iryou.teikyouseido.mhlw.go.jp/znk-web/juminkanja/S2430/initialize?prefCd=26&kikanCd=2620002569&kikanKbn=2", "url2": "https://www.city.kyotango.lg.jp/top/soshiki/iryo/iryoseisaku/1/3/3731.html", "内容": "京丹後市国民健康保険直営　佐濃診療所【2:診療所】【診療科目:内科】京都府京丹後市久美浜町佐野３番地" }, "geometry": { "type": "Point", "coordinates": [ 134.962944, 35.583376 ] } },
{ "type": "Feature", "properties": { "ID": "2622620002571", "正式名称": "京丹後市国民健康保険直営　五十河診療所", "機関区分": 2, "都道府県コード": 26, "市区町村コード": 212, "所在地": "京都府京丹後市大宮町延利４１４番地の１", "緯度": 35.597266, "経度": 135.141234, "url": "https://www.iryou.teikyouseido.mhlw.go.jp/znk-web/juminkanja/S2430/initialize?prefCd=26&kikanCd=2620002571&kikanKbn=2", "url2": "https://omiyaclinic.net", "内容": "京丹後市国民健康保険直営　五十河診療所【2:診療所】【診療科目:内科_小児科】京都府京丹後市大宮町延利４１４番地の１" }, "geometry": { "type": "Point", "coordinates": [ 135.141234, 35.597266 ] } },
{ "type": "Feature", "properties": { "ID": "2622620002573", "正式名称": "医療法人上田医院", "機関区分": 2, "都道府県コード": 26, "市区町村コード": 212, "所在地": "京都府京丹後市網野町網野３２３", "緯度": 35.680977, "経度": 135.027545, "url": "https://www.iryou.teikyouseido.mhlw.go.jp/znk-web/juminkanja/S2430/initialize?prefCd=26&kikanCd=2620002573&kikanKbn=2", "url2": null, "内容": "医療法人上田医院【2:診療所】【診療科目:内科_小児科】京都府京丹後市網野町網野３２３" }, "geometry": { "type": "Point", "coordinates": [ 135.027545, 35.680977 ] } },
{ "type": "Feature", "properties": { "ID": "2622620002590", "正式名称": "宮津市由良診療所", "機関区分": 2, "都道府県コード": 26, "市区町村コード": 205, "所在地": "京都府宮津市由良　７６１ー１", "緯度": 35.51786, "経度": 135.281448, "url": "https://www.iryou.teikyouseido.mhlw.go.jp/znk-web/juminkanja/S2430/initialize?prefCd=26&kikanCd=2620002590&kikanKbn=2", "url2": "https://yurashin-web24.com", "内容": "宮津市由良診療所【2:診療所】【診療科目:内科_外科_脳神経外科】京都府宮津市由良　７６１ー１" }, "geometry": { "type": "Point", "coordinates": [ 135.281448, 35.51786 ] } },
{ "type": "Feature", "properties": { "ID": "2622620002595", "正式名称": "山川内科医院", "機関区分": 2, "都道府県コード": 26, "市区町村コード": 103, "所在地": "京都府京都市左京区高野西開町４１番地　デ・リード北大路１階", "緯度": 35.041059, "経度": 135.780346, "url": "https://www.iryou.teikyouseido.mhlw.go.jp/znk-web/juminkanja/S2430/initialize?prefCd=26&kikanCd=2620002595&kikanKbn=2", "url2": "http://www.myclinic.ne.jp/yamakawa_cln/pc/", "内容": "山川内科医院【2:診療所】【診療科目:内科_循環器内科】京都府京都市左京区高野西開町４１番地　デ・リード北大路１階" }, "geometry": { "type": "Point", "coordinates": [ 135.780346, 35.041059 ] } },
{ "type": "Feature", "properties": { "ID": "2622620002598", "正式名称": "田中整形外科", "機関区分": 2, "都道府県コード": 26, "市区町村コード": 109, "所在地": "京都府京都市伏見区久我東町１番地４", "緯度": 34.940097, "経度": 135.732882, "url": "https://www.iryou.teikyouseido.mhlw.go.jp/znk-web/juminkanja/S2430/initialize?prefCd=26&kikanCd=2620002598&kikanKbn=2", "url2": "http://www.myclinic.ne.jp/tanakaortho/", "内容": "田中整形外科【2:診療所】【診療科目:整形外科_リウマチ科_リハビリテーション科】京都府京都市伏見区久我東町１番地４" }, "geometry": { "type": "Point", "coordinates": [ 135.732882, 34.940097 ] } },
{ "type": "Feature", "properties": { "ID": "2622620002600", "正式名称": "ふくだ耳鼻咽喉科クリニック", "機関区分": 2, "都道府県コード": 26, "市区町村コード": 110, "所在地": "京都府京都市山科区御陵四丁野町５４－３", "緯度": 34.987899, "経度": 135.813456, "url": "https://www.iryou.teikyouseido.mhlw.go.jp/znk-web/juminkanja/S2430/initialize?prefCd=26&kikanCd=2620002600&kikanKbn=2", "url2": null, "内容": "ふくだ耳鼻咽喉科クリニック【2:診療所】【診療科目:耳鼻いんこう科_頭頸部・耳鼻いんこう科】京都府京都市山科区御陵四丁野町５４－３" }, "geometry": { "type": "Point", "coordinates": [ 135.813456, 34.987899 ] } },
{ "type": "Feature", "properties": { "ID": "2622620002601", "正式名称": "医療法人医友会サトウ心臓血管外科クリニック", "機関区分": 2, "都道府県コード": 26, "市区町村コード": 103, "所在地": "京都府京都市左京区川端通三条上る法林寺門前町３７番アバンエスパス鴨川１Ｆ", "緯度": 35.009423, "経度": 135.773598, "url": "https://www.iryou.teikyouseido.mhlw.go.jp/znk-web/juminkanja/S2430/initialize?prefCd=26&kikanCd=2620002601&kikanKbn=2", "url2": "http://www.sato-kc.com/", "内容": "医療法人医友会サトウ心臓血管外科クリニック【2:診療所】【診療科目:心臓血管外科_麻酔科】京都府京都市左京区川端通三条上る法林寺門前町３７番アバンエスパス鴨川１Ｆ" }, "geometry": { "type": "Point", "coordinates": [ 135.773598, 35.009423 ] } },
{ "type": "Feature", "properties": { "ID": "2622620002605", "正式名称": "瀬戸クリニック", "機関区分": 2, "都道府県コード": 26, "市区町村コード": 104, "所在地": "京都府京都市中京区烏丸通夷川上る少将井町２４５番地２烏丸梅田ビル３階３０１号室", "緯度": 35.015145, "経度": 135.759293, "url": "https://www.iryou.teikyouseido.mhlw.go.jp/znk-web/juminkanja/S2430/initialize?prefCd=26&kikanCd=2620002605&kikanKbn=2", "url2": "https://www7b.biglobe.ne.jp/~setoclinic/", "内容": "瀬戸クリニック【2:診療所】【診療科目:精神科_神経科_心療内科】京都府京都市中京区烏丸通夷川上る少将井町２４５番地２烏丸梅田ビル３階３０１号室" }, "geometry": { "type": "Point", "coordinates": [ 135.759293, 35.015145 ] } },
{ "type": "Feature", "properties": { "ID": "2622620002607", "正式名称": "仁尾外科クリニック", "機関区分": 2, "都道府県コード": 26, "市区町村コード": 104, "所在地": "京都府京都市中京区西ノ京北聖町１０番地５　京都仁尾ビル", "緯度": 35.012131, "経度": 135.743828, "url": "https://www.iryou.teikyouseido.mhlw.go.jp/znk-web/juminkanja/S2430/initialize?prefCd=26&kikanCd=2620002607&kikanKbn=2", "url2": "http://nio-nbsc.com/", "内容": "仁尾外科クリニック【2:診療所】【診療科目:乳腺外科】京都府京都市中京区西ノ京北聖町１０番地５　京都仁尾ビル" }, "geometry": { "type": "Point", "coordinates": [ 135.743828, 35.012131 ] } },
{ "type": "Feature", "properties": { "ID": "2622620002611", "正式名称": "木谷内科医院", "機関区分": 2, "都道府県コード": 26, "市区町村コード": 106, "所在地": "京都府京都市下京区室町通綾小路下ル白楽天町５０７下川ビル１Ｆ", "緯度": 35.002257, "経度": 135.758044, "url": "https://www.iryou.teikyouseido.mhlw.go.jp/znk-web/juminkanja/S2430/initialize?prefCd=26&kikanCd=2620002611&kikanKbn=2", "url2": "http://www.kitani-naika.com/", "内容": "木谷内科医院【2:診療所】【診療科目:内科_循環器内科_心臓内科_心臓血管内科_腎臓内科】京都府京都市下京区室町通綾小路下ル白楽天町５０７下川ビル１Ｆ" }, "geometry": { "type": "Point", "coordinates": [ 135.758044, 35.002257 ] } },
{ "type": "Feature", "properties": { "ID": "2622620002617", "正式名称": "医療法人啓優会すがの医院", "機関区分": 2, "都道府県コード": 26, "市区町村コード": 109, "所在地": "京都府京都市伏見区向島善阿弥町３７番地２", "緯度": 34.925321, "経度": 135.770546, "url": "https://www.iryou.teikyouseido.mhlw.go.jp/znk-web/juminkanja/S2430/initialize?prefCd=26&kikanCd=2620002617&kikanKbn=2", "url2": null, "内容": "医療法人啓優会すがの医院【2:診療所】【診療科目:内科】京都府京都市伏見区向島善阿弥町３７番地２" }, "geometry": { "type": "Point", "coordinates": [ 135.770546, 34.925321 ] } },
{ "type": "Feature", "properties": { "ID": "2622620002628", "正式名称": "社会福祉法人西山福祉会　大原野クリニック", "機関区分": 2, "都道府県コード": 26, "市区町村コード": 111, "所在地": "京都府京都市西京区大原野石作町２５６番地１", "緯度": 34.950591, "経度": 135.653949, "url": "https://www.iryou.teikyouseido.mhlw.go.jp/znk-web/juminkanja/S2430/initialize?prefCd=26&kikanCd=2620002628&kikanKbn=2", "url2": "https://seizanryo.jp", "内容": "社会福祉法人西山福祉会　大原野クリニック【2:診療所】【診療科目:内科】京都府京都市西京区大原野石作町２５６番地１" }, "geometry": { "type": "Point", "coordinates": [ 135.653949, 34.950591 ] } },
{ "type": "Feature", "properties": { "ID": "2622620002630", "正式名称": "しらす内科・外科クリニック", "機関区分": 2, "都道府県コード": 26, "市区町村コード": 109, "所在地": "京都府京都市伏見区墨染町７０７", "緯度": 34.947513, "経度": 135.769323, "url": "https://www.iryou.teikyouseido.mhlw.go.jp/znk-web/juminkanja/S2430/initialize?prefCd=26&kikanCd=2620002630&kikanKbn=2", "url2": "shirasu-clinic.com", "内容": "しらす内科・外科クリニック【2:診療所】【診療科目:内科_外科】京都府京都市伏見区墨染町７０７" }, "geometry": { "type": "Point", "coordinates": [ 135.769323, 34.947513 ] } },
{ "type": "Feature", "properties": { "ID": "2622620002645", "正式名称": "京極クリニック", "機関区分": 2, "都道府県コード": 26, "市区町村コード": 104, "所在地": "京都府京都市中京区新京極通三条下る桜之町４１４－１", "緯度": 35.008229, "経度": 135.768126, "url": "https://www.iryou.teikyouseido.mhlw.go.jp/znk-web/juminkanja/S2430/initialize?prefCd=26&kikanCd=2620002645&kikanKbn=2", "url2": "http://www.kyogoku-clinic.jp/", "内容": "京極クリニック【2:診療所】【診療科目:内科_漢方内科_皮膚科_美容皮膚科_アレルギー科】京都府京都市中京区新京極通三条下る桜之町４１４－１" }, "geometry": { "type": "Point", "coordinates": [ 135.768126, 35.008229 ] } },
{ "type": "Feature", "properties": { "ID": "2622620002647", "正式名称": "医療法人細田内科医院", "機関区分": 2, "都道府県コード": 26, "市区町村コード": 108, "所在地": "京都府京都市右京区太秦御所ノ内町７番地１０", "緯度": 35.014172, "経度": 135.697631, "url": "https://www.iryou.teikyouseido.mhlw.go.jp/znk-web/juminkanja/S2430/initialize?prefCd=26&kikanCd=2620002647&kikanKbn=2", "url2": "http://www.ukyo.kyoto.med.or.jp/area/arashiyama/hosodanaika.html", "内容": "医療法人細田内科医院【2:診療所】【診療科目:内科_消化器内科】京都府京都市右京区太秦御所ノ内町７番地１０" }, "geometry": { "type": "Point", "coordinates": [ 135.697631, 35.014172 ] } },
{ "type": "Feature", "properties": { "ID": "2622620002649", "正式名称": "くすみ耳鼻咽喉科クリニック", "機関区分": 2, "都道府県コード": 26, "市区町村コード": 109, "所在地": "京都府京都市伏見区東浜南町６７０　カーサ東浜１Ｆ", "緯度": 34.92746, "経度": 135.758103, "url": "https://www.iryou.teikyouseido.mhlw.go.jp/znk-web/juminkanja/S2430/initialize?prefCd=26&kikanCd=2620002649&kikanKbn=2", "url2": "http://www.kusumi-ent.jp/", "内容": "くすみ耳鼻咽喉科クリニック【2:診療所】【診療科目:耳鼻いんこう科】京都府京都市伏見区東浜南町６７０　カーサ東浜１Ｆ" }, "geometry": { "type": "Point", "coordinates": [ 135.758103, 34.92746 ] } },
{ "type": "Feature", "properties": { "ID": "2622620002650", "正式名称": "松山医院", "機関区分": 2, "都道府県コード": 26, "市区町村コード": 109, "所在地": "京都府京都市伏見区久我東町１－５５", "緯度": 34.938764, "経度": 135.732076, "url": "https://www.iryou.teikyouseido.mhlw.go.jp/znk-web/juminkanja/S2430/initialize?prefCd=26&kikanCd=2620002650&kikanKbn=2", "url2": "https://matsuyamaclinic.com/", "内容": "松山医院【2:診療所】【診療科目:内科_呼吸器内科_循環器内科】京都府京都市伏見区久我東町１－５５" }, "geometry": { "type": "Point", "coordinates": [ 135.732076, 34.938764 ] } },
{ "type": "Feature", "properties": { "ID": "2622620002652", "正式名称": "にしはら耳鼻咽喉科", "機関区分": 2, "都道府県コード": 26, "市区町村コード": 104, "所在地": "京都府京都市中京区堺町通竹屋町上ル橘町８２番地２ＴＫＨ　ＥＮＴビル３階", "緯度": 35.0167, "経度": 135.763015, "url": "https://www.iryou.teikyouseido.mhlw.go.jp/znk-web/juminkanja/S2430/initialize?prefCd=26&kikanCd=2620002652&kikanKbn=2", "url2": "https://nishihara-kyoto.com/", "内容": "にしはら耳鼻咽喉科【2:診療所】【診療科目:耳鼻いんこう科_アレルギー科】京都府京都市中京区堺町通竹屋町上ル橘町８２番地２ＴＫＨ　ＥＮＴビル３階" }, "geometry": { "type": "Point", "coordinates": [ 135.763015, 35.0167 ] } },
{ "type": "Feature", "properties": { "ID": "2622620002656", "正式名称": "医療法人よつ葉会　ほそたにクリニック", "機関区分": 2, "都道府県コード": 26, "市区町村コード": 103, "所在地": "京都府京都市左京区下鴨狗子田町７", "緯度": 35.05103, "経度": 135.768985, "url": "https://www.iryou.teikyouseido.mhlw.go.jp/znk-web/juminkanja/S2430/initialize?prefCd=26&kikanCd=2620002656&kikanKbn=2", "url2": null, "内容": "医療法人よつ葉会　ほそたにクリニック【2:診療所】【診療科目:内科_消化器内科_小児科】京都府京都市左京区下鴨狗子田町７" }, "geometry": { "type": "Point", "coordinates": [ 135.768985, 35.05103 ] } },
{ "type": "Feature", "properties": { "ID": "2622620002662", "正式名称": "医療法人社団　岡村医院　腎クリニック", "機関区分": 2, "都道府県コード": 26, "市区町村コード": 209, "所在地": "京都府長岡京市井ノ内白海道８番地", "緯度": 34.94054, "経度": 135.684191, "url": "https://www.iryou.teikyouseido.mhlw.go.jp/znk-web/juminkanja/S2430/initialize?prefCd=26&kikanCd=2620002662&kikanKbn=2", "url2": "http://www.okamuraiin.jp/", "内容": "医療法人社団　岡村医院　腎クリニック【2:診療所】【診療科目:腎臓内科_人工透析内科_腎不全科】京都府長岡京市井ノ内白海道８番地" }, "geometry": { "type": "Point", "coordinates": [ 135.684191, 34.94054 ] } },
{ "type": "Feature", "properties": { "ID": "2622620002663", "正式名称": "医療法人泰斗会　天神西村クリニック", "機関区分": 2, "都道府県コード": 26, "市区町村コード": 209, "所在地": "京都府長岡京市長岡２丁目１－４１", "緯度": 34.926514, "経度": 135.692303, "url": "https://www.iryou.teikyouseido.mhlw.go.jp/znk-web/juminkanja/S2430/initialize?prefCd=26&kikanCd=2620002663&kikanKbn=2", "url2": "http://tenjin-nishimura-clinic.com/", "内容": "医療法人泰斗会　天神西村クリニック【2:診療所】【診療科目:耳鼻いんこう科_アレルギー科】京都府長岡京市長岡２丁目１－４１" }, "geometry": { "type": "Point", "coordinates": [ 135.692303, 34.926514 ] } },
{ "type": "Feature", "properties": { "ID": "2622620002665", "正式名称": "ただ皮フ科クリニック", "機関区分": 2, "都道府県コード": 26, "市区町村コード": 204, "所在地": "京都府宇治市大久保町大竹２６－７", "緯度": 34.868911, "経度": 135.776465, "url": "https://www.iryou.teikyouseido.mhlw.go.jp/znk-web/juminkanja/S2430/initialize?prefCd=26&kikanCd=2620002665&kikanKbn=2", "url2": null, "内容": "ただ皮フ科クリニック【2:診療所】【診療科目:皮膚科】京都府宇治市大久保町大竹２６－７" }, "geometry": { "type": "Point", "coordinates": [ 135.776465, 34.868911 ] } },
{ "type": "Feature", "properties": { "ID": "2622620002666", "正式名称": "医療法人こう内科クリニック", "機関区分": 2, "都道府県コード": 26, "市区町村コード": 204, "所在地": "京都府宇治市木幡西浦３５番地１", "緯度": 34.921822, "経度": 135.795794, "url": "https://www.iryou.teikyouseido.mhlw.go.jp/znk-web/juminkanja/S2430/initialize?prefCd=26&kikanCd=2620002666&kikanKbn=2", "url2": "http://www.koh-naika.com/", "内容": "医療法人こう内科クリニック【2:診療所】【診療科目:内科_循環器内科_腎臓内科_人工透析内科】京都府宇治市木幡西浦３５番地１" }, "geometry": { "type": "Point", "coordinates": [ 135.795794, 34.921822 ] } },
{ "type": "Feature", "properties": { "ID": "2622620002674", "正式名称": "あさか内科医院", "機関区分": 2, "都道府県コード": 26, "市区町村コード": 210, "所在地": "京都府八幡市男山泉１４－８－１０１", "緯度": 34.86216, "経度": 135.693944, "url": "https://www.iryou.teikyouseido.mhlw.go.jp/znk-web/juminkanja/S2430/initialize?prefCd=26&kikanCd=2620002674&kikanKbn=2", "url2": null, "内容": "あさか内科医院【2:診療所】【診療科目:内科】京都府八幡市男山泉１４－８－１０１" }, "geometry": { "type": "Point", "coordinates": [ 135.693944, 34.86216 ] } },
{ "type": "Feature", "properties": { "ID": "2622620002675", "正式名称": "たまがきあやこキッズクリニック", "機関区分": 2, "都道府県コード": 26, "市区町村コード": 210, "所在地": "京都府八幡市欽明台中央１－５", "緯度": 34.839691, "経度": 135.717471, "url": "https://www.iryou.teikyouseido.mhlw.go.jp/znk-web/juminkanja/S2430/initialize?prefCd=26&kikanCd=2620002675&kikanKbn=2", "url2": "http://www.eonet.ne.jp/~tamagaki/index.html", "内容": "たまがきあやこキッズクリニック【2:診療所】【診療科目:小児科】京都府八幡市欽明台中央１－５" }, "geometry": { "type": "Point", "coordinates": [ 135.717471, 34.839691 ] } },
{ "type": "Feature", "properties": { "ID": "2622620002679", "正式名称": "華クリニック", "機関区分": 2, "都道府県コード": 26, "市区町村コード": 214, "所在地": "京都府木津川市兜台４丁目３－９", "緯度": 34.727648, "経度": 135.784193, "url": "https://www.iryou.teikyouseido.mhlw.go.jp/znk-web/juminkanja/S2430/initialize?prefCd=26&kikanCd=2620002679&kikanKbn=2", "url2": "http://www.hana-cl.com/", "内容": "華クリニック【2:診療所】【診療科目:女性内科_産婦人科】京都府木津川市兜台４丁目３－９" }, "geometry": { "type": "Point", "coordinates": [ 135.784193, 34.727648 ] } },
{ "type": "Feature", "properties": { "ID": "2622620002684", "正式名称": "やまぞえこどもクリニック", "機関区分": 2, "都道府県コード": 26, "市区町村コード": 465, "所在地": "京都府与謝郡与謝野町岩滝２０３０", "緯度": 35.565159, "経度": 135.151374, "url": "https://www.iryou.teikyouseido.mhlw.go.jp/znk-web/juminkanja/S2430/initialize?prefCd=26&kikanCd=2620002684&kikanKbn=2", "url2": "http://yamazoe-kodomo.kids.coocan.jp/", "内容": "やまぞえこどもクリニック【2:診療所】【診療科目:小児科】京都府与謝郡与謝野町岩滝２０３０" }, "geometry": { "type": "Point", "coordinates": [ 135.151374, 35.565159 ] } },
{ "type": "Feature", "properties": { "ID": "2622620002686", "正式名称": "十倉佳史胃腸内科クリニック", "機関区分": 2, "都道府県コード": 26, "市区町村コード": 206, "所在地": "京都府亀岡市南つつじヶ丘大葉台２丁目２８番２", "緯度": 34.99195, "経度": 135.589308, "url": "https://www.iryou.teikyouseido.mhlw.go.jp/znk-web/juminkanja/S2430/initialize?prefCd=26&kikanCd=2620002686&kikanKbn=2", "url2": "http://www.tokura-clinic.com/", "内容": "十倉佳史胃腸内科クリニック【2:診療所】【診療科目:内科_消化器内科_胃腸内科】京都府亀岡市南つつじヶ丘大葉台２丁目２８番２" }, "geometry": { "type": "Point", "coordinates": [ 135.589308, 34.99195 ] } },
{ "type": "Feature", "properties": { "ID": "2622620002688", "正式名称": "医療法人静寿会　渡辺医院", "機関区分": 2, "都道府県コード": 26, "市区町村コード": 201, "所在地": "京都府福知山市字牧４９０番地", "緯度": 35.33646, "経度": 135.097166, "url": "https://www.iryou.teikyouseido.mhlw.go.jp/znk-web/juminkanja/S2430/initialize?prefCd=26&kikanCd=2620002688&kikanKbn=2", "url2": null, "内容": "医療法人静寿会　渡辺医院【2:診療所】【診療科目:内科_消化器内科_小児科】京都府福知山市字牧４９０番地" }, "geometry": { "type": "Point", "coordinates": [ 135.097166, 35.33646 ] } },
{ "type": "Feature", "properties": { "ID": "2622620002690", "正式名称": "医療法人温心会おがわ内科呼吸器内科医院", "機関区分": 2, "都道府県コード": 26, "市区町村コード": 104, "所在地": "京都府京都市中京区西ノ京銅駝町７５番１", "緯度": 35.011423, "経度": 135.735934, "url": "https://www.iryou.teikyouseido.mhlw.go.jp/znk-web/juminkanja/S2430/initialize?prefCd=26&kikanCd=2620002690&kikanKbn=2", "url2": "ogawa-naika.com", "内容": "医療法人温心会おがわ内科呼吸器内科医院【2:診療所】【診療科目:内科_呼吸器内科_訪問診療】京都府京都市中京区西ノ京銅駝町７５番１" }, "geometry": { "type": "Point", "coordinates": [ 135.735934, 35.011423 ] } },
{ "type": "Feature", "properties": { "ID": "2622620002694", "正式名称": "しらかわ医院", "機関区分": 2, "都道府県コード": 26, "市区町村コード": 206, "所在地": "京都府亀岡市河原林町河原尻高野垣内５９－１", "緯度": 35.042139, "経度": 135.570168, "url": "https://www.iryou.teikyouseido.mhlw.go.jp/znk-web/juminkanja/S2430/initialize?prefCd=26&kikanCd=2620002694&kikanKbn=2", "url2": null, "内容": "しらかわ医院【2:診療所】【診療科目:内科_消化器内科】京都府亀岡市河原林町河原尻高野垣内５９－１" }, "geometry": { "type": "Point", "coordinates": [ 135.570168, 35.042139 ] } },
{ "type": "Feature", "properties": { "ID": "2622620002699", "正式名称": "医療法人理智会たなか往診クリニック", "機関区分": 2, "都道府県コード": 26, "市区町村コード": 102, "所在地": "京都府京都市上京区一条通御前西入大東町９０番地", "緯度": 35.0262472, "経度": 135.7350856, "url": "https://www.iryou.teikyouseido.mhlw.go.jp/znk-web/juminkanja/S2430/initialize?prefCd=26&kikanCd=2620002699&kikanKbn=2", "url2": "www.tanaka-oushin.com", "内容": "医療法人理智会たなか往診クリニック【2:診療所】【診療科目:内科】京都府京都市上京区一条通御前西入大東町９０番地" }, "geometry": { "type": "Point", "coordinates": [ 135.7350856, 35.0262472 ] } },
{ "type": "Feature", "properties": { "ID": "2622620002707", "正式名称": "大澤医院", "機関区分": 2, "都道府県コード": 26, "市区町村コード": 101, "所在地": "京都府京都市北区紫竹桃ノ本町７番地１", "緯度": 35.047669, "経度": 135.749876, "url": "https://www.iryou.teikyouseido.mhlw.go.jp/znk-web/juminkanja/S2430/initialize?prefCd=26&kikanCd=2620002707&kikanKbn=2", "url2": "http://www.osawa-clinic.com/", "内容": "大澤医院【2:診療所】【診療科目:内科_糖尿病内科_消化器内科】京都府京都市北区紫竹桃ノ本町７番地１" }, "geometry": { "type": "Point", "coordinates": [ 135.749876, 35.047669 ] } },
{ "type": "Feature", "properties": { "ID": "2622620002709", "正式名称": "たはた診療所", "機関区分": 2, "都道府県コード": 26, "市区町村コード": 104, "所在地": "京都府京都市中京区六角通堺町西入堀之上町１１９　岡松ビル３Ｆ　Ｎ", "緯度": 35.007257, "経度": 135.763126, "url": "https://www.iryou.teikyouseido.mhlw.go.jp/znk-web/juminkanja/S2430/initialize?prefCd=26&kikanCd=2620002709&kikanKbn=2", "url2": "http://www.tahata-clinic.jp/", "内容": "たはた診療所【2:診療所】【診療科目:循環器内科_外科】京都府京都市中京区六角通堺町西入堀之上町１１９　岡松ビル３Ｆ　Ｎ" }, "geometry": { "type": "Point", "coordinates": [ 135.763126, 35.007257 ] } },
{ "type": "Feature", "properties": { "ID": "2622620002718", "正式名称": "まつもとクリニック", "機関区分": 2, "都道府県コード": 26, "市区町村コード": 103, "所在地": "京都府京都市左京区聖護院東町１６番地の１", "緯度": 35.018645, "経度": 135.782402, "url": "https://www.iryou.teikyouseido.mhlw.go.jp/znk-web/juminkanja/S2430/initialize?prefCd=26&kikanCd=2620002718&kikanKbn=2", "url2": "http://www.kyoto-matsumoto.jp/", "内容": "まつもとクリニック【2:診療所】【診療科目:内科_アレルギー科】京都府京都市左京区聖護院東町１６番地の１" }, "geometry": { "type": "Point", "coordinates": [ 135.782402, 35.018645 ] } },
{ "type": "Feature", "properties": { "ID": "2622620002720", "正式名称": "こだまクリニック", "機関区分": 2, "都道府県コード": 26, "市区町村コード": 102, "所在地": "京都府京都市上京区新町通丸太町上る春帯町３４８番地ユー、ピー、ディービル１階Ｂ号室", "緯度": 35.018311, "経度": 135.756654, "url": "https://www.iryou.teikyouseido.mhlw.go.jp/znk-web/juminkanja/S2430/initialize?prefCd=26&kikanCd=2620002720&kikanKbn=2", "url2": "http://kodamaclinic.com/", "内容": "こだまクリニック【2:診療所】【診療科目:精神科_心療内科】京都府京都市上京区新町通丸太町上る春帯町３４８番地ユー、ピー、ディービル１階Ｂ号室" }, "geometry": { "type": "Point", "coordinates": [ 135.756654, 35.018311 ] } },
{ "type": "Feature", "properties": { "ID": "2622620002725", "正式名称": "医療法人博翔会　矢間クリニック", "機関区分": 2, "都道府県コード": 26, "市区町村コード": 108, "所在地": "京都府京都市右京区嵯峨天龍寺龍門町１８－１", "緯度": 35.016477, "経度": 135.68066, "url": "https://www.iryou.teikyouseido.mhlw.go.jp/znk-web/juminkanja/S2430/initialize?prefCd=26&kikanCd=2620002725&kikanKbn=2", "url2": null, "内容": "医療法人博翔会　矢間クリニック【2:診療所】【診療科目:内科_小児科】京都府京都市右京区嵯峨天龍寺龍門町１８－１" }, "geometry": { "type": "Point", "coordinates": [ 135.68066, 35.016477 ] } },
{ "type": "Feature", "properties": { "ID": "2622620002729", "正式名称": "医療法人栄寿会　とみた眼科皮フ科クリニック", "機関区分": 2, "都道府県コード": 26, "市区町村コード": 212, "所在地": "京都府京丹後市大宮町周枳１９７５　ＭＩＣビル２Ｆ", "緯度": 35.587822, "経度": 135.096516, "url": "https://www.iryou.teikyouseido.mhlw.go.jp/znk-web/juminkanja/S2430/initialize?prefCd=26&kikanCd=2620002729&kikanKbn=2", "url2": "https://www.tomita-eye.com/", "内容": "医療法人栄寿会　とみた眼科皮フ科クリニック【2:診療所】【診療科目:眼科_皮膚科_美容皮膚科_アレルギー科】京都府京丹後市大宮町周枳１９７５　ＭＩＣビル２Ｆ" }, "geometry": { "type": "Point", "coordinates": [ 135.096516, 35.587822 ] } },
{ "type": "Feature", "properties": { "ID": "2622620002731", "正式名称": "医療法人社団吉廣会またクリニック", "機関区分": 2, "都道府県コード": 26, "市区町村コード": 110, "所在地": "京都府京都市山科区日ノ岡堤谷町６１－１６", "緯度": 34.997036, "経度": 135.800457, "url": "https://www.iryou.teikyouseido.mhlw.go.jp/znk-web/juminkanja/S2430/initialize?prefCd=26&kikanCd=2620002731&kikanKbn=2", "url2": "http://mataclinic.wixsite.com/mataclinic", "内容": "医療法人社団吉廣会またクリニック【2:診療所】【診療科目:内科_糖尿病内科_内分泌内科】京都府京都市山科区日ノ岡堤谷町６１－１６" }, "geometry": { "type": "Point", "coordinates": [ 135.800457, 34.997036 ] } },
{ "type": "Feature", "properties": { "ID": "2622620002736", "正式名称": "医療法人社団正裕会まつだ在宅クリニック", "機関区分": 2, "都道府県コード": 26, "市区町村コード": 204, "所在地": "京都府宇治市大久保町旦椋１１－８コパンジューヌ２０１号", "緯度": 34.872322, "経度": 135.769308, "url": "https://www.iryou.teikyouseido.mhlw.go.jp/znk-web/juminkanja/S2430/initialize?prefCd=26&kikanCd=2620002736&kikanKbn=2", "url2": null, "内容": "医療法人社団正裕会まつだ在宅クリニック【2:診療所】【診療科目:内科】京都府宇治市大久保町旦椋１１－８コパンジューヌ２０１号" }, "geometry": { "type": "Point", "coordinates": [ 135.769308, 34.872322 ] } },
{ "type": "Feature", "properties": { "ID": "2622620002740", "正式名称": "医療法人　いしのこどもクリニック", "機関区分": 2, "都道府県コード": 26, "市区町村コード": 204, "所在地": "京都府宇治市六地蔵奈良町７４－１パデシオン六地蔵ミッドモール２Ｆ", "緯度": 34.933654, "経度": 135.796794, "url": "https://www.iryou.teikyouseido.mhlw.go.jp/znk-web/juminkanja/S2430/initialize?prefCd=26&kikanCd=2620002740&kikanKbn=2", "url2": "http://www.ishinokodomo.jp/", "内容": "医療法人　いしのこどもクリニック【2:診療所】【診療科目:小児科】京都府宇治市六地蔵奈良町７４－１パデシオン六地蔵ミッドモール２Ｆ" }, "geometry": { "type": "Point", "coordinates": [ 135.796794, 34.933654 ] } },
{ "type": "Feature", "properties": { "ID": "2622620002744", "正式名称": "医療法人芽生会山口マタニティクリニック", "機関区分": 2, "都道府県コード": 26, "市区町村コード": 206, "所在地": "京都府亀岡市篠町馬堀駅前２丁目４番７号", "緯度": 35.01067, "経度": 135.60375, "url": "https://www.iryou.teikyouseido.mhlw.go.jp/znk-web/juminkanja/S2430/initialize?prefCd=26&kikanCd=2620002744&kikanKbn=2", "url2": null, "内容": "医療法人芽生会山口マタニティクリニック【2:診療所】【診療科目:産婦人科_産科_婦人科_産婦人科（生殖医療）】京都府亀岡市篠町馬堀駅前２丁目４番７号" }, "geometry": { "type": "Point", "coordinates": [ 135.60375, 35.01067 ] } },
{ "type": "Feature", "properties": { "ID": "2622620002746", "正式名称": "おく内科医院", "機関区分": 2, "都道府県コード": 26, "市区町村コード": 366, "所在地": "京都府相楽郡精華町桜が丘３丁目２－１エスペローマ高の原ウエスト１番館１Ｆ", "緯度": 34.729537, "経度": 135.777582, "url": "https://www.iryou.teikyouseido.mhlw.go.jp/znk-web/juminkanja/S2430/initialize?prefCd=26&kikanCd=2620002746&kikanKbn=2", "url2": null, "内容": "おく内科医院【2:診療所】【診療科目:内科_糖尿病内科_消化器内科_リウマチ科】京都府相楽郡精華町桜が丘３丁目２－１エスペローマ高の原ウエスト１番館１Ｆ" }, "geometry": { "type": "Point", "coordinates": [ 135.777582, 34.729537 ] } },
{ "type": "Feature", "properties": { "ID": "2622620002750", "正式名称": "医療法人　菅原クリニック", "機関区分": 2, "都道府県コード": 26, "市区町村コード": 106, "所在地": "京都府京都市下京区東塩小路町５７９－１　山崎ビル８Ｆ", "緯度": 34.987653, "経度": 135.758454, "url": "https://www.iryou.teikyouseido.mhlw.go.jp/znk-web/juminkanja/S2430/initialize?prefCd=26&kikanCd=2620002750&kikanKbn=2", "url2": "sugawara-clinic.com", "内容": "医療法人　菅原クリニック【2:診療所】【診療科目:精神科_心療内科】京都府京都市下京区東塩小路町５７９－１　山崎ビル８Ｆ" }, "geometry": { "type": "Point", "coordinates": [ 135.758454, 34.987653 ] } },
{ "type": "Feature", "properties": { "ID": "2622620002754", "正式名称": "いしいクリニック", "機関区分": 2, "都道府県コード": 26, "市区町村コード": 208, "所在地": "京都府向日市寺戸町八ノ坪１２２　洛西口クリニックビル２Ｆ", "緯度": 34.961455, "経度": 135.705022, "url": "https://www.iryou.teikyouseido.mhlw.go.jp/znk-web/juminkanja/S2430/initialize?prefCd=26&kikanCd=2620002754&kikanKbn=2", "url2": "http://www.141clinic.com/", "内容": "いしいクリニック【2:診療所】【診療科目:呼吸器内科_消化器内科_外科】京都府向日市寺戸町八ノ坪１２２　洛西口クリニックビル２Ｆ" }, "geometry": { "type": "Point", "coordinates": [ 135.705022, 34.961455 ] } },
{ "type": "Feature", "properties": { "ID": "2622620002758", "正式名称": "医療法人男健会　北村クリニック", "機関区分": 2, "都道府県コード": 26, "市区町村コード": 106, "所在地": "京都府京都市下京区烏丸通仏光寺上る二帖半敷町６５５産経京都烏丸ビル６階", "緯度": 35.002022, "経度": 135.759857, "url": "https://www.iryou.teikyouseido.mhlw.go.jp/znk-web/juminkanja/S2430/initialize?prefCd=26&kikanCd=2620002758&kikanKbn=2", "url2": null, "内容": "医療法人男健会　北村クリニック【2:診療所】【診療科目:泌尿器科】京都府京都市下京区烏丸通仏光寺上る二帖半敷町６５５産経京都烏丸ビル６階" }, "geometry": { "type": "Point", "coordinates": [ 135.759857, 35.002022 ] } },
{ "type": "Feature", "properties": { "ID": "2622620002761", "正式名称": "ひろせ眼科", "機関区分": 2, "都道府県コード": 26, "市区町村コード": 107, "所在地": "京都府京都市南区西九条鳥居口町１番地　イオンモールＫＹＯＴＯ　Ｓａｋｕｒａ館３階", "緯度": 34.982843, "経度": 135.754739, "url": "https://www.iryou.teikyouseido.mhlw.go.jp/znk-web/juminkanja/S2430/initialize?prefCd=26&kikanCd=2620002761&kikanKbn=2", "url2": "http://kyoto-hiroseganka.com/", "内容": "ひろせ眼科【2:診療所】【診療科目:眼科】京都府京都市南区西九条鳥居口町１番地　イオンモールＫＹＯＴＯ　Ｓａｋｕｒａ館３階" }, "geometry": { "type": "Point", "coordinates": [ 135.754739, 34.982843 ] } },
{ "type": "Feature", "properties": { "ID": "2622620002764", "正式名称": "医療法人福冨士会　京都ルネスクリニック", "機関区分": 2, "都道府県コード": 26, "市区町村コード": 201, "所在地": "京都府福知山市末広町１丁目３８番地", "緯度": 35.300298, "経度": 135.11825, "url": "https://www.iryou.teikyouseido.mhlw.go.jp/znk-web/juminkanja/S2430/initialize?prefCd=26&kikanCd=2620002764&kikanKbn=2", "url2": "http://www.renaiss.jp/", "内容": "医療法人福冨士会　京都ルネスクリニック【2:診療所】【診療科目:小児科_放射線科】京都府福知山市末広町１丁目３８番地" }, "geometry": { "type": "Point", "coordinates": [ 135.11825, 35.300298 ] } },
{ "type": "Feature", "properties": { "ID": "2622620002765", "正式名称": "岩倉駅前たはらクリニック", "機関区分": 2, "都道府県コード": 26, "市区町村コード": 103, "所在地": "京都府京都市左京区岩倉忠在地町２９１－１", "緯度": 35.071389, "経度": 135.786732, "url": "https://www.iryou.teikyouseido.mhlw.go.jp/znk-web/juminkanja/S2430/initialize?prefCd=26&kikanCd=2620002765&kikanKbn=2", "url2": "http://www.tahara-clinic.net/", "内容": "岩倉駅前たはらクリニック【2:診療所】【診療科目:内科_小児科_アレルギー科】京都府京都市左京区岩倉忠在地町２９１－１" }, "geometry": { "type": "Point", "coordinates": [ 135.786732, 35.071389 ] } },
{ "type": "Feature", "properties": { "ID": "2622620002767", "正式名称": "やまだ眼科", "機関区分": 2, "都道府県コード": 26, "市区町村コード": 108, "所在地": "京都府京都市右京区西院追分町２５－１　イオンモール京都五条３階", "緯度": 34.997368, "経度": 135.726991, "url": "https://www.iryou.teikyouseido.mhlw.go.jp/znk-web/juminkanja/S2430/initialize?prefCd=26&kikanCd=2620002767&kikanKbn=2", "url2": "https://www.yamada-ganka-eye.com/", "内容": "やまだ眼科【2:診療所】【診療科目:眼科】京都府京都市右京区西院追分町２５－１　イオンモール京都五条３階" }, "geometry": { "type": "Point", "coordinates": [ 135.726991, 34.997368 ] } },
{ "type": "Feature", "properties": { "ID": "2622620002770", "正式名称": "中野耳鼻咽喉科", "機関区分": 2, "都道府県コード": 26, "市区町村コード": 106, "所在地": "京都府京都市下京区西七条東御前田町２０－１　京都五条クリニックビル４階", "緯度": 34.995702, "経度": 135.734574, "url": "https://www.iryou.teikyouseido.mhlw.go.jp/znk-web/juminkanja/S2430/initialize?prefCd=26&kikanCd=2620002770&kikanKbn=2", "url2": "http://nakanoent.com/", "内容": "中野耳鼻咽喉科【2:診療所】【診療科目:耳鼻いんこう科】京都府京都市下京区西七条東御前田町２０－１　京都五条クリニックビル４階" }, "geometry": { "type": "Point", "coordinates": [ 135.734574, 34.995702 ] } },
{ "type": "Feature", "properties": { "ID": "2622620002775", "正式名称": "医療法人いとう皮フ科", "機関区分": 2, "都道府県コード": 26, "市区町村コード": 111, "所在地": "京都府京都市西京区松尾大利町１１－５　松尾メディカルスクエアＩＩ　　２階", "緯度": 34.99098, "経度": 135.692244, "url": "https://www.iryou.teikyouseido.mhlw.go.jp/znk-web/juminkanja/S2430/initialize?prefCd=26&kikanCd=2620002775&kikanKbn=2", "url2": "http://dermama.sakura.ne.jp/", "内容": "医療法人いとう皮フ科【2:診療所】【診療科目:皮膚科】京都府京都市西京区松尾大利町１１－５　松尾メディカルスクエアＩＩ　　２階" }, "geometry": { "type": "Point", "coordinates": [ 135.692244, 34.99098 ] } },
{ "type": "Feature", "properties": { "ID": "2622620002777", "正式名称": "烏丸御池ビューティークリニック", "機関区分": 2, "都道府県コード": 26, "市区町村コード": 104, "所在地": "京都府京都市中京区龍池町４４８－２　伊と幸ビル５Ｆ", "緯度": 35.011201, "経度": 135.758349, "url": "https://www.iryou.teikyouseido.mhlw.go.jp/znk-web/juminkanja/S2430/initialize?prefCd=26&kikanCd=2620002777&kikanKbn=2", "url2": null, "内容": "烏丸御池ビューティークリニック【2:診療所】【診療科目:美容外科】京都府京都市中京区龍池町４４８－２　伊と幸ビル５Ｆ" }, "geometry": { "type": "Point", "coordinates": [ 135.758349, 35.011201 ] } },
{ "type": "Feature", "properties": { "ID": "2622620002778", "正式名称": "片岡こどもクリニック", "機関区分": 2, "都道府県コード": 26, "市区町村コード": 208, "所在地": "京都府向日市寺戸町七ノ坪１３６　洛西口クリニックビルＩＩ", "緯度": 34.961455, "経度": 135.704744, "url": "https://www.iryou.teikyouseido.mhlw.go.jp/znk-web/juminkanja/S2430/initialize?prefCd=26&kikanCd=2620002778&kikanKbn=2", "url2": "http://www.kataokaclinic.com/index", "内容": "片岡こどもクリニック【2:診療所】【診療科目:小児科_アレルギー科】京都府向日市寺戸町七ノ坪１３６　洛西口クリニックビルＩＩ" }, "geometry": { "type": "Point", "coordinates": [ 135.704744, 34.961455 ] } },
{ "type": "Feature", "properties": { "ID": "2622620002780", "正式名称": "よしだこどもクリニック", "機関区分": 2, "都道府県コード": 26, "市区町村コード": 211, "所在地": "京都府京田辺市三山木中央一丁目９－３　アイル三山木スクエア１階", "緯度": 34.798585, "経度": 135.785051, "url": "https://www.iryou.teikyouseido.mhlw.go.jp/znk-web/juminkanja/S2430/initialize?prefCd=26&kikanCd=2620002780&kikanKbn=2", "url2": "http://yoshida-kids-clinic.jp/", "内容": "よしだこどもクリニック【2:診療所】【診療科目:小児科】京都府京田辺市三山木中央一丁目９－３　アイル三山木スクエア１階" }, "geometry": { "type": "Point", "coordinates": [ 135.785051, 34.798585 ] } },
{ "type": "Feature", "properties": { "ID": "2622620002783", "正式名称": "医療法人鴻風会きだ内科クリニック", "機関区分": 2, "都道府県コード": 26, "市区町村コード": 207, "所在地": "京都府城陽市平川山道４６－２５", "緯度": 34.864439, "経度": 135.784076, "url": "https://www.iryou.teikyouseido.mhlw.go.jp/znk-web/juminkanja/S2430/initialize?prefCd=26&kikanCd=2620002783&kikanKbn=2", "url2": "http://www.kida-dmclinic.com", "内容": "医療法人鴻風会きだ内科クリニック【2:診療所】【診療科目:内科_糖尿病内科】京都府城陽市平川山道４６－２５" }, "geometry": { "type": "Point", "coordinates": [ 135.784076, 34.864439 ] } },
{ "type": "Feature", "properties": { "ID": "2622620002791", "正式名称": "御所南はらしまクリニック", "機関区分": 2, "都道府県コード": 26, "市区町村コード": 104, "所在地": "京都府京都市中京区竹屋町通東洞院東入塀之内町６３０", "緯度": 35.016276, "経度": 135.761376, "url": "https://www.iryou.teikyouseido.mhlw.go.jp/znk-web/juminkanja/S2430/initialize?prefCd=26&kikanCd=2620002791&kikanKbn=2", "url2": "https://www.harashimaclinic.com/", "内容": "御所南はらしまクリニック【2:診療所】【診療科目:内科_糖尿病内科_小児科】京都府京都市中京区竹屋町通東洞院東入塀之内町６３０" }, "geometry": { "type": "Point", "coordinates": [ 135.761376, 35.016276 ] } },
{ "type": "Feature", "properties": { "ID": "2622620002792", "正式名称": "医療法人清祥会　川上内科", "機関区分": 2, "都道府県コード": 26, "市区町村コード": 210, "所在地": "京都府八幡市欽明台西２０－６", "緯度": 34.834969, "経度": 135.717638, "url": "https://www.iryou.teikyouseido.mhlw.go.jp/znk-web/juminkanja/S2430/initialize?prefCd=26&kikanCd=2620002792&kikanKbn=2", "url2": "http://www.kawakami-naika.com/", "内容": "医療法人清祥会　川上内科【2:診療所】【診療科目:内科_腎臓内科_リウマチ科】京都府八幡市欽明台西２０－６" }, "geometry": { "type": "Point", "coordinates": [ 135.717638, 34.834969 ] } },
{ "type": "Feature", "properties": { "ID": "2622620002799", "正式名称": "まつむらクリニック", "機関区分": 2, "都道府県コード": 26, "市区町村コード": 110, "所在地": "京都府京都市山科区北花山中道町６９－１０", "緯度": 34.985454, "経度": 135.801152, "url": "https://www.iryou.teikyouseido.mhlw.go.jp/znk-web/juminkanja/S2430/initialize?prefCd=26&kikanCd=2620002799&kikanKbn=2", "url2": "http://www.medic-grp.co.jp/doctor/matsumura_c/", "内容": "まつむらクリニック【2:診療所】【診療科目:内科_消化器内科_外科_肛門外科】京都府京都市山科区北花山中道町６９－１０" }, "geometry": { "type": "Point", "coordinates": [ 135.801152, 34.985454 ] } },
{ "type": "Feature", "properties": { "ID": "2622620002804", "正式名称": "あだち小児科クリニック", "機関区分": 2, "都道府県コード": 26, "市区町村コード": 201, "所在地": "京都府福知山市駅南町１丁目２８９番地", "緯度": 35.294909, "経度": 135.119639, "url": "https://www.iryou.teikyouseido.mhlw.go.jp/znk-web/juminkanja/S2430/initialize?prefCd=26&kikanCd=2620002804&kikanKbn=2", "url2": "https://adachi-shounika.com/", "内容": "あだち小児科クリニック【2:診療所】【診療科目:小児科_小児内分泌内科】京都府福知山市駅南町１丁目２８９番地" }, "geometry": { "type": "Point", "coordinates": [ 135.119639, 35.294909 ] } },
{ "type": "Feature", "properties": { "ID": "2622620002807", "正式名称": "医療法人社団　桜木りかメンタルクリニック", "機関区分": 2, "都道府県コード": 26, "市区町村コード": 106, "所在地": "京都府京都市下京区室町通綾小路上ル鶏鉾町４８０　オフィスワン四条烏丸１２Ｆ", "緯度": 35.003452, "経度": 135.757849, "url": "https://www.iryou.teikyouseido.mhlw.go.jp/znk-web/juminkanja/S2430/initialize?prefCd=26&kikanCd=2620002807&kikanKbn=2", "url2": "https://www.sakuragirika.com/", "内容": "医療法人社団　桜木りかメンタルクリニック【2:診療所】【診療科目:精神科_心療内科】京都府京都市下京区室町通綾小路上ル鶏鉾町４８０　オフィスワン四条烏丸１２Ｆ" }, "geometry": { "type": "Point", "coordinates": [ 135.757849, 35.003452 ] } },
{ "type": "Feature", "properties": { "ID": "2622620002809", "正式名称": "医療法人颯香会　おおつか内科クリニック", "機関区分": 2, "都道府県コード": 26, "市区町村コード": 109, "所在地": "京都府京都市伏見区淀本町１７３－２７", "緯度": 34.906878, "経度": 135.718607, "url": "https://www.iryou.teikyouseido.mhlw.go.jp/znk-web/juminkanja/S2430/initialize?prefCd=26&kikanCd=2620002809&kikanKbn=2", "url2": "https://otsuka-naika.jp/", "内容": "医療法人颯香会　おおつか内科クリニック【2:診療所】【診療科目:内科_呼吸器内科_循環器内科】京都府京都市伏見区淀本町１７３－２７" }, "geometry": { "type": "Point", "coordinates": [ 135.718607, 34.906878 ] } },
{ "type": "Feature", "properties": { "ID": "2622620002818", "正式名称": "医療法人林小児科循環器科　林真也クリニック", "機関区分": 2, "都道府県コード": 26, "市区町村コード": 108, "所在地": "京都府京都市右京区西院高山寺町１３番地　西院阪急ビル２Ｆ", "緯度": 35.003312, "経度": 135.731685, "url": "https://www.iryou.teikyouseido.mhlw.go.jp/znk-web/juminkanja/S2430/initialize?prefCd=26&kikanCd=2620002818&kikanKbn=2", "url2": "http://www.hayasiclinic.com/", "内容": "医療法人林小児科循環器科　林真也クリニック【2:診療所】【診療科目:内科_小児科】京都府京都市右京区西院高山寺町１３番地　西院阪急ビル２Ｆ" }, "geometry": { "type": "Point", "coordinates": [ 135.731685, 35.003312 ] } },
{ "type": "Feature", "properties": { "ID": "2622620002824", "正式名称": "ふかざわ痛みのクリニック", "機関区分": 2, "都道府県コード": 26, "市区町村コード": 104, "所在地": "京都府京都市中京区西ノ京池ノ内町２０番１１０　京都メディカルビル２Ｆ", "緯度": 35.010923, "経度": 135.745294, "url": "https://www.iryou.teikyouseido.mhlw.go.jp/znk-web/juminkanja/S2430/initialize?prefCd=26&kikanCd=2620002824&kikanKbn=2", "url2": "https://itaino-tondeke.net/", "内容": "ふかざわ痛みのクリニック【2:診療所】【診療科目:ペインクリニック外科_麻酔科】京都府京都市中京区西ノ京池ノ内町２０番１１０　京都メディカルビル２Ｆ" }, "geometry": { "type": "Point", "coordinates": [ 135.745294, 35.010923 ] } },
{ "type": "Feature", "properties": { "ID": "2622620002825", "正式名称": "えぞえ消化器内視鏡クリニック", "機関区分": 2, "都道府県コード": 26, "市区町村コード": 104, "所在地": "京都府京都市中京区弁慶石町３９　三条ＴＣビル３階", "緯度": 35.008784, "経度": 135.765848, "url": "https://www.iryou.teikyouseido.mhlw.go.jp/znk-web/juminkanja/S2430/initialize?prefCd=26&kikanCd=2620002825&kikanKbn=2", "url2": "https://www.ezoe-clinic.com/", "内容": "えぞえ消化器内視鏡クリニック【2:診療所】【診療科目:内科_消化器内科_内視鏡内科】京都府京都市中京区弁慶石町３９　三条ＴＣビル３階" }, "geometry": { "type": "Point", "coordinates": [ 135.765848, 35.008784 ] } },
{ "type": "Feature", "properties": { "ID": "2622620002832", "正式名称": "医療法人和み会　なかつかさ内科・在宅クリニック", "機関区分": 2, "都道府県コード": 26, "市区町村コード": 101, "所在地": "京都府京都市北区紫竹西桃ノ本町５６", "緯度": 35.04292, "経度": 135.75607, "url": "https://www.iryou.teikyouseido.mhlw.go.jp/znk-web/juminkanja/S2430/initialize?prefCd=26&kikanCd=2620002832&kikanKbn=2", "url2": "http://www.mfis.pref.kyoto.lg.jp/ap/co/WebCoParts/www.nagomi-kai.com", "内容": "医療法人和み会　なかつかさ内科・在宅クリニック【2:診療所】【診療科目:内科】京都府京都市北区紫竹西桃ノ本町５６" }, "geometry": { "type": "Point", "coordinates": [ 135.75607, 35.04292 ] } },
{ "type": "Feature", "properties": { "ID": "2622620002833", "正式名称": "医療法人やまうちクリニック", "機関区分": 2, "都道府県コード": 26, "市区町村コード": 109, "所在地": "京都府京都市伏見区小栗栖南後藤町６－２", "緯度": 34.943598, "経度": 135.801237, "url": "https://www.iryou.teikyouseido.mhlw.go.jp/znk-web/juminkanja/S2430/initialize?prefCd=26&kikanCd=2620002833&kikanKbn=2", "url2": "http://www.yamauchi-clinic.net/", "内容": "医療法人やまうちクリニック【2:診療所】【診療科目:内科_消化器内科_胃腸内科】京都府京都市伏見区小栗栖南後藤町６－２" }, "geometry": { "type": "Point", "coordinates": [ 135.801237, 34.943598 ] } },
{ "type": "Feature", "properties": { "ID": "2622620002837", "正式名称": "ＡＧＡスキンクリニック　京都駅前院", "機関区分": 2, "都道府県コード": 26, "市区町村コード": 106, "所在地": "京都府京都市下京区烏丸通七条下ル東塩小路町７３５‐１　京阪京都ビル７Ｆ", "緯度": 34.988787, "経度": 135.7601, "url": "https://www.iryou.teikyouseido.mhlw.go.jp/znk-web/juminkanja/S2430/initialize?prefCd=26&kikanCd=2620002837&kikanKbn=2", "url2": "https://www.agaskin-woman.jp/clinic/kyoto.php", "内容": "ＡＧＡスキンクリニック　京都駅前院【2:診療所】【診療科目:美容皮膚科_頭部皮膚科】京都府京都市下京区烏丸通七条下ル東塩小路町７３５‐１　京阪京都ビル７Ｆ" }, "geometry": { "type": "Point", "coordinates": [ 135.7601, 34.988787 ] } },
{ "type": "Feature", "properties": { "ID": "2622620002840", "正式名称": "医療法人廣葵会　ひろた耳鼻咽喉科医院", "機関区分": 2, "都道府県コード": 26, "市区町村コード": 110, "所在地": "京都府京都市山科区西野山中鳥井町７５番地１", "緯度": 34.971039, "経度": 135.800403, "url": "https://www.iryou.teikyouseido.mhlw.go.jp/znk-web/juminkanja/S2430/initialize?prefCd=26&kikanCd=2620002840&kikanKbn=2", "url2": "https://www.hirota-ent.com/", "内容": "医療法人廣葵会　ひろた耳鼻咽喉科医院【2:診療所】【診療科目:耳鼻いんこう科】京都府京都市山科区西野山中鳥井町７５番地１" }, "geometry": { "type": "Point", "coordinates": [ 135.800403, 34.971039 ] } },
{ "type": "Feature", "properties": { "ID": "2622620002845", "正式名称": "たけもとクリニック", "機関区分": 2, "都道府県コード": 26, "市区町村コード": 214, "所在地": "京都府木津川市梅美台１－１－１　フォレストモール木津川", "緯度": 34.715484, "経度": 135.835523, "url": "https://www.iryou.teikyouseido.mhlw.go.jp/znk-web/juminkanja/S2430/initialize?prefCd=26&kikanCd=2620002845&kikanKbn=2", "url2": "https://www.takemoto-c.com/", "内容": "たけもとクリニック【2:診療所】【診療科目:内科_循環器内科_小児科】京都府木津川市梅美台１－１－１　フォレストモール木津川" }, "geometry": { "type": "Point", "coordinates": [ 135.835523, 34.715484 ] } },
{ "type": "Feature", "properties": { "ID": "2622620002847", "正式名称": "医療法人社団ハシイ産婦人科", "機関区分": 2, "都道府県コード": 26, "市区町村コード": 208, "所在地": "京都府向日市寺戸町七ノ坪１７０", "緯度": 34.960261, "経度": 135.7038, "url": "https://www.iryou.teikyouseido.mhlw.go.jp/znk-web/juminkanja/S2430/initialize?prefCd=26&kikanCd=2620002847&kikanKbn=2", "url2": "https://hashii-hp.jp/", "内容": "医療法人社団ハシイ産婦人科【2:診療所】【診療科目:産科_婦人科_産婦人科（生殖医療）】京都府向日市寺戸町七ノ坪１７０" }, "geometry": { "type": "Point", "coordinates": [ 135.7038, 34.960261 ] } },
{ "type": "Feature", "properties": { "ID": "2622620002848", "正式名称": "藤川医院", "機関区分": 2, "都道府県コード": 26, "市区町村コード": 214, "所在地": "京都府木津川市相楽川の尻８１－１", "緯度": 34.737175, "経度": 135.802274, "url": "https://www.iryou.teikyouseido.mhlw.go.jp/znk-web/juminkanja/S2430/initialize?prefCd=26&kikanCd=2620002848&kikanKbn=2", "url2": "http://www.fujikawaiinn.com", "内容": "藤川医院【2:診療所】【診療科目:内科】京都府木津川市相楽川の尻８１－１" }, "geometry": { "type": "Point", "coordinates": [ 135.802274, 34.737175 ] } },
{ "type": "Feature", "properties": { "ID": "2622620002849", "正式名称": "若林皮フ科クリニック", "機関区分": 2, "都道府県コード": 26, "市区町村コード": 106, "所在地": "京都府京都市下京区不明門通松原上る因幡堂町７００", "緯度": 34.99923, "経度": 135.760655, "url": "https://www.iryou.teikyouseido.mhlw.go.jp/znk-web/juminkanja/S2430/initialize?prefCd=26&kikanCd=2620002849&kikanKbn=2", "url2": "https://waka-hifu.com/access.html", "内容": "若林皮フ科クリニック【2:診療所】【診療科目:皮膚科】京都府京都市下京区不明門通松原上る因幡堂町７００" }, "geometry": { "type": "Point", "coordinates": [ 135.760655, 34.99923 ] } },
{ "type": "Feature", "properties": { "ID": "2622620002850", "正式名称": "湘南美容クリニック京都院", "機関区分": 2, "都道府県コード": 26, "市区町村コード": 106, "所在地": "京都府京都市下京区四条通柳馬場東入立売東町１２番地１　日土地京都四条通ビル５階", "緯度": 35.003952, "経度": 135.764571, "url": "https://www.iryou.teikyouseido.mhlw.go.jp/znk-web/juminkanja/S2430/initialize?prefCd=26&kikanCd=2620002850&kikanKbn=2", "url2": "https://www.s-b-c.net/clinic/branch/kyoto/", "内容": "湘南美容クリニック京都院【2:診療所】【診療科目:美容外科_美容皮膚科】京都府京都市下京区四条通柳馬場東入立売東町１２番地１　日土地京都四条通ビル５階" }, "geometry": { "type": "Point", "coordinates": [ 135.764571, 35.003952 ] } },
{ "type": "Feature", "properties": { "ID": "2622620002851", "正式名称": "湘南美容皮フ科京都河原町院", "機関区分": 2, "都道府県コード": 26, "市区町村コード": 106, "所在地": "京都府京都市下京区四条通寺町東入ル御旅町２丁目４６番地　寺内ノースサイドビル４階", "緯度": 35.003948, "経度": 135.768638, "url": "https://www.iryou.teikyouseido.mhlw.go.jp/znk-web/juminkanja/S2430/initialize?prefCd=26&kikanCd=2620002851&kikanKbn=2", "url2": "https://www.s-b-c.net/hifuka/kyoto/", "内容": "湘南美容皮フ科京都河原町院【2:診療所】【診療科目:美容皮膚科】京都府京都市下京区四条通寺町東入ル御旅町２丁目４６番地　寺内ノースサイドビル４階" }, "geometry": { "type": "Point", "coordinates": [ 135.768638, 35.003948 ] } },
{ "type": "Feature", "properties": { "ID": "2622620002852", "正式名称": "医療法人社団タケダ内科医院", "機関区分": 2, "都道府県コード": 26, "市区町村コード": 111, "所在地": "京都府京都市西京区大原野東境谷町２－５－９　洛西センタービル２Ｆ", "緯度": 34.963593, "経度": 135.67533, "url": "https://www.iryou.teikyouseido.mhlw.go.jp/znk-web/juminkanja/S2430/initialize?prefCd=26&kikanCd=2620002852&kikanKbn=2", "url2": "takedanaika.jp", "内容": "医療法人社団タケダ内科医院【2:診療所】【診療科目:内科_糖尿病内科_循環器内科】京都府京都市西京区大原野東境谷町２－５－９　洛西センタービル２Ｆ" }, "geometry": { "type": "Point", "coordinates": [ 135.67533, 34.963593 ] } },
{ "type": "Feature", "properties": { "ID": "2622620002860", "正式名称": "山本クリニック", "機関区分": 2, "都道府県コード": 26, "市区町村コード": 111, "所在地": "京都府京都市西京区桂木ノ下町４０番地－１１", "緯度": 34.981297, "経度": 135.706097, "url": "https://www.iryou.teikyouseido.mhlw.go.jp/znk-web/juminkanja/S2430/initialize?prefCd=26&kikanCd=2620002860&kikanKbn=2", "url2": null, "内容": "山本クリニック【2:診療所】【診療科目:内科_外科_精神科】京都府京都市西京区桂木ノ下町４０番地－１１" }, "geometry": { "type": "Point", "coordinates": [ 135.706097, 34.981297 ] } },
{ "type": "Feature", "properties": { "ID": "2622620002871", "正式名称": "特別養護老人ホーム大枝美郷診療所", "機関区分": 2, "都道府県コード": 26, "市区町村コード": 111, "所在地": "京都府京都市西京区大枝西長町１２番地２５", "緯度": 34.973536, "経度": 135.665747, "url": "https://www.iryou.teikyouseido.mhlw.go.jp/znk-web/juminkanja/S2430/initialize?prefCd=26&kikanCd=2620002871&kikanKbn=2", "url2": null, "内容": "特別養護老人ホーム大枝美郷診療所【2:診療所】【診療科目:内科】京都府京都市西京区大枝西長町１２番地２５" }, "geometry": { "type": "Point", "coordinates": [ 135.665747, 34.973536 ] } },
{ "type": "Feature", "properties": { "ID": "2622620002874", "正式名称": "一般社団法人篠懸の木すずかけ診療所", "機関区分": 2, "都道府県コード": 26, "市区町村コード": 110, "所在地": "京都府京都市山科区大塚中溝４９番地６", "緯度": 34.980205, "経度": 135.826456, "url": "https://www.iryou.teikyouseido.mhlw.go.jp/znk-web/juminkanja/S2430/initialize?prefCd=26&kikanCd=2620002874&kikanKbn=2", "url2": "https://www.suzukake.jp/", "内容": "一般社団法人篠懸の木すずかけ診療所【2:診療所】【診療科目:内科】京都府京都市山科区大塚中溝４９番地６" }, "geometry": { "type": "Point", "coordinates": [ 135.826456, 34.980205 ] } },
{ "type": "Feature", "properties": { "ID": "2622620002875", "正式名称": "柏井歯科矯正歯科", "機関区分": 2, "都道府県コード": 26, "市区町村コード": 101, "所在地": "京都府京都市北区上賀茂今井河原町５５", "緯度": 35.051669, "経度": 135.759125, "url": "https://www.iryou.teikyouseido.mhlw.go.jp/znk-web/juminkanja/S2430/initialize?prefCd=26&kikanCd=2620002875&kikanKbn=2", "url2": "kashiwai-shika.jp", "内容": "柏井歯科矯正歯科【2:診療所】【診療科目:歯科_矯正歯科_歯科口腔外科_小児歯科_小児矯正歯科】京都府京都市北区上賀茂今井河原町５５" }, "geometry": { "type": "Point", "coordinates": [ 135.759125, 35.051669 ] } },
{ "type": "Feature", "properties": { "ID": "2622620002879", "正式名称": "医療法人さくらメディカル　西舞鶴さくら眼科クリニック", "機関区分": 2, "都道府県コード": 26, "市区町村コード": 202, "所在地": "京都府舞鶴市伊佐津小字溝黒１１２番１２", "緯度": 35.440231, "経度": 135.333087, "url": "https://www.iryou.teikyouseido.mhlw.go.jp/znk-web/juminkanja/S2430/initialize?prefCd=26&kikanCd=2620002879&kikanKbn=2", "url2": "https://sakura-eye.com/", "内容": "医療法人さくらメディカル　西舞鶴さくら眼科クリニック【2:診療所】【診療科目:眼科】京都府舞鶴市伊佐津小字溝黒１１２番１２" }, "geometry": { "type": "Point", "coordinates": [ 135.333087, 35.440231 ] } },
{ "type": "Feature", "properties": { "ID": "2622620002880", "正式名称": "医療法人さくらメディカル　東舞鶴さくら眼科クリニック", "機関区分": 2, "都道府県コード": 26, "市区町村コード": 202, "所在地": "京都府舞鶴市森町１３番１８", "緯度": 35.467146, "経度": 135.393941, "url": "https://www.iryou.teikyouseido.mhlw.go.jp/znk-web/juminkanja/S2430/initialize?prefCd=26&kikanCd=2620002880&kikanKbn=2", "url2": "https://hmz-sakura-eye.com/", "内容": "医療法人さくらメディカル　東舞鶴さくら眼科クリニック【2:診療所】【診療科目:眼科】京都府舞鶴市森町１３番１８" }, "geometry": { "type": "Point", "coordinates": [ 135.393941, 35.467146 ] } },
{ "type": "Feature", "properties": { "ID": "2622620002885", "正式名称": "御所西ひらはらクリニック", "機関区分": 2, "都道府県コード": 26, "市区町村コード": 104, "所在地": "京都府京都市中京区丸太町通室町東入常真横町１８８－１小泉ビル２Ｆ", "緯度": 35.01745, "経度": 135.758654, "url": "https://www.iryou.teikyouseido.mhlw.go.jp/znk-web/juminkanja/S2430/initialize?prefCd=26&kikanCd=2620002885&kikanKbn=2", "url2": "https://gosyonishi-hirahara.com/", "内容": "御所西ひらはらクリニック【2:診療所】【診療科目:腎臓内科_泌尿器科】京都府京都市中京区丸太町通室町東入常真横町１８８－１小泉ビル２Ｆ" }, "geometry": { "type": "Point", "coordinates": [ 135.758654, 35.01745 ] } },
{ "type": "Feature", "properties": { "ID": "2622620002895", "正式名称": "やすおクリニック", "機関区分": 2, "都道府県コード": 26, "市区町村コード": 111, "所在地": "京都府京都市西京区桂南巽町１２６番地", "緯度": 34.980342, "経度": 135.70216, "url": "https://www.iryou.teikyouseido.mhlw.go.jp/znk-web/juminkanja/S2430/initialize?prefCd=26&kikanCd=2620002895&kikanKbn=2", "url2": "https://www.yasuoclinic.com/", "内容": "やすおクリニック【2:診療所】【診療科目:精神科_心療内科】京都府京都市西京区桂南巽町１２６番地" }, "geometry": { "type": "Point", "coordinates": [ 135.70216, 34.980342 ] } },
{ "type": "Feature", "properties": { "ID": "2622620002901", "正式名称": "医療法人たえ子耳鼻咽喉科めまいクリニック", "機関区分": 2, "都道府県コード": 26, "市区町村コード": 322, "所在地": "京都府久世郡久御山町栄４丁目１－５１", "緯度": 34.879826, "経度": 135.759855, "url": "https://www.iryou.teikyouseido.mhlw.go.jp/znk-web/juminkanja/S2430/initialize?prefCd=26&kikanCd=2620002901&kikanKbn=2", "url2": "https://kumiyama-jibika.jp/", "内容": "医療法人たえ子耳鼻咽喉科めまいクリニック【2:診療所】【診療科目:耳鼻いんこう科】京都府久世郡久御山町栄４丁目１－５１" }, "geometry": { "type": "Point", "coordinates": [ 135.759855, 34.879826 ] } },
{ "type": "Feature", "properties": { "ID": "2622620002912", "正式名称": "うつぼや町クリニック", "機関区分": 2, "都道府県コード": 26, "市区町村コード": 102, "所在地": "京都府京都市上京区小川通元誓願時下る靭屋町４９９－１１", "緯度": 35.028504, "経度": 135.754376, "url": "https://www.iryou.teikyouseido.mhlw.go.jp/znk-web/juminkanja/S2430/initialize?prefCd=26&kikanCd=2620002912&kikanKbn=2", "url2": "https://www.utsuboya-cl.com/", "内容": "うつぼや町クリニック【2:診療所】【診療科目:内科_消化器内科_形成外科_美容外科_皮膚科_美容皮膚科】京都府京都市上京区小川通元誓願時下る靭屋町４９９－１１" }, "geometry": { "type": "Point", "coordinates": [ 135.754376, 35.028504 ] } },
{ "type": "Feature", "properties": { "ID": "2622620002918", "正式名称": "一般社団法人寧和会　吉村医院", "機関区分": 2, "都道府県コード": 26, "市区町村コード": 111, "所在地": "京都府京都市西京区川島有栖川町１６番地", "緯度": 34.979398, "経度": 135.700466, "url": "https://www.iryou.teikyouseido.mhlw.go.jp/znk-web/juminkanja/S2430/initialize?prefCd=26&kikanCd=2620002918&kikanKbn=2", "url2": "https://yoshimura-int.jp/", "内容": "一般社団法人寧和会　吉村医院【2:診療所】【診療科目:内科】京都府京都市西京区川島有栖川町１６番地" }, "geometry": { "type": "Point", "coordinates": [ 135.700466, 34.979398 ] } },
{ "type": "Feature", "properties": { "ID": "2622620002922", "正式名称": "ふくい内科クリニック", "機関区分": 2, "都道府県コード": 26, "市区町村コード": 206, "所在地": "京都府亀岡市篠町馬堀駅前１丁目６番１号", "緯度": 35.010031, "経度": 135.600779, "url": "https://www.iryou.teikyouseido.mhlw.go.jp/znk-web/juminkanja/S2430/initialize?prefCd=26&kikanCd=2620002922&kikanKbn=2", "url2": "https://fukui-naikaclinic.com/", "内容": "ふくい内科クリニック【2:診療所】【診療科目:内科_循環器内科】京都府亀岡市篠町馬堀駅前１丁目６番１号" }, "geometry": { "type": "Point", "coordinates": [ 135.600779, 35.010031 ] } },
{ "type": "Feature", "properties": { "ID": "2622620002923", "正式名称": "漢方心療内科　藤井医院", "機関区分": 2, "都道府県コード": 26, "市区町村コード": 103, "所在地": "京都府京都市左京区下鴨東本町２５番地　ワールドダック４０３", "緯度": 35.043975, "経度": 135.77429, "url": "https://www.iryou.teikyouseido.mhlw.go.jp/znk-web/juminkanja/S2430/initialize?prefCd=26&kikanCd=2620002923&kikanKbn=2", "url2": "https://hp.kampo-mentalclinic.com/", "内容": "漢方心療内科　藤井医院【2:診療所】【診療科目:精神科_心療内科】京都府京都市左京区下鴨東本町２５番地　ワールドダック４０３" }, "geometry": { "type": "Point", "coordinates": [ 135.77429, 35.043975 ] } },
{ "type": "Feature", "properties": { "ID": "2622620002924", "正式名称": "一般社団法人ＡＨＫＴＲＹ　ほんじょう整形外科クリニック", "機関区分": 2, "都道府県コード": 26, "市区町村コード": 110, "所在地": "京都府京都市山科区椥辻西浦町２６番地４", "緯度": 34.974122, "経度": 135.814012, "url": "https://www.iryou.teikyouseido.mhlw.go.jp/znk-web/juminkanja/S2430/initialize?prefCd=26&kikanCd=2620002924&kikanKbn=2", "url2": "https://www.honjoseikeigeka.pro/", "内容": "一般社団法人ＡＨＫＴＲＹ　ほんじょう整形外科クリニック【2:診療所】【診療科目:整形外科_リウマチ科_リハビリテーション科】京都府京都市山科区椥辻西浦町２６番地４" }, "geometry": { "type": "Point", "coordinates": [ 135.814012, 34.974122 ] } },
{ "type": "Feature", "properties": { "ID": "2622620002926", "正式名称": "光華もの忘れ・フレイルクリニック", "機関区分": 2, "都道府県コード": 26, "市区町村コード": 108, "所在地": "京都府京都市右京区西京極葛野町４４番地", "緯度": 34.997118, "経度": 135.717631, "url": "https://www.iryou.teikyouseido.mhlw.go.jp/znk-web/juminkanja/S2430/initialize?prefCd=26&kikanCd=2620002926&kikanKbn=2", "url2": "https://clinic.koka.ac.jp/", "内容": "光華もの忘れ・フレイルクリニック【2:診療所】【診療科目:脳神経内科_精神科】京都府京都市右京区西京極葛野町４４番地" }, "geometry": { "type": "Point", "coordinates": [ 135.717631, 34.997118 ] } },
{ "type": "Feature", "properties": { "ID": "2622620002927", "正式名称": "医療法人倖生会　桂駅前　Ｍｉｈａｒａ　Ｃｌｉｎｉｃ", "機関区分": 2, "都道府県コード": 26, "市区町村コード": 111, "所在地": "京都府京都市西京区桂南巽町１３３　桂オーエスプラザビル１０３", "緯度": 34.979731, "経度": 135.701966, "url": "https://www.iryou.teikyouseido.mhlw.go.jp/znk-web/juminkanja/S2430/initialize?prefCd=26&kikanCd=2620002927&kikanKbn=2", "url2": "https://katsura-clinic.mihara.com/", "内容": "医療法人倖生会　桂駅前　Ｍｉｈａｒａ　Ｃｌｉｎｉｃ【2:診療所】【診療科目:婦人科】京都府京都市西京区桂南巽町１３３　桂オーエスプラザビル１０３" }, "geometry": { "type": "Point", "coordinates": [ 135.701966, 34.979731 ] } },
{ "type": "Feature", "properties": { "ID": "2622620002928", "正式名称": "ＴＣＢ　東京中央美容外科・ＴＣＢ　スキンクリニック　京都駅前院", "機関区分": 2, "都道府県コード": 26, "市区町村コード": 106, "所在地": "京都府京都市下京区七条通烏丸東入真苧屋町１９５番地３階", "緯度": 34.989009, "経度": 135.760016, "url": "https://www.iryou.teikyouseido.mhlw.go.jp/znk-web/juminkanja/S2430/initialize?prefCd=26&kikanCd=2620002928&kikanKbn=2", "url2": "https://aoki-tsuyoshi.com/", "内容": "ＴＣＢ　東京中央美容外科・ＴＣＢ　スキンクリニック　京都駅前院【2:診療所】【診療科目:形成外科_美容外科_皮膚科_美容皮膚科】京都府京都市下京区七条通烏丸東入真苧屋町１９５番地３階" }, "geometry": { "type": "Point", "coordinates": [ 135.760016, 34.989009 ] } },
{ "type": "Feature", "properties": { "ID": "2622620002930", "正式名称": "医療法人しばじクリニック", "機関区分": 2, "都道府県コード": 26, "市区町村コード": 107, "所在地": "京都府京都市南区唐橋堂ノ前２３－１　洛南スクエアビル２階", "緯度": 34.978648, "経度": 135.73788, "url": "https://www.iryou.teikyouseido.mhlw.go.jp/znk-web/juminkanja/S2430/initialize?prefCd=26&kikanCd=2620002930&kikanKbn=2", "url2": "shibaji-clinic.com", "内容": "医療法人しばじクリニック【2:診療所】【診療科目:内科_胃腸内科_胃腸外科】京都府京都市南区唐橋堂ノ前２３－１　洛南スクエアビル２階" }, "geometry": { "type": "Point", "coordinates": [ 135.73788, 34.978648 ] } },
{ "type": "Feature", "properties": { "ID": "2622620002932", "正式名称": "あおばクリニック京都四条河原町院", "機関区分": 2, "都道府県コード": 26, "市区町村コード": 106, "所在地": "京都府京都市下京区四条通小橋西入真町６９番地コトクロス阪急河原町７階", "緯度": 35.004035, "経度": 135.769626, "url": "https://www.iryou.teikyouseido.mhlw.go.jp/znk-web/juminkanja/S2430/initialize?prefCd=26&kikanCd=2620002932&kikanKbn=2", "url2": null, "内容": "あおばクリニック京都四条河原町院【2:診療所】【診療科目:眼科_美容皮膚科】京都府京都市下京区四条通小橋西入真町６９番地コトクロス阪急河原町７階" }, "geometry": { "type": "Point", "coordinates": [ 135.769626, 35.004035 ] } },
{ "type": "Feature", "properties": { "ID": "2622620002936", "正式名称": "医療法人社団悠水会桂川みずた耳鼻咽喉科", "機関区分": 2, "都道府県コード": 26, "市区町村コード": 111, "所在地": "京都府京都市西京区下津林南大般若町３７番地　リペアス下津林３階", "緯度": 34.974982, "経度": 135.713604, "url": "https://www.iryou.teikyouseido.mhlw.go.jp/znk-web/juminkanja/S2430/initialize?prefCd=26&kikanCd=2620002936&kikanKbn=2", "url2": "https://mizuta-ent.com/access.html", "内容": "医療法人社団悠水会桂川みずた耳鼻咽喉科【2:診療所】【診療科目:小児耳鼻いんこう科_耳鼻いんこう科】京都府京都市西京区下津林南大般若町３７番地　リペアス下津林３階" }, "geometry": { "type": "Point", "coordinates": [ 135.713604, 34.974982 ] } },
{ "type": "Feature", "properties": { "ID": "2622620002938", "正式名称": "京都そけいヘルニア日帰り手術Ｇｉ外科クリニック", "機関区分": 2, "都道府県コード": 26, "市区町村コード": 106, "所在地": "京都府京都市下京区東洞院通綾小路下る扇酒屋町２７５番１　ＫＯＷＡ東洞院ビル２階", "緯度": 35.002341, "経度": 135.76096, "url": "https://www.iryou.teikyouseido.mhlw.go.jp/znk-web/juminkanja/S2430/initialize?prefCd=26&kikanCd=2620002938&kikanKbn=2", "url2": "https://gi-clinic.net/service/kyoto/", "内容": "京都そけいヘルニア日帰り手術Ｇｉ外科クリニック【2:診療所】【診療科目:外科_消化器外科】京都府京都市下京区東洞院通綾小路下る扇酒屋町２７５番１　ＫＯＷＡ東洞院ビル２階" }, "geometry": { "type": "Point", "coordinates": [ 135.76096, 35.002341 ] } },
{ "type": "Feature", "properties": { "ID": "2622620002942", "正式名称": "美容皮膚科リゼクリニック京都河原町", "機関区分": 2, "都道府県コード": 26, "市区町村コード": 104, "所在地": "京都府京都市中京区裏寺町通蛸薬師下ル裏寺町５９９番地正覚寺赤門ビル４階", "緯度": 35.005702, "経度": 135.768543, "url": "https://www.iryou.teikyouseido.mhlw.go.jp/znk-web/juminkanja/S2430/initialize?prefCd=26&kikanCd=2620002942&kikanKbn=2", "url2": "https://www.rizeclinic.com/clinic/kyoto_shijo/", "内容": "美容皮膚科リゼクリニック京都河原町【2:診療所】【診療科目:美容皮膚科】京都府京都市中京区裏寺町通蛸薬師下ル裏寺町５９９番地正覚寺赤門ビル４階" }, "geometry": { "type": "Point", "coordinates": [ 135.768543, 35.005702 ] } },
{ "type": "Feature", "properties": { "ID": "2622620002948", "正式名称": "医療法人さくらメディカル　円町さくら眼科クリニック", "機関区分": 2, "都道府県コード": 26, "市区町村コード": 104, "所在地": "京都府京都市中京区西ノ京北壺井町１番地", "緯度": 35.015866, "経度": 135.72849, "url": "https://www.iryou.teikyouseido.mhlw.go.jp/znk-web/juminkanja/S2430/initialize?prefCd=26&kikanCd=2620002948&kikanKbn=2", "url2": "https://em-sakura-eye.com/", "内容": "医療法人さくらメディカル　円町さくら眼科クリニック【2:診療所】【診療科目:眼科】京都府京都市中京区西ノ京北壺井町１番地" }, "geometry": { "type": "Point", "coordinates": [ 135.72849, 35.015866 ] } },
{ "type": "Feature", "properties": { "ID": "2622620002961", "正式名称": "京都今出川　金光内科・消化器内視鏡クリニック", "機関区分": 2, "都道府県コード": 26, "市区町村コード": 102, "所在地": "京都府京都市上京区南辻町３７１", "緯度": 35.02906, "経度": 135.742655, "url": "https://www.iryou.teikyouseido.mhlw.go.jp/znk-web/juminkanja/S2430/initialize?prefCd=26&kikanCd=2620002961&kikanKbn=2", "url2": "https://www.kanemitsu-esclinic.com/", "内容": "京都今出川　金光内科・消化器内視鏡クリニック【2:診療所】【診療科目:内科_消化器内科_内視鏡内科】京都府京都市上京区南辻町３７１" }, "geometry": { "type": "Point", "coordinates": [ 135.742655, 35.02906 ] } },
{ "type": "Feature", "properties": { "ID": "2622620002964", "正式名称": "湘南美容クリニック京都駅ビル院", "機関区分": 2, "都道府県コード": 26, "市区町村コード": 106, "所在地": "京都府京都市下京区烏丸通塩小路下る東塩小路町９０１番地　京都駅ビル９階", "緯度": 34.985758, "経度": 135.757676, "url": "https://www.iryou.teikyouseido.mhlw.go.jp/znk-web/juminkanja/S2430/initialize?prefCd=26&kikanCd=2620002964&kikanKbn=2", "url2": "https://www.s-b-c.net/clinic/branch/kyoto-ekibiru/", "内容": "湘南美容クリニック京都駅ビル院【2:診療所】【診療科目:美容外科_美容皮膚科】京都府京都市下京区烏丸通塩小路下る東塩小路町９０１番地　京都駅ビル９階" }, "geometry": { "type": "Point", "coordinates": [ 135.757676, 34.985758 ] } },
{ "type": "Feature", "properties": { "ID": "2622620002973", "正式名称": "いぬいクリニック", "機関区分": 2, "都道府県コード": 26, "市区町村コード": 104, "所在地": "京都府京都市中京区西洞院通二条下る二条西洞院町６３６番地２", "緯度": 35.012451, "経度": 135.755043, "url": "https://www.iryou.teikyouseido.mhlw.go.jp/znk-web/juminkanja/S2430/initialize?prefCd=26&kikanCd=2620002973&kikanKbn=2", "url2": "https://www.inucli.com/", "内容": "いぬいクリニック【2:診療所】【診療科目:内科_泌尿器科】京都府京都市中京区西洞院通二条下る二条西洞院町６３６番地２" }, "geometry": { "type": "Point", "coordinates": [ 135.755043, 35.012451 ] } },
{ "type": "Feature", "properties": { "ID": "2622620002975", "正式名称": "すぎたに内科クリニック", "機関区分": 2, "都道府県コード": 26, "市区町村コード": 210, "所在地": "京都府八幡市八幡中ノ山１９７番１　１０１号", "緯度": 34.855189, "経度": 135.700083, "url": "https://www.iryou.teikyouseido.mhlw.go.jp/znk-web/juminkanja/S2430/initialize?prefCd=26&kikanCd=2620002975&kikanKbn=2", "url2": "sugitaninaika.com", "内容": "すぎたに内科クリニック【2:診療所】【診療科目:内科_消化器内科】京都府八幡市八幡中ノ山１９７番１　１０１号" }, "geometry": { "type": "Point", "coordinates": [ 135.700083, 34.855189 ] } },
{ "type": "Feature", "properties": { "ID": "2622620002979", "正式名称": "かわばた内科クリニック", "機関区分": 2, "都道府県コード": 26, "市区町村コード": 103, "所在地": "京都府京都市左京区上高野車地町１３９宝ヶ池クリニックモール１階", "緯度": 35.06289, "経度": 135.792094, "url": "https://www.iryou.teikyouseido.mhlw.go.jp/znk-web/juminkanja/S2430/initialize?prefCd=26&kikanCd=2620002979&kikanKbn=2", "url2": "https://www.kawabata-naika.com/", "内容": "かわばた内科クリニック【2:診療所】【診療科目:内科_消化器内科】京都府京都市左京区上高野車地町１３９宝ヶ池クリニックモール１階" }, "geometry": { "type": "Point", "coordinates": [ 135.792094, 35.06289 ] } },
{ "type": "Feature", "properties": { "ID": "2622620002981", "正式名称": "仁木医院", "機関区分": 2, "都道府県コード": 26, "市区町村コード": 109, "所在地": "京都府京都市伏見区深草西浦町４丁目２１", "緯度": 34.962012, "経度": 135.767434, "url": "https://www.iryou.teikyouseido.mhlw.go.jp/znk-web/juminkanja/S2430/initialize?prefCd=26&kikanCd=2620002981&kikanKbn=2", "url2": "https://www.niki-iin.jp/", "内容": "仁木医院【2:診療所】【診療科目:内科_循環器内科】京都府京都市伏見区深草西浦町４丁目２１" }, "geometry": { "type": "Point", "coordinates": [ 135.767434, 34.962012 ] } },
{ "type": "Feature", "properties": { "ID": "2622620002983", "正式名称": "エミナルクリニック京都院", "機関区分": 2, "都道府県コード": 26, "市区町村コード": 106, "所在地": "京都府京都市下京区四条通麩屋町西入立売通東町２８番地　ＳＡＫＩＺＯ　ＰＬＡＺＡ２階、３階、５階", "緯度": 35.003924, "経度": 135.765376, "url": "https://www.iryou.teikyouseido.mhlw.go.jp/znk-web/juminkanja/S2430/initialize?prefCd=26&kikanCd=2620002983&kikanKbn=2", "url2": null, "内容": "エミナルクリニック京都院【2:診療所】【診療科目:美容皮膚科】京都府京都市下京区四条通麩屋町西入立売通東町２８番地　ＳＡＫＩＺＯ　ＰＬＡＺＡ２階、３階、５階" }, "geometry": { "type": "Point", "coordinates": [ 135.765376, 35.003924 ] } },
{ "type": "Feature", "properties": { "ID": "2622620002985", "正式名称": "たきもと内科クリニック", "機関区分": 2, "都道府県コード": 26, "市区町村コード": 110, "所在地": "京都府京都市山科区大塚野溝町８６番地２", "緯度": 34.982844, "経度": 135.827094, "url": "https://www.iryou.teikyouseido.mhlw.go.jp/znk-web/juminkanja/S2430/initialize?prefCd=26&kikanCd=2620002985&kikanKbn=2", "url2": "https://takimoto-cl.com/", "内容": "たきもと内科クリニック【2:診療所】【診療科目:内科_糖尿病内科_消化器内科】京都府京都市山科区大塚野溝町８６番地２" }, "geometry": { "type": "Point", "coordinates": [ 135.827094, 34.982844 ] } },
{ "type": "Feature", "properties": { "ID": "2622620002995", "正式名称": "伊吹クリニック", "機関区分": 2, "都道府県コード": 26, "市区町村コード": 101, "所在地": "京都府京都市北区紫竹下芝本町２９", "緯度": 35.050058, "経度": 135.749903, "url": "https://www.iryou.teikyouseido.mhlw.go.jp/znk-web/juminkanja/S2430/initialize?prefCd=26&kikanCd=2620002995&kikanKbn=2", "url2": "https://ibuki-clinic-pain.com/", "内容": "伊吹クリニック【2:診療所】【診療科目:内科_ペインクリニック内科】京都府京都市北区紫竹下芝本町２９" }, "geometry": { "type": "Point", "coordinates": [ 135.749903, 35.050058 ] } },
{ "type": "Feature", "properties": { "ID": "2622620002997", "正式名称": "ＴＣＢ　東京中央美容外科・ＴＣＢ　スキンクリニック　京都四条院", "機関区分": 2, "都道府県コード": 26, "市区町村コード": 106, "所在地": "京都府京都市下京区立売西町６６番地京都証券ビル５階", "緯度": 35.0039788, "経度": 135.7616361, "url": "https://www.iryou.teikyouseido.mhlw.go.jp/znk-web/juminkanja/S2430/initialize?prefCd=26&kikanCd=2620002997&kikanKbn=2", "url2": null, "内容": "ＴＣＢ　東京中央美容外科・ＴＣＢ　スキンクリニック　京都四条院【2:診療所】【診療科目:形成外科_美容外科_皮膚科_美容皮膚科】京都府京都市下京区立売西町６６番地京都証券ビル５階" }, "geometry": { "type": "Point", "coordinates": [ 135.7616361, 35.0039788 ] } },
{ "type": "Feature", "properties": { "ID": "2622620002998", "正式名称": "波柴内科医院", "機関区分": 2, "都道府県コード": 26, "市区町村コード": 107, "所在地": "京都府京都市南区東九条北烏丸町３６－２", "緯度": 34.980895, "経度": 135.760967, "url": "https://www.iryou.teikyouseido.mhlw.go.jp/znk-web/juminkanja/S2430/initialize?prefCd=26&kikanCd=2620002998&kikanKbn=2", "url2": null, "内容": "波柴内科医院【2:診療所】【診療科目:内科_消化器内科_小児科_放射線科】京都府京都市南区東九条北烏丸町３６－２" }, "geometry": { "type": "Point", "coordinates": [ 135.760967, 34.980895 ] } },
{ "type": "Feature", "properties": { "ID": "2622620003002", "正式名称": "東山三条よこい眼科クリニック", "機関区分": 2, "都道府県コード": 26, "市区町村コード": 105, "所在地": "京都府京都市東山区北木之元５２３", "緯度": 35.008924, "経度": 135.778208, "url": "https://www.iryou.teikyouseido.mhlw.go.jp/znk-web/juminkanja/S2430/initialize?prefCd=26&kikanCd=2620003002&kikanKbn=2", "url2": "http://www.yokoi-eye-clinic.com/", "内容": "東山三条よこい眼科クリニック【2:診療所】【診療科目:眼科】京都府京都市東山区北木之元５２３" }, "geometry": { "type": "Point", "coordinates": [ 135.778208, 35.008924 ] } },
{ "type": "Feature", "properties": { "ID": "2622620003003", "正式名称": "医療法人はまなかクリニック", "機関区分": 2, "都道府県コード": 26, "市区町村コード": 108, "所在地": "京都府京都市右京区嵯峨天龍寺中島町７番地１", "緯度": 35.020171, "経度": 135.684854, "url": "https://www.iryou.teikyouseido.mhlw.go.jp/znk-web/juminkanja/S2430/initialize?prefCd=26&kikanCd=2620003003&kikanKbn=2", "url2": "https://www.hamanaka.clinic.com/", "内容": "医療法人はまなかクリニック【2:診療所】【診療科目:内科_糖尿病内科_脳神経内科_神経内科_アレルギー科_リウマチ科_リハビリテーション科】京都府京都市右京区嵯峨天龍寺中島町７番地１" }, "geometry": { "type": "Point", "coordinates": [ 135.684854, 35.020171 ] } },
{ "type": "Feature", "properties": { "ID": "2622620003007", "正式名称": "ちゅうしょクリニック", "機関区分": 2, "都道府県コード": 26, "市区町村コード": 211, "所在地": "京都府京田辺市山手西２－２－１０　日東センタービル２階", "緯度": 34.832386, "経度": 135.722832, "url": "https://www.iryou.teikyouseido.mhlw.go.jp/znk-web/juminkanja/S2430/initialize?prefCd=26&kikanCd=2620003007&kikanKbn=2", "url2": "https://chusho-clinic.com/index.html", "内容": "ちゅうしょクリニック【2:診療所】【診療科目:内科_精神科】京都府京田辺市山手西２－２－１０　日東センタービル２階" }, "geometry": { "type": "Point", "coordinates": [ 135.722832, 34.832386 ] } },
{ "type": "Feature", "properties": { "ID": "2622620003009", "正式名称": "医療法人翠樹会　岸田内科医院", "機関区分": 2, "都道府県コード": 26, "市区町村コード": 366, "所在地": "京都府相楽郡精華町精華台２－１７－１０", "緯度": 34.75134, "経度": 135.781692, "url": "https://www.iryou.teikyouseido.mhlw.go.jp/znk-web/juminkanja/S2430/initialize?prefCd=26&kikanCd=2620003009&kikanKbn=2", "url2": "https://www.kishida-naikaiin.com/", "内容": "医療法人翠樹会　岸田内科医院【2:診療所】【診療科目:内科_消化器内科_老年内科】京都府相楽郡精華町精華台２－１７－１０" }, "geometry": { "type": "Point", "coordinates": [ 135.781692, 34.75134 ] } },
{ "type": "Feature", "properties": { "ID": "2622620003011", "正式名称": "京丹後市国民健康保険直営宇川診療所", "機関区分": 2, "都道府県コード": 26, "市区町村コード": 212, "所在地": "京都府京丹後市丹後町久僧４１７", "緯度": 35.754555, "経度": 135.171641, "url": "https://www.iryou.teikyouseido.mhlw.go.jp/znk-web/juminkanja/S2430/initialize?prefCd=26&kikanCd=2620003011&kikanKbn=2", "url2": "http://www.ichigaoen.com/ukawa/", "内容": "京丹後市国民健康保険直営宇川診療所【2:診療所】【診療科目:内科_外科_整形外科_歯科_歯科口腔外科】京都府京丹後市丹後町久僧４１７" }, "geometry": { "type": "Point", "coordinates": [ 135.171641, 35.754555 ] } },
{ "type": "Feature", "properties": { "ID": "2622620003012", "正式名称": "おうばく駅前内科クリニック", "機関区分": 2, "都道府県コード": 26, "市区町村コード": 204, "所在地": "京都府宇治市五ヶ庄新開１１番地２９－１８", "緯度": 34.912295, "経度": 135.804016, "url": "https://www.iryou.teikyouseido.mhlw.go.jp/znk-web/juminkanja/S2430/initialize?prefCd=26&kikanCd=2620003012&kikanKbn=2", "url2": "https://www.oubaku-naika.com/", "内容": "おうばく駅前内科クリニック【2:診療所】【診療科目:内科_循環器内科_神経内科】京都府宇治市五ヶ庄新開１１番地２９－１８" }, "geometry": { "type": "Point", "coordinates": [ 135.804016, 34.912295 ] } },
{ "type": "Feature", "properties": { "ID": "2622620003014", "正式名称": "中村内科クリニック", "機関区分": 2, "都道府県コード": 26, "市区町村コード": 101, "所在地": "京都府京都市北区小山北玄以町１", "緯度": 35.052196, "経度": 135.754347, "url": "https://www.iryou.teikyouseido.mhlw.go.jp/znk-web/juminkanja/S2430/initialize?prefCd=26&kikanCd=2620003014&kikanKbn=2", "url2": null, "内容": "中村内科クリニック【2:診療所】【診療科目:内科_循環器内科_消化器内科】京都府京都市北区小山北玄以町１" }, "geometry": { "type": "Point", "coordinates": [ 135.754347, 35.052196 ] } },
{ "type": "Feature", "properties": { "ID": "2622620003016", "正式名称": "いけや整形外科医院", "機関区分": 2, "都道府県コード": 26, "市区町村コード": 207, "所在地": "京都府城陽市枇杷庄鹿背田７２", "緯度": 34.840136, "経度": 135.773689, "url": "https://www.iryou.teikyouseido.mhlw.go.jp/znk-web/juminkanja/S2430/initialize?prefCd=26&kikanCd=2620003016&kikanKbn=2", "url2": null, "内容": "いけや整形外科医院【2:診療所】【診療科目:整形外科_リハビリテーション科_放射線科】京都府城陽市枇杷庄鹿背田７２" }, "geometry": { "type": "Point", "coordinates": [ 135.773689, 34.840136 ] } },
{ "type": "Feature", "properties": { "ID": "2622620003035", "正式名称": "山本内科医院", "機関区分": 2, "都道府県コード": 26, "市区町村コード": 101, "所在地": "京都府京都市北区紫竹高縄町６４", "緯度": 35.046447, "経度": 135.750153, "url": "https://www.iryou.teikyouseido.mhlw.go.jp/znk-web/juminkanja/S2430/initialize?prefCd=26&kikanCd=2620003035&kikanKbn=2", "url2": "kyoto-yamamoto-naika.com", "内容": "山本内科医院【2:診療所】【診療科目:内科_循環器内科】京都府京都市北区紫竹高縄町６４" }, "geometry": { "type": "Point", "coordinates": [ 135.750153, 35.046447 ] } },
{ "type": "Feature", "properties": { "ID": "2622620003036", "正式名称": "しみずペインクリニック", "機関区分": 2, "都道府県コード": 26, "市区町村コード": 103, "所在地": "京都府京都市左京区田中門前町４４番　有斐閣京都ビル１階", "緯度": 35.029755, "経度": 135.779263, "url": "https://www.iryou.teikyouseido.mhlw.go.jp/znk-web/juminkanja/S2430/initialize?prefCd=26&kikanCd=2620003036&kikanKbn=2", "url2": "https://kotopain.jp/", "内容": "しみずペインクリニック【2:診療所】【診療科目:ペインクリニック内科_麻酔科】京都府京都市左京区田中門前町４４番　有斐閣京都ビル１階" }, "geometry": { "type": "Point", "coordinates": [ 135.779263, 35.029755 ] } },
{ "type": "Feature", "properties": { "ID": "2622620003050", "正式名称": "かとうベビー＆キッズクリニック", "機関区分": 2, "都道府県コード": 26, "市区町村コード": 109, "所在地": "京都府京都市伏見区醍醐高畑町３０－３　醍醐アッシュビル２Ｆ", "緯度": 34.949986, "経度": 135.810681, "url": "https://www.iryou.teikyouseido.mhlw.go.jp/znk-web/juminkanja/S2430/initialize?prefCd=26&kikanCd=2620003050&kikanKbn=2", "url2": "https://kato-babykids.com/", "内容": "かとうベビー＆キッズクリニック【2:診療所】【診療科目:小児科】京都府京都市伏見区醍醐高畑町３０－３　醍醐アッシュビル２Ｆ" }, "geometry": { "type": "Point", "coordinates": [ 135.810681, 34.949986 ] } },
{ "type": "Feature", "properties": { "ID": "2622620003051", "正式名称": "いのうえクリニック", "機関区分": 2, "都道府県コード": 26, "市区町村コード": 107, "所在地": "京都府京都市南区西九条春日町３４－２　ＳＯＬＥＩＬ春日１階", "緯度": 34.981454, "経度": 135.753934, "url": "https://www.iryou.teikyouseido.mhlw.go.jp/znk-web/juminkanja/S2430/initialize?prefCd=26&kikanCd=2620003051&kikanKbn=2", "url2": "https://www.clinic-i.com/", "内容": "いのうえクリニック【2:診療所】【診療科目:内科_消化器内科_小児皮膚科_皮膚科】京都府京都市南区西九条春日町３４－２　ＳＯＬＥＩＬ春日１階" }, "geometry": { "type": "Point", "coordinates": [ 135.753934, 34.981454 ] } },
{ "type": "Feature", "properties": { "ID": "2622620003053", "正式名称": "康生会クリニック", "機関区分": 2, "都道府県コード": 26, "市区町村コード": 106, "所在地": "京都府京都市下京区油小路通下魚ノ棚下ル油小路町２７７番地", "緯度": 34.988036, "経度": 135.753933, "url": "https://www.iryou.teikyouseido.mhlw.go.jp/znk-web/juminkanja/S2430/initialize?prefCd=26&kikanCd=2620003053&kikanKbn=2", "url2": null, "内容": "康生会クリニック【2:診療所】【診療科目:内科_糖尿病内科_神経内科_小児アレルギー_歯科口腔外科】京都府京都市下京区油小路通下魚ノ棚下ル油小路町２７７番地" }, "geometry": { "type": "Point", "coordinates": [ 135.753933, 34.988036 ] } },
{ "type": "Feature", "properties": { "ID": "2622620003057", "正式名称": "医療法人　医音会　友愛診療所", "機関区分": 2, "都道府県コード": 26, "市区町村コード": 104, "所在地": "京都府京都市中京区姉西堀川町５１１番地　堀川三条クリニックプラス３Ｆ", "緯度": 35.009367, "経度": 135.751488, "url": "https://www.iryou.teikyouseido.mhlw.go.jp/znk-web/juminkanja/S2430/initialize?prefCd=26&kikanCd=2620003057&kikanKbn=2", "url2": "www.yu-ai-clinic.or.jp", "内容": "医療法人　医音会　友愛診療所【2:診療所】【診療科目:内科_消化器内科_皮膚科】京都府京都市中京区姉西堀川町５１１番地　堀川三条クリニックプラス３Ｆ" }, "geometry": { "type": "Point", "coordinates": [ 135.751488, 35.009367 ] } },
{ "type": "Feature", "properties": { "ID": "2622620003058", "正式名称": "平田医院", "機関区分": 2, "都道府県コード": 26, "市区町村コード": 101, "所在地": "京都府京都市北区紫野下築山町５５－１　メゾン紫野１Ｆ", "緯度": 35.039725, "経度": 135.747432, "url": "https://www.iryou.teikyouseido.mhlw.go.jp/znk-web/juminkanja/S2430/initialize?prefCd=26&kikanCd=2620003058&kikanKbn=2", "url2": "http://www.hirata-iin.neto", "内容": "平田医院【2:診療所】【診療科目:内科】京都府京都市北区紫野下築山町５５－１　メゾン紫野１Ｆ" }, "geometry": { "type": "Point", "coordinates": [ 135.747432, 35.039725 ] } },
{ "type": "Feature", "properties": { "ID": "2622620003087", "正式名称": "みずはらクリニック", "機関区分": 2, "都道府県コード": 26, "市区町村コード": 204, "所在地": "京都府宇治市広野町西裏１番１６サンマルシェ大久保内", "緯度": 34.874958, "経度": 135.77695, "url": "https://www.iryou.teikyouseido.mhlw.go.jp/znk-web/juminkanja/S2430/initialize?prefCd=26&kikanCd=2620003087&kikanKbn=2", "url2": "https://mizuhara-cl.jp/access/", "内容": "みずはらクリニック【2:診療所】【診療科目:児童精神科_精神科_心療内科】京都府宇治市広野町西裏１番１６サンマルシェ大久保内" }, "geometry": { "type": "Point", "coordinates": [ 135.77695, 34.874958 ] } },
{ "type": "Feature", "properties": { "ID": "2622620003088", "正式名称": "ふじいキハダ診療所", "機関区分": 2, "都道府県コード": 26, "市区町村コード": 204, "所在地": "京都府宇治市五ケ庄新開１１番地ツバサ薬局２階", "緯度": 34.912367, "経度": 135.803975, "url": "https://www.iryou.teikyouseido.mhlw.go.jp/znk-web/juminkanja/S2430/initialize?prefCd=26&kikanCd=2620003088&kikanKbn=2", "url2": "https://www.fujii-kihada.com/%E5%BD%93%E9%99%A2%E3%81%AB%E3%81%A4%E3%81%84%E3%81%A6", "内容": "ふじいキハダ診療所【2:診療所】【診療科目:内科_神経内科】京都府宇治市五ケ庄新開１１番地ツバサ薬局２階" }, "geometry": { "type": "Point", "coordinates": [ 135.803975, 34.912367 ] } },
{ "type": "Feature", "properties": { "ID": "2622621000005", "正式名称": "嵐山さかい医院", "機関区分": 2, "都道府県コード": 26, "市区町村コード": 111, "所在地": "京都府京都市西京区嵐山谷ケ辻子町３８－６", "緯度": 35.006244, "経度": 135.683653, "url": "https://www.iryou.teikyouseido.mhlw.go.jp/znk-web/juminkanja/S2430/initialize?prefCd=26&kikanCd=2621000005&kikanKbn=2", "url2": null, "内容": "嵐山さかい医院【2:診療所】【診療科目:内科_小児科】京都府京都市西京区嵐山谷ケ辻子町３８－６" }, "geometry": { "type": "Point", "coordinates": [ 135.683653, 35.006244 ] } },
{ "type": "Feature", "properties": { "ID": "2622621000009", "正式名称": "医療法人真樹会　山根記念診療所", "機関区分": 2, "都道府県コード": 26, "市区町村コード": 102, "所在地": "京都府京都市上京区元誓願寺通大宮東入寺今町５２２", "緯度": 35.028384, "経度": 135.749368, "url": "https://www.iryou.teikyouseido.mhlw.go.jp/znk-web/juminkanja/S2430/initialize?prefCd=26&kikanCd=2621000009&kikanKbn=2", "url2": "https://iryouhoujin-shinjukai.com/", "内容": "医療法人真樹会　山根記念診療所【2:診療所】【診療科目:内科_呼吸器内科_循環器内科_胃腸内科】京都府京都市上京区元誓願寺通大宮東入寺今町５２２" }, "geometry": { "type": "Point", "coordinates": [ 135.749368, 35.028384 ] } },
{ "type": "Feature", "properties": { "ID": "2622621000010", "正式名称": "えいご皮フ科京都御池院", "機関区分": 2, "都道府県コード": 26, "市区町村コード": 104, "所在地": "京都府京都市中京区御池大東町５９６Ｋｉｙｏｓｈｉ　Ｂｕｉｌｄ　清３階", "緯度": 35.011009, "経度": 135.766834, "url": "https://www.iryou.teikyouseido.mhlw.go.jp/znk-web/juminkanja/S2430/initialize?prefCd=26&kikanCd=2621000010&kikanKbn=2", "url2": "https://hifuka-eigo.com/kyoto/", "内容": "えいご皮フ科京都御池院【2:診療所】【診療科目:皮膚科_美容皮膚科_アレルギー科】京都府京都市中京区御池大東町５９６Ｋｉｙｏｓｈｉ　Ｂｕｉｌｄ　清３階" }, "geometry": { "type": "Point", "coordinates": [ 135.766834, 35.011009 ] } },
{ "type": "Feature", "properties": { "ID": "2622621000011", "正式名称": "医療法人社団淳康会ギガクリニック京都院（ユナイテッドクリニック）", "機関区分": 2, "都道府県コード": 26, "市区町村コード": 104, "所在地": "京都府京都市中京区西魚屋町５９９エム・カーザ　４Ｆ", "緯度": 35.004849, "経度": 135.762181, "url": "https://www.iryou.teikyouseido.mhlw.go.jp/znk-web/juminkanja/S2430/initialize?prefCd=26&kikanCd=2621000011&kikanKbn=2", "url2": "https://giga-clinic.jp/", "内容": "医療法人社団淳康会ギガクリニック京都院（ユナイテッドクリニック）【2:診療所】【診療科目:内科】京都府京都市中京区西魚屋町５９９エム・カーザ　４Ｆ" }, "geometry": { "type": "Point", "coordinates": [ 135.762181, 35.004849 ] } },
{ "type": "Feature", "properties": { "ID": "2622621000012", "正式名称": "湘南美容皮フ科京都四条", "機関区分": 2, "都道府県コード": 26, "市区町村コード": 106, "所在地": "京都府京都市下京区鶏鉾町４９３番地　ムーンバットビル５階", "緯度": 35.002821, "経度": 135.758065, "url": "https://www.iryou.teikyouseido.mhlw.go.jp/znk-web/juminkanja/S2430/initialize?prefCd=26&kikanCd=2621000012&kikanKbn=2", "url2": "https://www.s-b-c.net/hifuka/kyoto/", "内容": "湘南美容皮フ科京都四条【2:診療所】【診療科目:美容皮膚科】京都府京都市下京区鶏鉾町４９３番地　ムーンバットビル５階" }, "geometry": { "type": "Point", "coordinates": [ 135.758065, 35.002821 ] } },
{ "type": "Feature", "properties": { "ID": "2622621000014", "正式名称": "あしだナチュラルクリニック", "機関区分": 2, "都道府県コード": 26, "市区町村コード": 103, "所在地": "京都府京都市左京区岩倉三笠町２３９", "緯度": 35.069276, "経度": 135.78352, "url": "https://www.iryou.teikyouseido.mhlw.go.jp/znk-web/juminkanja/S2430/initialize?prefCd=26&kikanCd=2621000014&kikanKbn=2", "url2": null, "内容": "あしだナチュラルクリニック【2:診療所】【診療科目:内科_糖尿病内科_代謝内科_内分泌内科_脂質代謝内科_糖尿病・内分泌内科_糖尿病・代謝内科_代謝・内分泌内科_循環器内科_漢方内科_アレルギー疾患内科_放射線科】京都府京都市左京区岩倉三笠町２３９" }, "geometry": { "type": "Point", "coordinates": [ 135.78352, 35.069276 ] } },
{ "type": "Feature", "properties": { "ID": "2622621000015", "正式名称": "医療法人社団優久会　伊藤人工透析クリニック", "機関区分": 2, "都道府県コード": 26, "市区町村コード": 109, "所在地": "京都府京都市伏見区深草南蓮池町９２８－７", "緯度": 34.950303, "経度": 135.767994, "url": "https://www.iryou.teikyouseido.mhlw.go.jp/znk-web/juminkanja/S2430/initialize?prefCd=26&kikanCd=2621000015&kikanKbn=2", "url2": "https://www.itou-touseki.jp/touseki/", "内容": "医療法人社団優久会　伊藤人工透析クリニック【2:診療所】【診療科目:人工透析内科】京都府京都市伏見区深草南蓮池町９２８－７" }, "geometry": { "type": "Point", "coordinates": [ 135.767994, 34.950303 ] } },
{ "type": "Feature", "properties": { "ID": "2622621000017", "正式名称": "東塩小路つつじ眼科", "機関区分": 2, "都道府県コード": 26, "市区町村コード": 106, "所在地": "京都府京都市下京区東塩小路町５９０番地２京都ヨドバシビル４階", "緯度": 34.988109, "経度": 135.759398, "url": "https://www.iryou.teikyouseido.mhlw.go.jp/znk-web/juminkanja/S2430/initialize?prefCd=26&kikanCd=2621000017&kikanKbn=2", "url2": null, "内容": "東塩小路つつじ眼科【2:診療所】【診療科目:眼科】京都府京都市下京区東塩小路町５９０番地２京都ヨドバシビル４階" }, "geometry": { "type": "Point", "coordinates": [ 135.759398, 34.988109 ] } },
{ "type": "Feature", "properties": { "ID": "2622621000018", "正式名称": "医療法人美葉会　長岡天神皮フ科クリニック", "機関区分": 2, "都道府県コード": 26, "市区町村コード": 209, "所在地": "京都府長岡京市長岡１丁目１－１１コンフォートセブン２階", "緯度": 34.931381, "経度": 135.695983, "url": "https://www.iryou.teikyouseido.mhlw.go.jp/znk-web/juminkanja/S2430/initialize?prefCd=26&kikanCd=2621000018&kikanKbn=2", "url2": null, "内容": "医療法人美葉会　長岡天神皮フ科クリニック【2:診療所】【診療科目:皮膚科】京都府長岡京市長岡１丁目１－１１コンフォートセブン２階" }, "geometry": { "type": "Point", "coordinates": [ 135.695983, 34.931381 ] } },
{ "type": "Feature", "properties": { "ID": "2622621000021", "正式名称": "医療法人ほりなか耳鼻咽喉科", "機関区分": 2, "都道府県コード": 26, "市区町村コード": 214, "所在地": "京都府木津川市梅美台２－１０－１２", "緯度": 34.720364, "経度": 135.837319, "url": "https://www.iryou.teikyouseido.mhlw.go.jp/znk-web/juminkanja/S2430/initialize?prefCd=26&kikanCd=2621000021&kikanKbn=2", "url2": "https://www.horinaka.jp/", "内容": "医療法人ほりなか耳鼻咽喉科【2:診療所】【診療科目:耳鼻いんこう科_アレルギー科】京都府木津川市梅美台２－１０－１２" }, "geometry": { "type": "Point", "coordinates": [ 135.837319, 34.720364 ] } },
{ "type": "Feature", "properties": { "ID": "2622621000022", "正式名称": "オキュロフェイシャルクリニック京都", "機関区分": 2, "都道府県コード": 26, "市区町村コード": 106, "所在地": "京都府京都市下京区貞安前之町５８９　ＴＭ四条寺町ビル　４階", "緯度": 35.002817, "経度": 135.766832, "url": "https://www.iryou.teikyouseido.mhlw.go.jp/znk-web/juminkanja/S2430/initialize?prefCd=26&kikanCd=2621000022&kikanKbn=2", "url2": null, "内容": "オキュロフェイシャルクリニック京都【2:診療所】【診療科目:形成外科_美容外科_眼科】京都府京都市下京区貞安前之町５８９　ＴＭ四条寺町ビル　４階" }, "geometry": { "type": "Point", "coordinates": [ 135.766832, 35.002817 ] } },
{ "type": "Feature", "properties": { "ID": "2622621000023", "正式名称": "医療法人ひまわり会四条眼科クリニック", "機関区分": 2, "都道府県コード": 26, "市区町村コード": 106, "所在地": "京都府京都市下京区立売中之町１０４番地１井門四条ビル２階", "緯度": 35.00392, "経度": 135.763787, "url": "https://www.iryou.teikyouseido.mhlw.go.jp/znk-web/juminkanja/S2430/initialize?prefCd=26&kikanCd=2621000023&kikanKbn=2", "url2": null, "内容": "医療法人ひまわり会四条眼科クリニック【2:診療所】【診療科目:眼科】京都府京都市下京区立売中之町１０４番地１井門四条ビル２階" }, "geometry": { "type": "Point", "coordinates": [ 135.763787, 35.00392 ] } },
{ "type": "Feature", "properties": { "ID": "2622621000024", "正式名称": "医療法人財団康生会たけだ膠原病リウマチクリニック", "機関区分": 2, "都道府県コード": 26, "市区町村コード": 106, "所在地": "京都府京都市下京区東塩小路町６０６－３－２三旺京都駅前ビル１階", "緯度": 34.988123, "経度": 135.755671, "url": "https://www.iryou.teikyouseido.mhlw.go.jp/znk-web/juminkanja/S2430/initialize?prefCd=26&kikanCd=2621000024&kikanKbn=2", "url2": "https://www.takedahp.or.jp/group/clinic/meneki/access.html", "内容": "医療法人財団康生会たけだ膠原病リウマチクリニック【2:診療所】【診療科目:内科_循環器内科_外科_整形外科_リウマチ科】京都府京都市下京区東塩小路町６０６－３－２三旺京都駅前ビル１階" }, "geometry": { "type": "Point", "coordinates": [ 135.755671, 34.988123 ] } },
{ "type": "Feature", "properties": { "ID": "2622621000025", "正式名称": "社会医療法人太秦病院附属うずまさ第二診療所", "機関区分": 2, "都道府県コード": 26, "市区町村コード": 108, "所在地": "京都府京都市右京区嵯峨広沢南野町２６番の２の２", "緯度": 35.020204, "経度": 135.691781, "url": "https://www.iryou.teikyouseido.mhlw.go.jp/znk-web/juminkanja/S2430/initialize?prefCd=26&kikanCd=2621000025&kikanKbn=2", "url2": "https://www.uzumasa-hp.jp", "内容": "社会医療法人太秦病院附属うずまさ第二診療所【2:診療所】【診療科目:内科_呼吸器内科_消化器内科_神経内科_整形外科_形成外科_小児科_皮膚科】京都府京都市右京区嵯峨広沢南野町２６番の２の２" }, "geometry": { "type": "Point", "coordinates": [ 135.691781, 35.020204 ] } },
{ "type": "Feature", "properties": { "ID": "2622621000027", "正式名称": "医療法人緑風会　ヴァージンクリニック京都院", "機関区分": 2, "都道府県コード": 26, "市区町村コード": 104, "所在地": "京都府京都市中京区柳馬場東入大黒町７１イーグルコート京都六角雅心庵２階Ｆ号室", "緯度": 35.0074419, "経度": 135.7644825, "url": "https://www.iryou.teikyouseido.mhlw.go.jp/znk-web/juminkanja/S2430/initialize?prefCd=26&kikanCd=2621000027&kikanKbn=2", "url2": "v-clinic.jp", "内容": "医療法人緑風会　ヴァージンクリニック京都院【2:診療所】【診療科目:美容皮膚科】京都府京都市中京区柳馬場東入大黒町７１イーグルコート京都六角雅心庵２階Ｆ号室" }, "geometry": { "type": "Point", "coordinates": [ 135.764482500000014, 35.0074419 ] } },
{ "type": "Feature", "properties": { "ID": "2622621000028", "正式名称": "京都認知症総合センタークリニック", "機関区分": 2, "都道府県コード": 26, "市区町村コード": 204, "所在地": "京都府宇治市宇治里尻３６番３５", "緯度": 34.893156, "経度": 135.801337, "url": "https://www.iryou.teikyouseido.mhlw.go.jp/znk-web/juminkanja/S2430/initialize?prefCd=26&kikanCd=2621000028&kikanKbn=2", "url2": "https://www.takedahp.or.jp/group/welfare/kyotoninchisho/service/dementia.html", "内容": "京都認知症総合センタークリニック【2:診療所】【診療科目:内科_脳神経内科】京都府宇治市宇治里尻３６番３５" }, "geometry": { "type": "Point", "coordinates": [ 135.801337, 34.893156 ] } },
{ "type": "Feature", "properties": { "ID": "2622621000029", "正式名称": "わかぞの眼科", "機関区分": 2, "都道府県コード": 26, "市区町村コード": 106, "所在地": "京都府京都市下京区七条御所ノ内本町８９番地１クリニックモール西大路３階", "緯度": 34.9854159, "経度": 135.7329729, "url": "https://www.iryou.teikyouseido.mhlw.go.jp/znk-web/juminkanja/S2430/initialize?prefCd=26&kikanCd=2621000029&kikanKbn=2", "url2": null, "内容": "わかぞの眼科【2:診療所】【診療科目:眼科】京都府京都市下京区七条御所ノ内本町８９番地１クリニックモール西大路３階" }, "geometry": { "type": "Point", "coordinates": [ 135.7329729, 34.9854159 ] } },
{ "type": "Feature", "properties": { "ID": "2622621000030", "正式名称": "内科・消化器内科　ひらた医院", "機関区分": 2, "都道府県コード": 26, "市区町村コード": 110, "所在地": "京都府京都市山科区東野竹田１０番地６９", "緯度": 34.976472, "経度": 135.8047, "url": "https://www.iryou.teikyouseido.mhlw.go.jp/znk-web/juminkanja/S2430/initialize?prefCd=26&kikanCd=2621000030&kikanKbn=2", "url2": "https://hirataclinic-yamashina.jp/access.html", "内容": "内科・消化器内科　ひらた医院【2:診療所】【診療科目:内科_消化器内科】京都府京都市山科区東野竹田１０番地６９" }, "geometry": { "type": "Point", "coordinates": [ 135.8047, 34.976472 ] } },
{ "type": "Feature", "properties": { "ID": "2622621000031", "正式名称": "東京ノーストクリニック", "機関区分": 2, "都道府県コード": 26, "市区町村コード": 106, "所在地": "京都府京都市下京区東塩小路町５２０三ツ林ビル５Ｆ", "緯度": 34.987739, "経度": 135.758505, "url": "https://www.iryou.teikyouseido.mhlw.go.jp/znk-web/juminkanja/S2430/initialize?prefCd=26&kikanCd=2621000031&kikanKbn=2", "url2": null, "内容": "東京ノーストクリニック【2:診療所】【診療科目:形成外科_泌尿器科】京都府京都市下京区東塩小路町５２０三ツ林ビル５Ｆ" }, "geometry": { "type": "Point", "coordinates": [ 135.758505, 34.987739 ] } },
{ "type": "Feature", "properties": { "ID": "2622621000037", "正式名称": "しらす整形外科医院", "機関区分": 2, "都道府県コード": 26, "市区町村コード": 107, "所在地": "京都府京都市南区西九条開ケ町１２５番地３", "緯度": 34.979144, "経度": 135.752328, "url": "https://www.iryou.teikyouseido.mhlw.go.jp/znk-web/juminkanja/S2430/initialize?prefCd=26&kikanCd=2621000037&kikanKbn=2", "url2": "https://www.shirasu-seikei.com", "内容": "しらす整形外科医院【2:診療所】【診療科目:整形外科_リハビリテーション科】京都府京都市南区西九条開ケ町１２５番地３" }, "geometry": { "type": "Point", "coordinates": [ 135.752328, 34.979144 ] } },
{ "type": "Feature", "properties": { "ID": "2622621000041", "正式名称": "腎臓・泌尿器科髙田クリニック", "機関区分": 2, "都道府県コード": 26, "市区町村コード": 103, "所在地": "京都府京都市左京区下鴨北野々神町３４ミネ北山１階", "緯度": 35.051703, "経度": 135.772529, "url": "https://www.iryou.teikyouseido.mhlw.go.jp/znk-web/juminkanja/S2430/initialize?prefCd=26&kikanCd=2621000041&kikanKbn=2", "url2": "http://takadauroclinic.com/index.html", "内容": "腎臓・泌尿器科髙田クリニック【2:診療所】【診療科目:腎臓・泌尿器科】京都府京都市左京区下鴨北野々神町３４ミネ北山１階" }, "geometry": { "type": "Point", "coordinates": [ 135.772529, 35.051703 ] } },
{ "type": "Feature", "properties": { "ID": "2622621000045", "正式名称": "京都駅前ホリイ内科クリニック", "機関区分": 2, "都道府県コード": 26, "市区町村コード": 106, "所在地": "京都府京都市下京区東塩小路町７３５番地１京阪京都ビル７Ｆ", "緯度": 34.9887753, "経度": 135.7600582, "url": "https://www.iryou.teikyouseido.mhlw.go.jp/znk-web/juminkanja/S2430/initialize?prefCd=26&kikanCd=2621000045&kikanKbn=2", "url2": null, "内容": "京都駅前ホリイ内科クリニック【2:診療所】【診療科目:内科_糖尿病・内分泌内科_循環器内科_消化器内科_腎臓内科】京都府京都市下京区東塩小路町７３５番地１京阪京都ビル７Ｆ" }, "geometry": { "type": "Point", "coordinates": [ 135.7600582, 34.9887753 ] } },
{ "type": "Feature", "properties": { "ID": "2622621000046", "正式名称": "医療法人木下レディースクリニック　京都ＩＶＦクリニック", "機関区分": 2, "都道府県コード": 26, "市区町村コード": 106, "所在地": "京都府京都市下京区寺町通四条下る貞安前之町６１３番火除天満宮東風館ビル４階５階", "緯度": 35.003218, "経度": 135.76709, "url": "https://www.iryou.teikyouseido.mhlw.go.jp/znk-web/juminkanja/S2430/initialize?prefCd=26&kikanCd=2621000046&kikanKbn=2", "url2": "ivf-kyoto.com", "内容": "医療法人木下レディースクリニック　京都ＩＶＦクリニック【2:診療所】【診療科目:産婦人科（生殖医療）】京都府京都市下京区寺町通四条下る貞安前之町６１３番火除天満宮東風館ビル４階５階" }, "geometry": { "type": "Point", "coordinates": [ 135.76709, 35.003218 ] } },
{ "type": "Feature", "properties": { "ID": "2622621000047", "正式名称": "津田皮フ科医院", "機関区分": 2, "都道府県コード": 26, "市区町村コード": 102, "所在地": "京都府京都市上京区西上善寺町１９２", "緯度": 35.029842, "経度": 135.740492, "url": "https://www.iryou.teikyouseido.mhlw.go.jp/znk-web/juminkanja/S2430/initialize?prefCd=26&kikanCd=2621000047&kikanKbn=2", "url2": "https://tsuda-hifuka.jp/", "内容": "津田皮フ科医院【2:診療所】【診療科目:皮膚科】京都府京都市上京区西上善寺町１９２" }, "geometry": { "type": "Point", "coordinates": [ 135.740492, 35.029842 ] } },
{ "type": "Feature", "properties": { "ID": "2622621000048", "正式名称": "医療法人柳沢活道ヶ丘診療所たけうちファミリークリニック", "機関区分": 2, "都道府県コード": 26, "市区町村コード": 366, "所在地": "京都府相楽郡精華町狛田２丁目５ー５", "緯度": 34.779041, "経度": 135.79555, "url": "https://www.iryou.teikyouseido.mhlw.go.jp/znk-web/juminkanja/S2430/initialize?prefCd=26&kikanCd=2621000048&kikanKbn=2", "url2": "https://www.takeuchi-family-cl.com/", "内容": "医療法人柳沢活道ヶ丘診療所たけうちファミリークリニック【2:診療所】【診療科目:内科_小児科_小児外科】京都府相楽郡精華町狛田２丁目５ー５" }, "geometry": { "type": "Point", "coordinates": [ 135.79555, 34.779041 ] } },
{ "type": "Feature", "properties": { "ID": "2622621000051", "正式名称": "医療法人ＲＦＭ　ふくしま内科医院", "機関区分": 2, "都道府県コード": 26, "市区町村コード": 206, "所在地": "京都府亀岡市旅籠町２５番地１", "緯度": 35.009706, "経度": 135.580939, "url": "https://www.iryou.teikyouseido.mhlw.go.jp/znk-web/juminkanja/S2430/initialize?prefCd=26&kikanCd=2621000051&kikanKbn=2", "url2": "http://f-naika.net", "内容": "医療法人ＲＦＭ　ふくしま内科医院【2:診療所】【診療科目:内科_糖尿病内科_腎臓内科_リウマチ科】京都府亀岡市旅籠町２５番地１" }, "geometry": { "type": "Point", "coordinates": [ 135.580939, 35.009706 ] } },
{ "type": "Feature", "properties": { "ID": "2622621000055", "正式名称": "京都医療生活協同組合　中野眼科ホテルオークラ京都診療所", "機関区分": 2, "都道府県コード": 26, "市区町村コード": 104, "所在地": "京都府京都市中京区一之船入町５３７番地の４ホテルオークラ京都地下２階", "緯度": 35.011386, "経度": 135.769395, "url": "https://www.iryou.teikyouseido.mhlw.go.jp/znk-web/juminkanja/S2430/initialize?prefCd=26&kikanCd=2621000055&kikanKbn=2", "url2": null, "内容": "京都医療生活協同組合　中野眼科ホテルオークラ京都診療所【2:診療所】【診療科目:小児眼科_眼科_緑内障診療、コンタクトレンズ診療】京都府京都市中京区一之船入町５３７番地の４ホテルオークラ京都地下２階" }, "geometry": { "type": "Point", "coordinates": [ 135.769395, 35.011386 ] } },
{ "type": "Feature", "properties": { "ID": "2622621000060", "正式名称": "医療法人社団　日昇会　Ｄｒ．ＡＧＡクリニック　京都駅前院", "機関区分": 2, "都道府県コード": 26, "市区町村コード": 106, "所在地": "京都府京都市下京区東塩小路町７２０番地京都駅前駿河屋ビル２Ｆ", "緯度": 34.987766, "経度": 135.759484, "url": "https://www.iryou.teikyouseido.mhlw.go.jp/znk-web/juminkanja/S2430/initialize?prefCd=26&kikanCd=2621000060&kikanKbn=2", "url2": "https://drskinclinic.jp/", "内容": "医療法人社団　日昇会　Ｄｒ．ＡＧＡクリニック　京都駅前院【2:診療所】【診療科目:皮膚科_美容皮膚科】京都府京都市下京区東塩小路町７２０番地京都駅前駿河屋ビル２Ｆ" }, "geometry": { "type": "Point", "coordinates": [ 135.759484, 34.987766 ] } },
{ "type": "Feature", "properties": { "ID": "2622621000061", "正式名称": "医療法人社団青洛会　かみうち内科クリニック", "機関区分": 2, "都道府県コード": 26, "市区町村コード": 104, "所在地": "京都府京都市中京区西ノ京星池町２２２", "緯度": 35.01264, "経度": 135.741096, "url": "https://www.iryou.teikyouseido.mhlw.go.jp/znk-web/juminkanja/S2430/initialize?prefCd=26&kikanCd=2621000061&kikanKbn=2", "url2": "https://kamiuchidm-clinic.com/", "内容": "医療法人社団青洛会　かみうち内科クリニック【2:診療所】【診療科目:内科_糖尿病内科】京都府京都市中京区西ノ京星池町２２２" }, "geometry": { "type": "Point", "coordinates": [ 135.741096, 35.01264 ] } },
{ "type": "Feature", "properties": { "ID": "2622621000062", "正式名称": "医療法人虹樹会　まさよクリニック", "機関区分": 2, "都道府県コード": 26, "市区町村コード": 202, "所在地": "京都府舞鶴市倉谷向ノ丁１９３０番地１", "緯度": 35.442886, "経度": 135.333542, "url": "https://www.iryou.teikyouseido.mhlw.go.jp/znk-web/juminkanja/S2430/initialize?prefCd=26&kikanCd=2621000062&kikanKbn=2", "url2": "https://www.masayo-clinic.com/", "内容": "医療法人虹樹会　まさよクリニック【2:診療所】【診療科目:耳鼻いんこう科_アレルギー科】京都府舞鶴市倉谷向ノ丁１９３０番地１" }, "geometry": { "type": "Point", "coordinates": [ 135.333542, 35.442886 ] } },
{ "type": "Feature", "properties": { "ID": "2622621000064", "正式名称": "医療法人　中野こども医院", "機関区分": 2, "都道府県コード": 26, "市区町村コード": 104, "所在地": "京都府京都市中京区西ノ京冷泉町１番イオンスタイル西ノ京小町１階", "緯度": 35.015943, "経度": 135.734854, "url": "https://www.iryou.teikyouseido.mhlw.go.jp/znk-web/juminkanja/S2430/initialize?prefCd=26&kikanCd=2621000064&kikanKbn=2", "url2": "https://www.nakano-kodomo.jp/", "内容": "医療法人　中野こども医院【2:診療所】【診療科目:小児科】京都府京都市中京区西ノ京冷泉町１番イオンスタイル西ノ京小町１階" }, "geometry": { "type": "Point", "coordinates": [ 135.734854, 35.015943 ] } },
{ "type": "Feature", "properties": { "ID": "2622621000066", "正式名称": "医療法人社団十二会　ゴリラクリニック京都烏丸院", "機関区分": 2, "都道府県コード": 26, "市区町村コード": 104, "所在地": "京都府京都市中京区七観音町６３７インターワンプレイス烏丸ビル３Ｆ", "緯度": 35.006529, "経度": 135.759243, "url": "https://www.iryou.teikyouseido.mhlw.go.jp/znk-web/juminkanja/S2430/initialize?prefCd=26&kikanCd=2621000066&kikanKbn=2", "url2": "https://gorilla.clinic/clinic/kyoto_karasuma/", "内容": "医療法人社団十二会　ゴリラクリニック京都烏丸院【2:診療所】【診療科目:美容皮膚科】京都府京都市中京区七観音町６３７インターワンプレイス烏丸ビル３Ｆ" }, "geometry": { "type": "Point", "coordinates": [ 135.759243, 35.006529 ] } },
{ "type": "Feature", "properties": { "ID": "2622621000069", "正式名称": "村西循環器クリニック", "機関区分": 2, "都道府県コード": 26, "市区町村コード": 366, "所在地": "京都府相楽郡精華町狛田１－１３－１６スーパーサンフレッシュ狛田駅前モール", "緯度": 34.779852, "経度": 135.790385, "url": "https://www.iryou.teikyouseido.mhlw.go.jp/znk-web/juminkanja/S2430/initialize?prefCd=26&kikanCd=2621000069&kikanKbn=2", "url2": null, "内容": "村西循環器クリニック【2:診療所】【診療科目:内科_呼吸器内科_循環器内科】京都府相楽郡精華町狛田１－１３－１６スーパーサンフレッシュ狛田駅前モール" }, "geometry": { "type": "Point", "coordinates": [ 135.790385, 34.779852 ] } },
{ "type": "Feature", "properties": { "ID": "2622621000076", "正式名称": "医療法人　秋桜会　むらたファミリークリニック", "機関区分": 2, "都道府県コード": 26, "市区町村コード": 210, "所在地": "京都府八幡市男山石城８－１９", "緯度": 34.860028, "経度": 135.695089, "url": "https://www.iryou.teikyouseido.mhlw.go.jp/znk-web/juminkanja/S2430/initialize?prefCd=26&kikanCd=2621000076&kikanKbn=2", "url2": "murata-fc.com", "内容": "医療法人　秋桜会　むらたファミリークリニック【2:診療所】【診療科目:内科_消化器内科_小児科】京都府八幡市男山石城８－１９" }, "geometry": { "type": "Point", "coordinates": [ 135.695089, 34.860028 ] } },
{ "type": "Feature", "properties": { "ID": "2622621000078", "正式名称": "医療法人社団康生会　伏見ウェルネスクリニック", "機関区分": 2, "都道府県コード": 26, "市区町村コード": 109, "所在地": "京都府京都市伏見区京町４丁目１７０－１くれたけビル３階", "緯度": 34.933078, "経度": 135.764664, "url": "https://www.iryou.teikyouseido.mhlw.go.jp/znk-web/juminkanja/S2430/initialize?prefCd=26&kikanCd=2621000078&kikanKbn=2", "url2": null, "内容": "医療法人社団康生会　伏見ウェルネスクリニック【2:診療所】【診療科目:血管外科】京都府京都市伏見区京町４丁目１７０－１くれたけビル３階" }, "geometry": { "type": "Point", "coordinates": [ 135.764664, 34.933078 ] } },
{ "type": "Feature", "properties": { "ID": "2622621000079", "正式名称": "ＡＮＤ美容外科京都院", "機関区分": 2, "都道府県コード": 26, "市区町村コード": 106, "所在地": "京都府京都市下京区立売西町６８－２四条烏丸セントラルビル３階", "緯度": 35.0034418, "経度": 135.7616215, "url": "https://www.iryou.teikyouseido.mhlw.go.jp/znk-web/juminkanja/S2430/initialize?prefCd=26&kikanCd=2621000079&kikanKbn=2", "url2": "https://and-bg.com/", "内容": "ＡＮＤ美容外科京都院【2:診療所】【診療科目:美容外科_美容皮膚科_泌尿器科】京都府京都市下京区立売西町６８－２四条烏丸セントラルビル３階" }, "geometry": { "type": "Point", "coordinates": [ 135.7616215, 35.0034418 ] } },
{ "type": "Feature", "properties": { "ID": "2622621000080", "正式名称": "京都心療内科ゆうメンタルクリニック京都院", "機関区分": 2, "都道府県コード": 26, "市区町村コード": 106, "所在地": "京都府京都市下京区東塩小路町６１４５階", "緯度": 34.987505, "経度": 135.756414, "url": "https://www.iryou.teikyouseido.mhlw.go.jp/znk-web/juminkanja/S2430/initialize?prefCd=26&kikanCd=2621000080&kikanKbn=2", "url2": "https://kyoto.yuik.net/about/", "内容": "京都心療内科ゆうメンタルクリニック京都院【2:診療所】【診療科目:精神科_心療内科】京都府京都市下京区東塩小路町６１４５階" }, "geometry": { "type": "Point", "coordinates": [ 135.756414, 34.987505 ] } },
{ "type": "Feature", "properties": { "ID": "2622621000082", "正式名称": "医療法人平和の森　ピースホームケアクリニック京都", "機関区分": 2, "都道府県コード": 26, "市区町村コード": 110, "所在地": "京都府京都市山科区四ノ宮鎌手町１１番４３号", "緯度": 34.991212, "経度": 135.826924, "url": "https://www.iryou.teikyouseido.mhlw.go.jp/znk-web/juminkanja/S2430/initialize?prefCd=26&kikanCd=2621000082&kikanKbn=2", "url2": "https://peace-clinic.jp/", "内容": "医療法人平和の森　ピースホームケアクリニック京都【2:診療所】【診療科目:内科_緩和ケア内科】京都府京都市山科区四ノ宮鎌手町１１番４３号" }, "geometry": { "type": "Point", "coordinates": [ 135.826924, 34.991212 ] } },
{ "type": "Feature", "properties": { "ID": "2622621000083", "正式名称": "一般社団法人日本先進医療学会　四条烏丸こころやすらぎクリニック", "機関区分": 2, "都道府県コード": 26, "市区町村コード": 106, "所在地": "京都府京都市下京区四条通高倉西立売西町６８番地２四条烏丸セントラルビル５Ｆ", "緯度": 35.0034418, "経度": 135.7616215, "url": "https://www.iryou.teikyouseido.mhlw.go.jp/znk-web/juminkanja/S2430/initialize?prefCd=26&kikanCd=2621000083&kikanKbn=2", "url2": "https://kyoto-mental-clinic.jp/", "内容": "一般社団法人日本先進医療学会　四条烏丸こころやすらぎクリニック【2:診療所】【診療科目:精神科_心療内科】京都府京都市下京区四条通高倉西立売西町６８番地２四条烏丸セントラルビル５Ｆ" }, "geometry": { "type": "Point", "coordinates": [ 135.7616215, 35.0034418 ] } },
{ "type": "Feature", "properties": { "ID": "2622621000084", "正式名称": "スリープメディカルクリニック京都院", "機関区分": 2, "都道府県コード": 26, "市区町村コード": 106, "所在地": "京都府京都市下京区四条通柳馬場西入立売中之町１０５ＩＳＥビル京都５階", "緯度": 35.003724, "経度": 135.7632055, "url": "https://www.iryou.teikyouseido.mhlw.go.jp/znk-web/juminkanja/S2430/initialize?prefCd=26&kikanCd=2621000084&kikanKbn=2", "url2": null, "内容": "スリープメディカルクリニック京都院【2:診療所】【診療科目:睡眠外来】京都府京都市下京区四条通柳馬場西入立売中之町１０５ＩＳＥビル京都５階" }, "geometry": { "type": "Point", "coordinates": [ 135.7632055, 35.003724 ] } },
{ "type": "Feature", "properties": { "ID": "2622621000096", "正式名称": "医療法人三幸会　三幸会うずまさクリニック", "機関区分": 2, "都道府県コード": 26, "市区町村コード": 108, "所在地": "京都府京都市右京区太秦森ケ西町１２－３", "緯度": 35.015347, "経度": 135.710879, "url": "https://www.iryou.teikyouseido.mhlw.go.jp/znk-web/juminkanja/S2430/initialize?prefCd=26&kikanCd=2621000096&kikanKbn=2", "url2": "https://www.sankokai.jp/", "内容": "医療法人三幸会　三幸会うずまさクリニック【2:診療所】【診療科目:精神科_心療内科】京都府京都市右京区太秦森ケ西町１２－３" }, "geometry": { "type": "Point", "coordinates": [ 135.710879, 35.015347 ] } },
{ "type": "Feature", "properties": { "ID": "2622621000097", "正式名称": "まゆ脳神経外科クリニック", "機関区分": 2, "都道府県コード": 26, "市区町村コード": 109, "所在地": "京都府京都市伏見区桃山長岡越中南町５４－４", "緯度": 34.940686, "経度": 135.768647, "url": "https://www.iryou.teikyouseido.mhlw.go.jp/znk-web/juminkanja/S2430/initialize?prefCd=26&kikanCd=2621000097&kikanKbn=2", "url2": "https://www.mayu-neuro.com/", "内容": "まゆ脳神経外科クリニック【2:診療所】【診療科目:脳神経内科_脳神経外科】京都府京都市伏見区桃山長岡越中南町５４－４" }, "geometry": { "type": "Point", "coordinates": [ 135.768647, 34.940686 ] } },
{ "type": "Feature", "properties": { "ID": "2622621000098", "正式名称": "にしだ整形外科リハビリテーションクリニック", "機関区分": 2, "都道府県コード": 26, "市区町村コード": 111, "所在地": "京都府京都市西京区桂畑ケ田町６３桂クリニックビル３階", "緯度": 34.992374, "経度": 135.703283, "url": "https://www.iryou.teikyouseido.mhlw.go.jp/znk-web/juminkanja/S2430/initialize?prefCd=26&kikanCd=2621000098&kikanKbn=2", "url2": null, "内容": "にしだ整形外科リハビリテーションクリニック【2:診療所】【診療科目:整形外科_リハビリテーション科】京都府京都市西京区桂畑ケ田町６３桂クリニックビル３階" }, "geometry": { "type": "Point", "coordinates": [ 135.703283, 34.992374 ] } },
{ "type": "Feature", "properties": { "ID": "2622621000099", "正式名称": "医療法人心和会にしい内科クリニック京都紫竹院", "機関区分": 2, "都道府県コード": 26, "市区町村コード": 101, "所在地": "京都府京都市北区紫竹上梅ノ木町６０－３", "緯度": 35.047688, "経度": 135.75328, "url": "https://www.iryou.teikyouseido.mhlw.go.jp/znk-web/juminkanja/S2430/initialize?prefCd=26&kikanCd=2621000099&kikanKbn=2", "url2": null, "内容": "医療法人心和会にしい内科クリニック京都紫竹院【2:診療所】【診療科目:内科_循環器内科】京都府京都市北区紫竹上梅ノ木町６０－３" }, "geometry": { "type": "Point", "coordinates": [ 135.75328, 35.047688 ] } },
{ "type": "Feature", "properties": { "ID": "2622621000102", "正式名称": "医療法人さくらメディカル円町さくら眼科サテライトクリニック", "機関区分": 2, "都道府県コード": 26, "市区町村コード": 104, "所在地": "京都府京都市中京区西ノ京南上合町３５番地シンフォニー太子道", "緯度": 35.015276, "経度": 135.731641, "url": "https://www.iryou.teikyouseido.mhlw.go.jp/znk-web/juminkanja/S2430/initialize?prefCd=26&kikanCd=2621000102&kikanKbn=2", "url2": "https://emstc-sakura-eye.com/", "内容": "医療法人さくらメディカル円町さくら眼科サテライトクリニック【2:診療所】【診療科目:眼科】京都府京都市中京区西ノ京南上合町３５番地シンフォニー太子道" }, "geometry": { "type": "Point", "coordinates": [ 135.731641, 35.015276 ] } },
{ "type": "Feature", "properties": { "ID": "2622621000103", "正式名称": "医療法人　御所南はなこクリニック", "機関区分": 2, "都道府県コード": 26, "市区町村コード": 104, "所在地": "京都府京都市中京区大津町６４５", "緯度": 35.016319, "経度": 135.761515, "url": "https://www.iryou.teikyouseido.mhlw.go.jp/znk-web/juminkanja/S2430/initialize?prefCd=26&kikanCd=2621000103&kikanKbn=2", "url2": "https://hanako-cl.com/clinic/", "内容": "医療法人　御所南はなこクリニック【2:診療所】【診療科目:小児皮膚科_皮膚科_美容皮膚科】京都府京都市中京区大津町６４５" }, "geometry": { "type": "Point", "coordinates": [ 135.761515, 35.016319 ] } },
{ "type": "Feature", "properties": { "ID": "2622621000104", "正式名称": "一般社団法人なごみ会なごみクリニック", "機関区分": 2, "都道府県コード": 26, "市区町村コード": 104, "所在地": "京都府京都市中京区錦堀川町６５９京都松田ビル　３階", "緯度": 35.0038562, "経度": 135.7523021, "url": "https://www.iryou.teikyouseido.mhlw.go.jp/znk-web/juminkanja/S2430/initialize?prefCd=26&kikanCd=2621000104&kikanKbn=2", "url2": null, "内容": "一般社団法人なごみ会なごみクリニック【2:診療所】【診療科目:神経内科】京都府京都市中京区錦堀川町６５９京都松田ビル　３階" }, "geometry": { "type": "Point", "coordinates": [ 135.7523021, 35.0038562 ] } },
{ "type": "Feature", "properties": { "ID": "2622621000107", "正式名称": "ＡＧＡスキンクリニック京都河原町院", "機関区分": 2, "都道府県コード": 26, "市区町村コード": 106, "所在地": "京都府京都市下京区真町８８ユーイットゥ池善ビル４階", "緯度": 35.003539, "経度": 135.770127, "url": "https://www.iryou.teikyouseido.mhlw.go.jp/znk-web/juminkanja/S2430/initialize?prefCd=26&kikanCd=2621000107&kikanKbn=2", "url2": null, "内容": "ＡＧＡスキンクリニック京都河原町院【2:診療所】【診療科目:美容皮膚科_頭部皮膚科】京都府京都市下京区真町８８ユーイットゥ池善ビル４階" }, "geometry": { "type": "Point", "coordinates": [ 135.770127, 35.003539 ] } },
{ "type": "Feature", "properties": { "ID": "2622621000108", "正式名称": "医療法人社団イースト会　イースト駅前クリニック京都院", "機関区分": 2, "都道府県コード": 26, "市区町村コード": 106, "所在地": "京都府京都市下京区東塩小路町７２１－１", "緯度": 34.987544, "経度": 135.759217, "url": "https://www.iryou.teikyouseido.mhlw.go.jp/znk-web/juminkanja/S2430/initialize?prefCd=26&kikanCd=2621000108&kikanKbn=2", "url2": null, "内容": "医療法人社団イースト会　イースト駅前クリニック京都院【2:診療所】【診療科目:内科_皮膚科_泌尿器科】京都府京都市下京区東塩小路町７２１－１" }, "geometry": { "type": "Point", "coordinates": [ 135.759217, 34.987544 ] } },
{ "type": "Feature", "properties": { "ID": "2622621000109", "正式名称": "ごうどクリニック京都駅前院", "機関区分": 2, "都道府県コード": 26, "市区町村コード": 106, "所在地": "京都府京都市下京区東塩小路町７３５－１京阪京都ビル３Ｆ", "緯度": 34.988775, "経度": 135.760058, "url": "https://www.iryou.teikyouseido.mhlw.go.jp/znk-web/juminkanja/S2430/initialize?prefCd=26&kikanCd=2621000109&kikanKbn=2", "url2": "https://gourdclinic.jp/", "内容": "ごうどクリニック京都駅前院【2:診療所】【診療科目:婦人科_産婦人科（生殖医療）】京都府京都市下京区東塩小路町７３５－１京阪京都ビル３Ｆ" }, "geometry": { "type": "Point", "coordinates": [ 135.760058, 34.988775 ] } },
{ "type": "Feature", "properties": { "ID": "2622621000112", "正式名称": "京都トラベルＩＤクリニック", "機関区分": 2, "都道府県コード": 26, "市区町村コード": 106, "所在地": "京都府京都市下京区函谷鉾町７７ＭＯＫＵ　ＫＹＯＴＯ　５Ｆ", "緯度": 35.003771, "経度": 135.759058, "url": "https://www.iryou.teikyouseido.mhlw.go.jp/znk-web/juminkanja/S2430/initialize?prefCd=26&kikanCd=2621000112&kikanKbn=2", "url2": "https://www.kyoto-clinic.com/", "内容": "京都トラベルＩＤクリニック【2:診療所】【診療科目:内科_感染症内科_性感染症内科】京都府京都市下京区函谷鉾町７７ＭＯＫＵ　ＫＹＯＴＯ　５Ｆ" }, "geometry": { "type": "Point", "coordinates": [ 135.759058, 35.003771 ] } },
{ "type": "Feature", "properties": { "ID": "2622621000127", "正式名称": "医療法人悠仁会百万遍クリニック", "機関区分": 2, "都道府県コード": 26, "市区町村コード": 103, "所在地": "京都府京都市左京区田中門前町１０３－５京都パストゥール研究所ビル１階", "緯度": 35.0306041, "経度": 135.7801075, "url": "https://www.iryou.teikyouseido.mhlw.go.jp/znk-web/juminkanja/S2430/initialize?prefCd=26&kikanCd=2621000127&kikanKbn=2", "url2": null, "内容": "医療法人悠仁会百万遍クリニック【2:診療所】【診療科目:内科_乳腺・内分泌外科_整形外科_リハビリテーション科_放射線科】京都府京都市左京区田中門前町１０３－５京都パストゥール研究所ビル１階" }, "geometry": { "type": "Point", "coordinates": [ 135.780107500000014, 35.0306041 ] } },
{ "type": "Feature", "properties": { "ID": "2622621000129", "正式名称": "かわむら内科クリニック", "機関区分": 2, "都道府県コード": 26, "市区町村コード": 204, "所在地": "京都府宇治市広野町西裏９９", "緯度": 34.873653, "経度": 135.777375, "url": "https://www.iryou.teikyouseido.mhlw.go.jp/znk-web/juminkanja/S2430/initialize?prefCd=26&kikanCd=2621000129&kikanKbn=2", "url2": "https://www.kawamura-int.com/access", "内容": "かわむら内科クリニック【2:診療所】【診療科目:内科_腎臓内科】京都府宇治市広野町西裏９９" }, "geometry": { "type": "Point", "coordinates": [ 135.777375, 34.873653 ] } },
{ "type": "Feature", "properties": { "ID": "2622621000130", "正式名称": "くりた内科・内視鏡クリニック", "機関区分": 2, "都道府県コード": 26, "市区町村コード": 106, "所在地": "京都府京都市下京区綾大宮町６２シェルブリュー四条大宮１階", "緯度": 35.001558, "経度": 135.748808, "url": "https://www.iryou.teikyouseido.mhlw.go.jp/znk-web/juminkanja/S2430/initialize?prefCd=26&kikanCd=2621000130&kikanKbn=2", "url2": "https://www.kurita-naika.jp/", "内容": "くりた内科・内視鏡クリニック【2:診療所】【診療科目:内科_感染症内科_性感染症内科_糖尿病内科_内分泌内科_脂質代謝内科_糖尿病・代謝内科_代謝・内分泌内科_脳神経内科_呼吸器内科_老年・呼吸器内科_気管食道内科_循環器内科_心臓内科_消化器内科_胃腸内科_腎臓内科_肝臓内科_老年内科_内視鏡内科】京都府京都市下京区綾大宮町６２シェルブリュー四条大宮１階" }, "geometry": { "type": "Point", "coordinates": [ 135.748808, 35.001558 ] } },
{ "type": "Feature", "properties": { "ID": "2622621000131", "正式名称": "医療法人たむら耳鼻咽喉科", "機関区分": 2, "都道府県コード": 26, "市区町村コード": 214, "所在地": "京都府木津川市城山台７ー４３ー４", "緯度": 34.733238, "経度": 135.832357, "url": "https://www.iryou.teikyouseido.mhlw.go.jp/znk-web/juminkanja/S2430/initialize?prefCd=26&kikanCd=2621000131&kikanKbn=2", "url2": "https://ent-tamura.com", "内容": "医療法人たむら耳鼻咽喉科【2:診療所】【診療科目:耳鼻いんこう科】京都府木津川市城山台７ー４３ー４" }, "geometry": { "type": "Point", "coordinates": [ 135.832357, 34.733238 ] } },
{ "type": "Feature", "properties": { "ID": "2622621000137", "正式名称": "リフィルクリニック京都", "機関区分": 2, "都道府県コード": 26, "市区町村コード": 106, "所在地": "京都府京都市下京区永原町１４８番地１アイカーサ柳馬場５階", "緯度": 35.0021904, "経度": 135.7640849, "url": "https://www.iryou.teikyouseido.mhlw.go.jp/znk-web/juminkanja/S2430/initialize?prefCd=26&kikanCd=2621000137&kikanKbn=2", "url2": null, "内容": "リフィルクリニック京都【2:診療所】【診療科目:皮膚科_美容皮膚科】京都府京都市下京区永原町１４８番地１アイカーサ柳馬場５階" }, "geometry": { "type": "Point", "coordinates": [ 135.7640849, 35.0021904 ] } },
{ "type": "Feature", "properties": { "ID": "2622621000140", "正式名称": "下里医院", "機関区分": 2, "都道府県コード": 26, "市区町村コード": 366, "所在地": "京都府相楽郡精華町山田下川原２２番地２", "緯度": 34.737092, "経度": 135.792375, "url": "https://www.iryou.teikyouseido.mhlw.go.jp/znk-web/juminkanja/S2430/initialize?prefCd=26&kikanCd=2621000140&kikanKbn=2", "url2": null, "内容": "下里医院【2:診療所】【診療科目:内科_婦人科_麻酔科】京都府相楽郡精華町山田下川原２２番地２" }, "geometry": { "type": "Point", "coordinates": [ 135.792375, 34.737092 ] } },
{ "type": "Feature", "properties": { "ID": "2622621000144", "正式名称": "いとう内科クリニック", "機関区分": 2, "都道府県コード": 26, "市区町村コード": 105, "所在地": "京都府京都市東山区泉涌寺雀ケ森町５－５", "緯度": 34.982, "経度": 135.772926, "url": "https://www.iryou.teikyouseido.mhlw.go.jp/znk-web/juminkanja/S2430/initialize?prefCd=26&kikanCd=2621000144&kikanKbn=2", "url2": "https://ito-heart.com/", "内容": "いとう内科クリニック【2:診療所】【診療科目:内科_循環器内科】京都府京都市東山区泉涌寺雀ケ森町５－５" }, "geometry": { "type": "Point", "coordinates": [ 135.772926, 34.982 ] } },
{ "type": "Feature", "properties": { "ID": "2622621000146", "正式名称": "やすい山ノ内クリニック", "機関区分": 2, "都道府県コード": 26, "市区町村コード": 108, "所在地": "京都府京都市右京区山ノ内五反田町９－１御池かどのビル２階", "緯度": 35.010687, "経度": 135.720583, "url": "https://www.iryou.teikyouseido.mhlw.go.jp/znk-web/juminkanja/S2430/initialize?prefCd=26&kikanCd=2621000146&kikanKbn=2", "url2": null, "内容": "やすい山ノ内クリニック【2:診療所】【診療科目:内科_循環器内科】京都府京都市右京区山ノ内五反田町９－１御池かどのビル２階" }, "geometry": { "type": "Point", "coordinates": [ 135.720583, 35.010687 ] } },
{ "type": "Feature", "properties": { "ID": "2622621000147", "正式名称": "医療法人てとて診療所西見内科", "機関区分": 2, "都道府県コード": 26, "市区町村コード": 107, "所在地": "京都府京都市南区吉祥院里ノ内町８３", "緯度": 34.972406, "経度": 135.732383, "url": "https://www.iryou.teikyouseido.mhlw.go.jp/znk-web/juminkanja/S2430/initialize?prefCd=26&kikanCd=2621000147&kikanKbn=2", "url2": "https://www.tetote-mc.jp/", "内容": "医療法人てとて診療所西見内科【2:診療所】【診療科目:内科】京都府京都市南区吉祥院里ノ内町８３" }, "geometry": { "type": "Point", "coordinates": [ 135.732383, 34.972406 ] } },
{ "type": "Feature", "properties": { "ID": "2622621000157", "正式名称": "舞鶴市休日急病診療所", "機関区分": 2, "都道府県コード": 26, "市区町村コード": 202, "所在地": "京都府舞鶴市行永２２６０番地２", "緯度": 35.458708, "経度": 135.400958, "url": "https://www.iryou.teikyouseido.mhlw.go.jp/znk-web/juminkanja/S2430/initialize?prefCd=26&kikanCd=2621000157&kikanKbn=2", "url2": null, "内容": "舞鶴市休日急病診療所【2:診療所】【診療科目:内科】京都府舞鶴市行永２２６０番地２" }, "geometry": { "type": "Point", "coordinates": [ 135.400958, 35.458708 ] } },
{ "type": "Feature", "properties": { "ID": "2622621000160", "正式名称": "かわべ御池こどもクリニック", "機関区分": 2, "都道府県コード": 26, "市区町村コード": 104, "所在地": "京都府京都市中京区上白山町２５２番地グランドメゾン京都御池通１階", "緯度": 35.011233, "経度": 135.765501, "url": "https://www.iryou.teikyouseido.mhlw.go.jp/znk-web/juminkanja/S2430/initialize?prefCd=26&kikanCd=2621000160&kikanKbn=2", "url2": "https://kawabe-kids.com/", "内容": "かわべ御池こどもクリニック【2:診療所】【診療科目:内分泌内科_小児科_アレルギー科】京都府京都市中京区上白山町２５２番地グランドメゾン京都御池通１階" }, "geometry": { "type": "Point", "coordinates": [ 135.765501, 35.011233 ] } },
{ "type": "Feature", "properties": { "ID": "2622621000164", "正式名称": "大宮あおき内科クリニック", "機関区分": 2, "都道府県コード": 26, "市区町村コード": 104, "所在地": "京都府京都市中京区錦大宮町１２１大宮阪急ビル３階", "緯度": 35.003917, "経度": 135.749211, "url": "https://www.iryou.teikyouseido.mhlw.go.jp/znk-web/juminkanja/S2430/initialize?prefCd=26&kikanCd=2621000164&kikanKbn=2", "url2": null, "内容": "大宮あおき内科クリニック【2:診療所】【診療科目:内科_循環器内科】京都府京都市中京区錦大宮町１２１大宮阪急ビル３階" }, "geometry": { "type": "Point", "coordinates": [ 135.749211, 35.003917 ] } },
{ "type": "Feature", "properties": { "ID": "2622621000175", "正式名称": "医療法人社団　医泉会　小川医院", "機関区分": 2, "都道府県コード": 26, "市区町村コード": 210, "所在地": "京都府八幡市男山泉２番地１", "緯度": 34.864433, "経度": 135.694381, "url": "https://www.iryou.teikyouseido.mhlw.go.jp/znk-web/juminkanja/S2430/initialize?prefCd=26&kikanCd=2621000175&kikanKbn=2", "url2": null, "内容": "医療法人社団　医泉会　小川医院【2:診療所】【診療科目:内科】京都府八幡市男山泉２番地１" }, "geometry": { "type": "Point", "coordinates": [ 135.694381, 34.864433 ] } },
{ "type": "Feature", "properties": { "ID": "2622621000176", "正式名称": "聚楽　うしじまクリニック", "機関区分": 2, "都道府県コード": 26, "市区町村コード": 104, "所在地": "京都府京都市中京区聚楽廻南町４１－２", "緯度": 35.01479, "経度": 135.742761, "url": "https://www.iryou.teikyouseido.mhlw.go.jp/znk-web/juminkanja/S2430/initialize?prefCd=26&kikanCd=2621000176&kikanKbn=2", "url2": "https://www.ushijima-clinic.com/", "内容": "聚楽　うしじまクリニック【2:診療所】【診療科目:耳鼻いんこう科_アレルギー科】京都府京都市中京区聚楽廻南町４１－２" }, "geometry": { "type": "Point", "coordinates": [ 135.742761, 35.01479 ] } },
{ "type": "Feature", "properties": { "ID": "2622621000177", "正式名称": "医療法人緑祐会　松原医院", "機関区分": 2, "都道府県コード": 26, "市区町村コード": 111, "所在地": "京都府京都市西京区桂木ノ下町３３番地１４", "緯度": 34.980331, "経度": 135.707444, "url": "https://www.iryou.teikyouseido.mhlw.go.jp/znk-web/juminkanja/S2430/initialize?prefCd=26&kikanCd=2621000177&kikanKbn=2", "url2": "matsubaraiin.jimdofree.com", "内容": "医療法人緑祐会　松原医院【2:診療所】【診療科目:内科_循環器内科_消化器内科】京都府京都市西京区桂木ノ下町３３番地１４" }, "geometry": { "type": "Point", "coordinates": [ 135.707444, 34.980331 ] } },
{ "type": "Feature", "properties": { "ID": "2622621000180", "正式名称": "医療法人心葉会　林こころのクリニック", "機関区分": 2, "都道府県コード": 26, "市区町村コード": 214, "所在地": "京都府木津川市木津駅前一丁目２３番地フロント木津２階", "緯度": 34.736312, "経度": 135.823803, "url": "https://www.iryou.teikyouseido.mhlw.go.jp/znk-web/juminkanja/S2430/initialize?prefCd=26&kikanCd=2621000180&kikanKbn=2", "url2": "https://www.hayashi-kokoro.jp/", "内容": "医療法人心葉会　林こころのクリニック【2:診療所】【診療科目:精神科_心療内科】京都府木津川市木津駅前一丁目２３番地フロント木津２階" }, "geometry": { "type": "Point", "coordinates": [ 135.823803, 34.736312 ] } },
{ "type": "Feature", "properties": { "ID": "2622621000195", "正式名称": "医療法人さわい内科医院", "機関区分": 2, "都道府県コード": 26, "市区町村コード": 211, "所在地": "京都府京田辺市花住坂一丁目６５番地１３", "緯度": 34.829231, "経度": 135.735842, "url": "https://www.iryou.teikyouseido.mhlw.go.jp/znk-web/juminkanja/S2430/initialize?prefCd=26&kikanCd=2621000195&kikanKbn=2", "url2": "httpps://www.sawai-naika.com", "内容": "医療法人さわい内科医院【2:診療所】【診療科目:内科】京都府京田辺市花住坂一丁目６５番地１３" }, "geometry": { "type": "Point", "coordinates": [ 135.735842, 34.829231 ] } },
{ "type": "Feature", "properties": { "ID": "2622621000199", "正式名称": "どいキッズクリニック", "機関区分": 2, "都道府県コード": 26, "市区町村コード": 202, "所在地": "京都府舞鶴市浜４５１番地２", "緯度": 35.474581, "経度": 135.396806, "url": "https://www.iryou.teikyouseido.mhlw.go.jp/znk-web/juminkanja/S2430/initialize?prefCd=26&kikanCd=2621000199&kikanKbn=2", "url2": "https://www.muchi-kids.jp", "内容": "どいキッズクリニック【2:診療所】【診療科目:小児科_循環器小児科_アレルギー科】京都府舞鶴市浜４５１番地２" }, "geometry": { "type": "Point", "coordinates": [ 135.396806, 35.474581 ] } },
{ "type": "Feature", "properties": { "ID": "2622621000200", "正式名称": "みずもと内視鏡・消化器内科クリニック", "機関区分": 2, "都道府県コード": 26, "市区町村コード": 109, "所在地": "京都府京都市伏見区深草直違橋北４６０ー１ツルハドラッグ２階", "緯度": 34.953854, "経度": 135.771554, "url": "https://www.iryou.teikyouseido.mhlw.go.jp/znk-web/juminkanja/S2430/initialize?prefCd=26&kikanCd=2621000200&kikanKbn=2", "url2": "https://mizumotoclinic.com/", "内容": "みずもと内視鏡・消化器内科クリニック【2:診療所】【診療科目:内科_消化器内科_内視鏡内科】京都府京都市伏見区深草直違橋北４６０ー１ツルハドラッグ２階" }, "geometry": { "type": "Point", "coordinates": [ 135.771554, 34.953854 ] } },
{ "type": "Feature", "properties": { "ID": "2622621000213", "正式名称": "医療法人創夢会　きょうと駅うえ眼科クリニック", "機関区分": 2, "都道府県コード": 26, "市区町村コード": 106, "所在地": "京都府京都市下京区東塩小路町９０１京都駅ビル内　ホテルグランヴィア京都７階", "緯度": 34.9858585, "経度": 135.7589822, "url": "https://www.iryou.teikyouseido.mhlw.go.jp/znk-web/juminkanja/S2430/initialize?prefCd=26&kikanCd=2621000213&kikanKbn=2", "url2": "https://www.dreamclinic.org/kyoto/", "内容": "医療法人創夢会　きょうと駅うえ眼科クリニック【2:診療所】【診療科目:眼科】京都府京都市下京区東塩小路町９０１京都駅ビル内　ホテルグランヴィア京都７階" }, "geometry": { "type": "Point", "coordinates": [ 135.7589822, 34.9858585 ] } },
{ "type": "Feature", "properties": { "ID": "2622621000220", "正式名称": "医療法人河合敬一皮膚科医院", "機関区分": 2, "都道府県コード": 26, "市区町村コード": 108, "所在地": "京都府京都市右京区西院高田町２４パデシオン西院１階２号室", "緯度": 34.9980098, "経度": 135.7325936, "url": "https://www.iryou.teikyouseido.mhlw.go.jp/znk-web/juminkanja/S2430/initialize?prefCd=26&kikanCd=2621000220&kikanKbn=2", "url2": "https://happyend.ptu.jp/", "内容": "医療法人河合敬一皮膚科医院【2:診療所】【診療科目:皮膚科】京都府京都市右京区西院高田町２４パデシオン西院１階２号室" }, "geometry": { "type": "Point", "coordinates": [ 135.7325936, 34.9980098 ] } },
{ "type": "Feature", "properties": { "ID": "2622621000221", "正式名称": "まつもと内科クリニック", "機関区分": 2, "都道府県コード": 26, "市区町村コード": 103, "所在地": "京都府京都市左京区岩倉南四ノ坪町６１番地", "緯度": 35.065159, "経度": 135.783157, "url": "https://www.iryou.teikyouseido.mhlw.go.jp/znk-web/juminkanja/S2430/initialize?prefCd=26&kikanCd=2621000221&kikanKbn=2", "url2": "http://www.medic-grp.co.jp/doctor/sanae/info.html", "内容": "まつもと内科クリニック【2:診療所】【診療科目:内科_循環器内科_小児科】京都府京都市左京区岩倉南四ノ坪町６１番地" }, "geometry": { "type": "Point", "coordinates": [ 135.783157, 35.065159 ] } },
{ "type": "Feature", "properties": { "ID": "2622621000242", "正式名称": "医療法人　実楓　かたやまクリニック", "機関区分": 2, "都道府県コード": 26, "市区町村コード": 210, "所在地": "京都府八幡市欽明台中央５５－６", "緯度": 34.83437, "経度": 135.720013, "url": "https://www.iryou.teikyouseido.mhlw.go.jp/znk-web/juminkanja/S2430/initialize?prefCd=26&kikanCd=2621000242&kikanKbn=2", "url2": null, "内容": "医療法人　実楓　かたやまクリニック【2:診療所】【診療科目:内科_呼吸器内科_アレルギー疾患内科】京都府八幡市欽明台中央５５－６" }, "geometry": { "type": "Point", "coordinates": [ 135.720013, 34.83437 ] } },
{ "type": "Feature", "properties": { "ID": "2622621000248", "正式名称": "社会福祉法人京都社会事業財団にしがも透析クリニック", "機関区分": 2, "都道府県コード": 26, "市区町村コード": 101, "所在地": "京都府京都市北区大宮西山ノ前町３－１", "緯度": 35.058703, "経度": 135.740539, "url": "https://www.iryou.teikyouseido.mhlw.go.jp/znk-web/juminkanja/S2430/initialize?prefCd=26&kikanCd=2621000248&kikanKbn=2", "url2": "https://nishigamo-hdc.jp", "内容": "社会福祉法人京都社会事業財団にしがも透析クリニック【2:診療所】【診療科目:泌尿器科】京都府京都市北区大宮西山ノ前町３－１" }, "geometry": { "type": "Point", "coordinates": [ 135.740539, 35.058703 ] } },
{ "type": "Feature", "properties": { "ID": "2622621000261", "正式名称": "寺澤皮ふ科医院", "機関区分": 2, "都道府県コード": 26, "市区町村コード": 213, "所在地": "京都府南丹市園部町美園町６号１９－２", "緯度": 35.109285, "経度": 135.473357, "url": "https://www.iryou.teikyouseido.mhlw.go.jp/znk-web/juminkanja/S2430/initialize?prefCd=26&kikanCd=2621000261&kikanKbn=2", "url2": null, "内容": "寺澤皮ふ科医院【2:診療所】【診療科目:皮膚科】京都府南丹市園部町美園町６号１９－２" }, "geometry": { "type": "Point", "coordinates": [ 135.473357, 35.109285 ] } },
{ "type": "Feature", "properties": { "ID": "2622621000262", "正式名称": "医療法人中林こどもクリニック", "機関区分": 2, "都道府県コード": 26, "市区町村コード": 103, "所在地": "京都府京都市左京区岩倉北平岡町２４", "緯度": 35.068194, "経度": 135.777239, "url": "https://www.iryou.teikyouseido.mhlw.go.jp/znk-web/juminkanja/S2430/initialize?prefCd=26&kikanCd=2621000262&kikanKbn=2", "url2": "http://nakabayashi-kodomo.com", "内容": "医療法人中林こどもクリニック【2:診療所】【診療科目:小児科_アレルギー科】京都府京都市左京区岩倉北平岡町２４" }, "geometry": { "type": "Point", "coordinates": [ 135.777239, 35.068194 ] } },
{ "type": "Feature", "properties": { "ID": "2622621000279", "正式名称": "一般社団法人リカレ協会　四条烏丸駅前メンタルクリニック", "機関区分": 2, "都道府県コード": 26, "市区町村コード": 106, "所在地": "京都府京都市下京区立売西町６６番地京都証券ビル８階８０１号室", "緯度": 35.003978, "経度": 135.761636, "url": "https://www.iryou.teikyouseido.mhlw.go.jp/znk-web/juminkanja/S2430/initialize?prefCd=26&kikanCd=2621000279&kikanKbn=2", "url2": "https://anycure.jp/clinics/shijo_karasuma/?utm_source=google&utm_medium=organic&utm_campaign=navii", "内容": "一般社団法人リカレ協会　四条烏丸駅前メンタルクリニック【2:診療所】【診療科目:精神科_心療内科】京都府京都市下京区立売西町６６番地京都証券ビル８階８０１号室" }, "geometry": { "type": "Point", "coordinates": [ 135.761636, 35.003978 ] } },
{ "type": "Feature", "properties": { "ID": "2622621000282", "正式名称": "白波瀬医院", "機関区分": 2, "都道府県コード": 26, "市区町村コード": 101, "所在地": "京都府京都市北区西賀茂水垣町３０番地３", "緯度": 35.062926, "経度": 135.744192, "url": "https://www.iryou.teikyouseido.mhlw.go.jp/znk-web/juminkanja/S2430/initialize?prefCd=26&kikanCd=2621000282&kikanKbn=2", "url2": null, "内容": "白波瀬医院【2:診療所】【診療科目:感染症内科_糖尿病・内分泌内科_呼吸器内科_消化器内科_肝臓内科_アレルギー科】京都府京都市北区西賀茂水垣町３０番地３" }, "geometry": { "type": "Point", "coordinates": [ 135.744192, 35.062926 ] } },
{ "type": "Feature", "properties": { "ID": "2622621000295", "正式名称": "かわの内科クリニック", "機関区分": 2, "都道府県コード": 26, "市区町村コード": 206, "所在地": "京都府亀岡市追分町馬場通２１－１７浅田ビル一階", "緯度": 35.015306, "経度": 135.580858, "url": "https://www.iryou.teikyouseido.mhlw.go.jp/znk-web/juminkanja/S2430/initialize?prefCd=26&kikanCd=2621000295&kikanKbn=2", "url2": "https://kawano-naika.net", "内容": "かわの内科クリニック【2:診療所】【診療科目:内科_呼吸器内科】京都府亀岡市追分町馬場通２１－１７浅田ビル一階" }, "geometry": { "type": "Point", "coordinates": [ 135.580858, 35.015306 ] } },
{ "type": "Feature", "properties": { "ID": "2622621000299", "正式名称": "医療法人やだ消化器内視鏡クリニック", "機関区分": 2, "都道府県コード": 26, "市区町村コード": 110, "所在地": "京都府京都市山科区竹鼻竹ノ街道町３３－１", "緯度": 34.989668, "経度": 135.816796, "url": "https://www.iryou.teikyouseido.mhlw.go.jp/znk-web/juminkanja/S2430/initialize?prefCd=26&kikanCd=2621000299&kikanKbn=2", "url2": "https://yadaclinic.com/", "内容": "医療法人やだ消化器内視鏡クリニック【2:診療所】【診療科目:内科_消化器内科_胃腸内科_肝臓内科_内視鏡内科】京都府京都市山科区竹鼻竹ノ街道町３３－１" }, "geometry": { "type": "Point", "coordinates": [ 135.816796, 34.989668 ] } },
{ "type": "Feature", "properties": { "ID": "2622621000301", "正式名称": "医療法人社団　医善会　にしはら耳鼻咽喉科　北野院", "機関区分": 2, "都道府県コード": 26, "市区町村コード": 102, "所在地": "京都府京都市上京区末之口町４４１－１", "緯度": 35.028354, "経度": 135.739021, "url": "https://www.iryou.teikyouseido.mhlw.go.jp/znk-web/juminkanja/S2430/initialize?prefCd=26&kikanCd=2621000301&kikanKbn=2", "url2": "https://nishihara-kyotokitano.com/", "内容": "医療法人社団　医善会　にしはら耳鼻咽喉科　北野院【2:診療所】【診療科目:耳鼻いんこう科】京都府京都市上京区末之口町４４１－１" }, "geometry": { "type": "Point", "coordinates": [ 135.739021, 35.028354 ] } },
{ "type": "Feature", "properties": { "ID": "2622621000314", "正式名称": "ゆやまクリニック", "機関区分": 2, "都道府県コード": 26, "市区町村コード": 208, "所在地": "京都府向日市寺戸町七ノ坪１００番地ジオ阪急洛西口ノースレジデンス１Ｆ", "緯度": 34.9632276, "経度": 135.7038916, "url": "https://www.iryou.teikyouseido.mhlw.go.jp/znk-web/juminkanja/S2430/initialize?prefCd=26&kikanCd=2621000314&kikanKbn=2", "url2": "yuyamaclinic.com", "内容": "ゆやまクリニック【2:診療所】【診療科目:内科_循環器内科】京都府向日市寺戸町七ノ坪１００番地ジオ阪急洛西口ノースレジデンス１Ｆ" }, "geometry": { "type": "Point", "coordinates": [ 135.7038916, 34.9632276 ] } },
{ "type": "Feature", "properties": { "ID": "2622621000321", "正式名称": "京都烏丸駅前皮フ科スキンクリニック・クリニーク京都烏丸", "機関区分": 2, "都道府県コード": 26, "市区町村コード": 106, "所在地": "京都府京都市下京区立売中之町９２番地ＡＯＫＩビル３Ｆ", "緯度": 35.00345, "経度": 135.763097, "url": "https://www.iryou.teikyouseido.mhlw.go.jp/znk-web/juminkanja/S2430/initialize?prefCd=26&kikanCd=2621000321&kikanKbn=2", "url2": null, "内容": "京都烏丸駅前皮フ科スキンクリニック・クリニーク京都烏丸【2:診療所】【診療科目:内科_形成外科_美容外科_皮膚科_美容皮膚科】京都府京都市下京区立売中之町９２番地ＡＯＫＩビル３Ｆ" }, "geometry": { "type": "Point", "coordinates": [ 135.763097, 35.00345 ] } },
{ "type": "Feature", "properties": { "ID": "2622621000322", "正式名称": "閑啓太郎クリニック", "機関区分": 2, "都道府県コード": 26, "市区町村コード": 101, "所在地": "京都府京都市北区紫竹上竹殿町４４新生ビルテナントＡ", "緯度": 35.053447, "経度": 135.748533, "url": "https://www.iryou.teikyouseido.mhlw.go.jp/znk-web/juminkanja/S2430/initialize?prefCd=26&kikanCd=2621000322&kikanKbn=2", "url2": null, "内容": "閑啓太郎クリニック【2:診療所】【診療科目:消化器内科_外科】京都府京都市北区紫竹上竹殿町４４新生ビルテナントＡ" }, "geometry": { "type": "Point", "coordinates": [ 135.748533, 35.053447 ] } },
{ "type": "Feature", "properties": { "ID": "2622621000324", "正式名称": "田村眼科医院", "機関区分": 2, "都道府県コード": 26, "市区町村コード": 208, "所在地": "京都府向日市上植野町馬立２０－２", "緯度": 34.938931, "経度": 135.699974, "url": "https://www.iryou.teikyouseido.mhlw.go.jp/znk-web/juminkanja/S2430/initialize?prefCd=26&kikanCd=2621000324&kikanKbn=2", "url2": null, "内容": "田村眼科医院【2:診療所】【診療科目:眼科】京都府向日市上植野町馬立２０－２" }, "geometry": { "type": "Point", "coordinates": [ 135.699974, 34.938931 ] } },
{ "type": "Feature", "properties": { "ID": "2622621000325", "正式名称": "医療法人　小山内科医院", "機関区分": 2, "都道府県コード": 26, "市区町村コード": 204, "所在地": "京都府宇治市大久保町北ノ山２４－１ホクユービル４Ｆ", "緯度": 34.873707, "経度": 135.7735, "url": "https://www.iryou.teikyouseido.mhlw.go.jp/znk-web/juminkanja/S2430/initialize?prefCd=26&kikanCd=2621000325&kikanKbn=2", "url2": null, "内容": "医療法人　小山内科医院【2:診療所】【診療科目:内科_消化器内科】京都府宇治市大久保町北ノ山２４－１ホクユービル４Ｆ" }, "geometry": { "type": "Point", "coordinates": [ 135.7735, 34.873707 ] } },
{ "type": "Feature", "properties": { "ID": "2622621000329", "正式名称": "原山内科クリニック", "機関区分": 2, "都道府県コード": 26, "市区町村コード": 103, "所在地": "京都府京都市左京区黒谷町３０　クレール岡崎１階", "緯度": 35.018107, "経度": 135.790995, "url": "https://www.iryou.teikyouseido.mhlw.go.jp/znk-web/juminkanja/S2430/initialize?prefCd=26&kikanCd=2621000329&kikanKbn=2", "url2": "https://harayama-clinic.com", "内容": "原山内科クリニック【2:診療所】【診療科目:内科_糖尿病内科】京都府京都市左京区黒谷町３０　クレール岡崎１階" }, "geometry": { "type": "Point", "coordinates": [ 135.790995, 35.018107 ] } },
{ "type": "Feature", "properties": { "ID": "2622621000333", "正式名称": "医療法人おきまる会　フレイアクリニック京都院", "機関区分": 2, "都道府県コード": 26, "市区町村コード": 106, "所在地": "京都府京都市下京区貞安前之町５８９ＴＭ四条寺町ビル　６階", "緯度": 35.002985, "経度": 135.767056, "url": "https://www.iryou.teikyouseido.mhlw.go.jp/znk-web/juminkanja/S2430/initialize?prefCd=26&kikanCd=2621000333&kikanKbn=2", "url2": "https://frey-a.jp/clinic/kyoto/", "内容": "医療法人おきまる会　フレイアクリニック京都院【2:診療所】【診療科目:美容皮膚科】京都府京都市下京区貞安前之町５８９ＴＭ四条寺町ビル　６階" }, "geometry": { "type": "Point", "coordinates": [ 135.767056, 35.002985 ] } },
{ "type": "Feature", "properties": { "ID": "2622621000335", "正式名称": "山科西まつい内科クリニック", "機関区分": 2, "都道府県コード": 26, "市区町村コード": 110, "所在地": "京都府京都市山科区川田菱尾田３６番地", "緯度": 34.978847, "経度": 135.797761, "url": "https://www.iryou.teikyouseido.mhlw.go.jp/znk-web/juminkanja/S2430/initialize?prefCd=26&kikanCd=2621000335&kikanKbn=2", "url2": "https://www.y-matsui-cl.com/", "内容": "山科西まつい内科クリニック【2:診療所】【診療科目:内科_消化器内科_内視鏡内科】京都府京都市山科区川田菱尾田３６番地" }, "geometry": { "type": "Point", "coordinates": [ 135.797761, 34.978847 ] } },
{ "type": "Feature", "properties": { "ID": "2622621000363", "正式名称": "小西皮膚科クリニック", "機関区分": 2, "都道府県コード": 26, "市区町村コード": 106, "所在地": "京都府京都市下京区西七条東御前田町２０－１京都五条クリニックビル５Ｆ", "緯度": 34.995792, "経度": 135.734536, "url": "https://www.iryou.teikyouseido.mhlw.go.jp/znk-web/juminkanja/S2430/initialize?prefCd=26&kikanCd=2621000363&kikanKbn=2", "url2": "https://www.konishi-hifuka.com", "内容": "小西皮膚科クリニック【2:診療所】【診療科目:皮膚科_アレルギー科】京都府京都市下京区西七条東御前田町２０－１京都五条クリニックビル５Ｆ" }, "geometry": { "type": "Point", "coordinates": [ 135.734536, 34.995792 ] } },
{ "type": "Feature", "properties": { "ID": "2622621000375", "正式名称": "出口内科クリニック", "機関区分": 2, "都道府県コード": 26, "市区町村コード": 102, "所在地": "京都府京都市上京区上堀川町１３３", "緯度": 35.017878, "経度": 135.7515, "url": "https://www.iryou.teikyouseido.mhlw.go.jp/znk-web/juminkanja/S2430/initialize?prefCd=26&kikanCd=2621000375&kikanKbn=2", "url2": "https://www.deguchi-clinic.com", "内容": "出口内科クリニック【2:診療所】【診療科目:内科_糖尿病内科】京都府京都市上京区上堀川町１３３" }, "geometry": { "type": "Point", "coordinates": [ 135.7515, 35.017878 ] } },
{ "type": "Feature", "properties": { "ID": "2622621000378", "正式名称": "医療法人いなば眼科クリニック", "機関区分": 2, "都道府県コード": 26, "市区町村コード": 201, "所在地": "京都府福知山市駅南町１－２７７", "緯度": 35.295078, "経度": 135.119839, "url": "https://www.iryou.teikyouseido.mhlw.go.jp/znk-web/juminkanja/S2430/initialize?prefCd=26&kikanCd=2621000378&kikanKbn=2", "url2": null, "内容": "医療法人いなば眼科クリニック【2:診療所】【診療科目:眼科】京都府福知山市駅南町１－２７７" }, "geometry": { "type": "Point", "coordinates": [ 135.119839, 35.295078 ] } },
{ "type": "Feature", "properties": { "ID": "2622621000386", "正式名称": "医療法人結和会長岡京はら耳鼻咽喉科", "機関区分": 2, "都道府県コード": 26, "市区町村コード": 209, "所在地": "京都府長岡京市開田２丁目１２－１５", "緯度": 34.9239, "経度": 135.697844, "url": "https://www.iryou.teikyouseido.mhlw.go.jp/znk-web/juminkanja/S2430/initialize?prefCd=26&kikanCd=2621000386&kikanKbn=2", "url2": null, "内容": "医療法人結和会長岡京はら耳鼻咽喉科【2:診療所】【診療科目:耳鼻いんこう科】京都府長岡京市開田２丁目１２－１５" }, "geometry": { "type": "Point", "coordinates": [ 135.697844, 34.9239 ] } },
{ "type": "Feature", "properties": { "ID": "2622621000391", "正式名称": "あづま整形・形成外科クリニック", "機関区分": 2, "都道府県コード": 26, "市区町村コード": 204, "所在地": "京都府宇治市広野町東裏１０８－３", "緯度": 34.875221, "経度": 135.78166, "url": "https://www.iryou.teikyouseido.mhlw.go.jp/znk-web/juminkanja/S2430/initialize?prefCd=26&kikanCd=2621000391&kikanKbn=2", "url2": "https://www.ujikuse.kyoto.med.or.jp/iin3ADUMASEIKEI.htm", "内容": "あづま整形・形成外科クリニック【2:診療所】【診療科目:整形外科_形成外科_美容外科】京都府宇治市広野町東裏１０８－３" }, "geometry": { "type": "Point", "coordinates": [ 135.78166, 34.875221 ] } },
{ "type": "Feature", "properties": { "ID": "2622621000398", "正式名称": "医療法人社団千春会　千春会ハイパーサーミアクリニック", "機関区分": 2, "都道府県コード": 26, "市区町村コード": 209, "所在地": "京都府長岡京市神足２－３－１バンビオ１番館７階", "緯度": 34.922516, "経度": 135.699841, "url": "https://www.iryou.teikyouseido.mhlw.go.jp/znk-web/juminkanja/S2430/initialize?prefCd=26&kikanCd=2621000398&kikanKbn=2", "url2": null, "内容": "医療法人社団千春会　千春会ハイパーサーミアクリニック【2:診療所】【診療科目:内科_整形外科_小児科】京都府長岡京市神足２－３－１バンビオ１番館７階" }, "geometry": { "type": "Point", "coordinates": [ 135.699841, 34.922516 ] } },
{ "type": "Feature", "properties": { "ID": "2622621000400", "正式名称": "うすいハートクリニック", "機関区分": 2, "都道府県コード": 26, "市区町村コード": 202, "所在地": "京都府舞鶴市字引土小字湯ノ口６９番地", "緯度": 35.44195, "経度": 135.32848, "url": "https://www.iryou.teikyouseido.mhlw.go.jp/znk-web/juminkanja/S2430/initialize?prefCd=26&kikanCd=2621000400&kikanKbn=2", "url2": "https://www.usui-heart.jp/", "内容": "うすいハートクリニック【2:診療所】【診療科目:内科_循環器内科】京都府舞鶴市字引土小字湯ノ口６９番地" }, "geometry": { "type": "Point", "coordinates": [ 135.32848, 35.44195 ] } },
{ "type": "Feature", "properties": { "ID": "2622621000403", "正式名称": "桂川くすもと内科・消化器クリニック", "機関区分": 2, "都道府県コード": 26, "市区町村コード": 111, "所在地": "京都府京都市西京区桂畑ケ田町６３桂クリニックビル２階", "緯度": 34.992211, "経度": 135.703352, "url": "https://www.iryou.teikyouseido.mhlw.go.jp/znk-web/juminkanja/S2430/initialize?prefCd=26&kikanCd=2621000403&kikanKbn=2", "url2": "https://kusumoto-cl.com/", "内容": "桂川くすもと内科・消化器クリニック【2:診療所】【診療科目:内科_消化器内科】京都府京都市西京区桂畑ケ田町６３桂クリニックビル２階" }, "geometry": { "type": "Point", "coordinates": [ 135.703352, 34.992211 ] } },
{ "type": "Feature", "properties": { "ID": "2622621000406", "正式名称": "たけだ眼科クリニック", "機関区分": 2, "都道府県コード": 26, "市区町村コード": 212, "所在地": "京都府京丹後市峰山町新町２４６２－２", "緯度": 35.609797, "経度": 135.081717, "url": "https://www.iryou.teikyouseido.mhlw.go.jp/znk-web/juminkanja/S2430/initialize?prefCd=26&kikanCd=2621000406&kikanKbn=2", "url2": null, "内容": "たけだ眼科クリニック【2:診療所】【診療科目:眼科】京都府京丹後市峰山町新町２４６２－２" }, "geometry": { "type": "Point", "coordinates": [ 135.081717, 35.609797 ] } },
{ "type": "Feature", "properties": { "ID": "2622621000412", "正式名称": "医療法人彩都美会　ほりうち形成外科", "機関区分": 2, "都道府県コード": 26, "市区町村コード": 366, "所在地": "京都府相楽郡精華町山田心蓮寺１０－１", "緯度": 34.737692, "経度": 135.792714, "url": "https://www.iryou.teikyouseido.mhlw.go.jp/znk-web/juminkanja/S2430/initialize?prefCd=26&kikanCd=2621000412&kikanKbn=2", "url2": "https://horiuchi-keisei.jp/", "内容": "医療法人彩都美会　ほりうち形成外科【2:診療所】【診療科目:形成外科_美容外科_美容皮膚科】京都府相楽郡精華町山田心蓮寺１０－１" }, "geometry": { "type": "Point", "coordinates": [ 135.792714, 34.737692 ] } },
{ "type": "Feature", "properties": { "ID": "2622621000413", "正式名称": "医療法人おおまえハローキッズクリニック", "機関区分": 2, "都道府県コード": 26, "市区町村コード": 108, "所在地": "京都府京都市右京区西京極午塚町１１６番", "緯度": 34.998248, "経度": 135.712222, "url": "https://www.iryou.teikyouseido.mhlw.go.jp/znk-web/juminkanja/S2430/initialize?prefCd=26&kikanCd=2621000413&kikanKbn=2", "url2": "https://omae-kids.com", "内容": "医療法人おおまえハローキッズクリニック【2:診療所】【診療科目:小児科】京都府京都市右京区西京極午塚町１１６番" }, "geometry": { "type": "Point", "coordinates": [ 135.712222, 34.998248 ] } },
{ "type": "Feature", "properties": { "ID": "2622621000416", "正式名称": "銀座美容クリニック　京都院", "機関区分": 2, "都道府県コード": 26, "市区町村コード": 106, "所在地": "京都府京都市下京区高辻大宮町１０３番地　大宮高辻ビル４階", "緯度": 35.000039, "経度": 135.749366, "url": "https://www.iryou.teikyouseido.mhlw.go.jp/znk-web/juminkanja/S2430/initialize?prefCd=26&kikanCd=2621000416&kikanKbn=2", "url2": "https://kyoto-sclinic.com/#access", "内容": "銀座美容クリニック　京都院【2:診療所】【診療科目:美容外科_美容皮膚科】京都府京都市下京区高辻大宮町１０３番地　大宮高辻ビル４階" }, "geometry": { "type": "Point", "coordinates": [ 135.749366, 35.000039 ] } },
{ "type": "Feature", "properties": { "ID": "2622621000420", "正式名称": "医療法人いちまる整形外科クリニック", "機関区分": 2, "都道府県コード": 26, "市区町村コード": 209, "所在地": "京都府長岡京市長岡２丁目１－３２グランジェ長岡京１Ｆ", "緯度": 34.930775, "経度": 135.692922, "url": "https://www.iryou.teikyouseido.mhlw.go.jp/znk-web/juminkanja/S2430/initialize?prefCd=26&kikanCd=2621000420&kikanKbn=2", "url2": null, "内容": "医療法人いちまる整形外科クリニック【2:診療所】【診療科目:整形外科】京都府長岡京市長岡２丁目１－３２グランジェ長岡京１Ｆ" }, "geometry": { "type": "Point", "coordinates": [ 135.692922, 34.930775 ] } },
{ "type": "Feature", "properties": { "ID": "2622621000422", "正式名称": "本多耳鼻咽喉科・頭頸部クリニック", "機関区分": 2, "都道府県コード": 26, "市区町村コード": 108, "所在地": "京都府京都市右京区西院追分町２５－１イオンモール京都五条３Ｆ", "緯度": 34.997204, "経度": 135.727058, "url": "https://www.iryou.teikyouseido.mhlw.go.jp/znk-web/juminkanja/S2430/initialize?prefCd=26&kikanCd=2621000422&kikanKbn=2", "url2": "https://honda-ent.jp", "内容": "本多耳鼻咽喉科・頭頸部クリニック【2:診療所】【診療科目:頭頸部・耳鼻いんこう科】京都府京都市右京区西院追分町２５－１イオンモール京都五条３Ｆ" }, "geometry": { "type": "Point", "coordinates": [ 135.727058, 34.997204 ] } },
{ "type": "Feature", "properties": { "ID": "2622621000423", "正式名称": "一般社団法人視力愛護協会　富井眼科診療所長岡分院", "機関区分": 2, "都道府県コード": 26, "市区町村コード": 209, "所在地": "京都府長岡京市友岡４丁目２１－１３ルピナス・ヴィータ１Ｆ", "緯度": 34.915733, "経度": 135.691353, "url": "https://www.iryou.teikyouseido.mhlw.go.jp/znk-web/juminkanja/S2430/initialize?prefCd=26&kikanCd=2621000423&kikanKbn=2", "url2": "https://www.tomiiganka-nagaoka.com/", "内容": "一般社団法人視力愛護協会　富井眼科診療所長岡分院【2:診療所】【診療科目:眼科】京都府長岡京市友岡４丁目２１－１３ルピナス・ヴィータ１Ｆ" }, "geometry": { "type": "Point", "coordinates": [ 135.691353, 34.915733 ] } },
{ "type": "Feature", "properties": { "ID": "2622621000429", "正式名称": "医療法人原田眼科", "機関区分": 2, "都道府県コード": 26, "市区町村コード": 204, "所在地": "京都府宇治市木幡大瀬戸３０－９", "緯度": 34.925132, "経度": 135.798535, "url": "https://www.iryou.teikyouseido.mhlw.go.jp/znk-web/juminkanja/S2430/initialize?prefCd=26&kikanCd=2621000429&kikanKbn=2", "url2": "https://www.harada-oph.com/", "内容": "医療法人原田眼科【2:診療所】【診療科目:眼科】京都府宇治市木幡大瀬戸３０－９" }, "geometry": { "type": "Point", "coordinates": [ 135.798535, 34.925132 ] } },
{ "type": "Feature", "properties": { "ID": "2622621000432", "正式名称": "脳神経内科・内科こしばクリニック", "機関区分": 2, "都道府県コード": 26, "市区町村コード": 104, "所在地": "京都府京都市中京区常真横町１８８ー１小泉ビル３階", "緯度": 35.017601, "経度": 135.758656, "url": "https://www.iryou.teikyouseido.mhlw.go.jp/znk-web/juminkanja/S2430/initialize?prefCd=26&kikanCd=2621000432&kikanKbn=2", "url2": null, "内容": "脳神経内科・内科こしばクリニック【2:診療所】【診療科目:内科_脳神経内科】京都府京都市中京区常真横町１８８ー１小泉ビル３階" }, "geometry": { "type": "Point", "coordinates": [ 135.758656, 35.017601 ] } },
{ "type": "Feature", "properties": { "ID": "2622621000433", "正式名称": "医療法人よもだ整形外科クリニック", "機関区分": 2, "都道府県コード": 26, "市区町村コード": 106, "所在地": "京都府京都市下京区七条御所ノ内本町８９番地１クリニックモール西大路２階", "緯度": 34.9854159, "経度": 135.7329729, "url": "https://www.iryou.teikyouseido.mhlw.go.jp/znk-web/juminkanja/S2430/initialize?prefCd=26&kikanCd=2621000433&kikanKbn=2", "url2": "https://yomoda-clinic.com/", "内容": "医療法人よもだ整形外科クリニック【2:診療所】【診療科目:整形外科_リウマチ科_リハビリテーション科】京都府京都市下京区七条御所ノ内本町８９番地１クリニックモール西大路２階" }, "geometry": { "type": "Point", "coordinates": [ 135.7329729, 34.9854159 ] } },
{ "type": "Feature", "properties": { "ID": "2622621000436", "正式名称": "医療法人はやし皮フ科クリニック", "機関区分": 2, "都道府県コード": 26, "市区町村コード": 208, "所在地": "京都府向日市寺戸町１３９番地ベアティ洛西口", "緯度": 34.961422, "経度": 135.703562, "url": "https://www.iryou.teikyouseido.mhlw.go.jp/znk-web/juminkanja/S2430/initialize?prefCd=26&kikanCd=2621000436&kikanKbn=2", "url2": "http://hayashi-hifuka.com/index", "内容": "医療法人はやし皮フ科クリニック【2:診療所】【診療科目:皮膚科】京都府向日市寺戸町１３９番地ベアティ洛西口" }, "geometry": { "type": "Point", "coordinates": [ 135.703562, 34.961422 ] } },
{ "type": "Feature", "properties": { "ID": "2622621000439", "正式名称": "にしおかクリニック", "機関区分": 2, "都道府県コード": 26, "市区町村コード": 109, "所在地": "京都府京都市伏見区新町５丁目５０７", "緯度": 34.933242, "経度": 135.763108, "url": "https://www.iryou.teikyouseido.mhlw.go.jp/znk-web/juminkanja/S2430/initialize?prefCd=26&kikanCd=2621000439&kikanKbn=2", "url2": null, "内容": "にしおかクリニック【2:診療所】【診療科目:精神科_心療内科】京都府京都市伏見区新町５丁目５０７" }, "geometry": { "type": "Point", "coordinates": [ 135.763108, 34.933242 ] } },
{ "type": "Feature", "properties": { "ID": "2622621000441", "正式名称": "医療法人社団ハシイ産婦人科ハシイウィメンズクリニック", "機関区分": 2, "都道府県コード": 26, "市区町村コード": 209, "所在地": "京都府長岡京市開田３丁目４－２１", "緯度": 34.925144, "経度": 135.696047, "url": "https://www.iryou.teikyouseido.mhlw.go.jp/znk-web/juminkanja/S2430/initialize?prefCd=26&kikanCd=2621000441&kikanKbn=2", "url2": "https:hashii-women.jp", "内容": "医療法人社団ハシイ産婦人科ハシイウィメンズクリニック【2:診療所】【診療科目:産婦人科】京都府長岡京市開田３丁目４－２１" }, "geometry": { "type": "Point", "coordinates": [ 135.696047, 34.925144 ] } },
{ "type": "Feature", "properties": { "ID": "2622621000443", "正式名称": "池田皮膚科診療所", "機関区分": 2, "都道府県コード": 26, "市区町村コード": 102, "所在地": "京都府京都市上京区一条通小川東入西之口町２２３番地６", "緯度": 35.0262235, "経度": 135.7546643, "url": "https://www.iryou.teikyouseido.mhlw.go.jp/znk-web/juminkanja/S2430/initialize?prefCd=26&kikanCd=2621000443&kikanKbn=2", "url2": "https://ikeda-hifu.com/", "内容": "池田皮膚科診療所【2:診療所】【診療科目:皮膚科】京都府京都市上京区一条通小川東入西之口町２２３番地６" }, "geometry": { "type": "Point", "coordinates": [ 135.7546643, 35.0262235 ] } },
{ "type": "Feature", "properties": { "ID": "2622621000449", "正式名称": "京都駅前耳鼻咽喉科アレルギー科クリニック", "機関区分": 2, "都道府県コード": 26, "市区町村コード": 106, "所在地": "京都府京都市下京区烏丸通七条下る東塩小路町７３５－１京阪京都ビル１階", "緯度": 34.9887753, "経度": 135.7600582, "url": "https://www.iryou.teikyouseido.mhlw.go.jp/znk-web/juminkanja/S2430/initialize?prefCd=26&kikanCd=2621000449&kikanKbn=2", "url2": null, "内容": "京都駅前耳鼻咽喉科アレルギー科クリニック【2:診療所】【診療科目:耳鼻いんこう科】京都府京都市下京区烏丸通七条下る東塩小路町７３５－１京阪京都ビル１階" }, "geometry": { "type": "Point", "coordinates": [ 135.7600582, 34.9887753 ] } },
{ "type": "Feature", "properties": { "ID": "2622621000450", "正式名称": "医療法人グリーンスウォードグリーン耳鼻咽喉科クリニック", "機関区分": 2, "都道府県コード": 26, "市区町村コード": 204, "所在地": "京都府宇治市木幡陣ノ内５５六地蔵スクエアビル２Ｆ", "緯度": 34.932816, "経度": 135.79842, "url": "https://www.iryou.teikyouseido.mhlw.go.jp/znk-web/juminkanja/S2430/initialize?prefCd=26&kikanCd=2621000450&kikanKbn=2", "url2": null, "内容": "医療法人グリーンスウォードグリーン耳鼻咽喉科クリニック【2:診療所】【診療科目:耳鼻いんこう科】京都府宇治市木幡陣ノ内５５六地蔵スクエアビル２Ｆ" }, "geometry": { "type": "Point", "coordinates": [ 135.79842, 34.932816 ] } },
{ "type": "Feature", "properties": { "ID": "2622621000451", "正式名称": "あだち眼科", "機関区分": 2, "都道府県コード": 26, "市区町村コード": 210, "所在地": "京都府八幡市川口小西９－７", "緯度": 34.878078, "経度": 135.717842, "url": "https://www.iryou.teikyouseido.mhlw.go.jp/znk-web/juminkanja/S2430/initialize?prefCd=26&kikanCd=2621000451&kikanKbn=2", "url2": null, "内容": "あだち眼科【2:診療所】【診療科目:眼科】京都府八幡市川口小西９－７" }, "geometry": { "type": "Point", "coordinates": [ 135.717842, 34.878078 ] } },
{ "type": "Feature", "properties": { "ID": "2622621000465", "正式名称": "ようこ女性のクリニック", "機関区分": 2, "都道府県コード": 26, "市区町村コード": 105, "所在地": "京都府京都市東山区常盤町４６０－２", "緯度": 34.971642, "経度": 135.77111, "url": "https://www.iryou.teikyouseido.mhlw.go.jp/znk-web/juminkanja/S2430/initialize?prefCd=26&kikanCd=2621000465&kikanKbn=2", "url2": null, "内容": "ようこ女性のクリニック【2:診療所】【診療科目:産婦人科_婦人科】京都府京都市東山区常盤町４６０－２" }, "geometry": { "type": "Point", "coordinates": [ 135.77111, 34.971642 ] } },
{ "type": "Feature", "properties": { "ID": "2622621000476", "正式名称": "なかい皮ふ科", "機関区分": 2, "都道府県コード": 26, "市区町村コード": 101, "所在地": "京都府京都市北区衣笠天神森町３５番地", "緯度": 35.035878, "経度": 135.7326, "url": "https://www.iryou.teikyouseido.mhlw.go.jp/znk-web/juminkanja/S2430/initialize?prefCd=26&kikanCd=2621000476&kikanKbn=2", "url2": "http://www.nakai-skin-clinic.com/", "内容": "なかい皮ふ科【2:診療所】【診療科目:皮膚科】京都府京都市北区衣笠天神森町３５番地" }, "geometry": { "type": "Point", "coordinates": [ 135.7326, 35.035878 ] } },
{ "type": "Feature", "properties": { "ID": "2622621000481", "正式名称": "たつみ皮膚科クリニック", "機関区分": 2, "都道府県コード": 26, "市区町村コード": 109, "所在地": "京都府京都市伏見区京町北七丁目６番１", "緯度": 34.939182, "経度": 135.765017, "url": "https://www.iryou.teikyouseido.mhlw.go.jp/znk-web/juminkanja/S2430/initialize?prefCd=26&kikanCd=2621000481&kikanKbn=2", "url2": "https://www.tatsumi-hifuka.com", "内容": "たつみ皮膚科クリニック【2:診療所】【診療科目:小児皮膚科_皮膚科_美容皮膚科】京都府京都市伏見区京町北七丁目６番１" }, "geometry": { "type": "Point", "coordinates": [ 135.765017, 34.939182 ] } },
{ "type": "Feature", "properties": { "ID": "2622621000482", "正式名称": "医療法人東道医院", "機関区分": 2, "都道府県コード": 26, "市区町村コード": 103, "所在地": "京都府京都市左京区田中古川町１－３", "緯度": 35.038478, "経度": 135.782206, "url": "https://www.iryou.teikyouseido.mhlw.go.jp/znk-web/juminkanja/S2430/initialize?prefCd=26&kikanCd=2621000482&kikanKbn=2", "url2": null, "内容": "医療法人東道医院【2:診療所】【診療科目:内科_小児科_アレルギー科】京都府京都市左京区田中古川町１－３" }, "geometry": { "type": "Point", "coordinates": [ 135.782206, 35.038478 ] } },
{ "type": "Feature", "properties": { "ID": "2622621000483", "正式名称": "耳鼻咽喉科・アレルギー科　やすだクリニック", "機関区分": 2, "都道府県コード": 26, "市区町村コード": 207, "所在地": "京都府城陽市平川横道８４－１", "緯度": 34.864258, "経度": 135.777514, "url": "https://www.iryou.teikyouseido.mhlw.go.jp/znk-web/juminkanja/S2430/initialize?prefCd=26&kikanCd=2621000483&kikanKbn=2", "url2": "yasuda-ent.com", "内容": "耳鼻咽喉科・アレルギー科　やすだクリニック【2:診療所】【診療科目:耳鼻いんこう科_アレルギー科】京都府城陽市平川横道８４－１" }, "geometry": { "type": "Point", "coordinates": [ 135.777514, 34.864258 ] } },
{ "type": "Feature", "properties": { "ID": "2622621000485", "正式名称": "東山かわぐちクリニック", "機関区分": 2, "都道府県コード": 26, "市区町村コード": 105, "所在地": "京都府京都市東山区東大路五条下る常盤町４５７", "緯度": 34.992478, "経度": 135.774981, "url": "https://www.iryou.teikyouseido.mhlw.go.jp/znk-web/juminkanja/S2430/initialize?prefCd=26&kikanCd=2621000485&kikanKbn=2", "url2": "https://hkc5311970.com", "内容": "東山かわぐちクリニック【2:診療所】【診療科目:内科_外科】京都府京都市東山区東大路五条下る常盤町４５７" }, "geometry": { "type": "Point", "coordinates": [ 135.774981, 34.992478 ] } },
{ "type": "Feature", "properties": { "ID": "2622621000490", "正式名称": "医療法人　明安堂　はせがわ明安堂クリニック", "機関区分": 2, "都道府県コード": 26, "市区町村コード": 109, "所在地": "京都府京都市伏見区下鳥羽南柳長町６番地", "緯度": 34.93548, "経度": 135.743025, "url": "https://www.iryou.teikyouseido.mhlw.go.jp/znk-web/juminkanja/S2430/initialize?prefCd=26&kikanCd=2621000490&kikanKbn=2", "url2": "https://meiando.com", "内容": "医療法人　明安堂　はせがわ明安堂クリニック【2:診療所】【診療科目:内科_呼吸器内科_循環器内科_外科】京都府京都市伏見区下鳥羽南柳長町６番地" }, "geometry": { "type": "Point", "coordinates": [ 135.743025, 34.93548 ] } },
{ "type": "Feature", "properties": { "ID": "2622621000500", "正式名称": "さくらい四条烏丸耳鼻咽喉科", "機関区分": 2, "都道府県コード": 26, "市区町村コード": 104, "所在地": "京都府京都市中京区手洗水町６５２親友会烏丸ビル５階", "緯度": 35.0057012, "経度": 135.7600123, "url": "https://www.iryou.teikyouseido.mhlw.go.jp/znk-web/juminkanja/S2430/initialize?prefCd=26&kikanCd=2621000500&kikanKbn=2", "url2": null, "内容": "さくらい四条烏丸耳鼻咽喉科【2:診療所】【診療科目:耳鼻いんこう科_アレルギー科】京都府京都市中京区手洗水町６５２親友会烏丸ビル５階" }, "geometry": { "type": "Point", "coordinates": [ 135.7600123, 35.0057012 ] } },
{ "type": "Feature", "properties": { "ID": "2622621000502", "正式名称": "医療法人社団石鎚会三山木中央クリニック", "機関区分": 2, "都道府県コード": 26, "市区町村コード": 211, "所在地": "京都府京田辺市三山木中央三丁目３番地５", "緯度": 34.796196, "経度": 135.786216, "url": "https://www.iryou.teikyouseido.mhlw.go.jp/znk-web/juminkanja/S2430/initialize?prefCd=26&kikanCd=2621000502&kikanKbn=2", "url2": "https://miyamagi.sekitetsukai.kyoto/", "内容": "医療法人社団石鎚会三山木中央クリニック【2:診療所】【診療科目:内科_整形外科_リハビリテーション科】京都府京田辺市三山木中央三丁目３番地５" }, "geometry": { "type": "Point", "coordinates": [ 135.786216, 34.796196 ] } },
{ "type": "Feature", "properties": { "ID": "2622621000509", "正式名称": "たかはし医院", "機関区分": 2, "都道府県コード": 26, "市区町村コード": 204, "所在地": "京都府宇治市六地蔵奈良町７４－１パデシオン六地蔵ミッドモール２Ｆ", "緯度": 34.933358, "経度": 135.797436, "url": "https://www.iryou.teikyouseido.mhlw.go.jp/znk-web/juminkanja/S2430/initialize?prefCd=26&kikanCd=2621000509&kikanKbn=2", "url2": null, "内容": "たかはし医院【2:診療所】【診療科目:精神科_心療内科】京都府宇治市六地蔵奈良町７４－１パデシオン六地蔵ミッドモール２Ｆ" }, "geometry": { "type": "Point", "coordinates": [ 135.797436, 34.933358 ] } },
{ "type": "Feature", "properties": { "ID": "2622621000546", "正式名称": "京都国際内科クリニック", "機関区分": 2, "都道府県コード": 26, "市区町村コード": 104, "所在地": "京都府京都市中京区米屋町３９１河原町ニュートーキョービル６Ｆ", "緯度": 35.004093, "経度": 135.769076, "url": "https://www.iryou.teikyouseido.mhlw.go.jp/znk-web/juminkanja/S2430/initialize?prefCd=26&kikanCd=2621000546&kikanKbn=2", "url2": "https://kyotoclinic.jp/", "内容": "京都国際内科クリニック【2:診療所】【診療科目:内科_糖尿病内科_代謝内科_内分泌内科_脂質代謝内科_糖尿病・内分泌内科_糖尿病・代謝内科_代謝・内分泌内科】京都府京都市中京区米屋町３９１河原町ニュートーキョービル６Ｆ" }, "geometry": { "type": "Point", "coordinates": [ 135.769076, 35.004093 ] } }
]
}
