{
"type": "FeatureCollection",
"name": "geo_26_3",
"crs": { "type": "name", "properties": { "name": "urn:ogc:def:crs:OGC:1.3:CRS84" } },
"features": [
{ "type": "Feature", "properties": { "ID": 2632630000004, "正式名称": "医療法人山脇会　あおい矯正歯科", "機関区分": 3, "都道府県コード": 26, "市区町村コード": 106, "所在地": "京都府京都市下京区四条高倉西入立売西町７１番地グランドキューブ四条４Ｆ", "緯度": 35.003535, "経度": 135.761738, "url": "https://www.iryou.teikyouseido.mhlw.go.jp/znk-web/juminkanja/S2430/initialize?prefCd=26&kikanCd=2630000004&kikanKbn=3", "url2": "http://www.yamawaki-kyousei.com/", "内容": "医療法人山脇会　あおい矯正歯科【3:歯科】京都府京都市下京区四条高倉西入立売西町７１番地グランドキューブ四条４Ｆ" }, "geometry": { "type": "Point", "coordinates": [ 135.761738, 35.003535 ] } },
{ "type": "Feature", "properties": { "ID": 2632630000007, "正式名称": "医療法人健歯会村井歯科医院", "機関区分": 3, "都道府県コード": 26, "市区町村コード": 106, "所在地": "京都府京都市下京区四条通室町東入函谷鉾町８３田源ビル３Ｆ", "緯度": 35.003868, "経度": 135.758432, "url": "https://www.iryou.teikyouseido.mhlw.go.jp/znk-web/juminkanja/S2430/initialize?prefCd=26&kikanCd=2630000007&kikanKbn=3", "url2": "https://www.muraishika.com/", "内容": "医療法人健歯会村井歯科医院【3:歯科】京都府京都市下京区四条通室町東入函谷鉾町８３田源ビル３Ｆ" }, "geometry": { "type": "Point", "coordinates": [ 135.758432, 35.003868 ] } },
{ "type": "Feature", "properties": { "ID": 2632630000017, "正式名称": "長砂歯科医院", "機関区分": 3, "都道府県コード": 26, "市区町村コード": 106, "所在地": "京都府京都市下京区竹屋之町２７５番地", "緯度": 35.002452, "経度": 135.760821, "url": "https://www.iryou.teikyouseido.mhlw.go.jp/znk-web/juminkanja/S2430/initialize?prefCd=26&kikanCd=2630000017&kikanKbn=3", "url2": null, "内容": "長砂歯科医院【3:歯科】京都府京都市下京区竹屋之町２７５番地" }, "geometry": { "type": "Point", "coordinates": [ 135.760821, 35.002452 ] } },
{ "type": "Feature", "properties": { "ID": 2632630000019, "正式名称": "宅間歯科医院", "機関区分": 3, "都道府県コード": 26, "市区町村コード": 106, "所在地": "京都府京都市下京区五条通東洞院東入万寿寺町１３７番地", "緯度": 34.996508, "経度": 135.761849, "url": "https://www.iryou.teikyouseido.mhlw.go.jp/znk-web/juminkanja/S2430/initialize?prefCd=26&kikanCd=2630000019&kikanKbn=3", "url2": "http://www1.ocn.ne.jp/~takuma3/", "内容": "宅間歯科医院【3:歯科】京都府京都市下京区五条通東洞院東入万寿寺町１３７番地" }, "geometry": { "type": "Point", "coordinates": [ 135.761849, 34.996508 ] } },
{ "type": "Feature", "properties": { "ID": 2632630000023, "正式名称": "尚歯科口腔外科医院", "機関区分": 3, "都道府県コード": 26, "市区町村コード": 106, "所在地": "京都府京都市下京区真苧屋町２０７番地ネオフィスビル七条烏丸ビル６階", "緯度": 34.9894212, "経度": 135.760521, "url": "https://www.iryou.teikyouseido.mhlw.go.jp/znk-web/juminkanja/S2430/initialize?prefCd=26&kikanCd=2630000023&kikanKbn=3", "url2": null, "内容": "尚歯科口腔外科医院【3:歯科】京都府京都市下京区真苧屋町２０７番地ネオフィスビル七条烏丸ビル６階" }, "geometry": { "type": "Point", "coordinates": [ 135.760521, 34.9894212 ] } },
{ "type": "Feature", "properties": { "ID": 2632630000026, "正式名称": "医療法人皓歯会　京都駅前やました矯正歯科", "機関区分": 3, "都道府県コード": 26, "市区町村コード": 106, "所在地": "京都府京都市下京区烏丸通七条下ル京阪京都ビル９Ｆ", "緯度": 34.988814, "経度": 135.760072, "url": "https://www.iryou.teikyouseido.mhlw.go.jp/znk-web/juminkanja/S2430/initialize?prefCd=26&kikanCd=2630000026&kikanKbn=3", "url2": "https://kyoto-ekimaekyousei.jp", "内容": "医療法人皓歯会　京都駅前やました矯正歯科【3:歯科】京都府京都市下京区烏丸通七条下ル京阪京都ビル９Ｆ" }, "geometry": { "type": "Point", "coordinates": [ 135.760072, 34.988814 ] } },
{ "type": "Feature", "properties": { "ID": 2632630000027, "正式名称": "医療法人社団愛泉会　山本歯科医院", "機関区分": 3, "都道府県コード": 26, "市区町村コード": 106, "所在地": "京都府京都市下京区七条通烏丸東入真苧屋町１９５番地　福井ビル地下１階", "緯度": 34.989138, "経度": 135.760026, "url": "https://www.iryou.teikyouseido.mhlw.go.jp/znk-web/juminkanja/S2430/initialize?prefCd=26&kikanCd=2630000027&kikanKbn=3", "url2": "http://yamamoto.dental.com/", "内容": "医療法人社団愛泉会　山本歯科医院【3:歯科】京都府京都市下京区七条通烏丸東入真苧屋町１９５番地　福井ビル地下１階" }, "geometry": { "type": "Point", "coordinates": [ 135.760026, 34.989138 ] } },
{ "type": "Feature", "properties": { "ID": 2632630000036, "正式名称": "医療法人社団本多歯科医院", "機関区分": 3, "都道府県コード": 26, "市区町村コード": 106, "所在地": "京都府京都市下京区大宮通丹波口下る大宮１丁目５５４番地", "緯度": 34.993897, "経度": 135.749045, "url": "https://www.iryou.teikyouseido.mhlw.go.jp/znk-web/juminkanja/S2430/initialize?prefCd=26&kikanCd=2630000036&kikanKbn=3", "url2": "http://www.hdc-kyoto.com/", "内容": "医療法人社団本多歯科医院【3:歯科】京都府京都市下京区大宮通丹波口下る大宮１丁目５５４番地" }, "geometry": { "type": "Point", "coordinates": [ 135.749045, 34.993897 ] } },
{ "type": "Feature", "properties": { "ID": 2632630000041, "正式名称": "出口歯科医院", "機関区分": 3, "都道府県コード": 26, "市区町村コード": 106, "所在地": "京都府京都市下京区四条大宮町２３", "緯度": 35.002924, "経度": 135.749128, "url": "https://www.iryou.teikyouseido.mhlw.go.jp/znk-web/juminkanja/S2430/initialize?prefCd=26&kikanCd=2630000041&kikanKbn=3", "url2": "http://deguchi-shika.com/", "内容": "出口歯科医院【3:歯科】京都府京都市下京区四条大宮町２３" }, "geometry": { "type": "Point", "coordinates": [ 135.749128, 35.002924 ] } },
{ "type": "Feature", "properties": { "ID": 2632630000049, "正式名称": "藤田歯科医院", "機関区分": 3, "都道府県コード": 26, "市区町村コード": 106, "所在地": "京都府京都市下京区東中筋通松原下ル天神前町３４３番地", "緯度": 34.998563, "経度": 135.754461, "url": "https://www.iryou.teikyouseido.mhlw.go.jp/znk-web/juminkanja/S2430/initialize?prefCd=26&kikanCd=2630000049&kikanKbn=3", "url2": null, "内容": "藤田歯科医院【3:歯科】京都府京都市下京区東中筋通松原下ル天神前町３４３番地" }, "geometry": { "type": "Point", "coordinates": [ 135.754461, 34.998563 ] } },
{ "type": "Feature", "properties": { "ID": 2632630000050, "正式名称": "下村歯科医院", "機関区分": 3, "都道府県コード": 26, "市区町村コード": 106, "所在地": "京都府京都市下京区西洞院通仏光寺下る本柳水町７７５番地", "緯度": 35.000785, "経度": 135.755322, "url": "https://www.iryou.teikyouseido.mhlw.go.jp/znk-web/juminkanja/S2430/initialize?prefCd=26&kikanCd=2630000050&kikanKbn=3", "url2": null, "内容": "下村歯科医院【3:歯科】京都府京都市下京区西洞院通仏光寺下る本柳水町７７５番地" }, "geometry": { "type": "Point", "coordinates": [ 135.755322, 35.000785 ] } },
{ "type": "Feature", "properties": { "ID": 2632630000051, "正式名称": "大塚歯科医院", "機関区分": 3, "都道府県コード": 26, "市区町村コード": 106, "所在地": "京都府京都市下京区西洞院通高辻下ル高辻西洞院町８０１", "緯度": 34.99973, "経度": 135.755044, "url": "https://www.iryou.teikyouseido.mhlw.go.jp/znk-web/juminkanja/S2430/initialize?prefCd=26&kikanCd=2630000051&kikanKbn=3", "url2": null, "内容": "大塚歯科医院【3:歯科】京都府京都市下京区西洞院通高辻下ル高辻西洞院町８０１" }, "geometry": { "type": "Point", "coordinates": [ 135.755044, 34.99973 ] } },
{ "type": "Feature", "properties": { "ID": 2632630000052, "正式名称": "平野歯科医院", "機関区分": 3, "都道府県コード": 26, "市区町村コード": 106, "所在地": "京都府京都市下京区四条通西洞院東入新釜座町７１６", "緯度": 35.003563, "経度": 135.756099, "url": "https://www.iryou.teikyouseido.mhlw.go.jp/znk-web/juminkanja/S2430/initialize?prefCd=26&kikanCd=2630000052&kikanKbn=3", "url2": "http://nttbj.itp.ne.jp/0752214934/index.html", "内容": "平野歯科医院【3:歯科】京都府京都市下京区四条通西洞院東入新釜座町７１６" }, "geometry": { "type": "Point", "coordinates": [ 135.756099, 35.003563 ] } },
{ "type": "Feature", "properties": { "ID": 2632630000059, "正式名称": "医療法人小坂壬生川歯科医院", "機関区分": 3, "都道府県コード": 26, "市区町村コード": 106, "所在地": "京都府京都市下京区中堂寺壬生川町５－６", "緯度": 34.995341, "経度": 135.745767, "url": "https://www.iryou.teikyouseido.mhlw.go.jp/znk-web/juminkanja/S2430/initialize?prefCd=26&kikanCd=2630000059&kikanKbn=3", "url2": "kmdc1202.com", "内容": "医療法人小坂壬生川歯科医院【3:歯科】京都府京都市下京区中堂寺壬生川町５－６" }, "geometry": { "type": "Point", "coordinates": [ 135.745767, 34.995341 ] } },
{ "type": "Feature", "properties": { "ID": 2632630000060, "正式名称": "河村歯科医院", "機関区分": 3, "都道府県コード": 26, "市区町村コード": 106, "所在地": "京都府京都市下京区中堂寺北町３３", "緯度": 34.997285, "経度": 135.740518, "url": "https://www.iryou.teikyouseido.mhlw.go.jp/znk-web/juminkanja/S2430/initialize?prefCd=26&kikanCd=2630000060&kikanKbn=3", "url2": null, "内容": "河村歯科医院【3:歯科】京都府京都市下京区中堂寺北町３３" }, "geometry": { "type": "Point", "coordinates": [ 135.740518, 34.997285 ] } },
{ "type": "Feature", "properties": { "ID": 2632630000063, "正式名称": "きむら歯科医院", "機関区分": 3, "都道府県コード": 26, "市区町村コード": 106, "所在地": "京都府京都市下京区梅小路西中町１－４", "緯度": 34.985342, "経度": 135.733352, "url": "https://www.iryou.teikyouseido.mhlw.go.jp/znk-web/juminkanja/S2430/initialize?prefCd=26&kikanCd=2630000063&kikanKbn=3", "url2": null, "内容": "きむら歯科医院【3:歯科】京都府京都市下京区梅小路西中町１－４" }, "geometry": { "type": "Point", "coordinates": [ 135.733352, 34.985342 ] } },
{ "type": "Feature", "properties": { "ID": 2632630000067, "正式名称": "竹内歯科医院", "機関区分": 3, "都道府県コード": 26, "市区町村コード": 106, "所在地": "京都府京都市下京区七条御所ノ内南町８７", "緯度": 34.983814, "経度": 135.732297, "url": "https://www.iryou.teikyouseido.mhlw.go.jp/znk-web/juminkanja/S2430/initialize?prefCd=26&kikanCd=2630000067&kikanKbn=3", "url2": null, "内容": "竹内歯科医院【3:歯科】京都府京都市下京区七条御所ノ内南町８７" }, "geometry": { "type": "Point", "coordinates": [ 135.732297, 34.983814 ] } },
{ "type": "Feature", "properties": { "ID": 2632630000069, "正式名称": "医療法人社団聖歯会梅津歯科医院", "機関区分": 3, "都道府県コード": 26, "市区町村コード": 106, "所在地": "京都府京都市下京区西七条北東野町２４", "緯度": 34.989397, "経度": 135.737268, "url": "https://www.iryou.teikyouseido.mhlw.go.jp/znk-web/juminkanja/S2430/initialize?prefCd=26&kikanCd=2630000069&kikanKbn=3", "url2": null, "内容": "医療法人社団聖歯会梅津歯科医院【3:歯科】京都府京都市下京区西七条北東野町２４" }, "geometry": { "type": "Point", "coordinates": [ 135.737268, 34.989397 ] } },
{ "type": "Feature", "properties": { "ID": 2632630000072, "正式名称": "西大路トヨダ歯科", "機関区分": 3, "都道府県コード": 26, "市区町村コード": 106, "所在地": "京都府京都市下京区西七条南衣田町５１", "緯度": 34.988592, "経度": 135.732158, "url": "https://www.iryou.teikyouseido.mhlw.go.jp/znk-web/juminkanja/S2430/initialize?prefCd=26&kikanCd=2630000072&kikanKbn=3", "url2": null, "内容": "西大路トヨダ歯科【3:歯科】京都府京都市下京区西七条南衣田町５１" }, "geometry": { "type": "Point", "coordinates": [ 135.732158, 34.988592 ] } },
{ "type": "Feature", "properties": { "ID": 2632630000087, "正式名称": "嶋本歯科医院", "機関区分": 3, "都道府県コード": 26, "市区町村コード": 109, "所在地": "京都府京都市伏見区醍醐新開６－５", "緯度": 34.943292, "経度": 135.80857, "url": "https://www.iryou.teikyouseido.mhlw.go.jp/znk-web/juminkanja/S2430/initialize?prefCd=26&kikanCd=2630000087&kikanKbn=3", "url2": null, "内容": "嶋本歯科医院【3:歯科】京都府京都市伏見区醍醐新開６－５" }, "geometry": { "type": "Point", "coordinates": [ 135.80857, 34.943292 ] } },
{ "type": "Feature", "properties": { "ID": 2632630000091, "正式名称": "タナカ歯科医院", "機関区分": 3, "都道府県コード": 26, "市区町村コード": 109, "所在地": "京都府京都市伏見区醍醐高畑町３０－９アッシジ・イグジット１階", "緯度": 34.949542, "経度": 135.809736, "url": "https://www.iryou.teikyouseido.mhlw.go.jp/znk-web/juminkanja/S2430/initialize?prefCd=26&kikanCd=2630000091&kikanKbn=3", "url2": "http://www.tdc1182-implant.com/", "内容": "タナカ歯科医院【3:歯科】京都府京都市伏見区醍醐高畑町３０－９アッシジ・イグジット１階" }, "geometry": { "type": "Point", "coordinates": [ 135.809736, 34.949542 ] } },
{ "type": "Feature", "properties": { "ID": 2632630000094, "正式名称": "石田歯科医院", "機関区分": 3, "都道府県コード": 26, "市区町村コード": 109, "所在地": "京都府京都市伏見区石田森東町６－１１", "緯度": 34.939904, "経度": 135.805654, "url": "https://www.iryou.teikyouseido.mhlw.go.jp/znk-web/juminkanja/S2430/initialize?prefCd=26&kikanCd=2630000094&kikanKbn=3", "url2": null, "内容": "石田歯科医院【3:歯科】京都府京都市伏見区石田森東町６－１１" }, "geometry": { "type": "Point", "coordinates": [ 135.805654, 34.939904 ] } },
{ "type": "Feature", "properties": { "ID": 2632630000099, "正式名称": "医療法人おおいしばし歯科・矯正歯科", "機関区分": 3, "都道府県コード": 26, "市区町村コード": 107, "所在地": "京都府京都市南区東九条中御霊町４９－１クロス京都南１Ｆ", "緯度": 34.979371, "経度": 135.761433, "url": "https://www.iryou.teikyouseido.mhlw.go.jp/znk-web/juminkanja/S2430/initialize?prefCd=26&kikanCd=2630000099&kikanKbn=3", "url2": "http://www.ooishibashi-shika.com/", "内容": "医療法人おおいしばし歯科・矯正歯科【3:歯科】京都府京都市南区東九条中御霊町４９－１クロス京都南１Ｆ" }, "geometry": { "type": "Point", "coordinates": [ 135.761433, 34.979371 ] } },
{ "type": "Feature", "properties": { "ID": 2632630000108, "正式名称": "高橋歯科医院", "機関区分": 3, "都道府県コード": 26, "市区町村コード": 107, "所在地": "京都府京都市南区上鳥羽南村山町６２", "緯度": 34.963789, "経度": 135.742269, "url": "https://www.iryou.teikyouseido.mhlw.go.jp/znk-web/juminkanja/S2430/initialize?prefCd=26&kikanCd=2630000108&kikanKbn=3", "url2": null, "内容": "高橋歯科医院【3:歯科】京都府京都市南区上鳥羽南村山町６２" }, "geometry": { "type": "Point", "coordinates": [ 135.742269, 34.963789 ] } },
{ "type": "Feature", "properties": { "ID": 2632630000115, "正式名称": "上田歯科医院", "機関区分": 3, "都道府県コード": 26, "市区町村コード": 107, "所在地": "京都府京都市南区吉祥院八反田町１９の５", "緯度": 34.97426, "経度": 135.740713, "url": "https://www.iryou.teikyouseido.mhlw.go.jp/znk-web/juminkanja/S2430/initialize?prefCd=26&kikanCd=2630000115&kikanKbn=3", "url2": null, "内容": "上田歯科医院【3:歯科】京都府京都市南区吉祥院八反田町１９の５" }, "geometry": { "type": "Point", "coordinates": [ 135.740713, 34.97426 ] } },
{ "type": "Feature", "properties": { "ID": 2632630000119, "正式名称": "金子歯科医院", "機関区分": 3, "都道府県コード": 26, "市区町村コード": 107, "所在地": "京都府京都市南区吉祥院九条町３６－１", "緯度": 34.978398, "経度": 135.734769, "url": "https://www.iryou.teikyouseido.mhlw.go.jp/znk-web/juminkanja/S2430/initialize?prefCd=26&kikanCd=2630000119&kikanKbn=3", "url2": null, "内容": "金子歯科医院【3:歯科】京都府京都市南区吉祥院九条町３６－１" }, "geometry": { "type": "Point", "coordinates": [ 135.734769, 34.978398 ] } },
{ "type": "Feature", "properties": { "ID": 2632630000130, "正式名称": "よしかわ歯科医院", "機関区分": 3, "都道府県コード": 26, "市区町村コード": 107, "所在地": "京都府京都市南区西九条開ヶ町１０９", "緯度": 34.978482, "経度": 135.751656, "url": "https://www.iryou.teikyouseido.mhlw.go.jp/znk-web/juminkanja/S2430/initialize?prefCd=26&kikanCd=2630000130&kikanKbn=3", "url2": null, "内容": "よしかわ歯科医院【3:歯科】京都府京都市南区西九条開ヶ町１０９" }, "geometry": { "type": "Point", "coordinates": [ 135.751656, 34.978482 ] } },
{ "type": "Feature", "properties": { "ID": 2632630000141, "正式名称": "奥田歯科", "機関区分": 3, "都道府県コード": 26, "市区町村コード": 102, "所在地": "京都府京都市上京区今出川通小川東入北兼康町３０３リーガル京都御所西１０１", "緯度": 35.02981, "経度": 135.755154, "url": "https://www.iryou.teikyouseido.mhlw.go.jp/znk-web/juminkanja/S2430/initialize?prefCd=26&kikanCd=2630000141&kikanKbn=3", "url2": null, "内容": "奥田歯科【3:歯科】京都府京都市上京区今出川通小川東入北兼康町３０３リーガル京都御所西１０１" }, "geometry": { "type": "Point", "coordinates": [ 135.755154, 35.02981 ] } },
{ "type": "Feature", "properties": { "ID": 2632630000143, "正式名称": "山村歯科医院", "機関区分": 3, "都道府県コード": 26, "市区町村コード": 102, "所在地": "京都府京都市上京区飛鳥井町２６９－３", "緯度": 35.029588, "経度": 135.753571, "url": "https://www.iryou.teikyouseido.mhlw.go.jp/znk-web/juminkanja/S2430/initialize?prefCd=26&kikanCd=2630000143&kikanKbn=3", "url2": "http://yamamura-dental-clinic.com/", "内容": "山村歯科医院【3:歯科】京都府京都市上京区飛鳥井町２６９－３" }, "geometry": { "type": "Point", "coordinates": [ 135.753571, 35.029588 ] } },
{ "type": "Feature", "properties": { "ID": 2632630000151, "正式名称": "医療法人　明貴会　山口歯科医院", "機関区分": 3, "都道府県コード": 26, "市区町村コード": 102, "所在地": "京都府京都市上京区河原町荒神口上る西側荒神町１１０－２", "緯度": 35.021505, "経度": 135.769153, "url": "https://www.iryou.teikyouseido.mhlw.go.jp/znk-web/juminkanja/S2430/initialize?prefCd=26&kikanCd=2630000151&kikanKbn=3", "url2": "https://dr-yamaguchi-mti.jp/", "内容": "医療法人　明貴会　山口歯科医院【3:歯科】京都府京都市上京区河原町荒神口上る西側荒神町１１０－２" }, "geometry": { "type": "Point", "coordinates": [ 135.769153, 35.021505 ] } },
{ "type": "Feature", "properties": { "ID": 2632630000154, "正式名称": "ｙｏｓｈｉｋｏ歯科クリニック", "機関区分": 3, "都道府県コード": 26, "市区町村コード": 102, "所在地": "京都府京都市上京区信富町３０６－２", "緯度": 35.018006, "経度": 135.76807, "url": "https://www.iryou.teikyouseido.mhlw.go.jp/znk-web/juminkanja/S2430/initialize?prefCd=26&kikanCd=2630000154&kikanKbn=3", "url2": "http://yoshikodentalclinic.health.officelive.com/", "内容": "ｙｏｓｈｉｋｏ歯科クリニック【3:歯科】京都府京都市上京区信富町３０６－２" }, "geometry": { "type": "Point", "coordinates": [ 135.76807, 35.018006 ] } },
{ "type": "Feature", "properties": { "ID": 2632630000161, "正式名称": "京都府庁内歯科診療所", "機関区分": 3, "都道府県コード": 26, "市区町村コード": 102, "所在地": "京都府京都市上京区下立売通新町西入藪ノ内町１", "緯度": 35.022144, "経度": 135.755126, "url": "https://www.iryou.teikyouseido.mhlw.go.jp/znk-web/juminkanja/S2430/initialize?prefCd=26&kikanCd=2630000161&kikanKbn=3", "url2": null, "内容": "京都府庁内歯科診療所【3:歯科】京都府京都市上京区下立売通新町西入藪ノ内町１" }, "geometry": { "type": "Point", "coordinates": [ 135.755126, 35.022144 ] } },
{ "type": "Feature", "properties": { "ID": 2632630000162, "正式名称": "中川歯科診療所", "機関区分": 3, "都道府県コード": 26, "市区町村コード": 102, "所在地": "京都府京都市上京区東堀川通出水上ル三丁目１３－１", "緯度": 35.021422, "経度": 135.752265, "url": "https://www.iryou.teikyouseido.mhlw.go.jp/znk-web/juminkanja/S2430/initialize?prefCd=26&kikanCd=2630000162&kikanKbn=3", "url2": null, "内容": "中川歯科診療所【3:歯科】京都府京都市上京区東堀川通出水上ル三丁目１３－１" }, "geometry": { "type": "Point", "coordinates": [ 135.752265, 35.021422 ] } },
{ "type": "Feature", "properties": { "ID": 2632630000165, "正式名称": "鈴木歯科診療所", "機関区分": 3, "都道府県コード": 26, "市区町村コード": 102, "所在地": "京都府京都市上京区丸太町通堀川西入西丸太町１７３番地　メロディハイム二条城１０２", "緯度": 35.017506, "経度": 135.751377, "url": "https://www.iryou.teikyouseido.mhlw.go.jp/znk-web/juminkanja/S2430/initialize?prefCd=26&kikanCd=2630000165&kikanKbn=3", "url2": null, "内容": "鈴木歯科診療所【3:歯科】京都府京都市上京区丸太町通堀川西入西丸太町１７３番地　メロディハイム二条城１０２" }, "geometry": { "type": "Point", "coordinates": [ 135.751377, 35.017506 ] } },
{ "type": "Feature", "properties": { "ID": 2632630000166, "正式名称": "松林歯科医院", "機関区分": 3, "都道府県コード": 26, "市区町村コード": 102, "所在地": "京都府京都市上京区日暮通丸太町上ル西入西院町７４７", "緯度": 35.019394, "経度": 135.747155, "url": "https://www.iryou.teikyouseido.mhlw.go.jp/znk-web/juminkanja/S2430/initialize?prefCd=26&kikanCd=2630000166&kikanKbn=3", "url2": null, "内容": "松林歯科医院【3:歯科】京都府京都市上京区日暮通丸太町上ル西入西院町７４７" }, "geometry": { "type": "Point", "coordinates": [ 135.747155, 35.019394 ] } },
{ "type": "Feature", "properties": { "ID": 2632630000173, "正式名称": "医療法人銀杏会　ファミリー小児・矯正歯科", "機関区分": 3, "都道府県コード": 26, "市区町村コード": 102, "所在地": "京都府京都市上京区中立売通裏門東入多門町４３４番地", "緯度": 35.024838, "経度": 135.746405, "url": "https://www.iryou.teikyouseido.mhlw.go.jp/znk-web/juminkanja/S2430/initialize?prefCd=26&kikanCd=2630000173&kikanKbn=3", "url2": "http://www.family-shika.net/", "内容": "医療法人銀杏会　ファミリー小児・矯正歯科【3:歯科】京都府京都市上京区中立売通裏門東入多門町４３４番地" }, "geometry": { "type": "Point", "coordinates": [ 135.746405, 35.024838 ] } },
{ "type": "Feature", "properties": { "ID": 2632630000175, "正式名称": "水野歯科医院", "機関区分": 3, "都道府県コード": 26, "市区町村コード": 102, "所在地": "京都府京都市上京区千本通中立売上る西中筋町８", "緯度": 35.026004, "経度": 135.742211, "url": "https://www.iryou.teikyouseido.mhlw.go.jp/znk-web/juminkanja/S2430/initialize?prefCd=26&kikanCd=2630000175&kikanKbn=3", "url2": null, "内容": "水野歯科医院【3:歯科】京都府京都市上京区千本通中立売上る西中筋町８" }, "geometry": { "type": "Point", "coordinates": [ 135.742211, 35.026004 ] } },
{ "type": "Feature", "properties": { "ID": 2632630000176, "正式名称": "川戸歯科医院", "機関区分": 3, "都道府県コード": 26, "市区町村コード": 102, "所在地": "京都府京都市上京区中立売通千本東入丹波屋町３４９の１サンタロービル２Ｆ", "緯度": 35.024843, "経度": 135.742715, "url": "https://www.iryou.teikyouseido.mhlw.go.jp/znk-web/juminkanja/S2430/initialize?prefCd=26&kikanCd=2630000176&kikanKbn=3", "url2": null, "内容": "川戸歯科医院【3:歯科】京都府京都市上京区中立売通千本東入丹波屋町３４９の１サンタロービル２Ｆ" }, "geometry": { "type": "Point", "coordinates": [ 135.742715, 35.024843 ] } },
{ "type": "Feature", "properties": { "ID": 2632630000177, "正式名称": "宮崎歯科医院", "機関区分": 3, "都道府県コード": 26, "市区町村コード": 102, "所在地": "京都府京都市上京区千本鞍馬口下ル", "緯度": 35.035976, "経度": 135.740738, "url": "https://www.iryou.teikyouseido.mhlw.go.jp/znk-web/juminkanja/S2430/initialize?prefCd=26&kikanCd=2630000177&kikanKbn=3", "url2": null, "内容": "宮崎歯科医院【3:歯科】京都府京都市上京区千本鞍馬口下ル" }, "geometry": { "type": "Point", "coordinates": [ 135.740738, 35.035976 ] } },
{ "type": "Feature", "properties": { "ID": 2632630000180, "正式名称": "医療法人　千槇会　羽田歯科医院", "機関区分": 3, "都道府県コード": 26, "市区町村コード": 102, "所在地": "京都府京都市上京区今出川通六軒町西入西上善寺町１８４－１", "緯度": 35.029698, "経度": 135.740016, "url": "https://www.iryou.teikyouseido.mhlw.go.jp/znk-web/juminkanja/S2430/initialize?prefCd=26&kikanCd=2630000180&kikanKbn=3", "url2": "http://hada-dc.com/", "内容": "医療法人　千槇会　羽田歯科医院【3:歯科】京都府京都市上京区今出川通六軒町西入西上善寺町１８４－１" }, "geometry": { "type": "Point", "coordinates": [ 135.740016, 35.029698 ] } },
{ "type": "Feature", "properties": { "ID": 2632630000184, "正式名称": "嶋森歯科医院", "機関区分": 3, "都道府県コード": 26, "市区町村コード": 102, "所在地": "京都府京都市上京区今小路通り御前西入ル紙屋川町８７７", "緯度": 35.028143, "経度": 135.73485, "url": "https://www.iryou.teikyouseido.mhlw.go.jp/znk-web/juminkanja/S2430/initialize?prefCd=26&kikanCd=2630000184&kikanKbn=3", "url2": "https://shimamori-dentalclinic.com", "内容": "嶋森歯科医院【3:歯科】京都府京都市上京区今小路通り御前西入ル紙屋川町８７７" }, "geometry": { "type": "Point", "coordinates": [ 135.73485, 35.028143 ] } },
{ "type": "Feature", "properties": { "ID": 2632630000192, "正式名称": "医療法人社団潤和会今出川前田歯科医院", "機関区分": 3, "都道府県コード": 26, "市区町村コード": 102, "所在地": "京都府京都市上京区今出川通智恵光院西入西北小路町２４１番地クレステージ今出川通り１０１号", "緯度": 35.030032, "経度": 135.746932, "url": "https://www.iryou.teikyouseido.mhlw.go.jp/znk-web/juminkanja/S2430/initialize?prefCd=26&kikanCd=2630000192&kikanKbn=3", "url2": "https://www.maeda-dental.info/", "内容": "医療法人社団潤和会今出川前田歯科医院【3:歯科】京都府京都市上京区今出川通智恵光院西入西北小路町２４１番地クレステージ今出川通り１０１号" }, "geometry": { "type": "Point", "coordinates": [ 135.746932, 35.030032 ] } },
{ "type": "Feature", "properties": { "ID": 2632630000194, "正式名称": "安井歯科医院", "機関区分": 3, "都道府県コード": 26, "市区町村コード": 102, "所在地": "京都府京都市上京区千本通笹屋町下ル笹屋町四丁目２６９", "緯度": 35.028032, "経度": 135.742349, "url": "https://www.iryou.teikyouseido.mhlw.go.jp/znk-web/juminkanja/S2430/initialize?prefCd=26&kikanCd=2630000194&kikanKbn=3", "url2": null, "内容": "安井歯科医院【3:歯科】京都府京都市上京区千本通笹屋町下ル笹屋町四丁目２６９" }, "geometry": { "type": "Point", "coordinates": [ 135.742349, 35.028032 ] } },
{ "type": "Feature", "properties": { "ID": 2632630000202, "正式名称": "大西歯科医院", "機関区分": 3, "都道府県コード": 26, "市区町村コード": 101, "所在地": "京都府京都市北区上賀茂松本町１３－２", "緯度": 35.053585, "経度": 135.763846, "url": "https://www.iryou.teikyouseido.mhlw.go.jp/znk-web/juminkanja/S2430/initialize?prefCd=26&kikanCd=2630000202&kikanKbn=3", "url2": "https://www.ohnishi-dental.com", "内容": "大西歯科医院【3:歯科】京都府京都市北区上賀茂松本町１３－２" }, "geometry": { "type": "Point", "coordinates": [ 135.763846, 35.053585 ] } },
{ "type": "Feature", "properties": { "ID": 2632630000208, "正式名称": "尾上歯科医院", "機関区分": 3, "都道府県コード": 26, "市区町村コード": 101, "所在地": "京都府京都市北区上賀茂荒草町５３の１", "緯度": 35.054641, "経度": 135.758624, "url": "https://www.iryou.teikyouseido.mhlw.go.jp/znk-web/juminkanja/S2430/initialize?prefCd=26&kikanCd=2630000208&kikanKbn=3", "url2": null, "内容": "尾上歯科医院【3:歯科】京都府京都市北区上賀茂荒草町５３の１" }, "geometry": { "type": "Point", "coordinates": [ 135.758624, 35.054641 ] } },
{ "type": "Feature", "properties": { "ID": 2632630000210, "正式名称": "金谷歯科クリニック", "機関区分": 3, "都道府県コード": 26, "市区町村コード": 101, "所在地": "京都府京都市北区上賀茂藤ノ木町２３", "緯度": 35.057946, "経度": 135.756013, "url": "https://www.iryou.teikyouseido.mhlw.go.jp/znk-web/juminkanja/S2430/initialize?prefCd=26&kikanCd=2630000210&kikanKbn=3", "url2": null, "内容": "金谷歯科クリニック【3:歯科】京都府京都市北区上賀茂藤ノ木町２３" }, "geometry": { "type": "Point", "coordinates": [ 135.756013, 35.057946 ] } },
{ "type": "Feature", "properties": { "ID": 2632630000215, "正式名称": "浅田まひろ歯科医院", "機関区分": 3, "都道府県コード": 26, "市区町村コード": 101, "所在地": "京都府京都市北区紫竹下本町１１", "緯度": 35.049391, "経度": 135.751264, "url": "https://www.iryou.teikyouseido.mhlw.go.jp/znk-web/juminkanja/S2430/initialize?prefCd=26&kikanCd=2630000215&kikanKbn=3", "url2": "mahirodental.com", "内容": "浅田まひろ歯科医院【3:歯科】京都府京都市北区紫竹下本町１１" }, "geometry": { "type": "Point", "coordinates": [ 135.751264, 35.049391 ] } },
{ "type": "Feature", "properties": { "ID": 2632630000222, "正式名称": "永冨歯科医院", "機関区分": 3, "都道府県コード": 26, "市区町村コード": 101, "所在地": "京都府京都市北区小山南上総町７５", "緯度": 35.040337, "経度": 135.759097, "url": "https://www.iryou.teikyouseido.mhlw.go.jp/znk-web/juminkanja/S2430/initialize?prefCd=26&kikanCd=2630000222&kikanKbn=3", "url2": null, "内容": "永冨歯科医院【3:歯科】京都府京都市北区小山南上総町７５" }, "geometry": { "type": "Point", "coordinates": [ 135.759097, 35.040337 ] } },
{ "type": "Feature", "properties": { "ID": 2632630000225, "正式名称": "きしもと歯科医院", "機関区分": 3, "都道府県コード": 26, "市区町村コード": 101, "所在地": "京都府京都市北区小山東大野町５２", "緯度": 35.043142, "経度": 135.756681, "url": "https://www.iryou.teikyouseido.mhlw.go.jp/znk-web/juminkanja/S2430/initialize?prefCd=26&kikanCd=2630000225&kikanKbn=3", "url2": "http://www.kishimoto-dental.com/", "内容": "きしもと歯科医院【3:歯科】京都府京都市北区小山東大野町５２" }, "geometry": { "type": "Point", "coordinates": [ 135.756681, 35.043142 ] } },
{ "type": "Feature", "properties": { "ID": 2632630000243, "正式名称": "溝渕歯科医院", "機関区分": 3, "都道府県コード": 26, "市区町村コード": 101, "所在地": "京都府京都市北区紫野西泉堂町６３－２", "緯度": 35.04778, "経度": 135.739876, "url": "https://www.iryou.teikyouseido.mhlw.go.jp/znk-web/juminkanja/S2430/initialize?prefCd=26&kikanCd=2630000243&kikanKbn=3", "url2": "http://www.mizobuchi-dental.com/", "内容": "溝渕歯科医院【3:歯科】京都府京都市北区紫野西泉堂町６３－２" }, "geometry": { "type": "Point", "coordinates": [ 135.739876, 35.04778 ] } },
{ "type": "Feature", "properties": { "ID": 2632630000245, "正式名称": "正木歯科医院", "機関区分": 3, "都道府県コード": 26, "市区町村コード": 101, "所在地": "京都府京都市北区紫野下柏野町５６ラ・ビスタ１階", "緯度": 35.034142, "経度": 135.739071, "url": "https://www.iryou.teikyouseido.mhlw.go.jp/znk-web/juminkanja/S2430/initialize?prefCd=26&kikanCd=2630000245&kikanKbn=3", "url2": "masakishika-yobou.com", "内容": "正木歯科医院【3:歯科】京都府京都市北区紫野下柏野町５６ラ・ビスタ１階" }, "geometry": { "type": "Point", "coordinates": [ 135.739071, 35.034142 ] } },
{ "type": "Feature", "properties": { "ID": 2632630000250, "正式名称": "岡村歯科医院", "機関区分": 3, "都道府県コード": 26, "市区町村コード": 101, "所在地": "京都府京都市北区北野下白梅町４４－１カシア３階", "緯度": 35.026865, "経度": 135.731961, "url": "https://www.iryou.teikyouseido.mhlw.go.jp/znk-web/juminkanja/S2430/initialize?prefCd=26&kikanCd=2630000250&kikanKbn=3", "url2": "http://www.okamura-dentalclinic.net/index.html", "内容": "岡村歯科医院【3:歯科】京都府京都市北区北野下白梅町４４－１カシア３階" }, "geometry": { "type": "Point", "coordinates": [ 135.731961, 35.026865 ] } },
{ "type": "Feature", "properties": { "ID": 2632630000252, "正式名称": "平岡歯科医院", "機関区分": 3, "都道府県コード": 26, "市区町村コード": 101, "所在地": "京都府京都市北区大将軍東鷹司町１１７の１", "緯度": 35.023449, "経度": 135.731406, "url": "https://www.iryou.teikyouseido.mhlw.go.jp/znk-web/juminkanja/S2430/initialize?prefCd=26&kikanCd=2630000252&kikanKbn=3", "url2": null, "内容": "平岡歯科医院【3:歯科】京都府京都市北区大将軍東鷹司町１１７の１" }, "geometry": { "type": "Point", "coordinates": [ 135.731406, 35.023449 ] } },
{ "type": "Feature", "properties": { "ID": 2632630000254, "正式名称": "内田歯科医院", "機関区分": 3, "都道府県コード": 26, "市区町村コード": 101, "所在地": "京都府京都市北区大将軍一条町１", "緯度": 35.025865, "経度": 135.72699, "url": "https://www.iryou.teikyouseido.mhlw.go.jp/znk-web/juminkanja/S2430/initialize?prefCd=26&kikanCd=2630000254&kikanKbn=3", "url2": "http://www.dc-uchida.com/", "内容": "内田歯科医院【3:歯科】京都府京都市北区大将軍一条町１" }, "geometry": { "type": "Point", "coordinates": [ 135.72699, 35.025865 ] } },
{ "type": "Feature", "properties": { "ID": 2632630000258, "正式名称": "おざわ歯科医院", "機関区分": 3, "都道府県コード": 26, "市区町村コード": 101, "所在地": "京都府京都市北区平野上柳町１１‐３２", "緯度": 35.034059, "経度": 135.727656, "url": "https://www.iryou.teikyouseido.mhlw.go.jp/znk-web/juminkanja/S2430/initialize?prefCd=26&kikanCd=2630000258&kikanKbn=3", "url2": null, "内容": "おざわ歯科医院【3:歯科】京都府京都市北区平野上柳町１１‐３２" }, "geometry": { "type": "Point", "coordinates": [ 135.727656, 35.034059 ] } },
{ "type": "Feature", "properties": { "ID": 2632630000262, "正式名称": "清水歯科医院", "機関区分": 3, "都道府県コード": 26, "市区町村コード": 101, "所在地": "京都府京都市北区衣笠北天神森町３５イーグルコート衣笠１０１", "緯度": 35.03742, "経度": 135.733072, "url": "https://www.iryou.teikyouseido.mhlw.go.jp/znk-web/juminkanja/S2430/initialize?prefCd=26&kikanCd=2630000262&kikanKbn=3", "url2": "http://www2.odn.ne.jp/shimizu_dental/", "内容": "清水歯科医院【3:歯科】京都府京都市北区衣笠北天神森町３５イーグルコート衣笠１０１" }, "geometry": { "type": "Point", "coordinates": [ 135.733072, 35.03742 ] } },
{ "type": "Feature", "properties": { "ID": 2632630000269, "正式名称": "中山歯科医院", "機関区分": 3, "都道府県コード": 26, "市区町村コード": 101, "所在地": "京都府京都市北区紫竹西野山町４８の６", "緯度": 35.050974, "経度": 135.740932, "url": "https://www.iryou.teikyouseido.mhlw.go.jp/znk-web/juminkanja/S2430/initialize?prefCd=26&kikanCd=2630000269&kikanKbn=3", "url2": null, "内容": "中山歯科医院【3:歯科】京都府京都市北区紫竹西野山町４８の６" }, "geometry": { "type": "Point", "coordinates": [ 135.740932, 35.050974 ] } },
{ "type": "Feature", "properties": { "ID": 2632630000276, "正式名称": "ほりべ歯科クリニック", "機関区分": 3, "都道府県コード": 26, "市区町村コード": 101, "所在地": "京都府京都市北区西賀茂神光院町１１５－１", "緯度": 35.060761, "経度": 135.743103, "url": "https://www.iryou.teikyouseido.mhlw.go.jp/znk-web/juminkanja/S2430/initialize?prefCd=26&kikanCd=2630000276&kikanKbn=3", "url2": "http://www.horibe-dental.com/", "内容": "ほりべ歯科クリニック【3:歯科】京都府京都市北区西賀茂神光院町１１５－１" }, "geometry": { "type": "Point", "coordinates": [ 135.743103, 35.060761 ] } },
{ "type": "Feature", "properties": { "ID": 2632630000284, "正式名称": "上松歯科医院", "機関区分": 3, "都道府県コード": 26, "市区町村コード": 104, "所在地": "京都府京都市中京区御池通小川西入下古城町３９８ロイヤルプラザ御池１Ｆ", "緯度": 35.011284, "経度": 135.754044, "url": "https://www.iryou.teikyouseido.mhlw.go.jp/znk-web/juminkanja/S2430/initialize?prefCd=26&kikanCd=2630000284&kikanKbn=3", "url2": "http://www.uematsushika.com/", "内容": "上松歯科医院【3:歯科】京都府京都市中京区御池通小川西入下古城町３９８ロイヤルプラザ御池１Ｆ" }, "geometry": { "type": "Point", "coordinates": [ 135.754044, 35.011284 ] } },
{ "type": "Feature", "properties": { "ID": 2632630000295, "正式名称": "横田歯科口腔外科医院", "機関区分": 3, "都道府県コード": 26, "市区町村コード": 104, "所在地": "京都府京都市中京区丸太町通烏丸東入ル光リ堂町４２０京都インペリアルビル３Ｆ", "緯度": 35.0172, "経度": 135.759793, "url": "https://www.iryou.teikyouseido.mhlw.go.jp/znk-web/juminkanja/S2430/initialize?prefCd=26&kikanCd=2630000295&kikanKbn=3", "url2": null, "内容": "横田歯科口腔外科医院【3:歯科】京都府京都市中京区丸太町通烏丸東入ル光リ堂町４２０京都インペリアルビル３Ｆ" }, "geometry": { "type": "Point", "coordinates": [ 135.759793, 35.0172 ] } },
{ "type": "Feature", "properties": { "ID": 2632630000296, "正式名称": "神原歯科医院", "機関区分": 3, "都道府県コード": 26, "市区町村コード": 104, "所在地": "京都府京都市中京区河原町夷川上ル指物町３３０‐３", "緯度": 35.014923, "経度": 135.768737, "url": "https://www.iryou.teikyouseido.mhlw.go.jp/znk-web/juminkanja/S2430/initialize?prefCd=26&kikanCd=2630000296&kikanKbn=3", "url2": null, "内容": "神原歯科医院【3:歯科】京都府京都市中京区河原町夷川上ル指物町３３０‐３" }, "geometry": { "type": "Point", "coordinates": [ 135.768737, 35.014923 ] } },
{ "type": "Feature", "properties": { "ID": 2632630000300, "正式名称": "医療法人社団孔雀会キョート矯正歯科クリニック", "機関区分": 3, "都道府県コード": 26, "市区町村コード": 104, "所在地": "京都府京都市中京区河原町通二条下ル一之船入町５３７番地の４　京都ホテルＢ１", "緯度": 35.01159, "経度": 135.769487, "url": "https://www.iryou.teikyouseido.mhlw.go.jp/znk-web/juminkanja/S2430/initialize?prefCd=26&kikanCd=2630000300&kikanKbn=3", "url2": "http://www.kyoto-shika.com/", "内容": "医療法人社団孔雀会キョート矯正歯科クリニック【3:歯科】京都府京都市中京区河原町通二条下ル一之船入町５３７番地の４　京都ホテルＢ１" }, "geometry": { "type": "Point", "coordinates": [ 135.769487, 35.01159 ] } },
{ "type": "Feature", "properties": { "ID": 2632630000301, "正式名称": "たかあき歯科医院", "機関区分": 3, "都道府県コード": 26, "市区町村コード": 104, "所在地": "京都府京都市中京区河原町通二条下ル一之船入町５３７番地の４ホテルオークラ京都Ｂ１", "緯度": 35.011673, "経度": 135.769459, "url": "https://www.iryou.teikyouseido.mhlw.go.jp/znk-web/juminkanja/S2430/initialize?prefCd=26&kikanCd=2630000301&kikanKbn=3", "url2": null, "内容": "たかあき歯科医院【3:歯科】京都府京都市中京区河原町通二条下ル一之船入町５３７番地の４ホテルオークラ京都Ｂ１" }, "geometry": { "type": "Point", "coordinates": [ 135.769459, 35.011673 ] } },
{ "type": "Feature", "properties": { "ID": 2632630000303, "正式名称": "安田歯科医院", "機関区分": 3, "都道府県コード": 26, "市区町村コード": 104, "所在地": "京都府京都市中京区御幸町通御池上ル亀屋町３７５－１", "緯度": 35.011118, "経度": 135.766792, "url": "https://www.iryou.teikyouseido.mhlw.go.jp/znk-web/juminkanja/S2430/initialize?prefCd=26&kikanCd=2630000303&kikanKbn=3", "url2": "http://www.yasuda-dc.com/", "内容": "安田歯科医院【3:歯科】京都府京都市中京区御幸町通御池上ル亀屋町３７５－１" }, "geometry": { "type": "Point", "coordinates": [ 135.766792, 35.011118 ] } },
{ "type": "Feature", "properties": { "ID": 2632630000309, "正式名称": "太田歯科医院", "機関区分": 3, "都道府県コード": 26, "市区町村コード": 104, "所在地": "京都府京都市中京区三条通河原町東入ル中島町１１３近江屋ビル２階", "緯度": 35.009229, "経度": 135.771237, "url": "https://www.iryou.teikyouseido.mhlw.go.jp/znk-web/juminkanja/S2430/initialize?prefCd=26&kikanCd=2630000309&kikanKbn=3", "url2": null, "内容": "太田歯科医院【3:歯科】京都府京都市中京区三条通河原町東入ル中島町１１３近江屋ビル２階" }, "geometry": { "type": "Point", "coordinates": [ 135.771237, 35.009229 ] } },
{ "type": "Feature", "properties": { "ID": 2632630000327, "正式名称": "山下歯科医院", "機関区分": 3, "都道府県コード": 26, "市区町村コード": 104, "所在地": "京都府京都市中京区堺町通蛸薬師下ル菊屋町５２３－１", "緯度": 35.005424, "経度": 135.76321, "url": "https://www.iryou.teikyouseido.mhlw.go.jp/znk-web/juminkanja/S2430/initialize?prefCd=26&kikanCd=2630000327&kikanKbn=3", "url2": null, "内容": "山下歯科医院【3:歯科】京都府京都市中京区堺町通蛸薬師下ル菊屋町５２３－１" }, "geometry": { "type": "Point", "coordinates": [ 135.76321, 35.005424 ] } },
{ "type": "Feature", "properties": { "ID": 2632630000330, "正式名称": "藤本口腔外科医院", "機関区分": 3, "都道府県コード": 26, "市区町村コード": 104, "所在地": "京都府京都市中京区東洞院通四条上ル西入ル阪東屋町６６４－２１", "緯度": 35.004313, "経度": 135.760571, "url": "https://www.iryou.teikyouseido.mhlw.go.jp/znk-web/juminkanja/S2430/initialize?prefCd=26&kikanCd=2630000330&kikanKbn=3", "url2": null, "内容": "藤本口腔外科医院【3:歯科】京都府京都市中京区東洞院通四条上ル西入ル阪東屋町６６４－２１" }, "geometry": { "type": "Point", "coordinates": [ 135.760571, 35.004313 ] } },
{ "type": "Feature", "properties": { "ID": 2632630000349, "正式名称": "もりや歯科医院", "機関区分": 3, "都道府県コード": 26, "市区町村コード": 104, "所在地": "京都府京都市中京区四条大宮西入錦大宮町１１６プラネシア阪急大宮ビル　サウス２Ｆ－Ａ", "緯度": 35.003757, "経度": 135.747878, "url": "https://www.iryou.teikyouseido.mhlw.go.jp/znk-web/juminkanja/S2430/initialize?prefCd=26&kikanCd=2630000349&kikanKbn=3", "url2": "http://www.moriya-dental.net/", "内容": "もりや歯科医院【3:歯科】京都府京都市中京区四条大宮西入錦大宮町１１６プラネシア阪急大宮ビル　サウス２Ｆ－Ａ" }, "geometry": { "type": "Point", "coordinates": [ 135.747878, 35.003757 ] } },
{ "type": "Feature", "properties": { "ID": 2632630000351, "正式名称": "杉村歯科医院", "機関区分": 3, "都道府県コード": 26, "市区町村コード": 104, "所在地": "京都府京都市中京区聚楽廻西町１１９", "緯度": 35.016255, "経度": 135.740072, "url": "https://www.iryou.teikyouseido.mhlw.go.jp/znk-web/juminkanja/S2430/initialize?prefCd=26&kikanCd=2630000351&kikanKbn=3", "url2": null, "内容": "杉村歯科医院【3:歯科】京都府京都市中京区聚楽廻西町１１９" }, "geometry": { "type": "Point", "coordinates": [ 135.740072, 35.016255 ] } },
{ "type": "Feature", "properties": { "ID": 2632630000352, "正式名称": "堀川歯科医院", "機関区分": 3, "都道府県コード": 26, "市区町村コード": 104, "所在地": "京都府京都市中京区聚楽廻西町１８８－３３", "緯度": 35.0167, "経度": 135.739156, "url": "https://www.iryou.teikyouseido.mhlw.go.jp/znk-web/juminkanja/S2430/initialize?prefCd=26&kikanCd=2630000352&kikanKbn=3", "url2": null, "内容": "堀川歯科医院【3:歯科】京都府京都市中京区聚楽廻西町１８８－３３" }, "geometry": { "type": "Point", "coordinates": [ 135.739156, 35.0167 ] } },
{ "type": "Feature", "properties": { "ID": 2632630000355, "正式名称": "京都歯科サービスセンター中央診療所", "機関区分": 3, "都道府県コード": 26, "市区町村コード": 104, "所在地": "京都府京都市中京区西ノ京栂尾町１番地", "緯度": 35.011784, "経度": 135.742156, "url": "https://www.iryou.teikyouseido.mhlw.go.jp/znk-web/juminkanja/S2430/initialize?prefCd=26&kikanCd=2630000355&kikanKbn=3", "url2": "https://www.kda8020.or.jp/", "内容": "京都歯科サービスセンター中央診療所【3:歯科】京都府京都市中京区西ノ京栂尾町１番地" }, "geometry": { "type": "Point", "coordinates": [ 135.742156, 35.011784 ] } },
{ "type": "Feature", "properties": { "ID": 2632630000357, "正式名称": "医療法人社団翔志会　たけち歯科クリニック", "機関区分": 3, "都道府県コード": 26, "市区町村コード": 104, "所在地": "京都府京都市中京区壬生神明町１番地３９　ａｒｔｉｃｌｅｓ１Ｆ", "緯度": 35.00834, "経度": 135.73885, "url": "https://www.iryou.teikyouseido.mhlw.go.jp/znk-web/juminkanja/S2430/initialize?prefCd=26&kikanCd=2630000357&kikanKbn=3", "url2": "www.tdc-smile.jp", "内容": "医療法人社団翔志会　たけち歯科クリニック【3:歯科】京都府京都市中京区壬生神明町１番地３９　ａｒｔｉｃｌｅｓ１Ｆ" }, "geometry": { "type": "Point", "coordinates": [ 135.73885, 35.00834 ] } },
{ "type": "Feature", "properties": { "ID": 2632630000358, "正式名称": "あおき歯科", "機関区分": 3, "都道府県コード": 26, "市区町村コード": 104, "所在地": "京都府京都市中京区西ノ京西月光町６２－１ムーンライト三条１Ｆ", "緯度": 35.008645, "経度": 135.735934, "url": "https://www.iryou.teikyouseido.mhlw.go.jp/znk-web/juminkanja/S2430/initialize?prefCd=26&kikanCd=2630000358&kikanKbn=3", "url2": "http://aoki-dc.jp/", "内容": "あおき歯科【3:歯科】京都府京都市中京区西ノ京西月光町６２－１ムーンライト三条１Ｆ" }, "geometry": { "type": "Point", "coordinates": [ 135.735934, 35.008645 ] } },
{ "type": "Feature", "properties": { "ID": 2632630000369, "正式名称": "佐久間歯科医院", "機関区分": 3, "都道府県コード": 26, "市区町村コード": 104, "所在地": "京都府京都市中京区西ノ京北円町４７", "緯度": 35.019922, "経度": 135.731628, "url": "https://www.iryou.teikyouseido.mhlw.go.jp/znk-web/juminkanja/S2430/initialize?prefCd=26&kikanCd=2630000369&kikanKbn=3", "url2": null, "内容": "佐久間歯科医院【3:歯科】京都府京都市中京区西ノ京北円町４７" }, "geometry": { "type": "Point", "coordinates": [ 135.731628, 35.019922 ] } },
{ "type": "Feature", "properties": { "ID": 2632630000373, "正式名称": "かおり歯科医院", "機関区分": 3, "都道府県コード": 26, "市区町村コード": 104, "所在地": "京都府京都市中京区西ノ京南上合町２８ヴェルデ春日１Ｆ", "緯度": 35.0137, "経度": 135.730268, "url": "https://www.iryou.teikyouseido.mhlw.go.jp/znk-web/juminkanja/S2430/initialize?prefCd=26&kikanCd=2630000373&kikanKbn=3", "url2": "http://www.e-5171.jp/", "内容": "かおり歯科医院【3:歯科】京都府京都市中京区西ノ京南上合町２８ヴェルデ春日１Ｆ" }, "geometry": { "type": "Point", "coordinates": [ 135.730268, 35.0137 ] } },
{ "type": "Feature", "properties": { "ID": 2632630000378, "正式名称": "竹内歯科医院", "機関区分": 3, "都道府県コード": 26, "市区町村コード": 106, "所在地": "京都府京都市下京区大宮通四条下ル　日本生命四条大宮ビル２階", "緯度": 35.003451, "経度": 135.748155, "url": "https://www.iryou.teikyouseido.mhlw.go.jp/znk-web/juminkanja/S2430/initialize?prefCd=26&kikanCd=2630000378&kikanKbn=3", "url2": "https://www.takeuchi-dent.com/", "内容": "竹内歯科医院【3:歯科】京都府京都市下京区大宮通四条下ル　日本生命四条大宮ビル２階" }, "geometry": { "type": "Point", "coordinates": [ 135.748155, 35.003451 ] } },
{ "type": "Feature", "properties": { "ID": 2632630000383, "正式名称": "たきおか歯科クリニック", "機関区分": 3, "都道府県コード": 26, "市区町村コード": 104, "所在地": "京都府京都市中京区壬生東高田町３０番地", "緯度": 34.998813, "経度": 135.735851, "url": "https://www.iryou.teikyouseido.mhlw.go.jp/znk-web/juminkanja/S2430/initialize?prefCd=26&kikanCd=2630000383&kikanKbn=3", "url2": "http://0418.jp/", "内容": "たきおか歯科クリニック【3:歯科】京都府京都市中京区壬生東高田町３０番地" }, "geometry": { "type": "Point", "coordinates": [ 135.735851, 34.998813 ] } },
{ "type": "Feature", "properties": { "ID": 2632630000386, "正式名称": "医療法人吉岡歯科医院", "機関区分": 3, "都道府県コード": 26, "市区町村コード": 104, "所在地": "京都府京都市中京区壬生東大竹町３７番地", "緯度": 35.005868, "経度": 135.736017, "url": "https://www.iryou.teikyouseido.mhlw.go.jp/znk-web/juminkanja/S2430/initialize?prefCd=26&kikanCd=2630000386&kikanKbn=3", "url2": "https://www.yoshiokadental.jp/", "内容": "医療法人吉岡歯科医院【3:歯科】京都府京都市中京区壬生東大竹町３７番地" }, "geometry": { "type": "Point", "coordinates": [ 135.736017, 35.005868 ] } },
{ "type": "Feature", "properties": { "ID": 2632630000387, "正式名称": "河野歯科医院", "機関区分": 3, "都道府県コード": 26, "市区町村コード": 104, "所在地": "京都府京都市中京区壬生仙念町２２", "緯度": 35.003812, "経度": 135.733546, "url": "https://www.iryou.teikyouseido.mhlw.go.jp/znk-web/juminkanja/S2430/initialize?prefCd=26&kikanCd=2630000387&kikanKbn=3", "url2": null, "内容": "河野歯科医院【3:歯科】京都府京都市中京区壬生仙念町２２" }, "geometry": { "type": "Point", "coordinates": [ 135.733546, 35.003812 ] } },
{ "type": "Feature", "properties": { "ID": 2632630000391, "正式名称": "藤田歯科医院", "機関区分": 3, "都道府県コード": 26, "市区町村コード": 105, "所在地": "京都府京都市東山区三条通神宮道東入夷町１６７", "緯度": 35.009174, "経度": 135.783375, "url": "https://www.iryou.teikyouseido.mhlw.go.jp/znk-web/juminkanja/S2430/initialize?prefCd=26&kikanCd=2630000391&kikanKbn=3", "url2": null, "内容": "藤田歯科医院【3:歯科】京都府京都市東山区三条通神宮道東入夷町１６７" }, "geometry": { "type": "Point", "coordinates": [ 135.783375, 35.009174 ] } },
{ "type": "Feature", "properties": { "ID": 2632630000394, "正式名称": "新実デンタルクリニック", "機関区分": 3, "都道府県コード": 26, "市区町村コード": 105, "所在地": "京都府京都市東山区祇園町南側５３８番地", "緯度": 35.003166, "経度": 135.776927, "url": "https://www.iryou.teikyouseido.mhlw.go.jp/znk-web/juminkanja/S2430/initialize?prefCd=26&kikanCd=2630000394&kikanKbn=3", "url2": "http://www.niimi-dental.com/", "内容": "新実デンタルクリニック【3:歯科】京都府京都市東山区祇園町南側５３８番地" }, "geometry": { "type": "Point", "coordinates": [ 135.776927, 35.003166 ] } },
{ "type": "Feature", "properties": { "ID": 2632630000406, "正式名称": "佐藤歯科医院", "機関区分": 3, "都道府県コード": 26, "市区町村コード": 105, "所在地": "京都府京都市東山区清水４丁目１４７番地", "緯度": 34.997341, "経度": 135.777876, "url": "https://www.iryou.teikyouseido.mhlw.go.jp/znk-web/juminkanja/S2430/initialize?prefCd=26&kikanCd=2630000406&kikanKbn=3", "url2": null, "内容": "佐藤歯科医院【3:歯科】京都府京都市東山区清水４丁目１４７番地" }, "geometry": { "type": "Point", "coordinates": [ 135.777876, 34.997341 ] } },
{ "type": "Feature", "properties": { "ID": 2632630000411, "正式名称": "平山歯科医院", "機関区分": 3, "都道府県コード": 26, "市区町村コード": 105, "所在地": "京都府京都市東山区今熊野池田町６", "緯度": 34.984871, "経度": 135.774265, "url": "https://www.iryou.teikyouseido.mhlw.go.jp/znk-web/juminkanja/S2430/initialize?prefCd=26&kikanCd=2630000411&kikanKbn=3", "url2": null, "内容": "平山歯科医院【3:歯科】京都府京都市東山区今熊野池田町６" }, "geometry": { "type": "Point", "coordinates": [ 135.774265, 34.984871 ] } },
{ "type": "Feature", "properties": { "ID": 2632630000413, "正式名称": "ふじおか歯科医院", "機関区分": 3, "都道府県コード": 26, "市区町村コード": 105, "所在地": "京都府京都市東山区泉涌寺門前町２９", "緯度": 34.982954, "経度": 135.77221, "url": "https://www.iryou.teikyouseido.mhlw.go.jp/znk-web/juminkanja/S2430/initialize?prefCd=26&kikanCd=2630000413&kikanKbn=3", "url2": null, "内容": "ふじおか歯科医院【3:歯科】京都府京都市東山区泉涌寺門前町２９" }, "geometry": { "type": "Point", "coordinates": [ 135.77221, 34.982954 ] } },
{ "type": "Feature", "properties": { "ID": 2632630000415, "正式名称": "奥田歯科医院", "機関区分": 3, "都道府県コード": 26, "市区町村コード": 105, "所在地": "京都府京都市東山区本町２０丁目４３４", "緯度": 34.973288, "経度": 135.770905, "url": "https://www.iryou.teikyouseido.mhlw.go.jp/znk-web/juminkanja/S2430/initialize?prefCd=26&kikanCd=2630000415&kikanKbn=3", "url2": null, "内容": "奥田歯科医院【3:歯科】京都府京都市東山区本町２０丁目４３４" }, "geometry": { "type": "Point", "coordinates": [ 135.770905, 34.973288 ] } },
{ "type": "Feature", "properties": { "ID": 2632630000418, "正式名称": "こなかじま歯科", "機関区分": 3, "都道府県コード": 26, "市区町村コード": 105, "所在地": "京都府京都市東山区七条通鞘町西入日吉町２２５", "緯度": 34.989148, "経度": 135.768738, "url": "https://www.iryou.teikyouseido.mhlw.go.jp/znk-web/juminkanja/S2430/initialize?prefCd=26&kikanCd=2630000418&kikanKbn=3", "url2": null, "内容": "こなかじま歯科【3:歯科】京都府京都市東山区七条通鞘町西入日吉町２２５" }, "geometry": { "type": "Point", "coordinates": [ 135.768738, 34.989148 ] } },
{ "type": "Feature", "properties": { "ID": 2632630000421, "正式名称": "もり歯科医院", "機関区分": 3, "都道府県コード": 26, "市区町村コード": 103, "所在地": "京都府京都市左京区岩倉西河原町３８３－１", "緯度": 35.06814, "経度": 135.78165, "url": "https://www.iryou.teikyouseido.mhlw.go.jp/znk-web/juminkanja/S2430/initialize?prefCd=26&kikanCd=2630000421&kikanKbn=3", "url2": null, "内容": "もり歯科医院【3:歯科】京都府京都市左京区岩倉西河原町３８３－１" }, "geometry": { "type": "Point", "coordinates": [ 135.78165, 35.06814 ] } },
{ "type": "Feature", "properties": { "ID": 2632630000429, "正式名称": "西村歯科医院", "機関区分": 3, "都道府県コード": 26, "市区町村コード": 103, "所在地": "京都府京都市左京区上高野鐘突町１０", "緯度": 35.06214, "経度": 135.795482, "url": "https://www.iryou.teikyouseido.mhlw.go.jp/znk-web/juminkanja/S2430/initialize?prefCd=26&kikanCd=2630000429&kikanKbn=3", "url2": null, "内容": "西村歯科医院【3:歯科】京都府京都市左京区上高野鐘突町１０" }, "geometry": { "type": "Point", "coordinates": [ 135.795482, 35.06214 ] } },
{ "type": "Feature", "properties": { "ID": 2632630000431, "正式名称": "西村歯科医院", "機関区分": 3, "都道府県コード": 26, "市区町村コード": 103, "所在地": "京都府京都市左京区下鴨松原町３６－１", "緯度": 35.036309, "経度": 135.770847, "url": "https://www.iryou.teikyouseido.mhlw.go.jp/znk-web/juminkanja/S2430/initialize?prefCd=26&kikanCd=2630000431&kikanKbn=3", "url2": null, "内容": "西村歯科医院【3:歯科】京都府京都市左京区下鴨松原町３６－１" }, "geometry": { "type": "Point", "coordinates": [ 135.770847, 35.036309 ] } },
{ "type": "Feature", "properties": { "ID": 2632630000435, "正式名称": "多田歯科診療所", "機関区分": 3, "都道府県コード": 26, "市区町村コード": 103, "所在地": "京都府京都市左京区下鴨松ノ木町６０番地", "緯度": 35.039892, "経度": 135.771069, "url": "https://www.iryou.teikyouseido.mhlw.go.jp/znk-web/juminkanja/S2430/initialize?prefCd=26&kikanCd=2630000435&kikanKbn=3", "url2": "http://www.d-tada.com/", "内容": "多田歯科診療所【3:歯科】京都府京都市左京区下鴨松ノ木町６０番地" }, "geometry": { "type": "Point", "coordinates": [ 135.771069, 35.039892 ] } },
{ "type": "Feature", "properties": { "ID": 2632630000446, "正式名称": "藤田歯科医院", "機関区分": 3, "都道府県コード": 26, "市区町村コード": 103, "所在地": "京都府京都市左京区下鴨本町１５", "緯度": 35.044225, "経度": 135.771846, "url": "https://www.iryou.teikyouseido.mhlw.go.jp/znk-web/juminkanja/S2430/initialize?prefCd=26&kikanCd=2630000446&kikanKbn=3", "url2": "http://fujita.life.coocan.jp/", "内容": "藤田歯科医院【3:歯科】京都府京都市左京区下鴨本町１５" }, "geometry": { "type": "Point", "coordinates": [ 135.771846, 35.044225 ] } },
{ "type": "Feature", "properties": { "ID": 2632630000451, "正式名称": "まきむらデンタルクリニック", "機関区分": 3, "都道府県コード": 26, "市区町村コード": 103, "所在地": "京都府京都市左京区松ヶ崎泉川町８－２", "緯度": 35.048058, "経度": 135.776568, "url": "https://www.iryou.teikyouseido.mhlw.go.jp/znk-web/juminkanja/S2430/initialize?prefCd=26&kikanCd=2630000451&kikanKbn=3", "url2": "http://www.makimura-dc.com/", "内容": "まきむらデンタルクリニック【3:歯科】京都府京都市左京区松ヶ崎泉川町８－２" }, "geometry": { "type": "Point", "coordinates": [ 135.776568, 35.048058 ] } },
{ "type": "Feature", "properties": { "ID": 2632630000452, "正式名称": "医療法人巴山矯正歯科・歯科", "機関区分": 3, "都道府県コード": 26, "市区町村コード": 103, "所在地": "京都府京都市左京区松ヶ崎今海道町２－４", "緯度": 35.051401, "経度": 135.775351, "url": "https://www.iryou.teikyouseido.mhlw.go.jp/znk-web/juminkanja/S2430/initialize?prefCd=26&kikanCd=2630000452&kikanKbn=3", "url2": "http://www.tomoyama.jp/", "内容": "医療法人巴山矯正歯科・歯科【3:歯科】京都府京都市左京区松ヶ崎今海道町２－４" }, "geometry": { "type": "Point", "coordinates": [ 135.775351, 35.051401 ] } },
{ "type": "Feature", "properties": { "ID": 2632630000453, "正式名称": "三宅歯科医院", "機関区分": 3, "都道府県コード": 26, "市区町村コード": 103, "所在地": "京都府京都市左京区松ヶ崎河原田町１０－１　パーク・ノヴァ松ヶ崎１Ｆ", "緯度": 35.051586, "経度": 135.787261, "url": "https://www.iryou.teikyouseido.mhlw.go.jp/znk-web/juminkanja/S2430/initialize?prefCd=26&kikanCd=2630000453&kikanKbn=3", "url2": null, "内容": "三宅歯科医院【3:歯科】京都府京都市左京区松ヶ崎河原田町１０－１　パーク・ノヴァ松ヶ崎１Ｆ" }, "geometry": { "type": "Point", "coordinates": [ 135.787261, 35.051586 ] } },
{ "type": "Feature", "properties": { "ID": 2632630000454, "正式名称": "医療法人上松歯科医院", "機関区分": 3, "都道府県コード": 26, "市区町村コード": 103, "所在地": "京都府京都市左京区山端川原町１４番２", "緯度": 35.049697, "経度": 135.789594, "url": "https://www.iryou.teikyouseido.mhlw.go.jp/znk-web/juminkanja/S2430/initialize?prefCd=26&kikanCd=2630000454&kikanKbn=3", "url2": null, "内容": "医療法人上松歯科医院【3:歯科】京都府京都市左京区山端川原町１４番２" }, "geometry": { "type": "Point", "coordinates": [ 135.789594, 35.049697 ] } },
{ "type": "Feature", "properties": { "ID": 2632630000467, "正式名称": "水野歯科診療所", "機関区分": 3, "都道府県コード": 26, "市区町村コード": 103, "所在地": "京都府京都市左京区一乗寺里ノ西町５０", "緯度": 35.044031, "経度": 135.788734, "url": "https://www.iryou.teikyouseido.mhlw.go.jp/znk-web/juminkanja/S2430/initialize?prefCd=26&kikanCd=2630000467&kikanKbn=3", "url2": "http://mizunodc.com/", "内容": "水野歯科診療所【3:歯科】京都府京都市左京区一乗寺里ノ西町５０" }, "geometry": { "type": "Point", "coordinates": [ 135.788734, 35.044031 ] } },
{ "type": "Feature", "properties": { "ID": 2632630000468, "正式名称": "中村尚子歯科診療所", "機関区分": 3, "都道府県コード": 26, "市区町村コード": 103, "所在地": "京都府京都市左京区一乗寺東閉川原町１９リライブ修学院１Ｆ", "緯度": 35.04717, "経度": 135.787317, "url": "https://www.iryou.teikyouseido.mhlw.go.jp/znk-web/juminkanja/S2430/initialize?prefCd=26&kikanCd=2630000468&kikanKbn=3", "url2": "https://naokodc.com/", "内容": "中村尚子歯科診療所【3:歯科】京都府京都市左京区一乗寺東閉川原町１９リライブ修学院１Ｆ" }, "geometry": { "type": "Point", "coordinates": [ 135.787317, 35.04717 ] } },
{ "type": "Feature", "properties": { "ID": 2632630000471, "正式名称": "佐野歯科医院", "機関区分": 3, "都道府県コード": 26, "市区町村コード": 103, "所在地": "京都府京都市左京区一乗寺東水干町３８－１", "緯度": 35.038115, "経度": 135.787762, "url": "https://www.iryou.teikyouseido.mhlw.go.jp/znk-web/juminkanja/S2430/initialize?prefCd=26&kikanCd=2630000471&kikanKbn=3", "url2": null, "内容": "佐野歯科医院【3:歯科】京都府京都市左京区一乗寺東水干町３８－１" }, "geometry": { "type": "Point", "coordinates": [ 135.787762, 35.038115 ] } },
{ "type": "Feature", "properties": { "ID": 2632630000487, "正式名称": "瀬ノ内歯科", "機関区分": 3, "都道府県コード": 26, "市区町村コード": 103, "所在地": "京都府京都市左京区北白川西瀬ノ内３５－１", "緯度": 35.034171, "経度": 135.790762, "url": "https://www.iryou.teikyouseido.mhlw.go.jp/znk-web/juminkanja/S2430/initialize?prefCd=26&kikanCd=2630000487&kikanKbn=3", "url2": "http://senouchi-dc.com", "内容": "瀬ノ内歯科【3:歯科】京都府京都市左京区北白川西瀬ノ内３５－１" }, "geometry": { "type": "Point", "coordinates": [ 135.790762, 35.034171 ] } },
{ "type": "Feature", "properties": { "ID": 2632630000488, "正式名称": "原田歯科医院", "機関区分": 3, "都道府県コード": 26, "市区町村コード": 103, "所在地": "京都府京都市左京区北白川西瀬ノ内町１４－１", "緯度": 35.033893, "経度": 135.789762, "url": "https://www.iryou.teikyouseido.mhlw.go.jp/znk-web/juminkanja/S2430/initialize?prefCd=26&kikanCd=2630000488&kikanKbn=3", "url2": null, "内容": "原田歯科医院【3:歯科】京都府京都市左京区北白川西瀬ノ内町１４－１" }, "geometry": { "type": "Point", "coordinates": [ 135.789762, 35.033893 ] } },
{ "type": "Feature", "properties": { "ID": 2632630000495, "正式名称": "山田歯科医院", "機関区分": 3, "都道府県コード": 26, "市区町村コード": 103, "所在地": "京都府京都市左京区吉田牛ノ宮町２５－１３", "緯度": 35.0257, "経度": 135.776624, "url": "https://www.iryou.teikyouseido.mhlw.go.jp/znk-web/juminkanja/S2430/initialize?prefCd=26&kikanCd=2630000495&kikanKbn=3", "url2": null, "内容": "山田歯科医院【3:歯科】京都府京都市左京区吉田牛ノ宮町２５－１３" }, "geometry": { "type": "Point", "coordinates": [ 135.776624, 35.0257 ] } },
{ "type": "Feature", "properties": { "ID": 2632630000497, "正式名称": "ふるかわ小児歯科", "機関区分": 3, "都道府県コード": 26, "市区町村コード": 103, "所在地": "京都府京都市左京区吉田近衛町２６－７６", "緯度": 35.020811, "経度": 135.780208, "url": "https://www.iryou.teikyouseido.mhlw.go.jp/znk-web/juminkanja/S2430/initialize?prefCd=26&kikanCd=2630000497&kikanKbn=3", "url2": "http://www.furukawa-pd.com/", "内容": "ふるかわ小児歯科【3:歯科】京都府京都市左京区吉田近衛町２６－７６" }, "geometry": { "type": "Point", "coordinates": [ 135.780208, 35.020811 ] } },
{ "type": "Feature", "properties": { "ID": 2632630000502, "正式名称": "速水歯科医院", "機関区分": 3, "都道府県コード": 26, "市区町村コード": 103, "所在地": "京都府京都市左京区二条通新間之町西入石原町２７９－４", "緯度": 35.015034, "経度": 135.773903, "url": "https://www.iryou.teikyouseido.mhlw.go.jp/znk-web/juminkanja/S2430/initialize?prefCd=26&kikanCd=2630000502&kikanKbn=3", "url2": "www://hayamidc.com", "内容": "速水歯科医院【3:歯科】京都府京都市左京区二条通新間之町西入石原町２７９－４" }, "geometry": { "type": "Point", "coordinates": [ 135.773903, 35.015034 ] } },
{ "type": "Feature", "properties": { "ID": 2632630000517, "正式名称": "竹脇歯科医院", "機関区分": 3, "都道府県コード": 26, "市区町村コード": 110, "所在地": "京都府京都市山科区安朱北屋敷町１４オルトビル２Ｆ", "緯度": 34.991343, "経度": 135.817817, "url": "https://www.iryou.teikyouseido.mhlw.go.jp/znk-web/juminkanja/S2430/initialize?prefCd=26&kikanCd=2630000517&kikanKbn=3", "url2": null, "内容": "竹脇歯科医院【3:歯科】京都府京都市山科区安朱北屋敷町１４オルトビル２Ｆ" }, "geometry": { "type": "Point", "coordinates": [ 135.817817, 34.991343 ] } },
{ "type": "Feature", "properties": { "ID": 2632630000518, "正式名称": "西田矯正歯科", "機関区分": 3, "都道府県コード": 26, "市区町村コード": 110, "所在地": "京都府京都市山科区安朱北屋敷町４", "緯度": 34.991343, "経度": 135.819067, "url": "https://www.iryou.teikyouseido.mhlw.go.jp/znk-web/juminkanja/S2430/initialize?prefCd=26&kikanCd=2630000518&kikanKbn=3", "url2": "http://nishida-kyousei.com/", "内容": "西田矯正歯科【3:歯科】京都府京都市山科区安朱北屋敷町４" }, "geometry": { "type": "Point", "coordinates": [ 135.819067, 34.991343 ] } },
{ "type": "Feature", "properties": { "ID": 2632630000524, "正式名称": "みぞかわ歯科医院", "機関区分": 3, "都道府県コード": 26, "市区町村コード": 110, "所在地": "京都府京都市山科区四ノ宮神田町２０", "緯度": 34.989538, "経度": 135.822539, "url": "https://www.iryou.teikyouseido.mhlw.go.jp/znk-web/juminkanja/S2430/initialize?prefCd=26&kikanCd=2630000524&kikanKbn=3", "url2": "http://www.mizokawa-dent.com/", "内容": "みぞかわ歯科医院【3:歯科】京都府京都市山科区四ノ宮神田町２０" }, "geometry": { "type": "Point", "coordinates": [ 135.822539, 34.989538 ] } },
{ "type": "Feature", "properties": { "ID": 2632630000525, "正式名称": "梶原歯科医院", "機関区分": 3, "都道府県コード": 26, "市区町村コード": 110, "所在地": "京都府京都市山科区四ノ宮中在寺町３", "緯度": 34.991454, "経度": 135.820817, "url": "https://www.iryou.teikyouseido.mhlw.go.jp/znk-web/juminkanja/S2430/initialize?prefCd=26&kikanCd=2630000525&kikanKbn=3", "url2": null, "内容": "梶原歯科医院【3:歯科】京都府京都市山科区四ノ宮中在寺町３" }, "geometry": { "type": "Point", "coordinates": [ 135.820817, 34.991454 ] } },
{ "type": "Feature", "properties": { "ID": 2632630000532, "正式名称": "医療法人社団英友会古原歯科医院", "機関区分": 3, "都道府県コード": 26, "市区町村コード": 110, "所在地": "京都府京都市山科区音羽役出町１－２８　古原ビル５Ｆ", "緯度": 34.98501, "経度": 135.817262, "url": "https://www.iryou.teikyouseido.mhlw.go.jp/znk-web/juminkanja/S2430/initialize?prefCd=26&kikanCd=2630000532&kikanKbn=3", "url2": "http://www.furuhara-dc.com/index.html", "内容": "医療法人社団英友会古原歯科医院【3:歯科】京都府京都市山科区音羽役出町１－２８　古原ビル５Ｆ" }, "geometry": { "type": "Point", "coordinates": [ 135.817262, 34.98501 ] } },
{ "type": "Feature", "properties": { "ID": 2632630000539, "正式名称": "宮川歯科医院", "機関区分": 3, "都道府県コード": 26, "市区町村コード": 110, "所在地": "京都府京都市山科区大塚森町１５", "緯度": 34.980566, "経度": 135.823511, "url": "https://www.iryou.teikyouseido.mhlw.go.jp/znk-web/juminkanja/S2430/initialize?prefCd=26&kikanCd=2630000539&kikanKbn=3", "url2": null, "内容": "宮川歯科医院【3:歯科】京都府京都市山科区大塚森町１５" }, "geometry": { "type": "Point", "coordinates": [ 135.823511, 34.980566 ] } },
{ "type": "Feature", "properties": { "ID": 2632630000540, "正式名称": "三井歯科医院", "機関区分": 3, "都道府県コード": 26, "市区町村コード": 110, "所在地": "京都府京都市山科区大塚北溝町４５－１", "緯度": 34.981094, "経度": 135.827733, "url": "https://www.iryou.teikyouseido.mhlw.go.jp/znk-web/juminkanja/S2430/initialize?prefCd=26&kikanCd=2630000540&kikanKbn=3", "url2": null, "内容": "三井歯科医院【3:歯科】京都府京都市山科区大塚北溝町４５－１" }, "geometry": { "type": "Point", "coordinates": [ 135.827733, 34.981094 ] } },
{ "type": "Feature", "properties": { "ID": 2632630000548, "正式名称": "三井歯科診療所", "機関区分": 3, "都道府県コード": 26, "市区町村コード": 110, "所在地": "京都府京都市山科区椥辻中在家町１７プラザ椥辻２階", "緯度": 34.974233, "経度": 135.815512, "url": "https://www.iryou.teikyouseido.mhlw.go.jp/znk-web/juminkanja/S2430/initialize?prefCd=26&kikanCd=2630000548&kikanKbn=3", "url2": null, "内容": "三井歯科診療所【3:歯科】京都府京都市山科区椥辻中在家町１７プラザ椥辻２階" }, "geometry": { "type": "Point", "coordinates": [ 135.815512, 34.974233 ] } },
{ "type": "Feature", "properties": { "ID": 2632630000549, "正式名称": "医療法人育成会うえの歯科", "機関区分": 3, "都道府県コード": 26, "市区町村コード": 110, "所在地": "京都府京都市山科区椥辻草海道町１２タケナカビル３Ｆ", "緯度": 34.973622, "経度": 135.815735, "url": "https://www.iryou.teikyouseido.mhlw.go.jp/znk-web/juminkanja/S2430/initialize?prefCd=26&kikanCd=2630000549&kikanKbn=3", "url2": "https://ueno-dc.net", "内容": "医療法人育成会うえの歯科【3:歯科】京都府京都市山科区椥辻草海道町１２タケナカビル３Ｆ" }, "geometry": { "type": "Point", "coordinates": [ 135.815735, 34.973622 ] } },
{ "type": "Feature", "properties": { "ID": 2632630000551, "正式名称": "前川歯科医院", "機関区分": 3, "都道府県コード": 26, "市区町村コード": 110, "所在地": "京都府京都市山科区椥辻東潰３２－６", "緯度": 34.971234, "経度": 135.81429, "url": "https://www.iryou.teikyouseido.mhlw.go.jp/znk-web/juminkanja/S2430/initialize?prefCd=26&kikanCd=2630000551&kikanKbn=3", "url2": "http://www1.ocn.ne.jp/~dmaekawa/", "内容": "前川歯科医院【3:歯科】京都府京都市山科区椥辻東潰３２－６" }, "geometry": { "type": "Point", "coordinates": [ 135.81429, 34.971234 ] } },
{ "type": "Feature", "properties": { "ID": 2632630000564, "正式名称": "中辻歯科医院", "機関区分": 3, "都道府県コード": 26, "市区町村コード": 110, "所在地": "京都府京都市山科区西野今屋敷町２４－５", "緯度": 34.986593, "経度": 135.811429, "url": "https://www.iryou.teikyouseido.mhlw.go.jp/znk-web/juminkanja/S2430/initialize?prefCd=26&kikanCd=2630000564&kikanKbn=3", "url2": null, "内容": "中辻歯科医院【3:歯科】京都府京都市山科区西野今屋敷町２４－５" }, "geometry": { "type": "Point", "coordinates": [ 135.811429, 34.986593 ] } },
{ "type": "Feature", "properties": { "ID": 2632630000582, "正式名称": "宮尾歯科医院", "機関区分": 3, "都道府県コード": 26, "市区町村コード": 111, "所在地": "京都府京都市西京区大枝北沓掛町２丁目１０－７", "緯度": 34.986063, "経度": 135.657914, "url": "https://www.iryou.teikyouseido.mhlw.go.jp/znk-web/juminkanja/S2430/initialize?prefCd=26&kikanCd=2630000582&kikanKbn=3", "url2": null, "内容": "宮尾歯科医院【3:歯科】京都府京都市西京区大枝北沓掛町２丁目１０－７" }, "geometry": { "type": "Point", "coordinates": [ 135.657914, 34.986063 ] } },
{ "type": "Feature", "properties": { "ID": 2632630000584, "正式名称": "医療法人社団聖歯会梅津歯科医院分院", "機関区分": 3, "都道府県コード": 26, "市区町村コード": 111, "所在地": "京都府京都市西京区御陵峰ヶ堂町２丁目１６番地８号", "緯度": 34.982925, "経度": 135.675801, "url": "https://www.iryou.teikyouseido.mhlw.go.jp/znk-web/juminkanja/S2430/initialize?prefCd=26&kikanCd=2630000584&kikanKbn=3", "url2": null, "内容": "医療法人社団聖歯会梅津歯科医院分院【3:歯科】京都府京都市西京区御陵峰ヶ堂町２丁目１６番地８号" }, "geometry": { "type": "Point", "coordinates": [ 135.675801, 34.982925 ] } },
{ "type": "Feature", "properties": { "ID": 2632630000586, "正式名称": "小笹歯科診療所", "機関区分": 3, "都道府県コード": 26, "市区町村コード": 111, "所在地": "京都府京都市西京区大枝北福西町３丁目２－８", "緯度": 34.960205, "経度": 135.684274, "url": "https://www.iryou.teikyouseido.mhlw.go.jp/znk-web/juminkanja/S2430/initialize?prefCd=26&kikanCd=2630000586&kikanKbn=3", "url2": "http://web.kyoto-inet.or.jp/people/makt55/", "内容": "小笹歯科診療所【3:歯科】京都府京都市西京区大枝北福西町３丁目２－８" }, "geometry": { "type": "Point", "coordinates": [ 135.684274, 34.960205 ] } },
{ "type": "Feature", "properties": { "ID": 2632630000592, "正式名称": "石原歯科医院", "機関区分": 3, "都道府県コード": 26, "市区町村コード": 111, "所在地": "京都府京都市西京区大原野上里鳥見町７ー２", "緯度": 34.947206, "経度": 135.689968, "url": "https://www.iryou.teikyouseido.mhlw.go.jp/znk-web/juminkanja/S2430/initialize?prefCd=26&kikanCd=2630000592&kikanKbn=3", "url2": "www.ishihara-dental.com", "内容": "石原歯科医院【3:歯科】京都府京都市西京区大原野上里鳥見町７ー２" }, "geometry": { "type": "Point", "coordinates": [ 135.689968, 34.947206 ] } },
{ "type": "Feature", "properties": { "ID": 2632630000596, "正式名称": "上山歯科診療所", "機関区分": 3, "都道府県コード": 26, "市区町村コード": 111, "所在地": "京都府京都市西京区大原野東境谷町２－５－９　センタービル１Ｆ", "緯度": 34.963538, "経度": 135.675302, "url": "https://www.iryou.teikyouseido.mhlw.go.jp/znk-web/juminkanja/S2430/initialize?prefCd=26&kikanCd=2630000596&kikanKbn=3", "url2": "http://ueyama-shika.info/", "内容": "上山歯科診療所【3:歯科】京都府京都市西京区大原野東境谷町２－５－９　センタービル１Ｆ" }, "geometry": { "type": "Point", "coordinates": [ 135.675302, 34.963538 ] } },
{ "type": "Feature", "properties": { "ID": 2632630000605, "正式名称": "竹内歯科医院", "機関区分": 3, "都道府県コード": 26, "市区町村コード": 109, "所在地": "京都府京都市伏見区深草一ノ坪町３６", "緯度": 34.968539, "経度": 135.769016, "url": "https://www.iryou.teikyouseido.mhlw.go.jp/znk-web/juminkanja/S2430/initialize?prefCd=26&kikanCd=2630000605&kikanKbn=3", "url2": null, "内容": "竹内歯科医院【3:歯科】京都府京都市伏見区深草一ノ坪町３６" }, "geometry": { "type": "Point", "coordinates": [ 135.769016, 34.968539 ] } },
{ "type": "Feature", "properties": { "ID": 2632630000610, "正式名称": "宮田歯科医院", "機関区分": 3, "都道府県コード": 26, "市区町村コード": 109, "所在地": "京都府京都市伏見区深草極楽町７４２", "緯度": 34.956068, "経度": 135.770656, "url": "https://www.iryou.teikyouseido.mhlw.go.jp/znk-web/juminkanja/S2430/initialize?prefCd=26&kikanCd=2630000610&kikanKbn=3", "url2": null, "内容": "宮田歯科医院【3:歯科】京都府京都市伏見区深草極楽町７４２" }, "geometry": { "type": "Point", "coordinates": [ 135.770656, 34.956068 ] } },
{ "type": "Feature", "properties": { "ID": 2632630000612, "正式名称": "柴田歯科医院", "機関区分": 3, "都道府県コード": 26, "市区町村コード": 109, "所在地": "京都府京都市伏見区深草西浦町７丁目２８番地の２", "緯度": 34.958734, "経度": 135.764601, "url": "https://www.iryou.teikyouseido.mhlw.go.jp/znk-web/juminkanja/S2430/initialize?prefCd=26&kikanCd=2630000612&kikanKbn=3", "url2": null, "内容": "柴田歯科医院【3:歯科】京都府京都市伏見区深草西浦町７丁目２８番地の２" }, "geometry": { "type": "Point", "coordinates": [ 135.764601, 34.958734 ] } },
{ "type": "Feature", "properties": { "ID": 2632630000614, "正式名称": "医療法人顕樹会本田歯科クリニック", "機関区分": 3, "都道府県コード": 26, "市区町村コード": 109, "所在地": "京都府京都市伏見区深草北新町６３１番地１", "緯度": 34.948624, "経度": 135.770045, "url": "https://www.iryou.teikyouseido.mhlw.go.jp/znk-web/juminkanja/S2430/initialize?prefCd=26&kikanCd=2630000614&kikanKbn=3", "url2": "https://kenjukai-hondashika.com/", "内容": "医療法人顕樹会本田歯科クリニック【3:歯科】京都府京都市伏見区深草北新町６３１番地１" }, "geometry": { "type": "Point", "coordinates": [ 135.770045, 34.948624 ] } },
{ "type": "Feature", "properties": { "ID": 2632630000617, "正式名称": "浅井歯科医院", "機関区分": 3, "都道府県コード": 26, "市区町村コード": 109, "所在地": "京都府京都市伏見区深草大亀谷内膳町２４", "緯度": 34.945961, "経度": 135.773403, "url": "https://www.iryou.teikyouseido.mhlw.go.jp/znk-web/juminkanja/S2430/initialize?prefCd=26&kikanCd=2630000617&kikanKbn=3", "url2": null, "内容": "浅井歯科医院【3:歯科】京都府京都市伏見区深草大亀谷内膳町２４" }, "geometry": { "type": "Point", "coordinates": [ 135.773403, 34.945961 ] } },
{ "type": "Feature", "properties": { "ID": 2632630000631, "正式名称": "野添歯科医院", "機関区分": 3, "都道府県コード": 26, "市区町村コード": 109, "所在地": "京都府京都市伏見区深草稲荷御前町７２－３", "緯度": 34.96715, "経度": 135.771266, "url": "https://www.iryou.teikyouseido.mhlw.go.jp/znk-web/juminkanja/S2430/initialize?prefCd=26&kikanCd=2630000631&kikanKbn=3", "url2": "https://nozoeshikaiin.com/", "内容": "野添歯科医院【3:歯科】京都府京都市伏見区深草稲荷御前町７２－３" }, "geometry": { "type": "Point", "coordinates": [ 135.771266, 34.96715 ] } },
{ "type": "Feature", "properties": { "ID": 2632630000633, "正式名称": "堀口歯科医院", "機関区分": 3, "都道府県コード": 26, "市区町村コード": 109, "所在地": "京都府京都市伏見区深草直違橋４丁目３５０－１", "緯度": 34.957318, "経度": 135.771378, "url": "https://www.iryou.teikyouseido.mhlw.go.jp/znk-web/juminkanja/S2430/initialize?prefCd=26&kikanCd=2630000633&kikanKbn=3", "url2": null, "内容": "堀口歯科医院【3:歯科】京都府京都市伏見区深草直違橋４丁目３５０－１" }, "geometry": { "type": "Point", "coordinates": [ 135.771378, 34.957318 ] } },
{ "type": "Feature", "properties": { "ID": 2632630000637, "正式名称": "よし川歯科医院", "機関区分": 3, "都道府県コード": 26, "市区町村コード": 109, "所在地": "京都府京都市伏見区桃山町山ノ下５１番地の４３", "緯度": 34.937709, "経度": 135.793766, "url": "https://www.iryou.teikyouseido.mhlw.go.jp/znk-web/juminkanja/S2430/initialize?prefCd=26&kikanCd=2630000637&kikanKbn=3", "url2": null, "内容": "よし川歯科医院【3:歯科】京都府京都市伏見区桃山町山ノ下５１番地の４３" }, "geometry": { "type": "Point", "coordinates": [ 135.793766, 34.937709 ] } },
{ "type": "Feature", "properties": { "ID": 2632630000639, "正式名称": "たなか歯科医院", "機関区分": 3, "都道府県コード": 26, "市区町村コード": 109, "所在地": "京都府京都市伏見区桃山町大島３８－２桃山南ショッピングセンター", "緯度": 34.923242, "経度": 135.790495, "url": "https://www.iryou.teikyouseido.mhlw.go.jp/znk-web/juminkanja/S2430/initialize?prefCd=26&kikanCd=2630000639&kikanKbn=3", "url2": null, "内容": "たなか歯科医院【3:歯科】京都府京都市伏見区桃山町大島３８－２桃山南ショッピングセンター" }, "geometry": { "type": "Point", "coordinates": [ 135.790495, 34.923242 ] } },
{ "type": "Feature", "properties": { "ID": 2632630000645, "正式名称": "仁科歯科医院", "機関区分": 3, "都道府県コード": 26, "市区町村コード": 109, "所在地": "京都府京都市伏見区桃山町丹後１０－４", "緯度": 34.931293, "経度": 135.783795, "url": "https://www.iryou.teikyouseido.mhlw.go.jp/znk-web/juminkanja/S2430/initialize?prefCd=26&kikanCd=2630000645&kikanKbn=3", "url2": "https://www.nishina-dental.net", "内容": "仁科歯科医院【3:歯科】京都府京都市伏見区桃山町丹後１０－４" }, "geometry": { "type": "Point", "coordinates": [ 135.783795, 34.931293 ] } },
{ "type": "Feature", "properties": { "ID": 2632630000646, "正式名称": "南歯科診療所", "機関区分": 3, "都道府県コード": 26, "市区町村コード": 109, "所在地": "京都府京都市伏見区桃山町丹後２４－７", "緯度": 34.93221, "経度": 135.784211, "url": "https://www.iryou.teikyouseido.mhlw.go.jp/znk-web/juminkanja/S2430/initialize?prefCd=26&kikanCd=2630000646&kikanKbn=3", "url2": "http://minami-shika-shinryousho.com", "内容": "南歯科診療所【3:歯科】京都府京都市伏見区桃山町丹後２４－７" }, "geometry": { "type": "Point", "coordinates": [ 135.784211, 34.93221 ] } },
{ "type": "Feature", "properties": { "ID": 2632630000657, "正式名称": "やなぎ歯科医院", "機関区分": 3, "都道府県コード": 26, "市区町村コード": 109, "所在地": "京都府京都市伏見区南部町６１－１４", "緯度": 34.93407, "経度": 135.760852, "url": "https://www.iryou.teikyouseido.mhlw.go.jp/znk-web/juminkanja/S2430/initialize?prefCd=26&kikanCd=2630000657&kikanKbn=3", "url2": null, "内容": "やなぎ歯科医院【3:歯科】京都府京都市伏見区南部町６１－１４" }, "geometry": { "type": "Point", "coordinates": [ 135.760852, 34.93407 ] } },
{ "type": "Feature", "properties": { "ID": 2632630000665, "正式名称": "仁科歯科", "機関区分": 3, "都道府県コード": 26, "市区町村コード": 109, "所在地": "京都府京都市伏見区京町４丁目１６８", "緯度": 34.933181, "経度": 135.764657, "url": "https://www.iryou.teikyouseido.mhlw.go.jp/znk-web/juminkanja/S2430/initialize?prefCd=26&kikanCd=2630000665&kikanKbn=3", "url2": null, "内容": "仁科歯科【3:歯科】京都府京都市伏見区京町４丁目１６８" }, "geometry": { "type": "Point", "coordinates": [ 135.764657, 34.933181 ] } },
{ "type": "Feature", "properties": { "ID": 2632630000667, "正式名称": "きたむら歯科医院", "機関区分": 3, "都道府県コード": 26, "市区町村コード": 109, "所在地": "京都府京都市伏見区京町北７丁目１１－１京都総合サービス第２ビル２階", "緯度": 34.938792, "経度": 135.765074, "url": "https://www.iryou.teikyouseido.mhlw.go.jp/znk-web/juminkanja/S2430/initialize?prefCd=26&kikanCd=2630000667&kikanKbn=3", "url2": null, "内容": "きたむら歯科医院【3:歯科】京都府京都市伏見区京町北７丁目１１－１京都総合サービス第２ビル２階" }, "geometry": { "type": "Point", "coordinates": [ 135.765074, 34.938792 ] } },
{ "type": "Feature", "properties": { "ID": 2632630000688, "正式名称": "いくま歯科医院", "機関区分": 3, "都道府県コード": 26, "市区町村コード": 109, "所在地": "京都府京都市伏見区西町３８９マンション都々路１Ｆ", "緯度": 34.935416, "経度": 135.758739, "url": "https://www.iryou.teikyouseido.mhlw.go.jp/znk-web/juminkanja/S2430/initialize?prefCd=26&kikanCd=2630000688&kikanKbn=3", "url2": "http://www.ikuma-dental-clinic.com/", "内容": "いくま歯科医院【3:歯科】京都府京都市伏見区西町３８９マンション都々路１Ｆ" }, "geometry": { "type": "Point", "coordinates": [ 135.758739, 34.935416 ] } },
{ "type": "Feature", "properties": { "ID": 2632630000692, "正式名称": "あきら歯科", "機関区分": 3, "都道府県コード": 26, "市区町村コード": 109, "所在地": "京都府京都市伏見区竹田段川原町２５８　ＡｒｄｅｒＢ．１Ｆ", "緯度": 34.957762, "経度": 135.75649, "url": "https://www.iryou.teikyouseido.mhlw.go.jp/znk-web/juminkanja/S2430/initialize?prefCd=26&kikanCd=2630000692&kikanKbn=3", "url2": null, "内容": "あきら歯科【3:歯科】京都府京都市伏見区竹田段川原町２５８　ＡｒｄｅｒＢ．１Ｆ" }, "geometry": { "type": "Point", "coordinates": [ 135.75649, 34.957762 ] } },
{ "type": "Feature", "properties": { "ID": 2632630000693, "正式名称": "ふくだ歯科医院", "機関区分": 3, "都道府県コード": 26, "市区町村コード": 109, "所在地": "京都府京都市伏見区竹田桶ノ井町８２インペリアル明日香１Ｆ", "緯度": 34.957207, "経度": 135.757768, "url": "https://www.iryou.teikyouseido.mhlw.go.jp/znk-web/juminkanja/S2430/initialize?prefCd=26&kikanCd=2630000693&kikanKbn=3", "url2": null, "内容": "ふくだ歯科医院【3:歯科】京都府京都市伏見区竹田桶ノ井町８２インペリアル明日香１Ｆ" }, "geometry": { "type": "Point", "coordinates": [ 135.757768, 34.957207 ] } },
{ "type": "Feature", "properties": { "ID": 2632630000706, "正式名称": "磯野歯科医院", "機関区分": 3, "都道府県コード": 26, "市区町村コード": 109, "所在地": "京都府京都市伏見区久我東町２１２－２", "緯度": 34.934458, "経度": 135.72791, "url": "https://www.iryou.teikyouseido.mhlw.go.jp/znk-web/juminkanja/S2430/initialize?prefCd=26&kikanCd=2630000706&kikanKbn=3", "url2": null, "内容": "磯野歯科医院【3:歯科】京都府京都市伏見区久我東町２１２－２" }, "geometry": { "type": "Point", "coordinates": [ 135.72791, 34.934458 ] } },
{ "type": "Feature", "properties": { "ID": 2632630000707, "正式名称": "こがはしもと歯科医院（こが橋本歯科医院）", "機関区分": 3, "都道府県コード": 26, "市区町村コード": 109, "所在地": "京都府京都市伏見区久我森の宮町２－１第２０洛西ハイツ久我１０２号", "緯度": 34.941763, "経度": 135.732826, "url": "https://www.iryou.teikyouseido.mhlw.go.jp/znk-web/juminkanja/S2430/initialize?prefCd=26&kikanCd=2630000707&kikanKbn=3", "url2": "https://hashimoto-dck.com/", "内容": "こがはしもと歯科医院（こが橋本歯科医院）【3:歯科】京都府京都市伏見区久我森の宮町２－１第２０洛西ハイツ久我１０２号" }, "geometry": { "type": "Point", "coordinates": [ 135.732826, 34.941763 ] } },
{ "type": "Feature", "properties": { "ID": 2632630000715, "正式名称": "サガミ歯科医院", "機関区分": 3, "都道府県コード": 26, "市区町村コード": 108, "所在地": "京都府京都市右京区西院東淳和院町９", "緯度": 35.005007, "経度": 135.731657, "url": "https://www.iryou.teikyouseido.mhlw.go.jp/znk-web/juminkanja/S2430/initialize?prefCd=26&kikanCd=2630000715&kikanKbn=3", "url2": null, "内容": "サガミ歯科医院【3:歯科】京都府京都市右京区西院東淳和院町９" }, "geometry": { "type": "Point", "coordinates": [ 135.731657, 35.005007 ] } },
{ "type": "Feature", "properties": { "ID": 2632630000716, "正式名称": "医療法人真明会　トミイ歯科・矯正歯科", "機関区分": 3, "都道府県コード": 26, "市区町村コード": 108, "所在地": "京都府京都市右京区西院高山寺町１０", "緯度": 35.003173, "経度": 135.732157, "url": "https://www.iryou.teikyouseido.mhlw.go.jp/znk-web/juminkanja/S2430/initialize?prefCd=26&kikanCd=2630000716&kikanKbn=3", "url2": "http://www.tomiidentaloffice.jp/", "内容": "医療法人真明会　トミイ歯科・矯正歯科【3:歯科】京都府京都市右京区西院高山寺町１０" }, "geometry": { "type": "Point", "coordinates": [ 135.732157, 35.003173 ] } },
{ "type": "Feature", "properties": { "ID": 2632630000718, "正式名称": "寺本歯科医院", "機関区分": 3, "都道府県コード": 26, "市区町村コード": 108, "所在地": "京都府京都市右京区西院西淳和院町１９－２", "緯度": 35.005368, "経度": 135.730296, "url": "https://www.iryou.teikyouseido.mhlw.go.jp/znk-web/juminkanja/S2430/initialize?prefCd=26&kikanCd=2630000718&kikanKbn=3", "url2": null, "内容": "寺本歯科医院【3:歯科】京都府京都市右京区西院西淳和院町１９－２" }, "geometry": { "type": "Point", "coordinates": [ 135.730296, 35.005368 ] } },
{ "type": "Feature", "properties": { "ID": 2632630000719, "正式名称": "白原歯科医院", "機関区分": 3, "都道府県コード": 26, "市区町村コード": 108, "所在地": "京都府京都市右京区西院三蔵町１４プラムビル２Ｆ", "緯度": 35.002396, "経度": 135.731712, "url": "https://www.iryou.teikyouseido.mhlw.go.jp/znk-web/juminkanja/S2430/initialize?prefCd=26&kikanCd=2630000719&kikanKbn=3", "url2": "https://shirahara-dental.com/", "内容": "白原歯科医院【3:歯科】京都府京都市右京区西院三蔵町１４プラムビル２Ｆ" }, "geometry": { "type": "Point", "coordinates": [ 135.731712, 35.002396 ] } },
{ "type": "Feature", "properties": { "ID": 2632630000727, "正式名称": "医療法人学殖会　村井歯科医院", "機関区分": 3, "都道府県コード": 26, "市区町村コード": 108, "所在地": "京都府京都市右京区山ノ内西裏町１５番地の２", "緯度": 35.008145, "経度": 135.720685, "url": "https://www.iryou.teikyouseido.mhlw.go.jp/znk-web/juminkanja/S2430/initialize?prefCd=26&kikanCd=2630000727&kikanKbn=3", "url2": "https://www.muraishika.jp/", "内容": "医療法人学殖会　村井歯科医院【3:歯科】京都府京都市右京区山ノ内西裏町１５番地の２" }, "geometry": { "type": "Point", "coordinates": [ 135.720685, 35.008145 ] } },
{ "type": "Feature", "properties": { "ID": 2632630000729, "正式名称": "田中龍男歯科医院", "機関区分": 3, "都道府県コード": 26, "市区町村コード": 108, "所在地": "京都府京都市右京区山ノ内御堂殿町７番５", "緯度": 35.011145, "経度": 135.723629, "url": "https://www.iryou.teikyouseido.mhlw.go.jp/znk-web/juminkanja/S2430/initialize?prefCd=26&kikanCd=2630000729&kikanKbn=3", "url2": null, "内容": "田中龍男歯科医院【3:歯科】京都府京都市右京区山ノ内御堂殿町７番５" }, "geometry": { "type": "Point", "coordinates": [ 135.723629, 35.011145 ] } },
{ "type": "Feature", "properties": { "ID": 2632630000740, "正式名称": "中村歯科医院", "機関区分": 3, "都道府県コード": 26, "市区町村コード": 108, "所在地": "京都府京都市右京区梅津段町３８番地", "緯度": 35.004812, "経度": 135.707575, "url": "https://www.iryou.teikyouseido.mhlw.go.jp/znk-web/juminkanja/S2430/initialize?prefCd=26&kikanCd=2630000740&kikanKbn=3", "url2": "http://www.nakamura.dental-net.jp/", "内容": "中村歯科医院【3:歯科】京都府京都市右京区梅津段町３８番地" }, "geometry": { "type": "Point", "coordinates": [ 135.707575, 35.004812 ] } },
{ "type": "Feature", "properties": { "ID": 2632630000744, "正式名称": "医療法人洛生会田中歯科医院梅津診療所", "機関区分": 3, "都道府県コード": 26, "市区町村コード": 108, "所在地": "京都府京都市右京区梅津北浦町３－７", "緯度": 35.003562, "経度": 135.699965, "url": "https://www.iryou.teikyouseido.mhlw.go.jp/znk-web/juminkanja/S2430/initialize?prefCd=26&kikanCd=2630000744&kikanKbn=3", "url2": null, "内容": "医療法人洛生会田中歯科医院梅津診療所【3:歯科】京都府京都市右京区梅津北浦町３－７" }, "geometry": { "type": "Point", "coordinates": [ 135.699965, 35.003562 ] } },
{ "type": "Feature", "properties": { "ID": 2632630000750, "正式名称": "佐々木歯科医院", "機関区分": 3, "都道府県コード": 26, "市区町村コード": 111, "所在地": "京都府京都市西京区下津林芝ノ宮町１７", "緯度": 34.97326, "経度": 135.711827, "url": "https://www.iryou.teikyouseido.mhlw.go.jp/znk-web/juminkanja/S2430/initialize?prefCd=26&kikanCd=2630000750&kikanKbn=3", "url2": "http://dentalclinic-sasaki.com/", "内容": "佐々木歯科医院【3:歯科】京都府京都市西京区下津林芝ノ宮町１７" }, "geometry": { "type": "Point", "coordinates": [ 135.711827, 34.97326 ] } },
{ "type": "Feature", "properties": { "ID": 2632630000753, "正式名称": "きむら歯科医院", "機関区分": 3, "都道府県コード": 26, "市区町村コード": 111, "所在地": "京都府京都市西京区下津林六反田１‐２７", "緯度": 34.972843, "経度": 135.708327, "url": "https://www.iryou.teikyouseido.mhlw.go.jp/znk-web/juminkanja/S2430/initialize?prefCd=26&kikanCd=2630000753&kikanKbn=3", "url2": null, "内容": "きむら歯科医院【3:歯科】京都府京都市西京区下津林六反田１‐２７" }, "geometry": { "type": "Point", "coordinates": [ 135.708327, 34.972843 ] } },
{ "type": "Feature", "properties": { "ID": 2632630000754, "正式名称": "医療法人社団光歯会にしざわ歯科医院", "機関区分": 3, "都道府県コード": 26, "市区町村コード": 111, "所在地": "京都府京都市西京区桂春日町１４番地２５", "緯度": 34.981842, "経度": 135.708576, "url": "https://www.iryou.teikyouseido.mhlw.go.jp/znk-web/juminkanja/S2430/initialize?prefCd=26&kikanCd=2630000754&kikanKbn=3", "url2": "www.ha6430.com", "内容": "医療法人社団光歯会にしざわ歯科医院【3:歯科】京都府京都市西京区桂春日町１４番地２５" }, "geometry": { "type": "Point", "coordinates": [ 135.708576, 34.981842 ] } },
{ "type": "Feature", "properties": { "ID": 2632630000755, "正式名称": "矢本歯科", "機関区分": 3, "都道府県コード": 26, "市区町村コード": 111, "所在地": "京都府京都市西京区桂木ノ下町１－８９ジオコート桂", "緯度": 34.979898, "経度": 135.706549, "url": "https://www.iryou.teikyouseido.mhlw.go.jp/znk-web/juminkanja/S2430/initialize?prefCd=26&kikanCd=2630000755&kikanKbn=3", "url2": null, "内容": "矢本歯科【3:歯科】京都府京都市西京区桂木ノ下町１－８９ジオコート桂" }, "geometry": { "type": "Point", "coordinates": [ 135.706549, 34.979898 ] } },
{ "type": "Feature", "properties": { "ID": 2632630000756, "正式名称": "医療法人社団洛歯会中田歯科クリニック", "機関区分": 3, "都道府県コード": 26, "市区町村コード": 111, "所在地": "京都府京都市西京区桂木ノ下町１番地８４", "緯度": 34.97981, "経度": 135.705939, "url": "https://www.iryou.teikyouseido.mhlw.go.jp/znk-web/juminkanja/S2430/initialize?prefCd=26&kikanCd=2630000756&kikanKbn=3", "url2": "http://www.nakata-dental.com/", "内容": "医療法人社団洛歯会中田歯科クリニック【3:歯科】京都府京都市西京区桂木ノ下町１番地８４" }, "geometry": { "type": "Point", "coordinates": [ 135.705939, 34.97981 ] } },
{ "type": "Feature", "properties": { "ID": 2632630000760, "正式名称": "高山歯科診療所", "機関区分": 3, "都道府県コード": 26, "市区町村コード": 111, "所在地": "京都府京都市西京区桂南巽町１２番", "緯度": 34.982481, "経度": 135.702494, "url": "https://www.iryou.teikyouseido.mhlw.go.jp/znk-web/juminkanja/S2430/initialize?prefCd=26&kikanCd=2630000760&kikanKbn=3", "url2": "http//www.takayama-shika.jp", "内容": "高山歯科診療所【3:歯科】京都府京都市西京区桂南巽町１２番" }, "geometry": { "type": "Point", "coordinates": [ 135.702494, 34.982481 ] } },
{ "type": "Feature", "properties": { "ID": 2632630000764, "正式名称": "安藤歯科東代町診療所", "機関区分": 3, "都道府県コード": 26, "市区町村コード": 111, "所在地": "京都府京都市西京区川島東代町１０－２", "緯度": 34.977259, "経度": 135.706327, "url": "https://www.iryou.teikyouseido.mhlw.go.jp/znk-web/juminkanja/S2430/initialize?prefCd=26&kikanCd=2630000764&kikanKbn=3", "url2": null, "内容": "安藤歯科東代町診療所【3:歯科】京都府京都市西京区川島東代町１０－２" }, "geometry": { "type": "Point", "coordinates": [ 135.706327, 34.977259 ] } },
{ "type": "Feature", "properties": { "ID": 2632630000766, "正式名称": "あらがね歯科診療所", "機関区分": 3, "都道府県コード": 26, "市区町村コード": 111, "所在地": "京都府京都市西京区川島松園町８９", "緯度": 34.971287, "経度": 135.7023, "url": "https://www.iryou.teikyouseido.mhlw.go.jp/znk-web/juminkanja/S2430/initialize?prefCd=26&kikanCd=2630000766&kikanKbn=3", "url2": "https://www.aragane-shika.com/", "内容": "あらがね歯科診療所【3:歯科】京都府京都市西京区川島松園町８９" }, "geometry": { "type": "Point", "coordinates": [ 135.7023, 34.971287 ] } },
{ "type": "Feature", "properties": { "ID": 2632630000767, "正式名称": "医療法人清歯会洛西口浅井歯科医院", "機関区分": 3, "都道府県コード": 26, "市区町村コード": 111, "所在地": "京都府京都市西京区川島六ノ坪町６３－１メディキューブ洛西口２Ｆ", "緯度": 34.964233, "経度": 135.702522, "url": "https://www.iryou.teikyouseido.mhlw.go.jp/znk-web/juminkanja/S2430/initialize?prefCd=26&kikanCd=2630000767&kikanKbn=3", "url2": "http://asai-dental.com/", "内容": "医療法人清歯会洛西口浅井歯科医院【3:歯科】京都府京都市西京区川島六ノ坪町６３－１メディキューブ洛西口２Ｆ" }, "geometry": { "type": "Point", "coordinates": [ 135.702522, 34.964233 ] } },
{ "type": "Feature", "properties": { "ID": 2632630000770, "正式名称": "高録歯科医院松園診療所", "機関区分": 3, "都道府県コード": 26, "市区町村コード": 111, "所在地": "京都府京都市西京区川島松園町２", "緯度": 34.972898, "経度": 135.701244, "url": "https://www.iryou.teikyouseido.mhlw.go.jp/znk-web/juminkanja/S2430/initialize?prefCd=26&kikanCd=2630000770&kikanKbn=3", "url2": null, "内容": "高録歯科医院松園診療所【3:歯科】京都府京都市西京区川島松園町２" }, "geometry": { "type": "Point", "coordinates": [ 135.701244, 34.972898 ] } },
{ "type": "Feature", "properties": { "ID": 2632630000771, "正式名称": "澤田歯科医院", "機関区分": 3, "都道府県コード": 26, "市区町村コード": 111, "所在地": "京都府京都市西京区川島松園町３３番地", "緯度": 34.972232, "経度": 135.702105, "url": "https://www.iryou.teikyouseido.mhlw.go.jp/znk-web/juminkanja/S2430/initialize?prefCd=26&kikanCd=2630000771&kikanKbn=3", "url2": null, "内容": "澤田歯科医院【3:歯科】京都府京都市西京区川島松園町３３番地" }, "geometry": { "type": "Point", "coordinates": [ 135.702105, 34.972232 ] } },
{ "type": "Feature", "properties": { "ID": 2632630000772, "正式名称": "岡本歯科診療所", "機関区分": 3, "都道府県コード": 26, "市区町村コード": 111, "所在地": "京都府京都市西京区樫原平田町１－１５２", "緯度": 34.97237, "経度": 135.693995, "url": "https://www.iryou.teikyouseido.mhlw.go.jp/znk-web/juminkanja/S2430/initialize?prefCd=26&kikanCd=2630000772&kikanKbn=3", "url2": null, "内容": "岡本歯科診療所【3:歯科】京都府京都市西京区樫原平田町１－１５２" }, "geometry": { "type": "Point", "coordinates": [ 135.693995, 34.97237 ] } },
{ "type": "Feature", "properties": { "ID": 2632630000777, "正式名称": "河田歯科医院", "機関区分": 3, "都道府県コード": 26, "市区町村コード": 111, "所在地": "京都府京都市西京区川島有栖川町８スパインタケダ２Ｆ", "緯度": 34.979287, "経度": 135.701299, "url": "https://www.iryou.teikyouseido.mhlw.go.jp/znk-web/juminkanja/S2430/initialize?prefCd=26&kikanCd=2630000777&kikanKbn=3", "url2": null, "内容": "河田歯科医院【3:歯科】京都府京都市西京区川島有栖川町８スパインタケダ２Ｆ" }, "geometry": { "type": "Point", "coordinates": [ 135.701299, 34.979287 ] } },
{ "type": "Feature", "properties": { "ID": 2632630000779, "正式名称": "医療法人　岩崎歯科クリニック", "機関区分": 3, "都道府県コード": 26, "市区町村コード": 111, "所在地": "京都府京都市西京区川島尻堀町５３－３", "緯度": 34.979009, "経度": 135.6993, "url": "https://www.iryou.teikyouseido.mhlw.go.jp/znk-web/juminkanja/S2430/initialize?prefCd=26&kikanCd=2630000779&kikanKbn=3", "url2": "http://www.s-iwasaki.net/", "内容": "医療法人　岩崎歯科クリニック【3:歯科】京都府京都市西京区川島尻堀町５３－３" }, "geometry": { "type": "Point", "coordinates": [ 135.6993, 34.979009 ] } },
{ "type": "Feature", "properties": { "ID": 2632630000782, "正式名称": "亀川歯科医院", "機関区分": 3, "都道府県コード": 26, "市区町村コード": 111, "所在地": "京都府京都市西京区松尾鈴川町８６－９", "緯度": 34.99123, "経度": 135.695883, "url": "https://www.iryou.teikyouseido.mhlw.go.jp/znk-web/juminkanja/S2430/initialize?prefCd=26&kikanCd=2630000782&kikanKbn=3", "url2": null, "内容": "亀川歯科医院【3:歯科】京都府京都市西京区松尾鈴川町８６－９" }, "geometry": { "type": "Point", "coordinates": [ 135.695883, 34.99123 ] } },
{ "type": "Feature", "properties": { "ID": 2632630000786, "正式名称": "森本歯科", "機関区分": 3, "都道府県コード": 26, "市区町村コード": 111, "所在地": "京都府京都市西京区上桂宮ノ後町４６－２", "緯度": 34.98973, "経度": 135.696216, "url": "https://www.iryou.teikyouseido.mhlw.go.jp/znk-web/juminkanja/S2430/initialize?prefCd=26&kikanCd=2630000786&kikanKbn=3", "url2": "morimoto-dental.com", "内容": "森本歯科【3:歯科】京都府京都市西京区上桂宮ノ後町４６－２" }, "geometry": { "type": "Point", "coordinates": [ 135.696216, 34.98973 ] } },
{ "type": "Feature", "properties": { "ID": 2632630000791, "正式名称": "高橋歯科医院", "機関区分": 3, "都道府県コード": 26, "市区町村コード": 111, "所在地": "京都府京都市西京区山田久田町３－３", "緯度": 34.98548, "経度": 135.692439, "url": "https://www.iryou.teikyouseido.mhlw.go.jp/znk-web/juminkanja/S2430/initialize?prefCd=26&kikanCd=2630000791&kikanKbn=3", "url2": null, "内容": "高橋歯科医院【3:歯科】京都府京都市西京区山田久田町３－３" }, "geometry": { "type": "Point", "coordinates": [ 135.692439, 34.98548 ] } },
{ "type": "Feature", "properties": { "ID": 2632630000794, "正式名称": "医療法人清歯会浅井歯科医院", "機関区分": 3, "都道府県コード": 26, "市区町村コード": 111, "所在地": "京都府京都市西京区松尾木ノ曽町５８の５", "緯度": 34.989146, "経度": 135.693105, "url": "https://www.iryou.teikyouseido.mhlw.go.jp/znk-web/juminkanja/S2430/initialize?prefCd=26&kikanCd=2630000794&kikanKbn=3", "url2": "http://asai-dental.com/", "内容": "医療法人清歯会浅井歯科医院【3:歯科】京都府京都市西京区松尾木ノ曽町５８の５" }, "geometry": { "type": "Point", "coordinates": [ 135.693105, 34.989146 ] } },
{ "type": "Feature", "properties": { "ID": 2632630000795, "正式名称": "高橋歯科医院", "機関区分": 3, "都道府県コード": 26, "市区町村コード": 111, "所在地": "京都府京都市西京区松尾大利町２０－３９", "緯度": 34.991618, "経度": 135.6928, "url": "https://www.iryou.teikyouseido.mhlw.go.jp/znk-web/juminkanja/S2430/initialize?prefCd=26&kikanCd=2630000795&kikanKbn=3", "url2": null, "内容": "高橋歯科医院【3:歯科】京都府京都市西京区松尾大利町２０－３９" }, "geometry": { "type": "Point", "coordinates": [ 135.6928, 34.991618 ] } },
{ "type": "Feature", "properties": { "ID": 2632630000799, "正式名称": "岡本歯科医院", "機関区分": 3, "都道府県コード": 26, "市区町村コード": 111, "所在地": "京都府京都市西京区嵐山朝月町２の９", "緯度": 35.003367, "経度": 135.685661, "url": "https://www.iryou.teikyouseido.mhlw.go.jp/znk-web/juminkanja/S2430/initialize?prefCd=26&kikanCd=2630000799&kikanKbn=3", "url2": "https://odc-kyoto.com/", "内容": "岡本歯科医院【3:歯科】京都府京都市西京区嵐山朝月町２の９" }, "geometry": { "type": "Point", "coordinates": [ 135.685661, 35.003367 ] } },
{ "type": "Feature", "properties": { "ID": 2632630000801, "正式名称": "大塚歯科医院", "機関区分": 3, "都道府県コード": 26, "市区町村コード": 108, "所在地": "京都府京都市右京区龍安寺御陵ノ下町８の３", "緯度": 35.032642, "経度": 135.719795, "url": "https://www.iryou.teikyouseido.mhlw.go.jp/znk-web/juminkanja/S2430/initialize?prefCd=26&kikanCd=2630000801&kikanKbn=3", "url2": null, "内容": "大塚歯科医院【3:歯科】京都府京都市右京区龍安寺御陵ノ下町８の３" }, "geometry": { "type": "Point", "coordinates": [ 135.719795, 35.032642 ] } },
{ "type": "Feature", "properties": { "ID": 2632630000807, "正式名称": "武田歯科医院", "機関区分": 3, "都道府県コード": 26, "市区町村コード": 108, "所在地": "京都府京都市右京区花園寺ノ内町３４番地", "緯度": 35.020532, "経度": 135.718046, "url": "https://www.iryou.teikyouseido.mhlw.go.jp/znk-web/juminkanja/S2430/initialize?prefCd=26&kikanCd=2630000807&kikanKbn=3", "url2": "takeda.dental-net.jp", "内容": "武田歯科医院【3:歯科】京都府京都市右京区花園寺ノ内町３４番地" }, "geometry": { "type": "Point", "coordinates": [ 135.718046, 35.020532 ] } },
{ "type": "Feature", "properties": { "ID": 2632630000812, "正式名称": "ヤスオ歯科医院", "機関区分": 3, "都道府県コード": 26, "市区町村コード": 108, "所在地": "京都府京都市右京区太秦森ケ前町１９－２３", "緯度": 35.010776, "経度": 135.713428, "url": "https://www.iryou.teikyouseido.mhlw.go.jp/znk-web/juminkanja/S2430/initialize?prefCd=26&kikanCd=2630000812&kikanKbn=3", "url2": null, "内容": "ヤスオ歯科医院【3:歯科】京都府京都市右京区太秦森ケ前町１９－２３" }, "geometry": { "type": "Point", "coordinates": [ 135.713428, 35.010776 ] } },
{ "type": "Feature", "properties": { "ID": 2632630000814, "正式名称": "医療法人社団恵会むろ歯科医院", "機関区分": 3, "都道府県コード": 26, "市区町村コード": 108, "所在地": "京都府京都市右京区太秦朱雀町１５番地２０", "緯度": 35.011033, "経度": 135.708436, "url": "https://www.iryou.teikyouseido.mhlw.go.jp/znk-web/juminkanja/S2430/initialize?prefCd=26&kikanCd=2630000814&kikanKbn=3", "url2": null, "内容": "医療法人社団恵会むろ歯科医院【3:歯科】京都府京都市右京区太秦朱雀町１５番地２０" }, "geometry": { "type": "Point", "coordinates": [ 135.708436, 35.011033 ] } },
{ "type": "Feature", "properties": { "ID": 2632630000815, "正式名称": "田村歯科医院", "機関区分": 3, "都道府県コード": 26, "市区町村コード": 108, "所在地": "京都府京都市右京区太秦樋ノ内町１の１３", "緯度": 35.007339, "経度": 135.706381, "url": "https://www.iryou.teikyouseido.mhlw.go.jp/znk-web/juminkanja/S2430/initialize?prefCd=26&kikanCd=2630000815&kikanKbn=3", "url2": null, "内容": "田村歯科医院【3:歯科】京都府京都市右京区太秦樋ノ内町１の１３" }, "geometry": { "type": "Point", "coordinates": [ 135.706381, 35.007339 ] } },
{ "type": "Feature", "properties": { "ID": 2632630000829, "正式名称": "田辺歯科医院", "機関区分": 3, "都道府県コード": 26, "市区町村コード": 108, "所在地": "京都府京都市右京区常盤馬塚町１２サーラあさの１Ｆ", "緯度": 35.020671, "経度": 135.70513, "url": "https://www.iryou.teikyouseido.mhlw.go.jp/znk-web/juminkanja/S2430/initialize?prefCd=26&kikanCd=2630000829&kikanKbn=3", "url2": null, "内容": "田辺歯科医院【3:歯科】京都府京都市右京区常盤馬塚町１２サーラあさの１Ｆ" }, "geometry": { "type": "Point", "coordinates": [ 135.70513, 35.020671 ] } },
{ "type": "Feature", "properties": { "ID": 2632630000844, "正式名称": "新井歯科医院", "機関区分": 3, "都道府県コード": 26, "市区町村コード": 108, "所在地": "京都府京都市右京区嵯峨天龍寺若宮町４－４", "緯度": 35.019699, "経度": 135.682799, "url": "https://www.iryou.teikyouseido.mhlw.go.jp/znk-web/juminkanja/S2430/initialize?prefCd=26&kikanCd=2630000844&kikanKbn=3", "url2": null, "内容": "新井歯科医院【3:歯科】京都府京都市右京区嵯峨天龍寺若宮町４－４" }, "geometry": { "type": "Point", "coordinates": [ 135.682799, 35.019699 ] } },
{ "type": "Feature", "properties": { "ID": 2632630000851, "正式名称": "さかね歯科医院", "機関区分": 3, "都道府県コード": 26, "市区町村コード": 208, "所在地": "京都府向日市物集女町豆尾３６－１２", "緯度": 34.958594, "経度": 135.699717, "url": "https://www.iryou.teikyouseido.mhlw.go.jp/znk-web/juminkanja/S2430/initialize?prefCd=26&kikanCd=2630000851&kikanKbn=3", "url2": null, "内容": "さかね歯科医院【3:歯科】京都府向日市物集女町豆尾３６－１２" }, "geometry": { "type": "Point", "coordinates": [ 135.699717, 34.958594 ] } },
{ "type": "Feature", "properties": { "ID": 2632630000854, "正式名称": "大原歯科医院", "機関区分": 3, "都道府県コード": 26, "市区町村コード": 208, "所在地": "京都府向日市寺戸町初田１７－７", "緯度": 34.951817, "経度": 135.702828, "url": "https://www.iryou.teikyouseido.mhlw.go.jp/znk-web/juminkanja/S2430/initialize?prefCd=26&kikanCd=2630000854&kikanKbn=3", "url2": "http://ohara-dent.life.coocan.jp/office/", "内容": "大原歯科医院【3:歯科】京都府向日市寺戸町初田１７－７" }, "geometry": { "type": "Point", "coordinates": [ 135.702828, 34.951817 ] } },
{ "type": "Feature", "properties": { "ID": 2632630000856, "正式名称": "山口歯科医院", "機関区分": 3, "都道府県コード": 26, "市区町村コード": 208, "所在地": "京都府向日市寺戸町西田中瀬２－６", "緯度": 34.95287, "経度": 135.705086, "url": "https://www.iryou.teikyouseido.mhlw.go.jp/znk-web/juminkanja/S2430/initialize?prefCd=26&kikanCd=2630000856&kikanKbn=3", "url2": null, "内容": "山口歯科医院【3:歯科】京都府向日市寺戸町西田中瀬２－６" }, "geometry": { "type": "Point", "coordinates": [ 135.705086, 34.95287 ] } },
{ "type": "Feature", "properties": { "ID": 2632630000857, "正式名称": "村井歯科医院", "機関区分": 3, "都道府県コード": 26, "市区町村コード": 208, "所在地": "京都府向日市寺戸町西田中瀬５", "緯度": 34.953289, "経度": 135.705995, "url": "https://www.iryou.teikyouseido.mhlw.go.jp/znk-web/juminkanja/S2430/initialize?prefCd=26&kikanCd=2630000857&kikanKbn=3", "url2": "http://k-murai-dc.com/", "内容": "村井歯科医院【3:歯科】京都府向日市寺戸町西田中瀬５" }, "geometry": { "type": "Point", "coordinates": [ 135.705995, 34.953289 ] } },
{ "type": "Feature", "properties": { "ID": 2632630000869, "正式名称": "医療法人社団佐々木歯科医院", "機関区分": 3, "都道府県コード": 26, "市区町村コード": 208, "所在地": "京都府向日市上植野町堂ノ前５－３イトーピア向日マンション１Ｆ", "緯度": 34.933208, "経度": 135.703357, "url": "https://www.iryou.teikyouseido.mhlw.go.jp/znk-web/juminkanja/S2430/initialize?prefCd=26&kikanCd=2630000869&kikanKbn=3", "url2": "https://www.sasaki-dc-mukou.com/", "内容": "医療法人社団佐々木歯科医院【3:歯科】京都府向日市上植野町堂ノ前５－３イトーピア向日マンション１Ｆ" }, "geometry": { "type": "Point", "coordinates": [ 135.703357, 34.933208 ] } },
{ "type": "Feature", "properties": { "ID": 2632630000871, "正式名称": "岩佐歯科医院", "機関区分": 3, "都道府県コード": 26, "市区町村コード": 209, "所在地": "京都府長岡京市今里４－１５－１６", "緯度": 34.938457, "経度": 135.691524, "url": "https://www.iryou.teikyouseido.mhlw.go.jp/znk-web/juminkanja/S2430/initialize?prefCd=26&kikanCd=2630000871&kikanKbn=3", "url2": null, "内容": "岩佐歯科医院【3:歯科】京都府長岡京市今里４－１５－１６" }, "geometry": { "type": "Point", "coordinates": [ 135.691524, 34.938457 ] } },
{ "type": "Feature", "properties": { "ID": 2632630000872, "正式名称": "宮地歯科医院", "機関区分": 3, "都道府県コード": 26, "市区町村コード": 209, "所在地": "京都府長岡京市今里５－１３－２２", "緯度": 34.93493, "経度": 135.686636, "url": "https://www.iryou.teikyouseido.mhlw.go.jp/znk-web/juminkanja/S2430/initialize?prefCd=26&kikanCd=2630000872&kikanKbn=3", "url2": "https://www.miyaji-dental.jp/", "内容": "宮地歯科医院【3:歯科】京都府長岡京市今里５－１３－２２" }, "geometry": { "type": "Point", "coordinates": [ 135.686636, 34.93493 ] } },
{ "type": "Feature", "properties": { "ID": 2632630000875, "正式名称": "医療法人信成会戸渡歯科診療所", "機関区分": 3, "都道府県コード": 26, "市区町村コード": 209, "所在地": "京都府長岡京市長岡１－１－１１　コンフォートセブン３Ｆ", "緯度": 34.926792, "経度": 135.69258, "url": "https://www.iryou.teikyouseido.mhlw.go.jp/znk-web/juminkanja/S2430/initialize?prefCd=26&kikanCd=2630000875&kikanKbn=3", "url2": "http://towatari-dental.com/", "内容": "医療法人信成会戸渡歯科診療所【3:歯科】京都府長岡京市長岡１－１－１１　コンフォートセブン３Ｆ" }, "geometry": { "type": "Point", "coordinates": [ 135.69258, 34.926792 ] } },
{ "type": "Feature", "properties": { "ID": 2632630000880, "正式名称": "医療法人　加藤歯科医院", "機関区分": 3, "都道府県コード": 26, "市区町村コード": 209, "所在地": "京都府長岡京市長岡２－２－６", "緯度": 34.926403, "経度": 135.690358, "url": "https://www.iryou.teikyouseido.mhlw.go.jp/znk-web/juminkanja/S2430/initialize?prefCd=26&kikanCd=2630000880&kikanKbn=3", "url2": null, "内容": "医療法人　加藤歯科医院【3:歯科】京都府長岡京市長岡２－２－６" }, "geometry": { "type": "Point", "coordinates": [ 135.690358, 34.926403 ] } },
{ "type": "Feature", "properties": { "ID": 2632630000885, "正式名称": "きばやし歯科医院", "機関区分": 3, "都道府県コード": 26, "市区町村コード": 209, "所在地": "京都府長岡京市開田１－２１－２１", "緯度": 34.926375, "経度": 135.696386, "url": "https://www.iryou.teikyouseido.mhlw.go.jp/znk-web/juminkanja/S2430/initialize?prefCd=26&kikanCd=2630000885&kikanKbn=3", "url2": "http://www.kibayashi-dental.com/", "内容": "きばやし歯科医院【3:歯科】京都府長岡京市開田１－２１－２１" }, "geometry": { "type": "Point", "coordinates": [ 135.696386, 34.926375 ] } },
{ "type": "Feature", "properties": { "ID": 2632630000889, "正式名称": "さわだ矯正歯科クリニック", "機関区分": 3, "都道府県コード": 26, "市区町村コード": 209, "所在地": "京都府長岡京市長岡二丁目１番３号　ガラシャビル３階", "緯度": 34.926444, "経度": 135.692124, "url": "https://www.iryou.teikyouseido.mhlw.go.jp/znk-web/juminkanja/S2430/initialize?prefCd=26&kikanCd=2630000889&kikanKbn=3", "url2": "http://www.sawada-kyouseishika-kyoto.jp/", "内容": "さわだ矯正歯科クリニック【3:歯科】京都府長岡京市長岡二丁目１番３号　ガラシャビル３階" }, "geometry": { "type": "Point", "coordinates": [ 135.692124, 34.926444 ] } },
{ "type": "Feature", "properties": { "ID": 2632630000897, "正式名称": "竹村歯科医院", "機関区分": 3, "都道府県コード": 26, "市区町村コード": 209, "所在地": "京都府長岡京市神足１－２－３", "緯度": 34.925931, "経度": 135.701635, "url": "https://www.iryou.teikyouseido.mhlw.go.jp/znk-web/juminkanja/S2430/initialize?prefCd=26&kikanCd=2630000897&kikanKbn=3", "url2": null, "内容": "竹村歯科医院【3:歯科】京都府長岡京市神足１－２－３" }, "geometry": { "type": "Point", "coordinates": [ 135.701635, 34.925931 ] } },
{ "type": "Feature", "properties": { "ID": 2632630000898, "正式名称": "坂根歯科診療所", "機関区分": 3, "都道府県コード": 26, "市区町村コード": 209, "所在地": "京都府長岡京市神足２－２－１", "緯度": 34.92332, "経度": 135.699052, "url": "https://www.iryou.teikyouseido.mhlw.go.jp/znk-web/juminkanja/S2430/initialize?prefCd=26&kikanCd=2630000898&kikanKbn=3", "url2": "https://sakane-shika.com", "内容": "坂根歯科診療所【3:歯科】京都府長岡京市神足２－２－１" }, "geometry": { "type": "Point", "coordinates": [ 135.699052, 34.92332 ] } },
{ "type": "Feature", "properties": { "ID": 2632630000900, "正式名称": "外海歯科医院", "機関区分": 3, "都道府県コード": 26, "市区町村コード": 209, "所在地": "京都府長岡京市緑が丘１３－２", "緯度": 34.918404, "経度": 135.69658, "url": "https://www.iryou.teikyouseido.mhlw.go.jp/znk-web/juminkanja/S2430/initialize?prefCd=26&kikanCd=2630000900&kikanKbn=3", "url2": null, "内容": "外海歯科医院【3:歯科】京都府長岡京市緑が丘１３－２" }, "geometry": { "type": "Point", "coordinates": [ 135.69658, 34.918404 ] } },
{ "type": "Feature", "properties": { "ID": 2632630000910, "正式名称": "はっとり歯科医院", "機関区分": 3, "都道府県コード": 26, "市区町村コード": 303, "所在地": "京都府乙訓郡大山崎町字大山崎小字傍示木１５－５", "緯度": 34.900628, "経度": 135.688026, "url": "https://www.iryou.teikyouseido.mhlw.go.jp/znk-web/juminkanja/S2430/initialize?prefCd=26&kikanCd=2630000910&kikanKbn=3", "url2": null, "内容": "はっとり歯科医院【3:歯科】京都府乙訓郡大山崎町字大山崎小字傍示木１５－５" }, "geometry": { "type": "Point", "coordinates": [ 135.688026, 34.900628 ] } },
{ "type": "Feature", "properties": { "ID": 2632630000913, "正式名称": "はせがわ歯科クリニック", "機関区分": 3, "都道府県コード": 26, "市区町村コード": 303, "所在地": "京都府乙訓郡大山崎町字円明寺小字殿山１番地の１２６", "緯度": 34.910682, "経度": 135.684304, "url": "https://www.iryou.teikyouseido.mhlw.go.jp/znk-web/juminkanja/S2430/initialize?prefCd=26&kikanCd=2630000913&kikanKbn=3", "url2": null, "内容": "はせがわ歯科クリニック【3:歯科】京都府乙訓郡大山崎町字円明寺小字殿山１番地の１２６" }, "geometry": { "type": "Point", "coordinates": [ 135.684304, 34.910682 ] } },
{ "type": "Feature", "properties": { "ID": 2632630000921, "正式名称": "小西歯科医院", "機関区分": 3, "都道府県コード": 26, "市区町村コード": 207, "所在地": "京都府城陽市平川中道表１２－８８", "緯度": 34.864578, "経度": 135.770493, "url": "https://www.iryou.teikyouseido.mhlw.go.jp/znk-web/juminkanja/S2430/initialize?prefCd=26&kikanCd=2630000921&kikanKbn=3", "url2": "http://www.citydo.com/sp/0774-53-1910", "内容": "小西歯科医院【3:歯科】京都府城陽市平川中道表１２－８８" }, "geometry": { "type": "Point", "coordinates": [ 135.770493, 34.864578 ] } },
{ "type": "Feature", "properties": { "ID": 2632630000931, "正式名称": "大塚歯科医院", "機関区分": 3, "都道府県コード": 26, "市区町村コード": 207, "所在地": "京都府城陽市寺田宮ノ平３－９３", "緯度": 34.852246, "経度": 135.792325, "url": "https://www.iryou.teikyouseido.mhlw.go.jp/znk-web/juminkanja/S2430/initialize?prefCd=26&kikanCd=2630000931&kikanKbn=3", "url2": "https://otsuka-shika.com/", "内容": "大塚歯科医院【3:歯科】京都府城陽市寺田宮ノ平３－９３" }, "geometry": { "type": "Point", "coordinates": [ 135.792325, 34.852246 ] } },
{ "type": "Feature", "properties": { "ID": 2632630000936, "正式名称": "吉田歯科医院", "機関区分": 3, "都道府県コード": 26, "市区町村コード": 207, "所在地": "京都府城陽市寺田深谷６４－３０５", "緯度": 34.85944, "経度": 135.789242, "url": "https://www.iryou.teikyouseido.mhlw.go.jp/znk-web/juminkanja/S2430/initialize?prefCd=26&kikanCd=2630000936&kikanKbn=3", "url2": null, "内容": "吉田歯科医院【3:歯科】京都府城陽市寺田深谷６４－３０５" }, "geometry": { "type": "Point", "coordinates": [ 135.789242, 34.85944 ] } },
{ "type": "Feature", "properties": { "ID": 2632630000943, "正式名称": "佐々木歯科", "機関区分": 3, "都道府県コード": 26, "市区町村コード": 207, "所在地": "京都府城陽市寺田樋尻１２－８５", "緯度": 34.852274, "経度": 135.769744, "url": "https://www.iryou.teikyouseido.mhlw.go.jp/znk-web/juminkanja/S2430/initialize?prefCd=26&kikanCd=2630000943&kikanKbn=3", "url2": null, "内容": "佐々木歯科【3:歯科】京都府城陽市寺田樋尻１２－８５" }, "geometry": { "type": "Point", "coordinates": [ 135.769744, 34.852274 ] } },
{ "type": "Feature", "properties": { "ID": 2632630000944, "正式名称": "歯科木村医院", "機関区分": 3, "都道府県コード": 26, "市区町村コード": 207, "所在地": "京都府城陽市寺田樋尻４８－１４", "緯度": 34.85294, "経度": 135.771133, "url": "https://www.iryou.teikyouseido.mhlw.go.jp/znk-web/juminkanja/S2430/initialize?prefCd=26&kikanCd=2630000944&kikanKbn=3", "url2": null, "内容": "歯科木村医院【3:歯科】京都府城陽市寺田樋尻４８－１４" }, "geometry": { "type": "Point", "coordinates": [ 135.771133, 34.85294 ] } },
{ "type": "Feature", "properties": { "ID": 2632630000948, "正式名称": "医療法人社団清穆会神田歯科診療所", "機関区分": 3, "都道府県コード": 26, "市区町村コード": 344, "所在地": "京都府綴喜郡宇治田原町荒木前川原２０－１", "緯度": 34.853275, "経度": 135.860736, "url": "https://www.iryou.teikyouseido.mhlw.go.jp/znk-web/juminkanja/S2430/initialize?prefCd=26&kikanCd=2630000948&kikanKbn=3", "url2": null, "内容": "医療法人社団清穆会神田歯科診療所【3:歯科】京都府綴喜郡宇治田原町荒木前川原２０－１" }, "geometry": { "type": "Point", "coordinates": [ 135.860736, 34.853275 ] } },
{ "type": "Feature", "properties": { "ID": 2632630000949, "正式名称": "中川歯科医院", "機関区分": 3, "都道府県コード": 26, "市区町村コード": 344, "所在地": "京都府綴喜郡宇治田原町銘城台１０－５", "緯度": 34.845359, "経度": 135.844627, "url": "https://www.iryou.teikyouseido.mhlw.go.jp/znk-web/juminkanja/S2430/initialize?prefCd=26&kikanCd=2630000949&kikanKbn=3", "url2": null, "内容": "中川歯科医院【3:歯科】京都府綴喜郡宇治田原町銘城台１０－５" }, "geometry": { "type": "Point", "coordinates": [ 135.844627, 34.845359 ] } },
{ "type": "Feature", "properties": { "ID": 2632630000951, "正式名称": "後藤田歯科医院", "機関区分": 3, "都道府県コード": 26, "市区町村コード": 343, "所在地": "京都府綴喜郡井手町南玉水４８－２", "緯度": 34.798808, "経度": 135.803744, "url": "https://www.iryou.teikyouseido.mhlw.go.jp/znk-web/juminkanja/S2430/initialize?prefCd=26&kikanCd=2630000951&kikanKbn=3", "url2": "http://gotodashika.com/", "内容": "後藤田歯科医院【3:歯科】京都府綴喜郡井手町南玉水４８－２" }, "geometry": { "type": "Point", "coordinates": [ 135.803744, 34.798808 ] } },
{ "type": "Feature", "properties": { "ID": 2632630000955, "正式名称": "医療法人幸加会スギモト歯科医院", "機関区分": 3, "都道府県コード": 26, "市区町村コード": 211, "所在地": "京都府京田辺市田辺中央１丁目２－１１アトリオパーク２Ｆ", "緯度": 34.819999, "経度": 135.771495, "url": "https://www.iryou.teikyouseido.mhlw.go.jp/znk-web/juminkanja/S2430/initialize?prefCd=26&kikanCd=2630000955&kikanKbn=3", "url2": "https://sugimoto-dc.jp/", "内容": "医療法人幸加会スギモト歯科医院【3:歯科】京都府京田辺市田辺中央１丁目２－１１アトリオパーク２Ｆ" }, "geometry": { "type": "Point", "coordinates": [ 135.771495, 34.819999 ] } },
{ "type": "Feature", "properties": { "ID": 2632630000956, "正式名称": "医療法人松原歯科医院", "機関区分": 3, "都道府県コード": 26, "市区町村コード": 211, "所在地": "京都府京田辺市田辺中央３丁目１－１５", "緯度": 34.819527, "経度": 135.770857, "url": "https://www.iryou.teikyouseido.mhlw.go.jp/znk-web/juminkanja/S2430/initialize?prefCd=26&kikanCd=2630000956&kikanKbn=3", "url2": "https://www.matubara-dc.net/", "内容": "医療法人松原歯科医院【3:歯科】京都府京田辺市田辺中央３丁目１－１５" }, "geometry": { "type": "Point", "coordinates": [ 135.770857, 34.819527 ] } },
{ "type": "Feature", "properties": { "ID": 2632630000957, "正式名称": "三宅歯科医院", "機関区分": 3, "都道府県コード": 26, "市区町村コード": 211, "所在地": "京都府京田辺市田辺中央４丁目３－７", "緯度": 34.820444, "経度": 135.769301, "url": "https://www.iryou.teikyouseido.mhlw.go.jp/znk-web/juminkanja/S2430/initialize?prefCd=26&kikanCd=2630000957&kikanKbn=3", "url2": null, "内容": "三宅歯科医院【3:歯科】京都府京田辺市田辺中央４丁目３－７" }, "geometry": { "type": "Point", "coordinates": [ 135.769301, 34.820444 ] } },
{ "type": "Feature", "properties": { "ID": 2632630000964, "正式名称": "乃村歯科医院", "機関区分": 3, "都道府県コード": 26, "市区町村コード": 211, "所在地": "京都府京田辺市大住ヶ丘１－１６－１", "緯度": 34.830137, "経度": 135.745053, "url": "https://www.iryou.teikyouseido.mhlw.go.jp/znk-web/juminkanja/S2430/initialize?prefCd=26&kikanCd=2630000964&kikanKbn=3", "url2": null, "内容": "乃村歯科医院【3:歯科】京都府京田辺市大住ヶ丘１－１６－１" }, "geometry": { "type": "Point", "coordinates": [ 135.745053, 34.830137 ] } },
{ "type": "Feature", "properties": { "ID": 2632630000969, "正式名称": "医療法人安美会　古市歯科医院", "機関区分": 3, "都道府県コード": 26, "市区町村コード": 211, "所在地": "京都府京田辺市山手南２－１－３　ハチセンビル３号館２０１号", "緯度": 34.832219, "経度": 135.727804, "url": "https://www.iryou.teikyouseido.mhlw.go.jp/znk-web/juminkanja/S2430/initialize?prefCd=26&kikanCd=2630000969&kikanKbn=3", "url2": null, "内容": "医療法人安美会　古市歯科医院【3:歯科】京都府京田辺市山手南２－１－３　ハチセンビル３号館２０１号" }, "geometry": { "type": "Point", "coordinates": [ 135.727804, 34.832219 ] } },
{ "type": "Feature", "properties": { "ID": 2632630000970, "正式名称": "吉田歯科医院", "機関区分": 3, "都道府県コード": 26, "市区町村コード": 211, "所在地": "京都府京田辺市山手南２丁目２－３－２０１号コパン大崎ビル２Ｆ", "緯度": 34.831886, "経度": 135.728609, "url": "https://www.iryou.teikyouseido.mhlw.go.jp/znk-web/juminkanja/S2430/initialize?prefCd=26&kikanCd=2630000970&kikanKbn=3", "url2": null, "内容": "吉田歯科医院【3:歯科】京都府京田辺市山手南２丁目２－３－２０１号コパン大崎ビル２Ｆ" }, "geometry": { "type": "Point", "coordinates": [ 135.728609, 34.831886 ] } },
{ "type": "Feature", "properties": { "ID": 2632630000972, "正式名称": "池田歯科医院", "機関区分": 3, "都道府県コード": 26, "市区町村コード": 211, "所在地": "京都府京田辺市河原御影３０　サンフレッシュ２Ｆ", "緯度": 34.820721, "経度": 135.773995, "url": "https://www.iryou.teikyouseido.mhlw.go.jp/znk-web/juminkanja/S2430/initialize?prefCd=26&kikanCd=2630000972&kikanKbn=3", "url2": null, "内容": "池田歯科医院【3:歯科】京都府京田辺市河原御影３０　サンフレッシュ２Ｆ" }, "geometry": { "type": "Point", "coordinates": [ 135.773995, 34.820721 ] } },
{ "type": "Feature", "properties": { "ID": 2632630000973, "正式名称": "大西歯科医院", "機関区分": 3, "都道府県コード": 26, "市区町村コード": 211, "所在地": "京都府京田辺市河原御影３０－１４", "緯度": 34.821444, "経度": 135.773912, "url": "https://www.iryou.teikyouseido.mhlw.go.jp/znk-web/juminkanja/S2430/initialize?prefCd=26&kikanCd=2630000973&kikanKbn=3", "url2": null, "内容": "大西歯科医院【3:歯科】京都府京田辺市河原御影３０－１４" }, "geometry": { "type": "Point", "coordinates": [ 135.773912, 34.821444 ] } },
{ "type": "Feature", "properties": { "ID": 2632630000977, "正式名称": "石田歯科診療所", "機関区分": 3, "都道府県コード": 26, "市区町村コード": 211, "所在地": "京都府京田辺市東西神屋３３－４", "緯度": 34.819527, "経度": 135.779495, "url": "https://www.iryou.teikyouseido.mhlw.go.jp/znk-web/juminkanja/S2430/initialize?prefCd=26&kikanCd=2630000977&kikanKbn=3", "url2": "http://www.ishidadc.jp/", "内容": "石田歯科診療所【3:歯科】京都府京田辺市東西神屋３３－４" }, "geometry": { "type": "Point", "coordinates": [ 135.779495, 34.819527 ] } },
{ "type": "Feature", "properties": { "ID": 2632630000983, "正式名称": "おだ歯科小児歯科クリニック", "機関区分": 3, "都道府県コード": 26, "市区町村コード": 204, "所在地": "京都府宇治市木幡御園１番地長谷川ビル３の２", "緯度": 34.932349, "経度": 135.798682, "url": "https://www.iryou.teikyouseido.mhlw.go.jp/znk-web/juminkanja/S2430/initialize?prefCd=26&kikanCd=2630000983&kikanKbn=3", "url2": "http://www.odasika.com/", "内容": "おだ歯科小児歯科クリニック【3:歯科】京都府宇治市木幡御園１番地長谷川ビル３の２" }, "geometry": { "type": "Point", "coordinates": [ 135.798682, 34.932349 ] } },
{ "type": "Feature", "properties": { "ID": 2632630000985, "正式名称": "吉村歯科医院", "機関区分": 3, "都道府県コード": 26, "市区町村コード": 204, "所在地": "京都府宇治市木幡御蔵山３９－７３０", "緯度": 34.932127, "経度": 135.806237, "url": "https://www.iryou.teikyouseido.mhlw.go.jp/znk-web/juminkanja/S2430/initialize?prefCd=26&kikanCd=2630000985&kikanKbn=3", "url2": null, "内容": "吉村歯科医院【3:歯科】京都府宇治市木幡御蔵山３９－７３０" }, "geometry": { "type": "Point", "coordinates": [ 135.806237, 34.932127 ] } },
{ "type": "Feature", "properties": { "ID": 2632630000987, "正式名称": "武田歯科医院", "機関区分": 3, "都道府県コード": 26, "市区町村コード": 204, "所在地": "京都府宇治市木幡赤塚３５－１", "緯度": 34.931516, "経度": 135.802793, "url": "https://www.iryou.teikyouseido.mhlw.go.jp/znk-web/juminkanja/S2430/initialize?prefCd=26&kikanCd=2630000987&kikanKbn=3", "url2": "https://www.citydo.com/prf/kyoto/guide/sg/t000293611-top.html?c=0401001", "内容": "武田歯科医院【3:歯科】京都府宇治市木幡赤塚３５－１" }, "geometry": { "type": "Point", "coordinates": [ 135.802793, 34.931516 ] } },
{ "type": "Feature", "properties": { "ID": 2632630000993, "正式名称": "こやま歯科医院", "機関区分": 3, "都道府県コード": 26, "市区町村コード": 204, "所在地": "京都府宇治市木幡南山畑３６－２２", "緯度": 34.922211, "経度": 135.800016, "url": "https://www.iryou.teikyouseido.mhlw.go.jp/znk-web/juminkanja/S2430/initialize?prefCd=26&kikanCd=2630000993&kikanKbn=3", "url2": null, "内容": "こやま歯科医院【3:歯科】京都府宇治市木幡南山畑３６－２２" }, "geometry": { "type": "Point", "coordinates": [ 135.800016, 34.922211 ] } },
{ "type": "Feature", "properties": { "ID": 2632630000994, "正式名称": "能瀬歯科医院", "機関区分": 3, "都道府県コード": 26, "市区町村コード": 204, "所在地": "京都府宇治市木幡南端２１－２", "緯度": 34.919156, "経度": 135.79885, "url": "https://www.iryou.teikyouseido.mhlw.go.jp/znk-web/juminkanja/S2430/initialize?prefCd=26&kikanCd=2630000994&kikanKbn=3", "url2": null, "内容": "能瀬歯科医院【3:歯科】京都府宇治市木幡南端２１－２" }, "geometry": { "type": "Point", "coordinates": [ 135.79885, 34.919156 ] } },
{ "type": "Feature", "properties": { "ID": 2632630000996, "正式名称": "新谷歯科医院", "機関区分": 3, "都道府県コード": 26, "市区町村コード": 204, "所在地": "京都府宇治市木幡北山畑２－６", "緯度": 34.925322, "経度": 135.79996, "url": "https://www.iryou.teikyouseido.mhlw.go.jp/znk-web/juminkanja/S2430/initialize?prefCd=26&kikanCd=2630000996&kikanKbn=3", "url2": null, "内容": "新谷歯科医院【3:歯科】京都府宇治市木幡北山畑２－６" }, "geometry": { "type": "Point", "coordinates": [ 135.79996, 34.925322 ] } },
{ "type": "Feature", "properties": { "ID": 2632630000997, "正式名称": "やまば歯科医院", "機関区分": 3, "都道府県コード": 26, "市区町村コード": 204, "所在地": "京都府宇治市平尾台一丁目１０の７", "緯度": 34.925627, "経度": 135.810737, "url": "https://www.iryou.teikyouseido.mhlw.go.jp/znk-web/juminkanja/S2430/initialize?prefCd=26&kikanCd=2630000997&kikanKbn=3", "url2": null, "内容": "やまば歯科医院【3:歯科】京都府宇治市平尾台一丁目１０の７" }, "geometry": { "type": "Point", "coordinates": [ 135.810737, 34.925627 ] } },
{ "type": "Feature", "properties": { "ID": 2632630000999, "正式名称": "松尾歯科医院", "機関区分": 3, "都道府県コード": 26, "市区町村コード": 204, "所在地": "京都府宇治市五ケ庄折坂２１－１３１", "緯度": 34.907879, "経度": 135.803711, "url": "https://www.iryou.teikyouseido.mhlw.go.jp/znk-web/juminkanja/S2430/initialize?prefCd=26&kikanCd=2630000999&kikanKbn=3", "url2": null, "内容": "松尾歯科医院【3:歯科】京都府宇治市五ケ庄折坂２１－１３１" }, "geometry": { "type": "Point", "coordinates": [ 135.803711, 34.907879 ] } },
{ "type": "Feature", "properties": { "ID": 2632630001004, "正式名称": "小原歯科医院", "機関区分": 3, "都道府県コード": 26, "市区町村コード": 204, "所在地": "京都府宇治市菟道東隼上り５番１６１", "緯度": 34.90513, "経度": 135.808877, "url": "https://www.iryou.teikyouseido.mhlw.go.jp/znk-web/juminkanja/S2430/initialize?prefCd=26&kikanCd=2630001004&kikanKbn=3", "url2": null, "内容": "小原歯科医院【3:歯科】京都府宇治市菟道東隼上り５番１６１" }, "geometry": { "type": "Point", "coordinates": [ 135.808877, 34.90513 ] } },
{ "type": "Feature", "properties": { "ID": 2632630001007, "正式名称": "宇治市歯科サービスセンター", "機関区分": 3, "都道府県コード": 26, "市区町村コード": 204, "所在地": "京都府宇治市宇治下居１３番地の２うじ安心館５階", "緯度": 34.884437, "経度": 135.800546, "url": "https://www.iryou.teikyouseido.mhlw.go.jp/znk-web/juminkanja/S2430/initialize?prefCd=26&kikanCd=2630001007&kikanKbn=3", "url2": null, "内容": "宇治市歯科サービスセンター【3:歯科】京都府宇治市宇治下居１３番地の２うじ安心館５階" }, "geometry": { "type": "Point", "coordinates": [ 135.800546, 34.884437 ] } },
{ "type": "Feature", "properties": { "ID": 2632630001015, "正式名称": "森居歯科医院", "機関区分": 3, "都道府県コード": 26, "市区町村コード": 204, "所在地": "京都府宇治市宇治蓮華４１", "緯度": 34.891629, "経度": 135.805793, "url": "https://www.iryou.teikyouseido.mhlw.go.jp/znk-web/juminkanja/S2430/initialize?prefCd=26&kikanCd=2630001015&kikanKbn=3", "url2": null, "内容": "森居歯科医院【3:歯科】京都府宇治市宇治蓮華４１" }, "geometry": { "type": "Point", "coordinates": [ 135.805793, 34.891629 ] } },
{ "type": "Feature", "properties": { "ID": 2632630001018, "正式名称": "野田歯科医院", "機関区分": 3, "都道府県コード": 26, "市区町村コード": 204, "所在地": "京都府宇治市神明宮北１８－９", "緯度": 34.880521, "経度": 135.789797, "url": "https://www.iryou.teikyouseido.mhlw.go.jp/znk-web/juminkanja/S2430/initialize?prefCd=26&kikanCd=2630001018&kikanKbn=3", "url2": null, "内容": "野田歯科医院【3:歯科】京都府宇治市神明宮北１８－９" }, "geometry": { "type": "Point", "coordinates": [ 135.789797, 34.880521 ] } },
{ "type": "Feature", "properties": { "ID": 2632630001024, "正式名称": "なかむら歯科医院", "機関区分": 3, "都道府県コード": 26, "市区町村コード": 204, "所在地": "京都府宇治市広野町宮谷２１８", "緯度": 34.8703, "経度": 135.787908, "url": "https://www.iryou.teikyouseido.mhlw.go.jp/znk-web/juminkanja/S2430/initialize?prefCd=26&kikanCd=2630001024&kikanKbn=3", "url2": "https://nakamuradc-kyoto.com", "内容": "なかむら歯科医院【3:歯科】京都府宇治市広野町宮谷２１８" }, "geometry": { "type": "Point", "coordinates": [ 135.787908, 34.8703 ] } },
{ "type": "Feature", "properties": { "ID": 2632630001026, "正式名称": "三光寺歯科医院", "機関区分": 3, "都道府県コード": 26, "市区町村コード": 204, "所在地": "京都府宇治市広野町新成田１００の１９９", "緯度": 34.880437, "経度": 135.769465, "url": "https://www.iryou.teikyouseido.mhlw.go.jp/znk-web/juminkanja/S2430/initialize?prefCd=26&kikanCd=2630001026&kikanKbn=3", "url2": null, "内容": "三光寺歯科医院【3:歯科】京都府宇治市広野町新成田１００の１９９" }, "geometry": { "type": "Point", "coordinates": [ 135.769465, 34.880437 ] } },
{ "type": "Feature", "properties": { "ID": 2632630001027, "正式名称": "久富歯科医院", "機関区分": 3, "都道府県コード": 26, "市区町村コード": 204, "所在地": "京都府宇治市広野町西裏１００－６６", "緯度": 34.874077, "経度": 135.778826, "url": "https://www.iryou.teikyouseido.mhlw.go.jp/znk-web/juminkanja/S2430/initialize?prefCd=26&kikanCd=2630001027&kikanKbn=3", "url2": null, "内容": "久富歯科医院【3:歯科】京都府宇治市広野町西裏１００－６６" }, "geometry": { "type": "Point", "coordinates": [ 135.778826, 34.874077 ] } },
{ "type": "Feature", "properties": { "ID": 2632630001032, "正式名称": "鈴木旦椋歯科医院", "機関区分": 3, "都道府県コード": 26, "市区町村コード": 204, "所在地": "京都府宇治市大久保町井ノ尻３８中川ビル２Ｆ２０８号", "緯度": 34.872688, "経度": 135.769688, "url": "https://www.iryou.teikyouseido.mhlw.go.jp/znk-web/juminkanja/S2430/initialize?prefCd=26&kikanCd=2630001032&kikanKbn=3", "url2": null, "内容": "鈴木旦椋歯科医院【3:歯科】京都府宇治市大久保町井ノ尻３８中川ビル２Ｆ２０８号" }, "geometry": { "type": "Point", "coordinates": [ 135.769688, 34.872688 ] } },
{ "type": "Feature", "properties": { "ID": 2632630001035, "正式名称": "ながい歯科医院", "機関区分": 3, "都道府県コード": 26, "市区町村コード": 204, "所在地": "京都府宇治市大久保町北ノ山９０－３０", "緯度": 34.873077, "経度": 135.775243, "url": "https://www.iryou.teikyouseido.mhlw.go.jp/znk-web/juminkanja/S2430/initialize?prefCd=26&kikanCd=2630001035&kikanKbn=3", "url2": null, "内容": "ながい歯科医院【3:歯科】京都府宇治市大久保町北ノ山９０－３０" }, "geometry": { "type": "Point", "coordinates": [ 135.775243, 34.873077 ] } },
{ "type": "Feature", "properties": { "ID": 2632630001037, "正式名称": "佐々木歯科医院", "機関区分": 3, "都道府県コード": 26, "市区町村コード": 204, "所在地": "京都府宇治市大久保町北ノ山２４－１ホクユービル３Ｆ", "緯度": 34.873716, "経度": 135.77327, "url": "https://www.iryou.teikyouseido.mhlw.go.jp/znk-web/juminkanja/S2430/initialize?prefCd=26&kikanCd=2630001037&kikanKbn=3", "url2": "https://www.eonet.ne.jp", "内容": "佐々木歯科医院【3:歯科】京都府宇治市大久保町北ノ山２４－１ホクユービル３Ｆ" }, "geometry": { "type": "Point", "coordinates": [ 135.77327, 34.873716 ] } },
{ "type": "Feature", "properties": { "ID": 2632630001038, "正式名称": "いほき歯科医院", "機関区分": 3, "都道府県コード": 26, "市区町村コード": 204, "所在地": "京都府宇治市槇島町三十五５６－１１", "緯度": 34.913434, "経度": 135.783351, "url": "https://www.iryou.teikyouseido.mhlw.go.jp/znk-web/juminkanja/S2430/initialize?prefCd=26&kikanCd=2630001038&kikanKbn=3", "url2": "https://www.ihokishika.jp", "内容": "いほき歯科医院【3:歯科】京都府宇治市槇島町三十五５６－１１" }, "geometry": { "type": "Point", "coordinates": [ 135.783351, 34.913434 ] } },
{ "type": "Feature", "properties": { "ID": 2632630001041, "正式名称": "塩野歯科医院", "機関区分": 3, "都道府県コード": 26, "市区町村コード": 204, "所在地": "京都府宇治市小倉町山際４７", "緯度": 34.889631, "経度": 135.777658, "url": "https://www.iryou.teikyouseido.mhlw.go.jp/znk-web/juminkanja/S2430/initialize?prefCd=26&kikanCd=2630001041&kikanKbn=3", "url2": "https://shionodental.sakura.ne.jp/", "内容": "塩野歯科医院【3:歯科】京都府宇治市小倉町山際４７" }, "geometry": { "type": "Point", "coordinates": [ 135.777658, 34.889631 ] } },
{ "type": "Feature", "properties": { "ID": 2632630001047, "正式名称": "嶋村歯科医院", "機関区分": 3, "都道府県コード": 26, "市区町村コード": 204, "所在地": "京都府宇治市小倉町西畑２６", "緯度": 34.885548, "経度": 135.782019, "url": "https://www.iryou.teikyouseido.mhlw.go.jp/znk-web/juminkanja/S2430/initialize?prefCd=26&kikanCd=2630001047&kikanKbn=3", "url2": "http://www.citydo.com/prt/kyoto/guide/sg/315001119.html", "内容": "嶋村歯科医院【3:歯科】京都府宇治市小倉町西畑２６" }, "geometry": { "type": "Point", "coordinates": [ 135.782019, 34.885548 ] } },
{ "type": "Feature", "properties": { "ID": 2632630001049, "正式名称": "つまの歯科", "機関区分": 3, "都道府県コード": 26, "市区町村コード": 204, "所在地": "京都府宇治市小倉町堀池１１－１８", "緯度": 34.894714, "経度": 135.775686, "url": "https://www.iryou.teikyouseido.mhlw.go.jp/znk-web/juminkanja/S2430/initialize?prefCd=26&kikanCd=2630001049&kikanKbn=3", "url2": "http://tdc-4618.com/", "内容": "つまの歯科【3:歯科】京都府宇治市小倉町堀池１１－１８" }, "geometry": { "type": "Point", "coordinates": [ 135.775686, 34.894714 ] } },
{ "type": "Feature", "properties": { "ID": 2632630001053, "正式名称": "かのうデンタルクリニック", "機関区分": 3, "都道府県コード": 26, "市区町村コード": 204, "所在地": "京都府宇治市伊勢田町北山１－５", "緯度": 34.887548, "経度": 135.776297, "url": "https://www.iryou.teikyouseido.mhlw.go.jp/znk-web/juminkanja/S2430/initialize?prefCd=26&kikanCd=2630001053&kikanKbn=3", "url2": null, "内容": "かのうデンタルクリニック【3:歯科】京都府宇治市伊勢田町北山１－５" }, "geometry": { "type": "Point", "coordinates": [ 135.776297, 34.887548 ] } },
{ "type": "Feature", "properties": { "ID": 2632630001056, "正式名称": "医療法人　光風会　　オー，デンタルクリニック", "機関区分": 3, "都道府県コード": 26, "市区町村コード": 322, "所在地": "京都府久世郡久御山町森南大内１５６－１　イオンモール久御山２階", "緯度": 34.893241, "経度": 135.746633, "url": "https://www.iryou.teikyouseido.mhlw.go.jp/znk-web/juminkanja/S2430/initialize?prefCd=26&kikanCd=2630001056&kikanKbn=3", "url2": "http://www.kofukai.net/", "内容": "医療法人　光風会　　オー，デンタルクリニック【3:歯科】京都府久世郡久御山町森南大内１５６－１　イオンモール久御山２階" }, "geometry": { "type": "Point", "coordinates": [ 135.746633, 34.893241 ] } },
{ "type": "Feature", "properties": { "ID": 2632630001063, "正式名称": "中村歯科診療所", "機関区分": 3, "都道府県コード": 26, "市区町村コード": 210, "所在地": "京都府八幡市八幡山柴１７", "緯度": 34.881575, "経度": 135.704109, "url": "https://www.iryou.teikyouseido.mhlw.go.jp/znk-web/juminkanja/S2430/initialize?prefCd=26&kikanCd=2630001063&kikanKbn=3", "url2": null, "内容": "中村歯科診療所【3:歯科】京都府八幡市八幡山柴１７" }, "geometry": { "type": "Point", "coordinates": [ 135.704109, 34.881575 ] } },
{ "type": "Feature", "properties": { "ID": 2632630001065, "正式名称": "医療法人社団　健成会　永野歯科クリニック", "機関区分": 3, "都道府県コード": 26, "市区町村コード": 210, "所在地": "京都府八幡市八幡源氏垣内１－４", "緯度": 34.879214, "経度": 135.705276, "url": "https://www.iryou.teikyouseido.mhlw.go.jp/znk-web/juminkanja/S2430/initialize?prefCd=26&kikanCd=2630001065&kikanKbn=3", "url2": null, "内容": "医療法人社団　健成会　永野歯科クリニック【3:歯科】京都府八幡市八幡源氏垣内１－４" }, "geometry": { "type": "Point", "coordinates": [ 135.705276, 34.879214 ] } },
{ "type": "Feature", "properties": { "ID": 2632630001071, "正式名称": "山上歯科医院", "機関区分": 3, "都道府県コード": 26, "市区町村コード": 210, "所在地": "京都府八幡市八幡神原３０番地", "緯度": 34.87202, "経度": 135.703387, "url": "https://www.iryou.teikyouseido.mhlw.go.jp/znk-web/juminkanja/S2430/initialize?prefCd=26&kikanCd=2630001071&kikanKbn=3", "url2": null, "内容": "山上歯科医院【3:歯科】京都府八幡市八幡神原３０番地" }, "geometry": { "type": "Point", "coordinates": [ 135.703387, 34.87202 ] } },
{ "type": "Feature", "properties": { "ID": 2632630001073, "正式名称": "野木歯科医院", "機関区分": 3, "都道府県コード": 26, "市区町村コード": 210, "所在地": "京都府八幡市八幡三本橋３５の１第一千寿ビル１階", "緯度": 34.875131, "経度": 135.706304, "url": "https://www.iryou.teikyouseido.mhlw.go.jp/znk-web/juminkanja/S2430/initialize?prefCd=26&kikanCd=2630001073&kikanKbn=3", "url2": null, "内容": "野木歯科医院【3:歯科】京都府八幡市八幡三本橋３５の１第一千寿ビル１階" }, "geometry": { "type": "Point", "coordinates": [ 135.706304, 34.875131 ] } },
{ "type": "Feature", "properties": { "ID": 2632630001077, "正式名称": "こうの歯科クリニック", "機関区分": 3, "都道府県コード": 26, "市区町村コード": 210, "所在地": "京都府八幡市美濃山宮道２５－１６", "緯度": 34.848801, "経度": 135.712777, "url": "https://www.iryou.teikyouseido.mhlw.go.jp/znk-web/juminkanja/S2430/initialize?prefCd=26&kikanCd=2630001077&kikanKbn=3", "url2": null, "内容": "こうの歯科クリニック【3:歯科】京都府八幡市美濃山宮道２５－１６" }, "geometry": { "type": "Point", "coordinates": [ 135.712777, 34.848801 ] } },
{ "type": "Feature", "properties": { "ID": 2632630001079, "正式名称": "石橋歯科", "機関区分": 3, "都道府県コード": 26, "市区町村コード": 210, "所在地": "京都府八幡市橋本向山１－５", "緯度": 34.875075, "経度": 135.686305, "url": "https://www.iryou.teikyouseido.mhlw.go.jp/znk-web/juminkanja/S2430/initialize?prefCd=26&kikanCd=2630001079&kikanKbn=3", "url2": null, "内容": "石橋歯科【3:歯科】京都府八幡市橋本向山１－５" }, "geometry": { "type": "Point", "coordinates": [ 135.686305, 34.875075 ] } },
{ "type": "Feature", "properties": { "ID": 2632630001082, "正式名称": "医療法人天心会　松本歯科医院", "機関区分": 3, "都道府県コード": 26, "市区町村コード": 210, "所在地": "京都府八幡市西山和気１３－１２", "緯度": 34.870965, "経度": 135.688333, "url": "https://www.iryou.teikyouseido.mhlw.go.jp/znk-web/juminkanja/S2430/initialize?prefCd=26&kikanCd=2630001082&kikanKbn=3", "url2": "https://www.matsumoto-ten.com/", "内容": "医療法人天心会　松本歯科医院【3:歯科】京都府八幡市西山和気１３－１２" }, "geometry": { "type": "Point", "coordinates": [ 135.688333, 34.870965 ] } },
{ "type": "Feature", "properties": { "ID": 2632630001084, "正式名称": "さんま歯科・矯正歯科", "機関区分": 3, "都道府県コード": 26, "市区町村コード": 210, "所在地": "京都府八幡市男山吉井３－１１－２０１知足庵ビル２Ｆ", "緯度": 34.860466, "経度": 135.700249, "url": "https://www.iryou.teikyouseido.mhlw.go.jp/znk-web/juminkanja/S2430/initialize?prefCd=26&kikanCd=2630001084&kikanKbn=3", "url2": null, "内容": "さんま歯科・矯正歯科【3:歯科】京都府八幡市男山吉井３－１１－２０１知足庵ビル２Ｆ" }, "geometry": { "type": "Point", "coordinates": [ 135.700249, 34.860466 ] } },
{ "type": "Feature", "properties": { "ID": 2632630001086, "正式名称": "朝井歯科医院", "機関区分": 3, "都道府県コード": 26, "市区町村コード": 210, "所在地": "京都府八幡市男山泉１８の６", "緯度": 34.861799, "経度": 135.6955, "url": "https://www.iryou.teikyouseido.mhlw.go.jp/znk-web/juminkanja/S2430/initialize?prefCd=26&kikanCd=2630001086&kikanKbn=3", "url2": null, "内容": "朝井歯科医院【3:歯科】京都府八幡市男山泉１８の６" }, "geometry": { "type": "Point", "coordinates": [ 135.6955, 34.861799 ] } },
{ "type": "Feature", "properties": { "ID": 2632630001089, "正式名称": "辻歯科医院", "機関区分": 3, "都道府県コード": 26, "市区町村コード": 210, "所在地": "京都府八幡市男山長沢７－１", "緯度": 34.869076, "経度": 135.692166, "url": "https://www.iryou.teikyouseido.mhlw.go.jp/znk-web/juminkanja/S2430/initialize?prefCd=26&kikanCd=2630001089&kikanKbn=3", "url2": "tsujishika-yawata.com", "内容": "辻歯科医院【3:歯科】京都府八幡市男山長沢７－１" }, "geometry": { "type": "Point", "coordinates": [ 135.692166, 34.869076 ] } },
{ "type": "Feature", "properties": { "ID": 2632630001090, "正式名称": "前川歯科医院", "機関区分": 3, "都道府県コード": 26, "市区町村コード": 210, "所在地": "京都府八幡市男山八望３－１　Ｂ５２", "緯度": 34.863243, "経度": 135.698416, "url": "https://www.iryou.teikyouseido.mhlw.go.jp/znk-web/juminkanja/S2430/initialize?prefCd=26&kikanCd=2630001090&kikanKbn=3", "url2": null, "内容": "前川歯科医院【3:歯科】京都府八幡市男山八望３－１　Ｂ５２" }, "geometry": { "type": "Point", "coordinates": [ 135.698416, 34.863243 ] } },
{ "type": "Feature", "properties": { "ID": 2632630001098, "正式名称": "長澤歯科医院", "機関区分": 3, "都道府県コード": 26, "市区町村コード": 214, "所在地": "京都府木津川市木津駅前１丁目３８番地", "緯度": 34.736701, "経度": 135.824546, "url": "https://www.iryou.teikyouseido.mhlw.go.jp/znk-web/juminkanja/S2430/initialize?prefCd=26&kikanCd=2630001098&kikanKbn=3", "url2": "http://www.nagasawadc.com/", "内容": "長澤歯科医院【3:歯科】京都府木津川市木津駅前１丁目３８番地" }, "geometry": { "type": "Point", "coordinates": [ 135.824546, 34.736701 ] } },
{ "type": "Feature", "properties": { "ID": 2632630001099, "正式名称": "きむら歯科", "機関区分": 3, "都道府県コード": 26, "市区町村コード": 214, "所在地": "京都府木津川市木津殿城１１－３", "緯度": 34.739314, "経度": 135.818356, "url": "https://www.iryou.teikyouseido.mhlw.go.jp/znk-web/juminkanja/S2430/initialize?prefCd=26&kikanCd=2630001099&kikanKbn=3", "url2": null, "内容": "きむら歯科【3:歯科】京都府木津川市木津殿城１１－３" }, "geometry": { "type": "Point", "coordinates": [ 135.818356, 34.739314 ] } },
{ "type": "Feature", "properties": { "ID": 2632630001102, "正式名称": "巻野歯科医院", "機関区分": 3, "都道府県コード": 26, "市区町村コード": 214, "所在地": "京都府木津川市相楽高下４３－６", "緯度": 34.737064, "経度": 135.80458, "url": "https://www.iryou.teikyouseido.mhlw.go.jp/znk-web/juminkanja/S2430/initialize?prefCd=26&kikanCd=2630001102&kikanKbn=3", "url2": null, "内容": "巻野歯科医院【3:歯科】京都府木津川市相楽高下４３－６" }, "geometry": { "type": "Point", "coordinates": [ 135.80458, 34.737064 ] } },
{ "type": "Feature", "properties": { "ID": 2632630001108, "正式名称": "内藤歯科", "機関区分": 3, "都道府県コード": 26, "市区町村コード": 214, "所在地": "京都府木津川市兜台３丁目９の４", "緯度": 34.724537, "経度": 135.781138, "url": "https://www.iryou.teikyouseido.mhlw.go.jp/znk-web/juminkanja/S2430/initialize?prefCd=26&kikanCd=2630001108&kikanKbn=3", "url2": null, "内容": "内藤歯科【3:歯科】京都府木津川市兜台３丁目９の４" }, "geometry": { "type": "Point", "coordinates": [ 135.781138, 34.724537 ] } },
{ "type": "Feature", "properties": { "ID": 2632630001111, "正式名称": "たつみ歯科", "機関区分": 3, "都道府県コード": 26, "市区町村コード": 366, "所在地": "京都府相楽郡精華町桜が丘一丁目１５の１１", "緯度": 34.732925, "経度": 135.789053, "url": "https://www.iryou.teikyouseido.mhlw.go.jp/znk-web/juminkanja/S2430/initialize?prefCd=26&kikanCd=2630001111&kikanKbn=3", "url2": null, "内容": "たつみ歯科【3:歯科】京都府相楽郡精華町桜が丘一丁目１５の１１" }, "geometry": { "type": "Point", "coordinates": [ 135.789053, 34.732925 ] } },
{ "type": "Feature", "properties": { "ID": 2632630001113, "正式名称": "フジタ歯科医院", "機関区分": 3, "都道府県コード": 26, "市区町村コード": 366, "所在地": "京都府相楽郡精華町桜が丘四丁目２３－９", "緯度": 34.726565, "経度": 135.77486, "url": "https://www.iryou.teikyouseido.mhlw.go.jp/znk-web/juminkanja/S2430/initialize?prefCd=26&kikanCd=2630001113&kikanKbn=3", "url2": null, "内容": "フジタ歯科医院【3:歯科】京都府相楽郡精華町桜が丘四丁目２３－９" }, "geometry": { "type": "Point", "coordinates": [ 135.77486, 34.726565 ] } },
{ "type": "Feature", "properties": { "ID": 2632630001117, "正式名称": "田上歯科医院", "機関区分": 3, "都道府県コード": 26, "市区町村コード": 366, "所在地": "京都府相楽郡精華町光台７丁目１４－８", "緯度": 34.741591, "経度": 135.757917, "url": "https://www.iryou.teikyouseido.mhlw.go.jp/znk-web/juminkanja/S2430/initialize?prefCd=26&kikanCd=2630001117&kikanKbn=3", "url2": "http://www.tagami-dc.jp/", "内容": "田上歯科医院【3:歯科】京都府相楽郡精華町光台７丁目１４－８" }, "geometry": { "type": "Point", "coordinates": [ 135.757917, 34.741591 ] } },
{ "type": "Feature", "properties": { "ID": 2632630001119, "正式名称": "医療法人壮貴会エスエイ歯科医院　アピタけいはんな", "機関区分": 3, "都道府県コード": 26, "市区町村コード": 366, "所在地": "京都府相楽郡精華町精華台９－２－４　アピタタウンけいはんな西館１階", "緯度": 34.746813, "経度": 135.769193, "url": "https://www.iryou.teikyouseido.mhlw.go.jp/znk-web/juminkanja/S2430/initialize?prefCd=26&kikanCd=2630001119&kikanKbn=3", "url2": "http://www.sa-dent.com/", "内容": "医療法人壮貴会エスエイ歯科医院　アピタけいはんな【3:歯科】京都府相楽郡精華町精華台９－２－４　アピタタウンけいはんな西館１階" }, "geometry": { "type": "Point", "coordinates": [ 135.769193, 34.746813 ] } },
{ "type": "Feature", "properties": { "ID": 2632630001120, "正式名称": "よしだ歯科クリニック", "機関区分": 3, "都道府県コード": 26, "市区町村コード": 366, "所在地": "京都府相楽郡精華町精華台３丁目１２－１", "緯度": 34.748313, "経度": 135.782026, "url": "https://www.iryou.teikyouseido.mhlw.go.jp/znk-web/juminkanja/S2430/initialize?prefCd=26&kikanCd=2630001120&kikanKbn=3", "url2": null, "内容": "よしだ歯科クリニック【3:歯科】京都府相楽郡精華町精華台３丁目１２－１" }, "geometry": { "type": "Point", "coordinates": [ 135.782026, 34.748313 ] } },
{ "type": "Feature", "properties": { "ID": 2632630001131, "正式名称": "西谷歯科医院", "機関区分": 3, "都道府県コード": 26, "市区町村コード": 214, "所在地": "京都府木津川市加茂町里西鳥口１８", "緯度": 34.753786, "経度": 135.865991, "url": "https://www.iryou.teikyouseido.mhlw.go.jp/znk-web/juminkanja/S2430/initialize?prefCd=26&kikanCd=2630001131&kikanKbn=3", "url2": null, "内容": "西谷歯科医院【3:歯科】京都府木津川市加茂町里西鳥口１８" }, "geometry": { "type": "Point", "coordinates": [ 135.865991, 34.753786 ] } },
{ "type": "Feature", "properties": { "ID": 2632630001132, "正式名称": "住岡歯科医院", "機関区分": 3, "都道府県コード": 26, "市区町村コード": 214, "所在地": "京都府木津川市加茂町里東鳥口９－１", "緯度": 34.752397, "経度": 135.868768, "url": "https://www.iryou.teikyouseido.mhlw.go.jp/znk-web/juminkanja/S2430/initialize?prefCd=26&kikanCd=2630001132&kikanKbn=3", "url2": "http://www.sumioka-dc.com/", "内容": "住岡歯科医院【3:歯科】京都府木津川市加茂町里東鳥口９－１" }, "geometry": { "type": "Point", "coordinates": [ 135.868768, 34.752397 ] } },
{ "type": "Feature", "properties": { "ID": 2632630001138, "正式名称": "みやま岡田歯科医院", "機関区分": 3, "都道府県コード": 26, "市区町村コード": 213, "所在地": "京都府南丹市美山町中上前８３　知井会館１Ｆ", "緯度": 35.312083, "経度": 135.638484, "url": "https://www.iryou.teikyouseido.mhlw.go.jp/znk-web/juminkanja/S2430/initialize?prefCd=26&kikanCd=2630001138&kikanKbn=3", "url2": null, "内容": "みやま岡田歯科医院【3:歯科】京都府南丹市美山町中上前８３　知井会館１Ｆ" }, "geometry": { "type": "Point", "coordinates": [ 135.638484, 35.312083 ] } },
{ "type": "Feature", "properties": { "ID": 2632630001140, "正式名称": "荒木歯科医院", "機関区分": 3, "都道府県コード": 26, "市区町村コード": 213, "所在地": "京都府南丹市美山町静原森ヶ下１４－１", "緯度": 35.279252, "経度": 135.555103, "url": "https://www.iryou.teikyouseido.mhlw.go.jp/znk-web/juminkanja/S2430/initialize?prefCd=26&kikanCd=2630001140&kikanKbn=3", "url2": null, "内容": "荒木歯科医院【3:歯科】京都府南丹市美山町静原森ヶ下１４－１" }, "geometry": { "type": "Point", "coordinates": [ 135.555103, 35.279252 ] } },
{ "type": "Feature", "properties": { "ID": 2632630001141, "正式名称": "池田歯科医院", "機関区分": 3, "都道府県コード": 26, "市区町村コード": 206, "所在地": "京都府亀岡市條町野条井ボラ４－５", "緯度": 35.00356, "経度": 135.601751, "url": "https://www.iryou.teikyouseido.mhlw.go.jp/znk-web/juminkanja/S2430/initialize?prefCd=26&kikanCd=2630001141&kikanKbn=3", "url2": null, "内容": "池田歯科医院【3:歯科】京都府亀岡市條町野条井ボラ４－５" }, "geometry": { "type": "Point", "coordinates": [ 135.601751, 35.00356 ] } },
{ "type": "Feature", "properties": { "ID": 2632630001142, "正式名称": "河野歯科医院", "機関区分": 3, "都道府県コード": 26, "市区町村コード": 206, "所在地": "京都府亀岡市大井町土田２丁目１１番２０－１０８号メディアス亀岡１Ｆ", "緯度": 35.032612, "経度": 135.554142, "url": "https://www.iryou.teikyouseido.mhlw.go.jp/znk-web/juminkanja/S2430/initialize?prefCd=26&kikanCd=2630001142&kikanKbn=3", "url2": null, "内容": "河野歯科医院【3:歯科】京都府亀岡市大井町土田２丁目１１番２０－１０８号メディアス亀岡１Ｆ" }, "geometry": { "type": "Point", "coordinates": [ 135.554142, 35.032612 ] } },
{ "type": "Feature", "properties": { "ID": 2632630001144, "正式名称": "とおさか歯科クリニック", "機関区分": 3, "都道府県コード": 26, "市区町村コード": 206, "所在地": "京都府亀岡市大井町土田２丁目１２－５", "緯度": 35.031917, "経度": 135.554809, "url": "https://www.iryou.teikyouseido.mhlw.go.jp/znk-web/juminkanja/S2430/initialize?prefCd=26&kikanCd=2630001144&kikanKbn=3", "url2": null, "内容": "とおさか歯科クリニック【3:歯科】京都府亀岡市大井町土田２丁目１２－５" }, "geometry": { "type": "Point", "coordinates": [ 135.554809, 35.031917 ] } },
{ "type": "Feature", "properties": { "ID": 2632630001146, "正式名称": "内藤歯科医院", "機関区分": 3, "都道府県コード": 26, "市区町村コード": 206, "所在地": "京都府亀岡市千代川町千原１丁目１番２０号", "緯度": 35.049332, "経度": 135.544781, "url": "https://www.iryou.teikyouseido.mhlw.go.jp/znk-web/juminkanja/S2430/initialize?prefCd=26&kikanCd=2630001146&kikanKbn=3", "url2": "https://naito-dentalclinic.com/", "内容": "内藤歯科医院【3:歯科】京都府亀岡市千代川町千原１丁目１番２０号" }, "geometry": { "type": "Point", "coordinates": [ 135.544781, 35.049332 ] } },
{ "type": "Feature", "properties": { "ID": 2632630001153, "正式名称": "石川歯科医院", "機関区分": 3, "都道府県コード": 26, "市区町村コード": 206, "所在地": "京都府亀岡市追分町馬場通２１－１２石川ビル４Ｆ", "緯度": 35.015614, "経度": 135.581113, "url": "https://www.iryou.teikyouseido.mhlw.go.jp/znk-web/juminkanja/S2430/initialize?prefCd=26&kikanCd=2630001153&kikanKbn=3", "url2": "http://www.ishikawa-kiyoyuki.com/", "内容": "石川歯科医院【3:歯科】京都府亀岡市追分町馬場通２１－１２石川ビル４Ｆ" }, "geometry": { "type": "Point", "coordinates": [ 135.581113, 35.015614 ] } },
{ "type": "Feature", "properties": { "ID": 2632630001155, "正式名称": "前川歯科医院", "機関区分": 3, "都道府県コード": 26, "市区町村コード": 206, "所在地": "京都府亀岡市北古世町２丁目１２－１", "緯度": 35.012337, "経度": 135.586335, "url": "https://www.iryou.teikyouseido.mhlw.go.jp/znk-web/juminkanja/S2430/initialize?prefCd=26&kikanCd=2630001155&kikanKbn=3", "url2": "http://www.paw.hi-ho.ne.jp/maekawa-dental/", "内容": "前川歯科医院【3:歯科】京都府亀岡市北古世町２丁目１２－１" }, "geometry": { "type": "Point", "coordinates": [ 135.586335, 35.012337 ] } },
{ "type": "Feature", "properties": { "ID": 2632630001157, "正式名称": "岡本歯科医院", "機関区分": 3, "都道府県コード": 26, "市区町村コード": 206, "所在地": "京都府亀岡市三宅町１－１－６", "緯度": 35.006309, "経度": 135.589585, "url": "https://www.iryou.teikyouseido.mhlw.go.jp/znk-web/juminkanja/S2430/initialize?prefCd=26&kikanCd=2630001157&kikanKbn=3", "url2": null, "内容": "岡本歯科医院【3:歯科】京都府亀岡市三宅町１－１－６" }, "geometry": { "type": "Point", "coordinates": [ 135.589585, 35.006309 ] } },
{ "type": "Feature", "properties": { "ID": 2632630001158, "正式名称": "中川歯科医院", "機関区分": 3, "都道府県コード": 26, "市区町村コード": 206, "所在地": "京都府亀岡市古世町２丁目３－８号", "緯度": 35.007004, "経度": 135.585002, "url": "https://www.iryou.teikyouseido.mhlw.go.jp/znk-web/juminkanja/S2430/initialize?prefCd=26&kikanCd=2630001158&kikanKbn=3", "url2": null, "内容": "中川歯科医院【3:歯科】京都府亀岡市古世町２丁目３－８号" }, "geometry": { "type": "Point", "coordinates": [ 135.585002, 35.007004 ] } },
{ "type": "Feature", "properties": { "ID": 2632630001160, "正式名称": "植村歯科医院", "機関区分": 3, "都道府県コード": 26, "市区町村コード": 206, "所在地": "京都府亀岡市篠町柏原久保垣内１－３オプトカワモトビル３Ｆ", "緯度": 35.009643, "経度": 135.599195, "url": "https://www.iryou.teikyouseido.mhlw.go.jp/znk-web/juminkanja/S2430/initialize?prefCd=26&kikanCd=2630001160&kikanKbn=3", "url2": null, "内容": "植村歯科医院【3:歯科】京都府亀岡市篠町柏原久保垣内１－３オプトカワモトビル３Ｆ" }, "geometry": { "type": "Point", "coordinates": [ 135.599195, 35.009643 ] } },
{ "type": "Feature", "properties": { "ID": 2632630001162, "正式名称": "医療法人紫明会うまほり西田歯科医院", "機関区分": 3, "都道府県コード": 26, "市区町村コード": 206, "所在地": "京都府亀岡市篠町篠見晴１５－７", "緯度": 35.009412, "経度": 135.604053, "url": "https://www.iryou.teikyouseido.mhlw.go.jp/znk-web/juminkanja/S2430/initialize?prefCd=26&kikanCd=2630001162&kikanKbn=3", "url2": "https://umahorinishida-dc.com", "内容": "医療法人紫明会うまほり西田歯科医院【3:歯科】京都府亀岡市篠町篠見晴１５－７" }, "geometry": { "type": "Point", "coordinates": [ 135.604053, 35.009412 ] } },
{ "type": "Feature", "properties": { "ID": 2632630001163, "正式名称": "いわもり歯科医院", "機関区分": 3, "都道府県コード": 26, "市区町村コード": 206, "所在地": "京都府亀岡市篠町馬堀駅前２丁目３－１", "緯度": 35.010059, "経度": 135.603723, "url": "https://www.iryou.teikyouseido.mhlw.go.jp/znk-web/juminkanja/S2430/initialize?prefCd=26&kikanCd=2630001163&kikanKbn=3", "url2": null, "内容": "いわもり歯科医院【3:歯科】京都府亀岡市篠町馬堀駅前２丁目３－１" }, "geometry": { "type": "Point", "coordinates": [ 135.603723, 35.010059 ] } },
{ "type": "Feature", "properties": { "ID": 2632630001170, "正式名称": "安井歯科医院", "機関区分": 3, "都道府県コード": 26, "市区町村コード": 206, "所在地": "京都府亀岡市北町１６", "緯度": 35.014808, "経度": 135.577641, "url": "https://www.iryou.teikyouseido.mhlw.go.jp/znk-web/juminkanja/S2430/initialize?prefCd=26&kikanCd=2630001170&kikanKbn=3", "url2": "yasui-dentalcl.com", "内容": "安井歯科医院【3:歯科】京都府亀岡市北町１６" }, "geometry": { "type": "Point", "coordinates": [ 135.577641, 35.014808 ] } },
{ "type": "Feature", "properties": { "ID": 2632630001174, "正式名称": "村井歯科医院", "機関区分": 3, "都道府県コード": 26, "市区町村コード": 213, "所在地": "京都府南丹市園部町美園町１３－１３－５さつきビル２Ｆ", "緯度": 35.109519, "経度": 135.472868, "url": "https://www.iryou.teikyouseido.mhlw.go.jp/znk-web/juminkanja/S2430/initialize?prefCd=26&kikanCd=2630001174&kikanKbn=3", "url2": null, "内容": "村井歯科医院【3:歯科】京都府南丹市園部町美園町１３－１３－５さつきビル２Ｆ" }, "geometry": { "type": "Point", "coordinates": [ 135.472868, 35.109519 ] } },
{ "type": "Feature", "properties": { "ID": 2632630001178, "正式名称": "山田歯科医院", "機関区分": 3, "都道府県コード": 26, "市区町村コード": 213, "所在地": "京都府南丹市園部町若松町３", "緯度": 35.11113, "経度": 135.472257, "url": "https://www.iryou.teikyouseido.mhlw.go.jp/znk-web/juminkanja/S2430/initialize?prefCd=26&kikanCd=2630001178&kikanKbn=3", "url2": null, "内容": "山田歯科医院【3:歯科】京都府南丹市園部町若松町３" }, "geometry": { "type": "Point", "coordinates": [ 135.472257, 35.11113 ] } },
{ "type": "Feature", "properties": { "ID": 2632630001189, "正式名称": "国保京丹波町病院和知歯科診療所", "機関区分": 3, "都道府県コード": 26, "市区町村コード": 407, "所在地": "京都府船井郡京丹波町本庄今福１１番地３", "緯度": 35.259973, "経度": 135.399117, "url": "https://www.iryou.teikyouseido.mhlw.go.jp/znk-web/juminkanja/S2430/initialize?prefCd=26&kikanCd=2630001189&kikanKbn=3", "url2": "http://www.town.kyotamba.kyoto.jp/", "内容": "国保京丹波町病院和知歯科診療所【3:歯科】京都府船井郡京丹波町本庄今福１１番地３" }, "geometry": { "type": "Point", "coordinates": [ 135.399117, 35.259973 ] } },
{ "type": "Feature", "properties": { "ID": 2632630001191, "正式名称": "しまむら歯科医院", "機関区分": 3, "都道府県コード": 26, "市区町村コード": 203, "所在地": "京都府綾部市桜ヶ丘１丁目１５－４", "緯度": 35.318909, "経度": 135.278319, "url": "https://www.iryou.teikyouseido.mhlw.go.jp/znk-web/juminkanja/S2430/initialize?prefCd=26&kikanCd=2630001191&kikanKbn=3", "url2": null, "内容": "しまむら歯科医院【3:歯科】京都府綾部市桜ヶ丘１丁目１５－４" }, "geometry": { "type": "Point", "coordinates": [ 135.278319, 35.318909 ] } },
{ "type": "Feature", "properties": { "ID": 2632630001192, "正式名称": "やなぎはら歯科医院", "機関区分": 3, "都道府県コード": 26, "市区町村コード": 203, "所在地": "京都府綾部市青野町西中居６１番地", "緯度": 35.306411, "経度": 135.262404, "url": "https://www.iryou.teikyouseido.mhlw.go.jp/znk-web/juminkanja/S2430/initialize?prefCd=26&kikanCd=2630001192&kikanKbn=3", "url2": null, "内容": "やなぎはら歯科医院【3:歯科】京都府綾部市青野町西中居６１番地" }, "geometry": { "type": "Point", "coordinates": [ 135.262404, 35.306411 ] } },
{ "type": "Feature", "properties": { "ID": 2632630001200, "正式名称": "医療法人　丹進会　武田歯科", "機関区分": 3, "都道府県コード": 26, "市区町村コード": 203, "所在地": "京都府綾部市駅前通５４－１", "緯度": 35.301244, "経度": 135.252988, "url": "https://www.iryou.teikyouseido.mhlw.go.jp/znk-web/juminkanja/S2430/initialize?prefCd=26&kikanCd=2630001200&kikanKbn=3", "url2": "http://takedasika.com/", "内容": "医療法人　丹進会　武田歯科【3:歯科】京都府綾部市駅前通５４－１" }, "geometry": { "type": "Point", "coordinates": [ 135.252988, 35.301244 ] } },
{ "type": "Feature", "properties": { "ID": 2632630001201, "正式名称": "山口歯科医院", "機関区分": 3, "都道府県コード": 26, "市区町村コード": 203, "所在地": "京都府綾部市下八田町才ケ花１３番地の１", "緯度": 35.31641, "経度": 135.285124, "url": "https://www.iryou.teikyouseido.mhlw.go.jp/znk-web/juminkanja/S2430/initialize?prefCd=26&kikanCd=2630001201&kikanKbn=3", "url2": null, "内容": "山口歯科医院【3:歯科】京都府綾部市下八田町才ケ花１３番地の１" }, "geometry": { "type": "Point", "coordinates": [ 135.285124, 35.31641 ] } },
{ "type": "Feature", "properties": { "ID": 2632630001204, "正式名称": "馬場歯科医院", "機関区分": 3, "都道府県コード": 26, "市区町村コード": 202, "所在地": "京都府舞鶴市字伊佐津６６－８", "緯度": 35.439064, "経度": 135.33392, "url": "https://www.iryou.teikyouseido.mhlw.go.jp/znk-web/juminkanja/S2430/initialize?prefCd=26&kikanCd=2630001204&kikanKbn=3", "url2": "baba-shika.com/", "内容": "馬場歯科医院【3:歯科】京都府舞鶴市字伊佐津６６－８" }, "geometry": { "type": "Point", "coordinates": [ 135.33392, 35.439064 ] } },
{ "type": "Feature", "properties": { "ID": 2632630001205, "正式名称": "まつえ歯科クリニック", "機関区分": 3, "都道府県コード": 26, "市区町村コード": 202, "所在地": "京都府舞鶴市字七日市小字西庄尺３３９番１", "緯度": 35.427871, "経度": 135.332226, "url": "https://www.iryou.teikyouseido.mhlw.go.jp/znk-web/juminkanja/S2430/initialize?prefCd=26&kikanCd=2630001205&kikanKbn=3", "url2": null, "内容": "まつえ歯科クリニック【3:歯科】京都府舞鶴市字七日市小字西庄尺３３９番１" }, "geometry": { "type": "Point", "coordinates": [ 135.332226, 35.427871 ] } },
{ "type": "Feature", "properties": { "ID": 2632630001210, "正式名称": "柳田歯科医院", "機関区分": 3, "都道府県コード": 26, "市区町村コード": 202, "所在地": "京都府舞鶴市字引土古八丁２６０", "緯度": 35.442842, "経度": 135.328226, "url": "https://www.iryou.teikyouseido.mhlw.go.jp/znk-web/juminkanja/S2430/initialize?prefCd=26&kikanCd=2630001210&kikanKbn=3", "url2": null, "内容": "柳田歯科医院【3:歯科】京都府舞鶴市字引土古八丁２６０" }, "geometry": { "type": "Point", "coordinates": [ 135.328226, 35.442842 ] } },
{ "type": "Feature", "properties": { "ID": 2632630001211, "正式名称": "にしむら歯科クリニック", "機関区分": 3, "都道府県コード": 26, "市区町村コード": 202, "所在地": "京都府舞鶴市引土８６－９", "緯度": 35.437564, "経度": 135.328698, "url": "https://www.iryou.teikyouseido.mhlw.go.jp/znk-web/juminkanja/S2430/initialize?prefCd=26&kikanCd=2630001211&kikanKbn=3", "url2": "http://www.nishimura-dc.net/", "内容": "にしむら歯科クリニック【3:歯科】京都府舞鶴市引土８６－９" }, "geometry": { "type": "Point", "coordinates": [ 135.328698, 35.437564 ] } },
{ "type": "Feature", "properties": { "ID": 2632630001221, "正式名称": "医療法人社団　光歯会　森歯科クリニック", "機関区分": 3, "都道府県コード": 26, "市区町村コード": 202, "所在地": "京都府舞鶴市竹屋２０", "緯度": 35.449396, "経度": 135.326781, "url": "https://www.iryou.teikyouseido.mhlw.go.jp/znk-web/juminkanja/S2430/initialize?prefCd=26&kikanCd=2630001221&kikanKbn=3", "url2": "http://morishika.main.jp/", "内容": "医療法人社団　光歯会　森歯科クリニック【3:歯科】京都府舞鶴市竹屋２０" }, "geometry": { "type": "Point", "coordinates": [ 135.326781, 35.449396 ] } },
{ "type": "Feature", "properties": { "ID": 2632630001222, "正式名称": "中川歯科医院", "機関区分": 3, "都道府県コード": 26, "市区町村コード": 202, "所在地": "京都府舞鶴市朝日通八条東", "緯度": 35.472506, "経度": 135.397163, "url": "https://www.iryou.teikyouseido.mhlw.go.jp/znk-web/juminkanja/S2430/initialize?prefCd=26&kikanCd=2630001222&kikanKbn=3", "url2": null, "内容": "中川歯科医院【3:歯科】京都府舞鶴市朝日通八条東" }, "geometry": { "type": "Point", "coordinates": [ 135.397163, 35.472506 ] } },
{ "type": "Feature", "properties": { "ID": 2632630001223, "正式名称": "森歯科医院", "機関区分": 3, "都道府県コード": 26, "市区町村コード": 202, "所在地": "京都府舞鶴市田中町１９の３番地", "緯度": 35.480922, "経度": 135.418355, "url": "https://www.iryou.teikyouseido.mhlw.go.jp/znk-web/juminkanja/S2430/initialize?prefCd=26&kikanCd=2630001223&kikanKbn=3", "url2": null, "内容": "森歯科医院【3:歯科】京都府舞鶴市田中町１９の３番地" }, "geometry": { "type": "Point", "coordinates": [ 135.418355, 35.480922 ] } },
{ "type": "Feature", "properties": { "ID": 2632630001226, "正式名称": "ほりさわ歯科医院", "機関区分": 3, "都道府県コード": 26, "市区町村コード": 202, "所在地": "京都府舞鶴市字浜１１５６番地", "緯度": 35.470229, "経度": 135.394941, "url": "https://www.iryou.teikyouseido.mhlw.go.jp/znk-web/juminkanja/S2430/initialize?prefCd=26&kikanCd=2630001226&kikanKbn=3", "url2": "http://www.horisawasikaiin.com", "内容": "ほりさわ歯科医院【3:歯科】京都府舞鶴市字浜１１５６番地" }, "geometry": { "type": "Point", "coordinates": [ 135.394941, 35.470229 ] } },
{ "type": "Feature", "properties": { "ID": 2632630001230, "正式名称": "五条内藤歯科", "機関区分": 3, "都道府県コード": 26, "市区町村コード": 202, "所在地": "京都府舞鶴市浜７７９番地", "緯度": 35.47234, "経度": 135.394691, "url": "https://www.iryou.teikyouseido.mhlw.go.jp/znk-web/juminkanja/S2430/initialize?prefCd=26&kikanCd=2630001230&kikanKbn=3", "url2": "http://www.naitodc.com/", "内容": "五条内藤歯科【3:歯科】京都府舞鶴市浜７７９番地" }, "geometry": { "type": "Point", "coordinates": [ 135.394691, 35.47234 ] } },
{ "type": "Feature", "properties": { "ID": 2632630001231, "正式名称": "いとう歯科", "機関区分": 3, "都道府県コード": 26, "市区町村コード": 202, "所在地": "京都府舞鶴市溝尻町１２－６", "緯度": 35.466951, "経度": 135.406746, "url": "https://www.iryou.teikyouseido.mhlw.go.jp/znk-web/juminkanja/S2430/initialize?prefCd=26&kikanCd=2630001231&kikanKbn=3", "url2": null, "内容": "いとう歯科【3:歯科】京都府舞鶴市溝尻町１２－６" }, "geometry": { "type": "Point", "coordinates": [ 135.406746, 35.466951 ] } },
{ "type": "Feature", "properties": { "ID": 2632630001232, "正式名称": "山内歯科医院", "機関区分": 3, "都道府県コード": 26, "市区町村コード": 202, "所在地": "京都府舞鶴市字行永古川町２１０１番地", "緯度": 35.461285, "経度": 135.39858, "url": "https://www.iryou.teikyouseido.mhlw.go.jp/znk-web/juminkanja/S2430/initialize?prefCd=26&kikanCd=2630001232&kikanKbn=3", "url2": null, "内容": "山内歯科医院【3:歯科】京都府舞鶴市字行永古川町２１０１番地" }, "geometry": { "type": "Point", "coordinates": [ 135.39858, 35.461285 ] } },
{ "type": "Feature", "properties": { "ID": 2632630001239, "正式名称": "小川歯科医院", "機関区分": 3, "都道府県コード": 26, "市区町村コード": 202, "所在地": "京都府舞鶴市字余部上２５０", "緯度": 35.471728, "経度": 135.366221, "url": "https://www.iryou.teikyouseido.mhlw.go.jp/znk-web/juminkanja/S2430/initialize?prefCd=26&kikanCd=2630001239&kikanKbn=3", "url2": "http://www.ogawashikaiin.net/", "内容": "小川歯科医院【3:歯科】京都府舞鶴市字余部上２５０" }, "geometry": { "type": "Point", "coordinates": [ 135.366221, 35.471728 ] } },
{ "type": "Feature", "properties": { "ID": 2632630001255, "正式名称": "上田歯科クリニック", "機関区分": 3, "都道府県コード": 26, "市区町村コード": 201, "所在地": "京都府福知山市南本町１３５－３", "緯度": 35.299659, "経度": 135.119944, "url": "https://www.iryou.teikyouseido.mhlw.go.jp/znk-web/juminkanja/S2430/initialize?prefCd=26&kikanCd=2630001255&kikanKbn=3", "url2": "https://www.ueda-shika-clinic.com/", "内容": "上田歯科クリニック【3:歯科】京都府福知山市南本町１３５－３" }, "geometry": { "type": "Point", "coordinates": [ 135.119944, 35.299659 ] } },
{ "type": "Feature", "properties": { "ID": 2632630001256, "正式名称": "たなか歯科医院", "機関区分": 3, "都道府県コード": 26, "市区町村コード": 201, "所在地": "京都府福知山市昭和新町９番地", "緯度": 35.30613, "経度": 135.118583, "url": "https://www.iryou.teikyouseido.mhlw.go.jp/znk-web/juminkanja/S2430/initialize?prefCd=26&kikanCd=2630001256&kikanKbn=3", "url2": null, "内容": "たなか歯科医院【3:歯科】京都府福知山市昭和新町９番地" }, "geometry": { "type": "Point", "coordinates": [ 135.118583, 35.30613 ] } },
{ "type": "Feature", "properties": { "ID": 2632630001257, "正式名称": "医療法人吉世会　昭和町吉見歯科医院", "機関区分": 3, "都道府県コード": 26, "市区町村コード": 201, "所在地": "京都府福知山市昭和町５２", "緯度": 35.303992, "経度": 135.119694, "url": "https://www.iryou.teikyouseido.mhlw.go.jp/znk-web/juminkanja/S2430/initialize?prefCd=26&kikanCd=2630001257&kikanKbn=3", "url2": null, "内容": "医療法人吉世会　昭和町吉見歯科医院【3:歯科】京都府福知山市昭和町５２" }, "geometry": { "type": "Point", "coordinates": [ 135.119694, 35.303992 ] } },
{ "type": "Feature", "properties": { "ID": 2632630001259, "正式名称": "小倉歯科診療所", "機関区分": 3, "都道府県コード": 26, "市区町村コード": 201, "所在地": "京都府福知山市篠尾新町１丁目９５", "緯度": 35.299742, "経度": 135.113889, "url": "https://www.iryou.teikyouseido.mhlw.go.jp/znk-web/juminkanja/S2430/initialize?prefCd=26&kikanCd=2630001259&kikanKbn=3", "url2": null, "内容": "小倉歯科診療所【3:歯科】京都府福知山市篠尾新町１丁目９５" }, "geometry": { "type": "Point", "coordinates": [ 135.113889, 35.299742 ] } },
{ "type": "Feature", "properties": { "ID": 2632630001263, "正式名称": "おおむら歯科小児歯科クリニック", "機関区分": 3, "都道府県コード": 26, "市区町村コード": 201, "所在地": "京都府福知山市和久市町２８７－１", "緯度": 35.308297, "経度": 135.114111, "url": "https://www.iryou.teikyouseido.mhlw.go.jp/znk-web/juminkanja/S2430/initialize?prefCd=26&kikanCd=2630001263&kikanKbn=3", "url2": "http://www5.nkansai.ne.jp/org/omura-dc/", "内容": "おおむら歯科小児歯科クリニック【3:歯科】京都府福知山市和久市町２８７－１" }, "geometry": { "type": "Point", "coordinates": [ 135.114111, 35.308297 ] } },
{ "type": "Feature", "properties": { "ID": 2632630001275, "正式名称": "本堀なかむら歯科医院", "機関区分": 3, "都道府県コード": 26, "市区町村コード": 201, "所在地": "京都府福知山市字堀１３２０番地", "緯度": 35.28716, "経度": 135.133193, "url": "https://www.iryou.teikyouseido.mhlw.go.jp/znk-web/juminkanja/S2430/initialize?prefCd=26&kikanCd=2630001275&kikanKbn=3", "url2": null, "内容": "本堀なかむら歯科医院【3:歯科】京都府福知山市字堀１３２０番地" }, "geometry": { "type": "Point", "coordinates": [ 135.133193, 35.28716 ] } },
{ "type": "Feature", "properties": { "ID": 2632630001279, "正式名称": "梅原歯科医院", "機関区分": 3, "都道府県コード": 26, "市区町村コード": 201, "所在地": "京都府福知山市駅南町１－２４３", "緯度": 35.295048, "経度": 135.120833, "url": "https://www.iryou.teikyouseido.mhlw.go.jp/znk-web/juminkanja/S2430/initialize?prefCd=26&kikanCd=2630001279&kikanKbn=3", "url2": "https://umehara-dc.bsj.jp/", "内容": "梅原歯科医院【3:歯科】京都府福知山市駅南町１－２４３" }, "geometry": { "type": "Point", "coordinates": [ 135.120833, 35.295048 ] } },
{ "type": "Feature", "properties": { "ID": 2632630001287, "正式名称": "向井歯科医院", "機関区分": 3, "都道府県コード": 26, "市区町村コード": 205, "所在地": "京都府宮津市字宮村１２９２－２", "緯度": 35.531524, "経度": 135.198344, "url": "https://www.iryou.teikyouseido.mhlw.go.jp/znk-web/juminkanja/S2430/initialize?prefCd=26&kikanCd=2630001287&kikanKbn=3", "url2": null, "内容": "向井歯科医院【3:歯科】京都府宮津市字宮村１２９２－２" }, "geometry": { "type": "Point", "coordinates": [ 135.198344, 35.531524 ] } },
{ "type": "Feature", "properties": { "ID": 2632630001293, "正式名称": "医療法人のいち歯科医院", "機関区分": 3, "都道府県コード": 26, "市区町村コード": 212, "所在地": "京都府京丹後市峰山町新町１７２４", "緯度": 35.606348, "経度": 135.083683, "url": "https://www.iryou.teikyouseido.mhlw.go.jp/znk-web/juminkanja/S2430/initialize?prefCd=26&kikanCd=2630001293&kikanKbn=3", "url2": "http://www.myclinic.ne.jp/noichishika/pc/", "内容": "医療法人のいち歯科医院【3:歯科】京都府京丹後市峰山町新町１７２４" }, "geometry": { "type": "Point", "coordinates": [ 135.083683, 35.606348 ] } },
{ "type": "Feature", "properties": { "ID": 2632630001294, "正式名称": "梅田歯科医院", "機関区分": 3, "都道府県コード": 26, "市区町村コード": 212, "所在地": "京都府京丹後市峰山町杉谷６５２", "緯度": 35.627428, "経度": 135.067655, "url": "https://www.iryou.teikyouseido.mhlw.go.jp/znk-web/juminkanja/S2430/initialize?prefCd=26&kikanCd=2630001294&kikanKbn=3", "url2": "https://umeda6480.jp/", "内容": "梅田歯科医院【3:歯科】京都府京丹後市峰山町杉谷６５２" }, "geometry": { "type": "Point", "coordinates": [ 135.067655, 35.627428 ] } },
{ "type": "Feature", "properties": { "ID": 2632630001298, "正式名称": "行待歯科医院", "機関区分": 3, "都道府県コード": 26, "市区町村コード": 212, "所在地": "京都府京丹後市弥栄町溝谷３３１１", "緯度": 35.657787, "経度": 135.093374, "url": "https://www.iryou.teikyouseido.mhlw.go.jp/znk-web/juminkanja/S2430/initialize?prefCd=26&kikanCd=2630001298&kikanKbn=3", "url2": null, "内容": "行待歯科医院【3:歯科】京都府京丹後市弥栄町溝谷３３１１" }, "geometry": { "type": "Point", "coordinates": [ 135.093374, 35.657787 ] } },
{ "type": "Feature", "properties": { "ID": 2632630001303, "正式名称": "茂籠歯科医院", "機関区分": 3, "都道府県コード": 26, "市区町村コード": 465, "所在地": "京都府与謝郡与謝野町下山田１４１１－５", "緯度": 35.545494, "経度": 135.127404, "url": "https://www.iryou.teikyouseido.mhlw.go.jp/znk-web/juminkanja/S2430/initialize?prefCd=26&kikanCd=2630001303&kikanKbn=3", "url2": null, "内容": "茂籠歯科医院【3:歯科】京都府与謝郡与謝野町下山田１４１１－５" }, "geometry": { "type": "Point", "coordinates": [ 135.127404, 35.545494 ] } },
{ "type": "Feature", "properties": { "ID": 2632630001310, "正式名称": "伊東歯科・矯正歯科医院", "機関区分": 3, "都道府県コード": 26, "市区町村コード": 212, "所在地": "京都府京丹後市大宮町口大野６６３", "緯度": 35.582211, "経度": 135.092433, "url": "https://www.iryou.teikyouseido.mhlw.go.jp/znk-web/juminkanja/S2430/initialize?prefCd=26&kikanCd=2630001310&kikanKbn=3", "url2": null, "内容": "伊東歯科・矯正歯科医院【3:歯科】京都府京丹後市大宮町口大野６６３" }, "geometry": { "type": "Point", "coordinates": [ 135.092433, 35.582211 ] } },
{ "type": "Feature", "properties": { "ID": 2632630001323, "正式名称": "なかお七本松歯科クリニック", "機関区分": 3, "都道府県コード": 26, "市区町村コード": 104, "所在地": "京都府京都市中京区西ノ京池ノ内町１６－４１　京都友禅館ビル２階", "緯度": 35.016866, "経度": 135.73935, "url": "https://www.iryou.teikyouseido.mhlw.go.jp/znk-web/juminkanja/S2430/initialize?prefCd=26&kikanCd=2630001323&kikanKbn=3", "url2": "https://nakaodent.ec-net.jp/", "内容": "なかお七本松歯科クリニック【3:歯科】京都府京都市中京区西ノ京池ノ内町１６－４１　京都友禅館ビル２階" }, "geometry": { "type": "Point", "coordinates": [ 135.73935, 35.016866 ] } },
{ "type": "Feature", "properties": { "ID": 2632630001328, "正式名称": "ひらの歯科医院", "機関区分": 3, "都道府県コード": 26, "市区町村コード": 101, "所在地": "京都府京都市北区平野宮北町２セゾン衣笠Ｂ１", "緯度": 35.03392, "経度": 135.731905, "url": "https://www.iryou.teikyouseido.mhlw.go.jp/znk-web/juminkanja/S2430/initialize?prefCd=26&kikanCd=2630001328&kikanKbn=3", "url2": "http://blog.livedoor.jp/locustwalk/", "内容": "ひらの歯科医院【3:歯科】京都府京都市北区平野宮北町２セゾン衣笠Ｂ１" }, "geometry": { "type": "Point", "coordinates": [ 135.731905, 35.03392 ] } },
{ "type": "Feature", "properties": { "ID": 2632630001330, "正式名称": "にしぼり歯科医院", "機関区分": 3, "都道府県コード": 26, "市区町村コード": 104, "所在地": "京都府京都市中京区御池通室町西入西横町１８１番地ツインシス御池１・２階", "緯度": 35.01109, "経度": 135.757515, "url": "https://www.iryou.teikyouseido.mhlw.go.jp/znk-web/juminkanja/S2430/initialize?prefCd=26&kikanCd=2630001330&kikanKbn=3", "url2": "http://nishibori-d.com/", "内容": "にしぼり歯科医院【3:歯科】京都府京都市中京区御池通室町西入西横町１８１番地ツインシス御池１・２階" }, "geometry": { "type": "Point", "coordinates": [ 135.757515, 35.01109 ] } },
{ "type": "Feature", "properties": { "ID": 2632630001331, "正式名称": "医療法人社団茉生会　岩田デンタルクリニック", "機関区分": 3, "都道府県コード": 26, "市区町村コード": 101, "所在地": "京都府京都市北区小山北上総町４－１シードル北大路２Ｆ", "緯度": 35.044142, "経度": 135.758903, "url": "https://www.iryou.teikyouseido.mhlw.go.jp/znk-web/juminkanja/S2430/initialize?prefCd=26&kikanCd=2630001331&kikanKbn=3", "url2": "http://www.implant-apple.com/", "内容": "医療法人社団茉生会　岩田デンタルクリニック【3:歯科】京都府京都市北区小山北上総町４－１シードル北大路２Ｆ" }, "geometry": { "type": "Point", "coordinates": [ 135.758903, 35.044142 ] } },
{ "type": "Feature", "properties": { "ID": 2632630001332, "正式名称": "かず歯科クリニック", "機関区分": 3, "都道府県コード": 26, "市区町村コード": 103, "所在地": "京都府京都市左京区岩倉花園町２３９番地１３", "緯度": 35.073361, "経度": 135.78976, "url": "https://www.iryou.teikyouseido.mhlw.go.jp/znk-web/juminkanja/S2430/initialize?prefCd=26&kikanCd=2630001332&kikanKbn=3", "url2": null, "内容": "かず歯科クリニック【3:歯科】京都府京都市左京区岩倉花園町２３９番地１３" }, "geometry": { "type": "Point", "coordinates": [ 135.78976, 35.073361 ] } },
{ "type": "Feature", "properties": { "ID": 2632630001347, "正式名称": "医療法人金平会　三条河原町デンタルクリニック", "機関区分": 3, "都道府県コード": 26, "市区町村コード": 104, "所在地": "京都府京都市中京区河原町通二条下る二丁目下丸屋町４０７番地２　ルート河原町３階", "緯度": 35.010562, "経度": 135.769681, "url": "https://www.iryou.teikyouseido.mhlw.go.jp/znk-web/juminkanja/S2430/initialize?prefCd=26&kikanCd=2630001347&kikanKbn=3", "url2": "hrrp://www.sanjo-dental.com/jndex.htm/", "内容": "医療法人金平会　三条河原町デンタルクリニック【3:歯科】京都府京都市中京区河原町通二条下る二丁目下丸屋町４０７番地２　ルート河原町３階" }, "geometry": { "type": "Point", "coordinates": [ 135.769681, 35.010562 ] } },
{ "type": "Feature", "properties": { "ID": 2632630001356, "正式名称": "小倉歯科クリニック", "機関区分": 3, "都道府県コード": 26, "市区町村コード": 209, "所在地": "京都府長岡京市開田３－１－１５　八坂ビル２階", "緯度": 34.925848, "経度": 135.693414, "url": "https://www.iryou.teikyouseido.mhlw.go.jp/znk-web/juminkanja/S2430/initialize?prefCd=26&kikanCd=2630001356&kikanKbn=3", "url2": "https://ogura-dc.net/#access", "内容": "小倉歯科クリニック【3:歯科】京都府長岡京市開田３－１－１５　八坂ビル２階" }, "geometry": { "type": "Point", "coordinates": [ 135.693414, 34.925848 ] } },
{ "type": "Feature", "properties": { "ID": 2632630001359, "正式名称": "小林歯科医院", "機関区分": 3, "都道府県コード": 26, "市区町村コード": 204, "所在地": "京都府宇治市平尾台一丁目１３－５", "緯度": 34.925322, "経度": 135.812543, "url": "https://www.iryou.teikyouseido.mhlw.go.jp/znk-web/juminkanja/S2430/initialize?prefCd=26&kikanCd=2630001359&kikanKbn=3", "url2": null, "内容": "小林歯科医院【3:歯科】京都府宇治市平尾台一丁目１３－５" }, "geometry": { "type": "Point", "coordinates": [ 135.812543, 34.925322 ] } },
{ "type": "Feature", "properties": { "ID": 2632630001369, "正式名称": "秋田歯科クリニック", "機関区分": 3, "都道府県コード": 26, "市区町村コード": 407, "所在地": "京都府船井郡京丹波町蒲生蒲生野２３５－３", "緯度": 35.167039, "経度": 135.421842, "url": "https://www.iryou.teikyouseido.mhlw.go.jp/znk-web/juminkanja/S2430/initialize?prefCd=26&kikanCd=2630001369&kikanKbn=3", "url2": null, "内容": "秋田歯科クリニック【3:歯科】京都府船井郡京丹波町蒲生蒲生野２３５－３" }, "geometry": { "type": "Point", "coordinates": [ 135.421842, 35.167039 ] } },
{ "type": "Feature", "properties": { "ID": 2632630001373, "正式名称": "あや歯科クリニック", "機関区分": 3, "都道府県コード": 26, "市区町村コード": 102, "所在地": "京都府京都市上京区竹屋町通千本東入主税町１０２６－１", "緯度": 35.016867, "経度": 135.745433, "url": "https://www.iryou.teikyouseido.mhlw.go.jp/znk-web/juminkanja/S2430/initialize?prefCd=26&kikanCd=2630001373&kikanKbn=3", "url2": "https://www.aya-shika.com/", "内容": "あや歯科クリニック【3:歯科】京都府京都市上京区竹屋町通千本東入主税町１０２６－１" }, "geometry": { "type": "Point", "coordinates": [ 135.745433, 35.016867 ] } },
{ "type": "Feature", "properties": { "ID": 2632630001374, "正式名称": "つちだ歯科医院", "機関区分": 3, "都道府県コード": 26, "市区町村コード": 101, "所在地": "京都府京都市北区紫野上鳥田町１", "緯度": 35.04428, "経度": 135.751459, "url": "https://www.iryou.teikyouseido.mhlw.go.jp/znk-web/juminkanja/S2430/initialize?prefCd=26&kikanCd=2630001374&kikanKbn=3", "url2": "http://www.tsuchida-dental.jp/", "内容": "つちだ歯科医院【3:歯科】京都府京都市北区紫野上鳥田町１" }, "geometry": { "type": "Point", "coordinates": [ 135.751459, 35.04428 ] } },
{ "type": "Feature", "properties": { "ID": 2632630001379, "正式名称": "医療法人いいは会ふじわら歯科", "機関区分": 3, "都道府県コード": 26, "市区町村コード": 109, "所在地": "京都府京都市伏見区向島二ノ丸町３８７－３", "緯度": 34.914017, "経度": 135.770574, "url": "https://www.iryou.teikyouseido.mhlw.go.jp/znk-web/juminkanja/S2430/initialize?prefCd=26&kikanCd=2630001379&kikanKbn=3", "url2": "http://iiha.jp/", "内容": "医療法人いいは会ふじわら歯科【3:歯科】京都府京都市伏見区向島二ノ丸町３８７－３" }, "geometry": { "type": "Point", "coordinates": [ 135.770574, 34.914017 ] } },
{ "type": "Feature", "properties": { "ID": 2632630001387, "正式名称": "星野歯科クリニック", "機関区分": 3, "都道府県コード": 26, "市区町村コード": 214, "所在地": "京都府木津川市梅美台２丁目１９－３０", "緯度": 34.718122, "経度": 135.8358, "url": "https://www.iryou.teikyouseido.mhlw.go.jp/znk-web/juminkanja/S2430/initialize?prefCd=26&kikanCd=2630001387&kikanKbn=3", "url2": null, "内容": "星野歯科クリニック【3:歯科】京都府木津川市梅美台２丁目１９－３０" }, "geometry": { "type": "Point", "coordinates": [ 135.8358, 34.718122 ] } },
{ "type": "Feature", "properties": { "ID": 2632630001389, "正式名称": "内橋小児歯科クリニック", "機関区分": 3, "都道府県コード": 26, "市区町村コード": 107, "所在地": "京都府京都市南区上鳥羽南唐戸町１１", "緯度": 34.971482, "経度": 135.741296, "url": "https://www.iryou.teikyouseido.mhlw.go.jp/znk-web/juminkanja/S2430/initialize?prefCd=26&kikanCd=2630001389&kikanKbn=3", "url2": "http://www.uss-clinic.com/", "内容": "内橋小児歯科クリニック【3:歯科】京都府京都市南区上鳥羽南唐戸町１１" }, "geometry": { "type": "Point", "coordinates": [ 135.741296, 34.971482 ] } },
{ "type": "Feature", "properties": { "ID": 2632630001392, "正式名称": "医療法人緑和会四条烏丸グリーン歯科", "機関区分": 3, "都道府県コード": 26, "市区町村コード": 104, "所在地": "京都府京都市中京区烏丸通錦小路上ル手洗水町６７０京都フクトクビル２階", "緯度": 35.005063, "経度": 135.759877, "url": "https://www.iryou.teikyouseido.mhlw.go.jp/znk-web/juminkanja/S2430/initialize?prefCd=26&kikanCd=2630001392&kikanKbn=3", "url2": "http://kyoto-dental.jp/", "内容": "医療法人緑和会四条烏丸グリーン歯科【3:歯科】京都府京都市中京区烏丸通錦小路上ル手洗水町６７０京都フクトクビル２階" }, "geometry": { "type": "Point", "coordinates": [ 135.759877, 35.005063 ] } },
{ "type": "Feature", "properties": { "ID": 2632630001393, "正式名称": "医療法人社団有心会　クリア歯科　京都院", "機関区分": 3, "都道府県コード": 26, "市区町村コード": 107, "所在地": "京都府京都市南区東九条西山王町１３－２ファインエレガンスビル１Ｆ", "緯度": 34.982898, "経度": 135.760433, "url": "https://www.iryou.teikyouseido.mhlw.go.jp/znk-web/juminkanja/S2430/initialize?prefCd=26&kikanCd=2630001393&kikanKbn=3", "url2": "https://clear-dental.jp/clinic/kyoto/", "内容": "医療法人社団有心会　クリア歯科　京都院【3:歯科】京都府京都市南区東九条西山王町１３－２ファインエレガンスビル１Ｆ" }, "geometry": { "type": "Point", "coordinates": [ 135.760433, 34.982898 ] } },
{ "type": "Feature", "properties": { "ID": 2632630001397, "正式名称": "なかじょう歯科医院", "機関区分": 3, "都道府県コード": 26, "市区町村コード": 209, "所在地": "京都府長岡京市天神３－２９－４", "緯度": 34.926459, "経度": 135.68697, "url": "https://www.iryou.teikyouseido.mhlw.go.jp/znk-web/juminkanja/S2430/initialize?prefCd=26&kikanCd=2630001397&kikanKbn=3", "url2": "nakajo-shika.com/", "内容": "なかじょう歯科医院【3:歯科】京都府長岡京市天神３－２９－４" }, "geometry": { "type": "Point", "coordinates": [ 135.68697, 34.926459 ] } },
{ "type": "Feature", "properties": { "ID": 2632630001406, "正式名称": "西歯科クリニック", "機関区分": 3, "都道府県コード": 26, "市区町村コード": 214, "所在地": "京都府木津川市城山台１丁目１４－１", "緯度": 34.737509, "経度": 135.834216, "url": "https://www.iryou.teikyouseido.mhlw.go.jp/znk-web/juminkanja/S2430/initialize?prefCd=26&kikanCd=2630001406&kikanKbn=3", "url2": "https://nishi-dc.net/", "内容": "西歯科クリニック【3:歯科】京都府木津川市城山台１丁目１４－１" }, "geometry": { "type": "Point", "coordinates": [ 135.834216, 34.737509 ] } },
{ "type": "Feature", "properties": { "ID": 2632630001410, "正式名称": "真鍋歯科医院", "機関区分": 3, "都道府県コード": 26, "市区町村コード": 201, "所在地": "京都府福知山市三和町千束６６番地の６", "緯度": 35.216753, "経度": 135.232772, "url": "https://www.iryou.teikyouseido.mhlw.go.jp/znk-web/juminkanja/S2430/initialize?prefCd=26&kikanCd=2630001410&kikanKbn=3", "url2": null, "内容": "真鍋歯科医院【3:歯科】京都府福知山市三和町千束６６番地の６" }, "geometry": { "type": "Point", "coordinates": [ 135.232772, 35.216753 ] } },
{ "type": "Feature", "properties": { "ID": 2632630001411, "正式名称": "さくらぎ桂駅前歯科", "機関区分": 3, "都道府県コード": 26, "市区町村コード": 111, "所在地": "京都府京都市西京区桂南巽町１３８番地１　グランバリエ桂１階", "緯度": 34.979703, "経度": 135.701299, "url": "https://www.iryou.teikyouseido.mhlw.go.jp/znk-web/juminkanja/S2430/initialize?prefCd=26&kikanCd=2630001411&kikanKbn=3", "url2": "https://www.katura-dental.com/", "内容": "さくらぎ桂駅前歯科【3:歯科】京都府京都市西京区桂南巽町１３８番地１　グランバリエ桂１階" }, "geometry": { "type": "Point", "coordinates": [ 135.701299, 34.979703 ] } },
{ "type": "Feature", "properties": { "ID": 2632630001421, "正式名称": "桂川歯科クリニック", "機関区分": 3, "都道府県コード": 26, "市区町村コード": 107, "所在地": "京都府京都市南区久世上久世町４１７－１", "緯度": 34.9629, "経度": 135.713382, "url": "https://www.iryou.teikyouseido.mhlw.go.jp/znk-web/juminkanja/S2430/initialize?prefCd=26&kikanCd=2630001421&kikanKbn=3", "url2": "https://www.kdc-irc.jp/", "内容": "桂川歯科クリニック【3:歯科】京都府京都市南区久世上久世町４１７－１" }, "geometry": { "type": "Point", "coordinates": [ 135.713382, 34.9629 ] } },
{ "type": "Feature", "properties": { "ID": 2632630001429, "正式名称": "小西歯科", "機関区分": 3, "都道府県コード": 26, "市区町村コード": 214, "所在地": "京都府木津川市南加茂台９－１９－３", "緯度": 34.73676, "経度": 135.866075, "url": "https://www.iryou.teikyouseido.mhlw.go.jp/znk-web/juminkanja/S2430/initialize?prefCd=26&kikanCd=2630001429&kikanKbn=3", "url2": null, "内容": "小西歯科【3:歯科】京都府木津川市南加茂台９－１９－３" }, "geometry": { "type": "Point", "coordinates": [ 135.866075, 34.73676 ] } },
{ "type": "Feature", "properties": { "ID": 2632630001432, "正式名称": "医療法人三友会　みかみ歯科医院", "機関区分": 3, "都道府県コード": 26, "市区町村コード": 110, "所在地": "京都府京都市山科区大塚野溝町９４番地３　コーポ中村１０４号室", "緯度": 34.982205, "経度": 135.826261, "url": "https://www.iryou.teikyouseido.mhlw.go.jp/znk-web/juminkanja/S2430/initialize?prefCd=26&kikanCd=2630001432&kikanKbn=3", "url2": null, "内容": "医療法人三友会　みかみ歯科医院【3:歯科】京都府京都市山科区大塚野溝町９４番地３　コーポ中村１０４号室" }, "geometry": { "type": "Point", "coordinates": [ 135.826261, 34.982205 ] } },
{ "type": "Feature", "properties": { "ID": 2632630001439, "正式名称": "医療法人創成会　京都四条河原町トラスト歯科・矯正歯科", "機関区分": 3, "都道府県コード": 26, "市区町村コード": 104, "所在地": "京都府京都市中京区河原町通蛸薬師下ル塩屋町３４４　日新河原町ビル４Ｆ", "緯度": 35.004868, "経度": 135.76907, "url": "https://www.iryou.teikyouseido.mhlw.go.jp/znk-web/juminkanja/S2430/initialize?prefCd=26&kikanCd=2630001439&kikanKbn=3", "url2": "https://souseikai-trust.jp/kawaramachi/", "内容": "医療法人創成会　京都四条河原町トラスト歯科・矯正歯科【3:歯科】京都府京都市中京区河原町通蛸薬師下ル塩屋町３４４　日新河原町ビル４Ｆ" }, "geometry": { "type": "Point", "coordinates": [ 135.76907, 35.004868 ] } },
{ "type": "Feature", "properties": { "ID": 2632630001442, "正式名称": "ひろ歯科クリニック", "機関区分": 3, "都道府県コード": 26, "市区町村コード": 106, "所在地": "京都府京都市下京区七条御所ノ内本町６８番地１ル・サフィール西大路１階", "緯度": 34.984481, "経度": 135.732297, "url": "https://www.iryou.teikyouseido.mhlw.go.jp/znk-web/juminkanja/S2430/initialize?prefCd=26&kikanCd=2630001442&kikanKbn=3", "url2": "https://hirodc.jp/", "内容": "ひろ歯科クリニック【3:歯科】京都府京都市下京区七条御所ノ内本町６８番地１ル・サフィール西大路１階" }, "geometry": { "type": "Point", "coordinates": [ 135.732297, 34.984481 ] } },
{ "type": "Feature", "properties": { "ID": 2632630001449, "正式名称": "医療法人桔梗会ｉファミリーデンタルクリニック　いなむら歯科", "機関区分": 3, "都道府県コード": 26, "市区町村コード": 214, "所在地": "京都府木津川市兜台三丁目１０番地１", "緯度": 34.72451, "経度": 135.778666, "url": "https://www.iryou.teikyouseido.mhlw.go.jp/znk-web/juminkanja/S2430/initialize?prefCd=26&kikanCd=2630001449&kikanKbn=3", "url2": "https://if-dc.com", "内容": "医療法人桔梗会ｉファミリーデンタルクリニック　いなむら歯科【3:歯科】京都府木津川市兜台三丁目１０番地１" }, "geometry": { "type": "Point", "coordinates": [ 135.778666, 34.72451 ] } },
{ "type": "Feature", "properties": { "ID": 2632630001455, "正式名称": "おかだ歯科クリニック", "機関区分": 3, "都道府県コード": 26, "市区町村コード": 214, "所在地": "京都府木津川市兜台７丁目６－１", "緯度": 34.726315, "経度": 135.784999, "url": "https://www.iryou.teikyouseido.mhlw.go.jp/znk-web/juminkanja/S2430/initialize?prefCd=26&kikanCd=2630001455&kikanKbn=3", "url2": "okada-dc-owl.com", "内容": "おかだ歯科クリニック【3:歯科】京都府木津川市兜台７丁目６－１" }, "geometry": { "type": "Point", "coordinates": [ 135.784999, 34.726315 ] } },
{ "type": "Feature", "properties": { "ID": 2632630001467, "正式名称": "石原歯科医院", "機関区分": 3, "都道府県コード": 26, "市区町村コード": 407, "所在地": "京都府船井郡京丹波町須知伏拝３８－５", "緯度": 35.160012, "経度": 135.424508, "url": "https://www.iryou.teikyouseido.mhlw.go.jp/znk-web/juminkanja/S2430/initialize?prefCd=26&kikanCd=2630001467&kikanKbn=3", "url2": null, "内容": "石原歯科医院【3:歯科】京都府船井郡京丹波町須知伏拝３８－５" }, "geometry": { "type": "Point", "coordinates": [ 135.424508, 35.160012 ] } },
{ "type": "Feature", "properties": { "ID": 2632630001468, "正式名称": "色川歯科医院", "機関区分": 3, "都道府県コード": 26, "市区町村コード": 106, "所在地": "京都府京都市下京区松原通高倉東入ル杉屋町２６６", "緯度": 34.998869, "経度": 135.762682, "url": "https://www.iryou.teikyouseido.mhlw.go.jp/znk-web/juminkanja/S2430/initialize?prefCd=26&kikanCd=2630001468&kikanKbn=3", "url2": null, "内容": "色川歯科医院【3:歯科】京都府京都市下京区松原通高倉東入ル杉屋町２６６" }, "geometry": { "type": "Point", "coordinates": [ 135.762682, 34.998869 ] } },
{ "type": "Feature", "properties": { "ID": 2632630001469, "正式名称": "京都歯科サービスセンター北部診療所", "機関区分": 3, "都道府県コード": 26, "市区町村コード": 201, "所在地": "京都府福知山市問屋町６３の１", "緯度": 35.309935, "経度": 135.111083, "url": "https://www.iryou.teikyouseido.mhlw.go.jp/znk-web/juminkanja/S2430/initialize?prefCd=26&kikanCd=2630001469&kikanKbn=3", "url2": null, "内容": "京都歯科サービスセンター北部診療所【3:歯科】京都府福知山市問屋町６３の１" }, "geometry": { "type": "Point", "coordinates": [ 135.111083, 35.309935 ] } },
{ "type": "Feature", "properties": { "ID": 2632630001470, "正式名称": "医療法人晴雄会　加納デンタルクリニック", "機関区分": 3, "都道府県コード": 26, "市区町村コード": 104, "所在地": "京都府京都市中京区御池通間之町東入ル高宮町２０６御池ビル７階", "緯度": 35.011145, "経度": 135.761904, "url": "https://www.iryou.teikyouseido.mhlw.go.jp/znk-web/juminkanja/S2430/initialize?prefCd=26&kikanCd=2630001470&kikanKbn=3", "url2": "https://www.kano-dc-kyoto.com/", "内容": "医療法人晴雄会　加納デンタルクリニック【3:歯科】京都府京都市中京区御池通間之町東入ル高宮町２０６御池ビル７階" }, "geometry": { "type": "Point", "coordinates": [ 135.761904, 35.011145 ] } },
{ "type": "Feature", "properties": { "ID": 2632630001472, "正式名称": "まごころ陽葵歯科クリニック", "機関区分": 3, "都道府県コード": 26, "市区町村コード": 110, "所在地": "京都府京都市山科区椥辻封シ川町２１－６", "緯度": 34.973872, "経度": 135.810679, "url": "https://www.iryou.teikyouseido.mhlw.go.jp/znk-web/juminkanja/S2430/initialize?prefCd=26&kikanCd=2630001472&kikanKbn=3", "url2": "https://magokoroshika.com", "内容": "まごころ陽葵歯科クリニック【3:歯科】京都府京都市山科区椥辻封シ川町２１－６" }, "geometry": { "type": "Point", "coordinates": [ 135.810679, 34.973872 ] } },
{ "type": "Feature", "properties": { "ID": 2632630001475, "正式名称": "たなか歯科クリニック", "機関区分": 3, "都道府県コード": 26, "市区町村コード": 202, "所在地": "京都府舞鶴市南浜町１６－２", "緯度": 35.465757, "経度": 135.396358, "url": "https://www.iryou.teikyouseido.mhlw.go.jp/znk-web/juminkanja/S2430/initialize?prefCd=26&kikanCd=2630001475&kikanKbn=3", "url2": "https://tanaka-dc-maizuru.com/", "内容": "たなか歯科クリニック【3:歯科】京都府舞鶴市南浜町１６－２" }, "geometry": { "type": "Point", "coordinates": [ 135.396358, 35.465757 ] } },
{ "type": "Feature", "properties": { "ID": 2632630001476, "正式名称": "医療法人大志会　やまだ歯科医院", "機関区分": 3, "都道府県コード": 26, "市区町村コード": 212, "所在地": "京都府京丹後市久美浜町７８１－２", "緯度": 35.603233, "経度": 134.89481, "url": "https://www.iryou.teikyouseido.mhlw.go.jp/znk-web/juminkanja/S2430/initialize?prefCd=26&kikanCd=2630001476&kikanKbn=3", "url2": null, "内容": "医療法人大志会　やまだ歯科医院【3:歯科】京都府京丹後市久美浜町７８１－２" }, "geometry": { "type": "Point", "coordinates": [ 134.89481, 35.603233 ] } },
{ "type": "Feature", "properties": { "ID": 2632630001480, "正式名称": "医療法人桃樹会　肥後歯科口腔外科クリニック", "機関区分": 3, "都道府県コード": 26, "市区町村コード": 107, "所在地": "京都府京都市南区久世中久世町３丁目５５番", "緯度": 34.960678, "経度": 135.716993, "url": "https://www.iryou.teikyouseido.mhlw.go.jp/znk-web/juminkanja/S2430/initialize?prefCd=26&kikanCd=2630001480&kikanKbn=3", "url2": "www.higo-dent.com", "内容": "医療法人桃樹会　肥後歯科口腔外科クリニック【3:歯科】京都府京都市南区久世中久世町３丁目５５番" }, "geometry": { "type": "Point", "coordinates": [ 135.716993, 34.960678 ] } },
{ "type": "Feature", "properties": { "ID": 2632630001486, "正式名称": "Ｓｋｙ　Ｄｅｎｔａｌ　Ｃｌｉｎｉｃ", "機関区分": 3, "都道府県コード": 26, "市区町村コード": 206, "所在地": "京都府亀岡市千代川町小林下戸９－７", "緯度": 35.038944, "経度": 135.54631, "url": "https://www.iryou.teikyouseido.mhlw.go.jp/znk-web/juminkanja/S2430/initialize?prefCd=26&kikanCd=2630001486&kikanKbn=3", "url2": null, "内容": "Ｓｋｙ　Ｄｅｎｔａｌ　Ｃｌｉｎｉｃ【3:歯科】京都府亀岡市千代川町小林下戸９－７" }, "geometry": { "type": "Point", "coordinates": [ 135.54631, 35.038944 ] } },
{ "type": "Feature", "properties": { "ID": 2632630001489, "正式名称": "御所西歯科中川クリニック", "機関区分": 3, "都道府県コード": 26, "市区町村コード": 102, "所在地": "京都府京都市上京区衣棚通出水上る御霊町６９", "緯度": 35.0217, "経度": 135.757432, "url": "https://www.iryou.teikyouseido.mhlw.go.jp/znk-web/juminkanja/S2430/initialize?prefCd=26&kikanCd=2630001489&kikanKbn=3", "url2": "https://gosho-nishi.dentaloffice.jp/", "内容": "御所西歯科中川クリニック【3:歯科】京都府京都市上京区衣棚通出水上る御霊町６９" }, "geometry": { "type": "Point", "coordinates": [ 135.757432, 35.0217 ] } },
{ "type": "Feature", "properties": { "ID": 2632630001491, "正式名称": "やまとデンタルクリニック", "機関区分": 3, "都道府県コード": 26, "市区町村コード": 208, "所在地": "京都府向日市寺戸町初田２５－１　正一ビル１階３号", "緯度": 34.951817, "経度": 135.704384, "url": "https://www.iryou.teikyouseido.mhlw.go.jp/znk-web/juminkanja/S2430/initialize?prefCd=26&kikanCd=2630001491&kikanKbn=3", "url2": null, "内容": "やまとデンタルクリニック【3:歯科】京都府向日市寺戸町初田２５－１　正一ビル１階３号" }, "geometry": { "type": "Point", "coordinates": [ 135.704384, 34.951817 ] } },
{ "type": "Feature", "properties": { "ID": 2632630001492, "正式名称": "医療法人資久会　アキヤマ歯科医院", "機関区分": 3, "都道府県コード": 26, "市区町村コード": 104, "所在地": "京都府京都市中京区新京極通三条下る桜之町４０６番地明山ビル２Ｆ", "緯度": 35.008146, "経度": 135.767348, "url": "https://www.iryou.teikyouseido.mhlw.go.jp/znk-web/juminkanja/S2430/initialize?prefCd=26&kikanCd=2630001492&kikanKbn=3", "url2": "https://www.ado-kyoto.com/", "内容": "医療法人資久会　アキヤマ歯科医院【3:歯科】京都府京都市中京区新京極通三条下る桜之町４０６番地明山ビル２Ｆ" }, "geometry": { "type": "Point", "coordinates": [ 135.767348, 35.008146 ] } },
{ "type": "Feature", "properties": { "ID": 2632630001495, "正式名称": "どうとう歯科口腔外科", "機関区分": 3, "都道府県コード": 26, "市区町村コード": 111, "所在地": "京都府京都市西京区大枝西新林町６－１１－１２", "緯度": 34.966426, "経度": 135.666858, "url": "https://www.iryou.teikyouseido.mhlw.go.jp/znk-web/juminkanja/S2430/initialize?prefCd=26&kikanCd=2630001495&kikanKbn=3", "url2": "https://doto-oralsurgery.jp/", "内容": "どうとう歯科口腔外科【3:歯科】京都府京都市西京区大枝西新林町６－１１－１２" }, "geometry": { "type": "Point", "coordinates": [ 135.666858, 34.966426 ] } },
{ "type": "Feature", "properties": { "ID": 2632630001497, "正式名称": "医療法人社団優高会　かわい歯科クリニック", "機関区分": 3, "都道府県コード": 26, "市区町村コード": 204, "所在地": "京都府宇治市六地蔵奈良町７４－１　パデシオン六地蔵ザ・ミッドモール１Ｆ", "緯度": 34.933737, "経度": 135.797321, "url": "https://www.iryou.teikyouseido.mhlw.go.jp/znk-web/juminkanja/S2430/initialize?prefCd=26&kikanCd=2630001497&kikanKbn=3", "url2": "https://www.dc-kawai.com/", "内容": "医療法人社団優高会　かわい歯科クリニック【3:歯科】京都府宇治市六地蔵奈良町７４－１　パデシオン六地蔵ザ・ミッドモール１Ｆ" }, "geometry": { "type": "Point", "coordinates": [ 135.797321, 34.933737 ] } },
{ "type": "Feature", "properties": { "ID": 2632630001498, "正式名称": "医療法人社団金田歯科医院", "機関区分": 3, "都道府県コード": 26, "市区町村コード": 103, "所在地": "京都府京都市左京区岩倉中河原町１９３", "緯度": 35.069667, "経度": 135.7804, "url": "https://www.iryou.teikyouseido.mhlw.go.jp/znk-web/juminkanja/S2430/initialize?prefCd=26&kikanCd=2630001498&kikanKbn=3", "url2": "https://kanedashika.jp/", "内容": "医療法人社団金田歯科医院【3:歯科】京都府京都市左京区岩倉中河原町１９３" }, "geometry": { "type": "Point", "coordinates": [ 135.7804, 35.069667 ] } },
{ "type": "Feature", "properties": { "ID": 2632630001500, "正式名称": "松繁歯科", "機関区分": 3, "都道府県コード": 26, "市区町村コード": 106, "所在地": "京都府京都市下京区中堂寺櫛笥町６", "緯度": 34.996619, "経度": 135.746545, "url": "https://www.iryou.teikyouseido.mhlw.go.jp/znk-web/juminkanja/S2430/initialize?prefCd=26&kikanCd=2630001500&kikanKbn=3", "url2": "https://www.matushige-dc.com/", "内容": "松繁歯科【3:歯科】京都府京都市下京区中堂寺櫛笥町６" }, "geometry": { "type": "Point", "coordinates": [ 135.746545, 34.996619 ] } },
{ "type": "Feature", "properties": { "ID": 2632630001502, "正式名称": "ごとう歯科クリニック", "機関区分": 3, "都道府県コード": 26, "市区町村コード": 110, "所在地": "京都府京都市山科区小山北溝町３３－１", "緯度": 34.985621, "経度": 135.830816, "url": "https://www.iryou.teikyouseido.mhlw.go.jp/znk-web/juminkanja/S2430/initialize?prefCd=26&kikanCd=2630001502&kikanKbn=3", "url2": "https://gotohdc5.ec-net.jp/", "内容": "ごとう歯科クリニック【3:歯科】京都府京都市山科区小山北溝町３３－１" }, "geometry": { "type": "Point", "coordinates": [ 135.830816, 34.985621 ] } },
{ "type": "Feature", "properties": { "ID": 2632630001504, "正式名称": "医療法人社団大栄会西大路御池デンタルクリニック", "機関区分": 3, "都道府県コード": 26, "市区町村コード": 104, "所在地": "京都府京都市中京区西ノ京東中合町４６フィル・パーク京都西大路御池駅前１階", "緯度": 35.0113568, "経度": 135.731601, "url": "https://www.iryou.teikyouseido.mhlw.go.jp/znk-web/juminkanja/S2430/initialize?prefCd=26&kikanCd=2630001504&kikanKbn=3", "url2": null, "内容": "医療法人社団大栄会西大路御池デンタルクリニック【3:歯科】京都府京都市中京区西ノ京東中合町４６フィル・パーク京都西大路御池駅前１階" }, "geometry": { "type": "Point", "coordinates": [ 135.731601, 35.0113568 ] } },
{ "type": "Feature", "properties": { "ID": 2632630001507, "正式名称": "http://horidc-ueda.jp", "機関区分": 3, "都道府県コード": 26, "市区町村コード": 104, "所在地": "京都府京都市中京区西ノ京円町４－２", "緯度": 35.018255, "経度": 135.731573, "url": "https://www.iryou.teikyouseido.mhlw.go.jp/znk-web/juminkanja/S2430/initialize?prefCd=26&kikanCd=2630001507&kikanKbn=3", "url2": null, "内容": "http://horidc-ueda.jp【3:歯科】京都府京都市中京区西ノ京円町４－２" }, "geometry": { "type": "Point", "coordinates": [ 135.731573, 35.018255 ] } },
{ "type": "Feature", "properties": { "ID": 2632630001510, "正式名称": "医療法人隆歩会あゆみ歯科クリニック松井山手", "機関区分": 3, "都道府県コード": 26, "市区町村コード": 210, "所在地": "京都府八幡市欽明台西３１－８", "緯度": 34.840302, "経度": 135.714888, "url": "https://www.iryou.teikyouseido.mhlw.go.jp/znk-web/juminkanja/S2430/initialize?prefCd=26&kikanCd=2630001510&kikanKbn=3", "url2": "https://ayumi-dent.com/", "内容": "医療法人隆歩会あゆみ歯科クリニック松井山手【3:歯科】京都府八幡市欽明台西３１－８" }, "geometry": { "type": "Point", "coordinates": [ 135.714888, 34.840302 ] } },
{ "type": "Feature", "properties": { "ID": 2632630001511, "正式名称": "黒田歯科クリニック", "機関区分": 3, "都道府県コード": 26, "市区町村コード": 106, "所在地": "京都府京都市下京区西洞院通五条下ル小柳町５１３－２　五条久保田ビル２階", "緯度": 34.996008, "経度": 135.755405, "url": "https://www.iryou.teikyouseido.mhlw.go.jp/znk-web/juminkanja/S2430/initialize?prefCd=26&kikanCd=2630001511&kikanKbn=3", "url2": "https://kuroda-dental-clinic.com/", "内容": "黒田歯科クリニック【3:歯科】京都府京都市下京区西洞院通五条下ル小柳町５１３－２　五条久保田ビル２階" }, "geometry": { "type": "Point", "coordinates": [ 135.755405, 34.996008 ] } },
{ "type": "Feature", "properties": { "ID": 2632630001512, "正式名称": "堺町御門デンタルクリニック", "機関区分": 3, "都道府県コード": 26, "市区町村コード": 104, "所在地": "京都府京都市中京区堺町通竹屋町上ル橘町８２－２　Ｔ．Ｋ．Ｈ　ＥＮＴビル２階", "緯度": 35.0167, "経度": 135.762931, "url": "https://www.iryou.teikyouseido.mhlw.go.jp/znk-web/juminkanja/S2430/initialize?prefCd=26&kikanCd=2630001512&kikanKbn=3", "url2": "https://gomon-dc.com/", "内容": "堺町御門デンタルクリニック【3:歯科】京都府京都市中京区堺町通竹屋町上ル橘町８２－２　Ｔ．Ｋ．Ｈ　ＥＮＴビル２階" }, "geometry": { "type": "Point", "coordinates": [ 135.762931, 35.0167 ] } },
{ "type": "Feature", "properties": { "ID": 2632630001521, "正式名称": "いわみ歯科クリニック", "機関区分": 3, "都道府県コード": 26, "市区町村コード": 104, "所在地": "京都府京都市中京区西ノ京伯楽町２２番地７", "緯度": 35.019005, "経度": 135.728351, "url": "https://www.iryou.teikyouseido.mhlw.go.jp/znk-web/juminkanja/S2430/initialize?prefCd=26&kikanCd=2630001521&kikanKbn=3", "url2": null, "内容": "いわみ歯科クリニック【3:歯科】京都府京都市中京区西ノ京伯楽町２２番地７" }, "geometry": { "type": "Point", "coordinates": [ 135.728351, 35.019005 ] } },
{ "type": "Feature", "properties": { "ID": 2632630001522, "正式名称": "ごとう歯科クリニック", "機関区分": 3, "都道府県コード": 26, "市区町村コード": 204, "所在地": "京都府宇治市小倉町久保１１１番地１辻岩ビル新館５階", "緯度": 34.8976088, "経度": 135.782877, "url": "https://www.iryou.teikyouseido.mhlw.go.jp/znk-web/juminkanja/S2430/initialize?prefCd=26&kikanCd=2630001522&kikanKbn=3", "url2": "http//www,gotoshikaclinic.com", "内容": "ごとう歯科クリニック【3:歯科】京都府宇治市小倉町久保１１１番地１辻岩ビル新館５階" }, "geometry": { "type": "Point", "coordinates": [ 135.782877, 34.8976088 ] } },
{ "type": "Feature", "properties": { "ID": 2632630001523, "正式名称": "衣川歯科医院", "機関区分": 3, "都道府県コード": 26, "市区町村コード": 202, "所在地": "京都府舞鶴市北吸７３４", "緯度": 35.472836, "経度": 135.388096, "url": "https://www.iryou.teikyouseido.mhlw.go.jp/znk-web/juminkanja/S2430/initialize?prefCd=26&kikanCd=2630001523&kikanKbn=3", "url2": null, "内容": "衣川歯科医院【3:歯科】京都府舞鶴市北吸７３４" }, "geometry": { "type": "Point", "coordinates": [ 135.388096, 35.472836 ] } },
{ "type": "Feature", "properties": { "ID": 2632630603567, "正式名称": "医療法人吉田歯科医院", "機関区分": 3, "都道府県コード": 26, "市区町村コード": 103, "所在地": "京都府京都市左京区浄土寺下南田町７２−１", "緯度": 35.023174, "経度": 135.793563, "url": "https://www.iryou.teikyouseido.mhlw.go.jp/znk-web/juminkanja/S2430/initialize?prefCd=26&kikanCd=2630603567&kikanKbn=3", "url2": "https://yosida-dental.com/access.html", "内容": "医療法人吉田歯科医院【3:歯科】京都府京都市左京区浄土寺下南田町７２−１" }, "geometry": { "type": "Point", "coordinates": [ 135.793563, 35.023174 ] } },
{ "type": "Feature", "properties": { "ID": 2632631000001, "正式名称": "医療法人創成会　京都出町トラスト歯科・矯正歯科", "機関区分": 3, "都道府県コード": 26, "市区町村コード": 102, "所在地": "京都府京都市上京区青龍町２１８グランスイート鴨川１Ｆ", "緯度": 35.030801, "経度": 135.769566, "url": "https://www.iryou.teikyouseido.mhlw.go.jp/znk-web/juminkanja/S2430/initialize?prefCd=26&kikanCd=2631000001&kikanKbn=3", "url2": "https://souseikai-trust.jp/kyoto/", "内容": "医療法人創成会　京都出町トラスト歯科・矯正歯科【3:歯科】京都府京都市上京区青龍町２１８グランスイート鴨川１Ｆ" }, "geometry": { "type": "Point", "coordinates": [ 135.769566, 35.030801 ] } },
{ "type": "Feature", "properties": { "ID": 2632631000002, "正式名称": "医療法人社団尚歯会　ビオラ歯科", "機関区分": 3, "都道府県コード": 26, "市区町村コード": 109, "所在地": "京都府京都市伏見区桃山町山ノ下３２ＭＯＭＯテラス２階", "緯度": 34.938976, "経度": 135.79512, "url": "https://www.iryou.teikyouseido.mhlw.go.jp/znk-web/juminkanja/S2430/initialize?prefCd=26&kikanCd=2631000002&kikanKbn=3", "url2": null, "内容": "医療法人社団尚歯会　ビオラ歯科【3:歯科】京都府京都市伏見区桃山町山ノ下３２ＭＯＭＯテラス２階" }, "geometry": { "type": "Point", "coordinates": [ 135.79512, 34.938976 ] } },
{ "type": "Feature", "properties": { "ID": 2632631000004, "正式名称": "医療法人白馬会　ルピナス歯科", "機関区分": 3, "都道府県コード": 26, "市区町村コード": 111, "所在地": "京都府京都市西京区松室中溝町３２－１後藤ビル２０１号", "緯度": 34.99715, "経度": 135.688706, "url": "https://www.iryou.teikyouseido.mhlw.go.jp/znk-web/juminkanja/S2430/initialize?prefCd=26&kikanCd=2631000004&kikanKbn=3", "url2": null, "内容": "医療法人白馬会　ルピナス歯科【3:歯科】京都府京都市西京区松室中溝町３２－１後藤ビル２０１号" }, "geometry": { "type": "Point", "coordinates": [ 135.688706, 34.99715 ] } },
{ "type": "Feature", "properties": { "ID": 2632631000005, "正式名称": "医療法人清歯会桂川浅井歯科医院", "機関区分": 3, "都道府県コード": 26, "市区町村コード": 107, "所在地": "京都府京都市南区久世高田町３７６－１イオンモール京都桂川１階メディモ内", "緯度": 34.9615264, "経度": 135.708523, "url": "https://www.iryou.teikyouseido.mhlw.go.jp/znk-web/juminkanja/S2430/initialize?prefCd=26&kikanCd=2631000005&kikanKbn=3", "url2": "https://www.asai-dental.com/", "内容": "医療法人清歯会桂川浅井歯科医院【3:歯科】京都府京都市南区久世高田町３７６－１イオンモール京都桂川１階メディモ内" }, "geometry": { "type": "Point", "coordinates": [ 135.708523, 34.9615264 ] } },
{ "type": "Feature", "properties": { "ID": 2632631000008, "正式名称": "医療法人幸加会　スギモト歯科医院東院", "機関区分": 3, "都道府県コード": 26, "市区町村コード": 211, "所在地": "京都府京田辺市田辺中央一丁目１番地５Ｂ．Ｉ．Ｔ．ＤＡＩＥＩビル１Ｆ", "緯度": 34.820322, "経度": 135.772383, "url": "https://www.iryou.teikyouseido.mhlw.go.jp/znk-web/juminkanja/S2430/initialize?prefCd=26&kikanCd=2631000008&kikanKbn=3", "url2": "https://sugimoto-dc.jp/", "内容": "医療法人幸加会　スギモト歯科医院東院【3:歯科】京都府京田辺市田辺中央一丁目１番地５Ｂ．Ｉ．Ｔ．ＤＡＩＥＩビル１Ｆ" }, "geometry": { "type": "Point", "coordinates": [ 135.772383, 34.820322 ] } },
{ "type": "Feature", "properties": { "ID": 2632631000010, "正式名称": "医療法人社団潤和会　日本インプラント京都八条口クリニック", "機関区分": 3, "都道府県コード": 26, "市区町村コード": 107, "所在地": "京都府京都市南区東九条上殿田町５２番地ＫＫＤビル５階", "緯度": 34.983283, "経度": 135.75891, "url": "https://www.iryou.teikyouseido.mhlw.go.jp/znk-web/juminkanja/S2430/initialize?prefCd=26&kikanCd=2631000010&kikanKbn=3", "url2": "https://nihon-implant.com/", "内容": "医療法人社団潤和会　日本インプラント京都八条口クリニック【3:歯科】京都府京都市南区東九条上殿田町５２番地ＫＫＤビル５階" }, "geometry": { "type": "Point", "coordinates": [ 135.75891, 34.983283 ] } },
{ "type": "Feature", "properties": { "ID": 2632631000011, "正式名称": "医療法人清風会坂根歯科クリニック", "機関区分": 3, "都道府県コード": 26, "市区町村コード": 209, "所在地": "京都府長岡京市神足１－９－２０", "緯度": 34.923672, "経度": 135.699694, "url": "https://www.iryou.teikyouseido.mhlw.go.jp/znk-web/juminkanja/S2430/initialize?prefCd=26&kikanCd=2631000011&kikanKbn=3", "url2": "https://sakane-shika.com", "内容": "医療法人清風会坂根歯科クリニック【3:歯科】京都府長岡京市神足１－９－２０" }, "geometry": { "type": "Point", "coordinates": [ 135.699694, 34.923672 ] } },
{ "type": "Feature", "properties": { "ID": 2632631000013, "正式名称": "よしかわ歯科医院", "機関区分": 3, "都道府県コード": 26, "市区町村コード": 104, "所在地": "京都府京都市中京区御幸町通御池下ル大文字町３５１ＢＡＵＭ御幸町御池１Ｆ", "緯度": 35.010375, "経度": 135.766557, "url": "https://www.iryou.teikyouseido.mhlw.go.jp/znk-web/juminkanja/S2430/initialize?prefCd=26&kikanCd=2631000013&kikanKbn=3", "url2": "https://www.yoshikawa-dc.info/", "内容": "よしかわ歯科医院【3:歯科】京都府京都市中京区御幸町通御池下ル大文字町３５１ＢＡＵＭ御幸町御池１Ｆ" }, "geometry": { "type": "Point", "coordinates": [ 135.766557, 35.010375 ] } },
{ "type": "Feature", "properties": { "ID": 2632631000042, "正式名称": "京都河原町スマイルデザイン歯科・矯正歯科", "機関区分": 3, "都道府県コード": 26, "市区町村コード": 104, "所在地": "京都府京都市中京区河原町通三条下る二丁目山崎町２５８番地ＡＤーＧ四条河原町６階", "緯度": 35.00675, "経度": 135.768908, "url": "https://www.iryou.teikyouseido.mhlw.go.jp/znk-web/juminkanja/S2430/initialize?prefCd=26&kikanCd=2631000042&kikanKbn=3", "url2": "https://kyoto-smiledc.com/", "内容": "京都河原町スマイルデザイン歯科・矯正歯科【3:歯科】京都府京都市中京区河原町通三条下る二丁目山崎町２５８番地ＡＤーＧ四条河原町６階" }, "geometry": { "type": "Point", "coordinates": [ 135.768908, 35.00675 ] } },
{ "type": "Feature", "properties": { "ID": 2632631000044, "正式名称": "京都下鴨ライフ歯科・矯正歯科・小児歯科", "機関区分": 3, "都道府県コード": 26, "市区町村コード": 103, "所在地": "京都府京都市左京区下鴨西本町３９", "緯度": 35.043789, "経度": 135.76975, "url": "https://www.iryou.teikyouseido.mhlw.go.jp/znk-web/juminkanja/S2430/initialize?prefCd=26&kikanCd=2631000044&kikanKbn=3", "url2": "https://www.lifedc-kyotoshimogamo.com/", "内容": "京都下鴨ライフ歯科・矯正歯科・小児歯科【3:歯科】京都府京都市左京区下鴨西本町３９" }, "geometry": { "type": "Point", "coordinates": [ 135.76975, 35.043789 ] } },
{ "type": "Feature", "properties": { "ID": 2632631000046, "正式名称": "アップル歯科京都河原町", "機関区分": 3, "都道府県コード": 26, "市区町村コード": 106, "所在地": "京都府京都市下京区奈良物町３６４中央四条ビル３階", "緯度": 35.003742, "経度": 135.76634, "url": "https://www.iryou.teikyouseido.mhlw.go.jp/znk-web/juminkanja/S2430/initialize?prefCd=26&kikanCd=2631000046&kikanKbn=3", "url2": null, "内容": "アップル歯科京都河原町【3:歯科】京都府京都市下京区奈良物町３６４中央四条ビル３階" }, "geometry": { "type": "Point", "coordinates": [ 135.76634, 35.003742 ] } }
]
}
