{
"type": "FeatureCollection",
"name": "geo_26_訪問看護",
"crs": { "type": "name", "properties": { "name": "urn:ogc:def:crs:OGC:1.3:CRS84" } },
"features": [
{ "type": "Feature", "properties": { "内容": "訪問看護ステーションひろば【訪問看護】京都府京都市北区平野東柳町38番地", "url": "https://www.kaigokensaku.mhlw.go.jp/26/index.php?action_kouhyou_detail_004_kani=true&JigyosyoCd=2660290152-00&ServiceCd=130&Type=search", "url2": "http://www.fukushi-hiroba.com" }, "geometry": { "type": "Point", "coordinates": [ 135.729197235657608, 35.033872992150854 ] } },
{ "type": "Feature", "properties": { "内容": "Sunny訪問看護ステーション【訪問看護】京都府京都市北区紫竹下緑町17-8SEEKビル１階", "url": "https://www.kaigokensaku.mhlw.go.jp/26/index.php?action_kouhyou_detail_004_kani=true&JigyosyoCd=2660190253-00&ServiceCd=130&Type=search", "url2": "https://vn.kodomo-mirai22.jp/lp/#" }, "geometry": { "type": "Point", "coordinates": [ 135.748364823942552, 35.049430985130883 ] } },
{ "type": "Feature", "properties": { "内容": "訪問看護ステーションのどか【訪問看護】京都市北区紫野南舟岡町70-25", "url": "https://www.kaigokensaku.mhlw.go.jp/26/index.php?action_kouhyou_detail_004_kani=true&JigyosyoCd=2660290145-00&ServiceCd=130&Type=search", "url2": "https://kyoto-nodoka.com/" }, "geometry": { "type": "Point", "coordinates": [ 135.751055100000031, 35.0354591 ] } },
{ "type": "Feature", "properties": { "内容": "訪問看護ステーション「がくさい」【訪問看護】京都市北区紫野東藤ノ森町11番3", "url": "https://www.kaigokensaku.mhlw.go.jp/26/index.php?action_kouhyou_detail_004_kani=true&JigyosyoCd=2660190014-00&ServiceCd=130&Type=search", "url2": null }, "geometry": { "type": "Point", "coordinates": [ 135.746767955496495, 35.037389416558035 ] } },
{ "type": "Feature", "properties": { "内容": "ナースステーションしんらい【訪問看護】小山初音町10番地3", "url": "https://www.kaigokensaku.mhlw.go.jp/26/index.php?action_kouhyou_detail_004_kani=true&JigyosyoCd=2660190154-00&ServiceCd=130&Type=search", "url2": null }, "geometry": { "type": "Point", "coordinates": [ 135.7543006, 35.0462817 ] } },
{ "type": "Feature", "properties": { "内容": "訪問看護ステーション　マタクル【訪問看護】京都府京都市北区出雲路立テ本町108番地112", "url": "https://www.kaigokensaku.mhlw.go.jp/26/index.php?action_kouhyou_detail_004_kani=true&JigyosyoCd=2660190220-00&ServiceCd=130&Type=search", "url2": "https://connep1.localinfo.jp" }, "geometry": { "type": "Point", "coordinates": [ 135.763436899999988, 35.0392339 ] } },
{ "type": "Feature", "properties": { "内容": "訪問看護リハビリステーション　ふらっと【訪問看護】紫野中柏野町37-16", "url": "https://www.kaigokensaku.mhlw.go.jp/26/index.php?action_kouhyou_detail_004_kani=true&JigyosyoCd=2660190287-00&ServiceCd=130&Type=search", "url2": "https://atamaover-flat.com/" }, "geometry": { "type": "Point", "coordinates": [ 135.73653250000001, 35.0354612 ] } },
{ "type": "Feature", "properties": { "内容": "医療法人和み会　なかつかさ内科・在宅クリニック【訪問看護】京都府京都市北区紫竹西桃ノ本町56", "url": "https://www.kaigokensaku.mhlw.go.jp/26/index.php?action_kouhyou_detail_004_kani=true&JigyosyoCd=2610105823-00&ServiceCd=130&Type=search", "url2": "nagomi-kai.com" }, "geometry": { "type": "Point", "coordinates": [ 135.7488277, 35.0479766 ] } },
{ "type": "Feature", "properties": { "内容": "京都鞍馬口医療センター　訪問看護ステーション　くらまぐち【訪問看護】京都府京都市北区小山下総町27番地", "url": "https://www.kaigokensaku.mhlw.go.jp/26/index.php?action_kouhyou_detail_004_kani=true&JigyosyoCd=2660190147-00&ServiceCd=130&Type=search", "url2": "http://www.kyoto.jcho.go.jp/" }, "geometry": { "type": "Point", "coordinates": [ 135.758782200000041, 35.0395782 ] } },
{ "type": "Feature", "properties": { "内容": "訪問看護ステ－ションおとく【訪問看護】京都府京都市北区小山南上総町7", "url": "https://www.kaigokensaku.mhlw.go.jp/26/index.php?action_kouhyou_detail_004_kani=true&JigyosyoCd=2660190113-00&ServiceCd=130&Type=search", "url2": "http://www.paincon2004.join-us.jp/index.htm" }, "geometry": { "type": "Point", "coordinates": [ 135.757726700000035, 35.0404781 ] } },
{ "type": "Feature", "properties": { "内容": "訪問看護ステーションふぉーすまいる【訪問看護】京都府京都市北区大北山原谷乾町36番地14パレ大北山101号", "url": "https://www.kaigokensaku.mhlw.go.jp/26/index.php?action_kouhyou_detail_004_kani=true&JigyosyoCd=2660190303-00&ServiceCd=130&Type=search", "url2": "https://www.foursmilekyoto.com/" }, "geometry": { "type": "Point", "coordinates": [ 135.719954, 35.0480479 ] } },
{ "type": "Feature", "properties": { "内容": "訪問看護ステーションともあ【訪問看護】京都府京都市北区北野東紅梅町6番地１", "url": "https://www.kaigokensaku.mhlw.go.jp/26/index.php?action_kouhyou_detail_004_kani=true&JigyosyoCd=2660190337-00&ServiceCd=130&Type=search", "url2": null }, "geometry": { "type": "Point", "coordinates": [ 135.7320757, 35.0292756 ] } },
{ "type": "Feature", "properties": { "内容": "訪問看護ステーションはくあい【訪問看護】京都市北区上賀茂ケシ山１番地", "url": "https://www.kaigokensaku.mhlw.go.jp/26/index.php?action_kouhyou_detail_004_kani=true&JigyosyoCd=2660190048-00&ServiceCd=130&Type=search", "url2": "http://www.kyoto-hakuaikai.or.jp/hakuai_nursing/" }, "geometry": { "type": "Point", "coordinates": [ 135.77214429472042, 35.060493037803354 ] } },
{ "type": "Feature", "properties": { "内容": "訪問看護ファミリー・ホスピス京都北山【訪問看護】京都府京都市北区上賀茂石計町74－1ファミリー・ホスピス京都北山ハウス", "url": "https://www.kaigokensaku.mhlw.go.jp/26/index.php?action_kouhyou_detail_004_kani=true&JigyosyoCd=2660190196-00&ServiceCd=130&Type=search", "url2": "http://family-hospice.com/kyoutokitayama/" }, "geometry": { "type": "Point", "coordinates": [ 135.763117519049104, 35.053957518067605 ] } },
{ "type": "Feature", "properties": { "内容": "医療法人社団行陵会　訪問看護ステーション平野【訪問看護】京都市北区小松原南町10番地", "url": "https://www.kaigokensaku.mhlw.go.jp/26/index.php?action_kouhyou_detail_004_kani=true&JigyosyoCd=2660290053-00&ServiceCd=130&Type=search", "url2": "http://www.kyotoohara.jp/" }, "geometry": { "type": "Point", "coordinates": [ 135.729396100000031, 35.0299978 ] } },
{ "type": "Feature", "properties": { "内容": "医療法人葵会総合ケアステーション【訪問看護】京都市北区紫竹西南町65-34たいほう", "url": "https://www.kaigokensaku.mhlw.go.jp/26/index.php?action_kouhyou_detail_004_kani=true&JigyosyoCd=2660190022-00&ServiceCd=130&Type=search", "url2": "http://aoikai.net/" }, "geometry": { "type": "Point", "coordinates": [ 135.745927549321351, 35.046620470929341 ] } },
{ "type": "Feature", "properties": { "内容": "訪問看護ステーション　春うらら【訪問看護】京都市北区西賀茂大道口町32", "url": "https://www.kaigokensaku.mhlw.go.jp/26/index.php?action_kouhyou_detail_004_kani=true&JigyosyoCd=2660190063-00&ServiceCd=130&Type=search", "url2": null }, "geometry": { "type": "Point", "coordinates": [ 135.7443862, 35.0615282 ] } },
{ "type": "Feature", "properties": { "内容": "訪問看護ステーション　にしがも【訪問看護】大宮南田尻町59番地医療福祉複合施設　にしがも　３階", "url": "https://www.kaigokensaku.mhlw.go.jp/26/index.php?action_kouhyou_detail_004_kani=true&JigyosyoCd=2660190071-00&ServiceCd=130&Type=search", "url2": "https://www.miyakokai-kyoto.com/nisigamo-houmonkango" }, "geometry": { "type": "Point", "coordinates": [ 135.749588499999959, 35.0571732 ] } },
{ "type": "Feature", "properties": { "内容": "訪問看護ステーション　ワトレイきた【訪問看護】京都府京都市北区紫野泉堂町23-4", "url": "https://www.kaigokensaku.mhlw.go.jp/26/index.php?action_kouhyou_detail_004_kani=true&JigyosyoCd=2660190162-00&ServiceCd=130&Type=search", "url2": "http://www.watorei.jp" }, "geometry": { "type": "Point", "coordinates": [ 135.741114399999987, 35.0484994 ] } },
{ "type": "Feature", "properties": { "内容": "カノンきたやま　訪問看護ステーション【訪問看護】京都府京都市北区上賀茂松本町96-1", "url": "https://www.kaigokensaku.mhlw.go.jp/26/index.php?action_kouhyou_detail_004_kani=true&JigyosyoCd=2660190261-00&ServiceCd=130&Type=search", "url2": null }, "geometry": { "type": "Point", "coordinates": [ 135.7669361, 35.053487400000023 ] } },
{ "type": "Feature", "properties": { "内容": "訪問看護ステーション恵【訪問看護】京都市北区紫竹西栗栖町38-2パーパス紫竹1階", "url": "https://www.kaigokensaku.mhlw.go.jp/26/index.php?action_kouhyou_detail_004_kani=true&JigyosyoCd=2660190360-00&ServiceCd=130&Type=search", "url2": null }, "geometry": { "type": "Point", "coordinates": [ 135.7412625, 35.051135 ] } },
{ "type": "Feature", "properties": { "内容": "医療法人　正木医院【訪問看護】京都市上京区今小路通御前西入紙屋川町826番地", "url": "https://www.kaigokensaku.mhlw.go.jp/26/index.php?action_kouhyou_detail_004_kani=true&JigyosyoCd=2610203941-00&ServiceCd=130&Type=search", "url2": "https://masaki-iin.com/" }, "geometry": { "type": "Point", "coordinates": [ 135.735241070114171, 35.027945492862244 ] } },
{ "type": "Feature", "properties": { "内容": "訪問看護ステーション太陽【訪問看護】京都市上京区寺今町５０６番地１", "url": "https://www.kaigokensaku.mhlw.go.jp/26/index.php?action_kouhyou_detail_004_kani=true&JigyosyoCd=2660290129-00&ServiceCd=130&Type=search", "url2": "https://houmonkangotaiyou.hp.peraichi.com/houmonkangotaiyou" }, "geometry": { "type": "Point", "coordinates": [ 135.750156163129901, 35.02925535324453 ] } },
{ "type": "Feature", "properties": { "内容": "訪問看護ステーション　ロートス【訪問看護】京都府京都市上京区浄福寺通り下長者町下る白銀町２５９番地パレスナタリ１０１", "url": "https://www.kaigokensaku.mhlw.go.jp/26/index.php?action_kouhyou_detail_004_kani=true&JigyosyoCd=2660290178-00&ServiceCd=130&Type=search", "url2": null }, "geometry": { "type": "Point", "coordinates": [ 135.744814551498393, 35.021789964344059 ] } },
{ "type": "Feature", "properties": { "内容": "ケア２１メディカル訪問看護・リハビリステーションぴ～す上京【訪問看護】京都府京都市上京区堀川通上立売西入芝薬師町622グレースコート堀川405号室", "url": "https://www.kaigokensaku.mhlw.go.jp/26/index.php?action_kouhyou_detail_004_kani=true&JigyosyoCd=2660290186-00&ServiceCd=130&Type=search", "url2": null }, "geometry": { "type": "Point", "coordinates": [ 135.751354, 35.032235 ] } },
{ "type": "Feature", "properties": { "内容": "訪問看護ステーションまる【訪問看護】京都市上京区千本五辻上ル牡丹鉾町５４７", "url": "https://www.kaigokensaku.mhlw.go.jp/26/index.php?action_kouhyou_detail_004_kani=true&JigyosyoCd=2660290160-00&ServiceCd=130&Type=search", "url2": "http://www.nagahara.or.jp" }, "geometry": { "type": "Point", "coordinates": [ 135.742035782958965, 35.032073572832822 ] } },
{ "type": "Feature", "properties": { "内容": "アドナース上京訪問看護【訪問看護】京都市上京区春帯町３４８番地1", "url": "https://www.kaigokensaku.mhlw.go.jp/26/index.php?action_kouhyou_detail_004_kani=true&JigyosyoCd=2660490257-00&ServiceCd=130&Type=search", "url2": "https://adnurse.co.jp" }, "geometry": { "type": "Point", "coordinates": [ 135.7566736, 35.0183207 ] } },
{ "type": "Feature", "properties": { "内容": "社会福祉法人京都社会事業財団　訪問看護ステーション「西陣」【訪問看護】京都市上京区五辻七本松西入上ル老松町103-57", "url": "https://www.kaigokensaku.mhlw.go.jp/26/index.php?action_kouhyou_detail_004_kani=true&JigyosyoCd=2660290038-00&ServiceCd=130&Type=search", "url2": "http://www.st＠nishijinhp.com" }, "geometry": { "type": "Point", "coordinates": [ 135.747505499999988, 35.031101 ] } },
{ "type": "Feature", "properties": { "内容": "医療法人岡嶋内科医院【訪問看護】京都府京都市上京区千本通下立売下ル小山町903-6", "url": "https://www.kaigokensaku.mhlw.go.jp/26/index.php?action_kouhyou_detail_004_kani=true&JigyosyoCd=2610203883-00&ServiceCd=130&Type=search", "url2": "https://okajimanaika.org" }, "geometry": { "type": "Point", "coordinates": [ 135.742425799999978, 35.019793600000021 ] } },
{ "type": "Feature", "properties": { "内容": "社会医療法人　西陣健康会　ほりかわ訪問看護ステーション【訪問看護】京都府京都市上京区堀川通今出川上る北舟橋町865", "url": "https://www.kaigokensaku.mhlw.go.jp/26/index.php?action_kouhyou_detail_004_kani=true&JigyosyoCd=2660290020-00&ServiceCd=130&Type=search", "url2": "http://www.horikawa-hp.or.jp/home/homecare.html" }, "geometry": { "type": "Point", "coordinates": [ 135.752387370837226, 35.030470899058905 ] } },
{ "type": "Feature", "properties": { "内容": "訪問看護ステーション瑞氣【訪問看護】京都市上京区大宮通鞍馬口上ル若宮竪町１０３", "url": "https://www.kaigokensaku.mhlw.go.jp/26/index.php?action_kouhyou_detail_004_kani=true&JigyosyoCd=2660190204-00&ServiceCd=130&Type=search", "url2": "https://www.takumi-corporation.jp" }, "geometry": { "type": "Point", "coordinates": [ 135.7441586, 35.0700963 ] } },
{ "type": "Feature", "properties": { "内容": "訪問看護ステーションかがやき【訪問看護】京都府京都市上京区寺町通荒神口上る宮垣町７６番地１", "url": "https://www.kaigokensaku.mhlw.go.jp/26/index.php?action_kouhyou_detail_004_kani=true&JigyosyoCd=2660290194-00&ServiceCd=130&Type=search", "url2": "https://kagayaki-staygoldkyoto.amebaownd.com" }, "geometry": { "type": "Point", "coordinates": [ 135.768602680673212, 35.021822489934159 ] } },
{ "type": "Feature", "properties": { "内容": "訪問看護ステーションそうま【訪問看護】京都府京都市上京区御前通今小路下ル南馬喰町911", "url": "https://www.kaigokensaku.mhlw.go.jp/26/index.php?action_kouhyou_detail_004_kani=true&JigyosyoCd=2660290079-00&ServiceCd=130&Type=search", "url2": "https://www.sohma-hp.or.jp/" }, "geometry": { "type": "Point", "coordinates": [ 135.737245, 35.0277493 ] } },
{ "type": "Feature", "properties": { "内容": "公益社団法人京都保健会総合ケアステーションわかば【訪問看護】京都市上京区千本通上立売上ル作庵町506上京南館3階", "url": "https://www.kaigokensaku.mhlw.go.jp/26/index.php?action_kouhyou_detail_004_kani=true&JigyosyoCd=2660290046-00&ServiceCd=130&Type=search", "url2": "http://www.kyoto-hokenkai.or.jp/" }, "geometry": { "type": "Point", "coordinates": [ 135.742272645446747, 35.032812452298622 ] } },
{ "type": "Feature", "properties": { "内容": "株式会社　和【訪問看護】京都府京都市上京区牡丹鉾町571番地", "url": "https://www.kaigokensaku.mhlw.go.jp/26/index.php?action_kouhyou_detail_004_kani=true&JigyosyoCd=2660290095-00&ServiceCd=130&Type=search", "url2": "www.nagomi-nursing.com/" }, "geometry": { "type": "Point", "coordinates": [ 135.742271, 35.0314085 ] } },
{ "type": "Feature", "properties": { "内容": "結ノ歩訪問看護ステーション【訪問看護】京都府京都市上京区蘆山寺通大宮西入中社町３４６番地４ハイツ西陣中央２号室", "url": "https://www.kaigokensaku.mhlw.go.jp/26/index.php?action_kouhyou_detail_004_kani=true&JigyosyoCd=2660290103-00&ServiceCd=130&Type=search", "url2": "https://www.musubinoayumi.com/" }, "geometry": { "type": "Point", "coordinates": [ 135.747379350926195, 35.035020270706845 ] } },
{ "type": "Feature", "properties": { "内容": "えん訪問看護ステーション京都上京【訪問看護】主税町1220番地1", "url": "https://www.kaigokensaku.mhlw.go.jp/26/index.php?action_kouhyou_detail_004_kani=true&JigyosyoCd=2660290236-00&ServiceCd=130&Type=search", "url2": "https://en-houkan.com/" }, "geometry": { "type": "Point", "coordinates": [ 135.7467024, 35.0169279 ] } },
{ "type": "Feature", "properties": { "内容": "訪問看護ステーションＨＡＲＵ上京【訪問看護】京都府京都市上京区西洞院通中立売下る菊屋町254-4", "url": "https://www.kaigokensaku.mhlw.go.jp/26/index.php?action_kouhyou_detail_004_kani=true&JigyosyoCd=2660290244-00&ServiceCd=130&Type=search", "url2": "https://hg-cc-haru.net/" }, "geometry": { "type": "Point", "coordinates": [ 135.7551434, 35.0239303 ] } },
{ "type": "Feature", "properties": { "内容": "訪問看護ステーションひそか【訪問看護】京都府京都市上京区中猪熊町312-2", "url": "https://www.kaigokensaku.mhlw.go.jp/26/index.php?action_kouhyou_detail_004_kani=true&JigyosyoCd=2660290202-00&ServiceCd=130&Type=search", "url2": null }, "geometry": { "type": "Point", "coordinates": [ 135.745573546032716, 35.033794622625919 ] } },
{ "type": "Feature", "properties": { "内容": "訪問看護ステーション　もりのね【訪問看護】京都府京都市上京区三番町257番地5", "url": "https://www.kaigokensaku.mhlw.go.jp/26/index.php?action_kouhyou_detail_004_kani=true&JigyosyoCd=2660290251-00&ServiceCd=130&Type=search", "url2": "https://www.monenomori.com" }, "geometry": { "type": "Point", "coordinates": [ 135.739227, 35.0233243 ] } },
{ "type": "Feature", "properties": { "内容": "医療法人社団神野医院　くまのクリニック【訪問看護】京都市左京区聖護院川原町33番地3神野ビル", "url": "https://www.kaigokensaku.mhlw.go.jp/26/index.php?action_kouhyou_detail_004_kani=true&JigyosyoCd=2610607331-00&ServiceCd=130&Type=search", "url2": "https://www.jinno-mg.or.jp/kumano_cl.php" }, "geometry": { "type": "Point", "coordinates": [ 135.777650699999981, 35.018383 ] } },
{ "type": "Feature", "properties": { "内容": "カノンしもがも訪問看護ステーション【訪問看護】京都府京都市左京区下鴨泉川町36-21", "url": "https://www.kaigokensaku.mhlw.go.jp/26/index.php?action_kouhyou_detail_004_kani=true&JigyosyoCd=2660690187-00&ServiceCd=130&Type=search", "url2": "https://www.amitacanon.com/" }, "geometry": { "type": "Point", "coordinates": [ 135.775489500000049, 35.0377812 ] } },
{ "type": "Feature", "properties": { "内容": "訪問看護ステーション　ゆりかもめ【訪問看護】京都市左京区下鴨狗子田町5-5", "url": "https://www.kaigokensaku.mhlw.go.jp/26/index.php?action_kouhyou_detail_004_kani=true&JigyosyoCd=2660690104-00&ServiceCd=130&Type=search", "url2": "http://www.paincon2004.join-us.jp" }, "geometry": { "type": "Point", "coordinates": [ 135.769295300000067, 35.0511546 ] } },
{ "type": "Feature", "properties": { "内容": "訪問看護ステーションポシブルしも鴨【訪問看護】京都府京都市左京区下鴨芝本町24グリーンウッド下鴨102", "url": "https://www.kaigokensaku.mhlw.go.jp/26/index.php?action_kouhyou_detail_004_kani=true&JigyosyoCd=2660690229-00&ServiceCd=130&Type=search", "url2": "https://www.possible-plus.co.jp" }, "geometry": { "type": "Point", "coordinates": [ 135.768295500000022, 35.0429861 ] } },
{ "type": "Feature", "properties": { "内容": "訪問看護ステーション　かんご屋【訪問看護】京都府京都市左京区上高野山ノ橋町13-1", "url": "https://www.kaigokensaku.mhlw.go.jp/26/index.php?action_kouhyou_detail_004_kani=true&JigyosyoCd=2660690146-00&ServiceCd=130&Type=search", "url2": null }, "geometry": { "type": "Point", "coordinates": [ 135.791682199999968, 35.0602563 ] } },
{ "type": "Feature", "properties": { "内容": "訪問看護ステーションわおん京都北白川【訪問看護】京都府京都市左京区一乗寺出口町1シラカワビル4階-B", "url": "https://www.kaigokensaku.mhlw.go.jp/26/index.php?action_kouhyou_detail_004_kani=true&JigyosyoCd=2660690302-00&ServiceCd=130&Type=search", "url2": null }, "geometry": { "type": "Point", "coordinates": [ 135.7919956, 35.0426882 ] } },
{ "type": "Feature", "properties": { "内容": "医療法人社団行陵会　訪問看護ステーション宝ヶ池【訪問看護】京都市左京区上高野隣好町10", "url": "https://www.kaigokensaku.mhlw.go.jp/26/index.php?action_kouhyou_detail_004_kani=true&JigyosyoCd=2660690039-00&ServiceCd=130&Type=search", "url2": "http://www.kouryokai.jp/" }, "geometry": { "type": "Point", "coordinates": [ 135.795156799999972, 35.0623643 ] } },
{ "type": "Feature", "properties": { "内容": "洛和会訪問看護ステーション下鴨【訪問看護】下鴨蓼倉町1番地1", "url": "https://www.kaigokensaku.mhlw.go.jp/26/index.php?action_kouhyou_detail_004_kani=true&JigyosyoCd=2660690252-00&ServiceCd=130&Type=search", "url2": "http://www.rakuwa.or.jp/" }, "geometry": { "type": "Point", "coordinates": [ 135.772460138283918, 35.041603358574683 ] } },
{ "type": "Feature", "properties": { "内容": "医療法人社団行陵会　訪問看護ステーションたかの【訪問看護】京都市左京区一乗寺地蔵本町44-1ベルロード高野　　102号", "url": "https://www.kaigokensaku.mhlw.go.jp/26/index.php?action_kouhyou_detail_004_kani=true&JigyosyoCd=2660690013-00&ServiceCd=130&Type=search", "url2": "http://www.kouryoukai.jp" }, "geometry": { "type": "Point", "coordinates": [ 135.784697514958197, 35.040745181391998 ] } },
{ "type": "Feature", "properties": { "内容": "公益社団法人信和会訪問看護ステーションたんぽぽ【訪問看護】京都市左京区田中飛鳥井町45", "url": "https://www.kaigokensaku.mhlw.go.jp/26/index.php?action_kouhyou_detail_004_kani=true&JigyosyoCd=2660690021-00&ServiceCd=130&Type=search", "url2": "https://www.shinwakai-min.com/kyoto2hp/link/tanpopo.html" }, "geometry": { "type": "Point", "coordinates": [ 135.780318590165507, 35.031389440060359 ] } },
{ "type": "Feature", "properties": { "内容": "バプテスト訪問看護ステーションしおん【訪問看護】京都府京都市左京区北白川山ノ元町47番地", "url": "https://www.kaigokensaku.mhlw.go.jp/26/index.php?action_kouhyou_detail_004_kani=true&JigyosyoCd=2660690195-00&ServiceCd=130&Type=search", "url2": "http://www.jbh.or.jp/" }, "geometry": { "type": "Point", "coordinates": [ 135.795953304354981, 35.034053759890114 ] } },
{ "type": "Feature", "properties": { "内容": "訪問看護ステーション　えいむ【訪問看護】京都市左京区聖護院蓮華蔵町29", "url": "https://www.kaigokensaku.mhlw.go.jp/26/index.php?action_kouhyou_detail_004_kani=true&JigyosyoCd=2660690138-00&ServiceCd=130&Type=search", "url2": null }, "geometry": { "type": "Point", "coordinates": [ 135.776778396295185, 35.014090007570459 ] } },
{ "type": "Feature", "properties": { "内容": "訪問看護ステーションひのき【訪問看護】京都府京都市左京区岡崎入江町18番地4", "url": "https://www.kaigokensaku.mhlw.go.jp/26/index.php?action_kouhyou_detail_004_kani=true&JigyosyoCd=2660690179-00&ServiceCd=130&Type=search", "url2": "http://kyoto-hinoki.com" }, "geometry": { "type": "Point", "coordinates": [ 135.783280248462091, 35.018436911029312 ] } },
{ "type": "Feature", "properties": { "内容": "ナーシングケアカノンしもがも【訪問看護】京都府京都市左京区下鴨松ノ木町64-50", "url": "https://www.kaigokensaku.mhlw.go.jp/26/index.php?action_kouhyou_detail_004_kani=true&JigyosyoCd=2660690211-00&ServiceCd=130&Type=search", "url2": "https://www.amitacanon.com/" }, "geometry": { "type": "Point", "coordinates": [ 135.771342499999946, 35.0401253 ] } },
{ "type": "Feature", "properties": { "内容": "おりづる訪問看護ステーション【訪問看護】京都府京都市左京区松ヶ崎御所ノ内町12-9", "url": "https://www.kaigokensaku.mhlw.go.jp/26/index.php?action_kouhyou_detail_004_kani=true&JigyosyoCd=2660690310-00&ServiceCd=130&Type=search", "url2": "https://houkan-oriduru.jp/" }, "geometry": { "type": "Point", "coordinates": [ 135.7837972, 35.0530026 ] } },
{ "type": "Feature", "properties": { "内容": "みる訪問看護リハビリステーション【訪問看護】京都市左京区北白川山ノ元町７ラヴィエール北白川101号室", "url": "https://www.kaigokensaku.mhlw.go.jp/26/index.php?action_kouhyou_detail_004_kani=true&JigyosyoCd=2664190374-00&ServiceCd=130&Type=search", "url2": "https://miru-houkan.com/" }, "geometry": { "type": "Point", "coordinates": [ 135.793871976706754, 35.032973199726122 ] } },
{ "type": "Feature", "properties": { "内容": "株式会社ナース・ステーション関西支店【訪問看護】押油小路町233京都スクエア7-A", "url": "https://www.kaigokensaku.mhlw.go.jp/26/index.php?action_kouhyou_detail_004_kani=true&JigyosyoCd=2660390283-00&ServiceCd=130&Type=search", "url2": null }, "geometry": { "type": "Point", "coordinates": [ 135.75358079999998, 35.01127409999998 ] } },
{ "type": "Feature", "properties": { "内容": "訪問看護ステーション　とわ【訪問看護】京都府京都市中京区西ノ京北小路町１７番地２", "url": "https://www.kaigokensaku.mhlw.go.jp/26/index.php?action_kouhyou_detail_004_kani=true&JigyosyoCd=2660390119-00&ServiceCd=130&Type=search", "url2": "towa-st@arion.ocn.ne.jp" }, "geometry": { "type": "Point", "coordinates": [ 135.733799099999942, 35.0092165 ] } },
{ "type": "Feature", "properties": { "内容": "医療法人知音会京都新町訪問看護ステーション【訪問看護】六角通新町西入西六角町109", "url": "https://www.kaigokensaku.mhlw.go.jp/26/index.php?action_kouhyou_detail_004_kani=true&JigyosyoCd=2660390366-00&ServiceCd=130&Type=search", "url2": "https://www.kyoto-shinmachi-hp.jp/" }, "geometry": { "type": "Point", "coordinates": [ 135.7561398, 35.0068384 ] } },
{ "type": "Feature", "properties": { "内容": "ほうもんかんごぴあすてーしょん【訪問看護】京都府京都市中京区西ノ京勧学院町27-17", "url": "https://www.kaigokensaku.mhlw.go.jp/26/index.php?action_kouhyou_detail_004_kani=true&JigyosyoCd=2660390341-00&ServiceCd=130&Type=search", "url2": "https//allofinnovation.com" }, "geometry": { "type": "Point", "coordinates": [ 135.744216200000011, 35.0102658 ] } },
{ "type": "Feature", "properties": { "内容": "医療法人みのり会　ゆうりん訪問看護ステーション【訪問看護】京都府京都市中京区少将井町245-1藤和シティスクエア烏丸丸太町1001号室", "url": "https://www.kaigokensaku.mhlw.go.jp/26/index.php?action_kouhyou_detail_004_kani=true&JigyosyoCd=2660390317-00&ServiceCd=130&Type=search", "url2": null }, "geometry": { "type": "Point", "coordinates": [ 135.759272900000013, 35.015163 ] } },
{ "type": "Feature", "properties": { "内容": "訪問看護ステーションHARU【訪問看護】京都市中京区壬生相合町18-9ウィズ高辻通1階", "url": "https://www.kaigokensaku.mhlw.go.jp/26/index.php?action_kouhyou_detail_004_kani=true&JigyosyoCd=2660490208-00&ServiceCd=130&Type=search", "url2": "https://hg-cc.haru.jp" }, "geometry": { "type": "Point", "coordinates": [ 135.745766551451112, 35.000286545938685 ] } },
{ "type": "Feature", "properties": { "内容": "アクア京都訪問看護【訪問看護】京都府京都市中京区聚楽廻東町6-1", "url": "https://www.kaigokensaku.mhlw.go.jp/26/index.php?action_kouhyou_detail_004_kani=true&JigyosyoCd=2660390309-00&ServiceCd=130&Type=search", "url2": null }, "geometry": { "type": "Point", "coordinates": [ 135.7424138, 35.0179115 ] } },
{ "type": "Feature", "properties": { "内容": "訪問看護ステーション　オハナ【訪問看護】京都府京都市中京区西ノ京右馬寮町1番地23", "url": "https://www.kaigokensaku.mhlw.go.jp/26/index.php?action_kouhyou_detail_004_kani=true&JigyosyoCd=2660390358-00&ServiceCd=130&Type=search", "url2": "ohana.1026.n@gmail.com" }, "geometry": { "type": "Point", "coordinates": [ 135.737642580985636, 35.015828902819685 ] } },
{ "type": "Feature", "properties": { "内容": "訪問看護ステーションうらら【訪問看護】京都府京都市中京区西ノ京馬代町6-9ウエストハウス101号", "url": "https://www.kaigokensaku.mhlw.go.jp/26/index.php?action_kouhyou_detail_004_kani=true&JigyosyoCd=2660390382-00&ServiceCd=130&Type=search", "url2": null }, "geometry": { "type": "Point", "coordinates": [ 135.725886300000013, 35.0208869 ] } },
{ "type": "Feature", "properties": { "内容": "訪問看護ステーション京さくら【訪問看護】京都市釜座町三条上る釜座町２１－２", "url": "https://www.kaigokensaku.mhlw.go.jp/26/index.php?action_kouhyou_detail_004_kani=true&JigyosyoCd=2660390085-00&ServiceCd=130&Type=search", "url2": "http://www.kyousakura.com" }, "geometry": { "type": "Point", "coordinates": [ 135.756026420901463, 35.008790308949344 ] } },
{ "type": "Feature", "properties": { "内容": "くつろぎ訪問看護ステーション【訪問看護】西ノ京原町55-2グランドプラス西大路御池101", "url": "https://www.kaigokensaku.mhlw.go.jp/26/index.php?action_kouhyou_detail_004_kani=true&JigyosyoCd=2660390093-00&ServiceCd=130&Type=search", "url2": "http://www.izumo-kuturogi.com/" }, "geometry": { "type": "Point", "coordinates": [ 135.733269168925148, 35.011803576241057 ] } },
{ "type": "Feature", "properties": { "内容": "訪問看護ステーション　すばる【訪問看護】西ノ京小堀池町4-2ルネ・ニッセイコーポラス301", "url": "https://www.kaigokensaku.mhlw.go.jp/26/index.php?action_kouhyou_detail_004_kani=true&JigyosyoCd=2660390101-00&ServiceCd=130&Type=search", "url2": null }, "geometry": { "type": "Point", "coordinates": [ 135.72631350000006, 35.0157129 ] } },
{ "type": "Feature", "properties": { "内容": "訪問看護ステーション響【訪問看護】壬生天池町40MNS天ヶ池100", "url": "https://www.kaigokensaku.mhlw.go.jp/26/index.php?action_kouhyou_detail_004_kani=true&JigyosyoCd=2660390192-00&ServiceCd=130&Type=search", "url2": "https://www.hibiki-care.net/" }, "geometry": { "type": "Point", "coordinates": [ 135.7397784, 35.0079597 ] } },
{ "type": "Feature", "properties": { "内容": "訪問看護ステーションデューン二条【訪問看護】京都府京都市中京区西ノ京南聖町7-17南聖町テナント1階", "url": "https://www.kaigokensaku.mhlw.go.jp/26/index.php?action_kouhyou_detail_004_kani=true&JigyosyoCd=2660390150-00&ServiceCd=130&Type=search", "url2": "https://www.nfield.co.jp" }, "geometry": { "type": "Point", "coordinates": [ 135.743951399999986, 35.009813 ] } },
{ "type": "Feature", "properties": { "内容": "医療法人　七生会　辻医院　訪問看護【訪問看護】京都府京都市中京区東洞院錦小路下る坂東屋町657-4", "url": "https://www.kaigokensaku.mhlw.go.jp/26/index.php?action_kouhyou_detail_004_kani=true&JigyosyoCd=2610309045-00&ServiceCd=130&Type=search", "url2": "http://nakagyozaitaku.com" }, "geometry": { "type": "Point", "coordinates": [ 135.75817, 34.9969753 ] } },
{ "type": "Feature", "properties": { "内容": "ねこのて訪問看護ステーション【訪問看護】京都府京都市中京区御幸町通竹屋町上る毘沙門町557-2ACT-Kﾋﾞﾙ2階", "url": "https://www.kaigokensaku.mhlw.go.jp/26/index.php?action_kouhyou_detail_004_kani=true&JigyosyoCd=2660390291-00&ServiceCd=130&Type=search", "url2": null }, "geometry": { "type": "Point", "coordinates": [ 135.766660400000035, 35.01719880000001 ] } },
{ "type": "Feature", "properties": { "内容": "訪問看護ステーションやまと【訪問看護】京都府京都市中京区三条通高倉東入枡屋町59番地1フェリーチェおかむら401号室", "url": "https://www.kaigokensaku.mhlw.go.jp/26/index.php?action_kouhyou_detail_004_kani=true&JigyosyoCd=2660390325-00&ServiceCd=130&Type=search", "url2": "https://www.chuo-h.jp" }, "geometry": { "type": "Point", "coordinates": [ 135.751654300000013, 35.0217689 ] } },
{ "type": "Feature", "properties": { "内容": "リニエ訪問看護ステーション二条【訪問看護】京都府京都市中京区西ノ京池ノ内町19-11御池ＫＳビル2階202号室", "url": "https://www.kaigokensaku.mhlw.go.jp/26/index.php?action_kouhyou_detail_004_kani=true&JigyosyoCd=2660390135-00&ServiceCd=130&Type=search", "url2": "https://linie-group.jp/office/houmonkango-nijo/" }, "geometry": { "type": "Point", "coordinates": [ 135.745744494288601, 35.01088562074122 ] } },
{ "type": "Feature", "properties": { "内容": "訪問看護ステーションあっぷる【訪問看護】京都府京都市中京区少将井町245-1藤和シティスクエア烏丸丸太町803", "url": "https://www.kaigokensaku.mhlw.go.jp/26/index.php?action_kouhyou_detail_004_kani=true&JigyosyoCd=2660390200-00&ServiceCd=130&Type=search", "url2": "https://kyokomachi-apple.wixsite.com/mysite" }, "geometry": { "type": "Point", "coordinates": [ 135.759272900000013, 35.015163 ] } },
{ "type": "Feature", "properties": { "内容": "合同会社フレミル訪問看護ステーションふれみる【訪問看護】壬生辻町53千高ビル102", "url": "https://www.kaigokensaku.mhlw.go.jp/26/index.php?action_kouhyou_detail_004_kani=true&JigyosyoCd=2660390275-00&ServiceCd=130&Type=search", "url2": null }, "geometry": { "type": "Point", "coordinates": [ 135.7428042, 35.0004466 ] } },
{ "type": "Feature", "properties": { "内容": "訪問看護ステーションなぎ【訪問看護】京都府京都市中京区西ノ京池ノ内町24－16", "url": "https://www.kaigokensaku.mhlw.go.jp/26/index.php?action_kouhyou_detail_004_kani=true&JigyosyoCd=2660390333-00&ServiceCd=130&Type=search", "url2": null }, "geometry": { "type": "Point", "coordinates": [ 135.745118, 35.0101889 ] } },
{ "type": "Feature", "properties": { "内容": "ユニカン訪問看護ステーション【訪問看護】京都府京都市中京区西ノ京西月光町４２番地１", "url": "https://www.kaigokensaku.mhlw.go.jp/26/index.php?action_kouhyou_detail_004_kani=true&JigyosyoCd=2660390390-00&ServiceCd=130&Type=search", "url2": "https://unican.jp/" }, "geometry": { "type": "Point", "coordinates": [ 135.736199558077629, 35.009751105642628 ] } },
{ "type": "Feature", "properties": { "内容": "柳馬場訪問看護ステーション【訪問看護】京都市中京区柳馬場通六角下ル井筒屋町407番地シティーハウス407　1階", "url": "https://www.kaigokensaku.mhlw.go.jp/26/index.php?action_kouhyou_detail_004_kani=true&JigyosyoCd=2660390028-00&ServiceCd=130&Type=search", "url2": "http://www.takedahp.or.jp/" }, "geometry": { "type": "Point", "coordinates": [ 135.763825399999973, 35.0069624 ] } },
{ "type": "Feature", "properties": { "内容": "はぴねすさぽーと訪問看護ステーション【訪問看護】京都府京都市中京区阪東屋町658都証券ビル3階", "url": "https://www.kaigokensaku.mhlw.go.jp/26/index.php?action_kouhyou_detail_004_kani=true&JigyosyoCd=2664090145-00&ServiceCd=130&Type=search", "url2": "http://www.regalore.net/" }, "geometry": { "type": "Point", "coordinates": [ 135.760955138031079, 35.004692569957044 ] } },
{ "type": "Feature", "properties": { "内容": "洛和会訪問看護ステーション壬生【訪問看護】京都市中京区壬生東大竹町44-1", "url": "https://www.kaigokensaku.mhlw.go.jp/26/index.php?action_kouhyou_detail_004_kani=true&JigyosyoCd=2660390127-00&ServiceCd=130&Type=search", "url2": null }, "geometry": { "type": "Point", "coordinates": [ 135.735340809227409, 35.005548643136571 ] } },
{ "type": "Feature", "properties": { "内容": "COCORO訪問看護リハビリステーション【訪問看護】京都市東山区山崎町３７５シティアーク東山３０１", "url": "https://www.kaigokensaku.mhlw.go.jp/26/index.php?action_kouhyou_detail_004_kani=true&JigyosyoCd=2660590213-00&ServiceCd=130&Type=search", "url2": "https://cocoro-houkan.jp" }, "geometry": { "type": "Point", "coordinates": [ 135.771665399999989, 34.9960648 ] } },
{ "type": "Feature", "properties": { "内容": "公益社団法人信和会　訪問看護ステーションどんぐり【訪問看護】京都市東山区泉涌寺門前町26-4音羽屋ビル1階", "url": "https://www.kaigokensaku.mhlw.go.jp/26/index.php?action_kouhyou_detail_004_kani=true&JigyosyoCd=2660890035-00&ServiceCd=130&Type=search", "url2": "https://shinwakai-min.com/higashiyama/?page_id=2193" }, "geometry": { "type": "Point", "coordinates": [ 135.773655976863182, 34.98296156648388 ] } },
{ "type": "Feature", "properties": { "内容": "結ノ歩訪問看護ステーション東山【訪問看護】京都市東山区福稲高原町18-1", "url": "https://www.kaigokensaku.mhlw.go.jp/26/index.php?action_kouhyou_detail_004_kani=true&JigyosyoCd=2660890100-00&ServiceCd=130&Type=search", "url2": "https://musubinoayumi-higashiyama.com" }, "geometry": { "type": "Point", "coordinates": [ 135.7674542, 34.9742802 ] } },
{ "type": "Feature", "properties": { "内容": "医療法人新生十全会　訪問看護ステーション　ほほえみ【訪問看護】京都府京都市東山区渋谷通東大路東入二丁目下馬町490番地ﾏﾝｼｮﾝＥＬＬＡ　1階", "url": "https://www.kaigokensaku.mhlw.go.jp/26/index.php?action_kouhyou_detail_004_kani=true&JigyosyoCd=2660890076-00&ServiceCd=130&Type=search", "url2": "http://www.juzenkai.or.jp" }, "geometry": { "type": "Point", "coordinates": [ 135.7768843, 34.9919106 ] } },
{ "type": "Feature", "properties": { "内容": "株式会社　訪問看護ステーションかけはし【訪問看護】京都市東山区毘沙門町37-6", "url": "https://www.kaigokensaku.mhlw.go.jp/26/index.php?action_kouhyou_detail_004_kani=true&JigyosyoCd=2660890050-00&ServiceCd=130&Type=search", "url2": null }, "geometry": { "type": "Point", "coordinates": [ 135.777573100000041, 35.0000291 ] } },
{ "type": "Feature", "properties": { "内容": "訪問看護ステ－ションかんのん【訪問看護】京都市東山区渋谷通本町東入三丁目上新シ町382-3IN東山103号室", "url": "https://www.kaigokensaku.mhlw.go.jp/26/index.php?action_kouhyou_detail_004_kani=true&JigyosyoCd=2660890068-00&ServiceCd=130&Type=search", "url2": "kannon.monakaya.com" }, "geometry": { "type": "Point", "coordinates": [ 135.768029399999932, 35.0116363 ] } },
{ "type": "Feature", "properties": { "内容": "訪問看護ステーション　ビジット京都東山【訪問看護】京都府京都市東山区福稲御所ノ内町2-23クイーンズコート郁103", "url": "https://www.kaigokensaku.mhlw.go.jp/26/index.php?action_kouhyou_detail_004_kani=true&JigyosyoCd=2660890092-00&ServiceCd=130&Type=search", "url2": null }, "geometry": { "type": "Point", "coordinates": [ 135.769874209821694, 34.980059421398579 ] } },
{ "type": "Feature", "properties": { "内容": "医療法人健康会　総合病院京都南病院【訪問看護】京都府京都市下京区西七条南中野町8番地", "url": "https://www.kaigokensaku.mhlw.go.jp/26/index.php?action_kouhyou_detail_004_kani=true&JigyosyoCd=2610402832-00&ServiceCd=130&Type=search", "url2": "http://www.kyotominami.or.jp/" }, "geometry": { "type": "Point", "coordinates": [ 135.735176899999942, 34.988849182563037 ] } },
{ "type": "Feature", "properties": { "内容": "訪問看護ステーション　らぐれーぬ【訪問看護】京都府京都市下京区七条通猪熊東入西八百屋町136番地ランドビル2階", "url": "https://www.kaigokensaku.mhlw.go.jp/26/index.php?action_kouhyou_detail_004_kani=true&JigyosyoCd=2660490232-00&ServiceCd=130&Type=search", "url2": "http://lagraine.seedkyoto.net/" }, "geometry": { "type": "Point", "coordinates": [ 135.7508846, 34.9890147 ] } },
{ "type": "Feature", "properties": { "内容": "医療法人財団　医恵会　七条武田クリニック【訪問看護】京都市下京区西七条南衣田町３", "url": "https://www.kaigokensaku.mhlw.go.jp/26/index.php?action_kouhyou_detail_004_kani=true&JigyosyoCd=2610405793-00&ServiceCd=130&Type=search", "url2": "http://www.kyototakeda.jp/clinic/index.html" }, "geometry": { "type": "Point", "coordinates": [ 135.73098559999994, 34.9889265 ] } },
{ "type": "Feature", "properties": { "内容": "パナソニックエイジフリーケアセンター四条烏丸・訪問看護【訪問看護】京都市下京区高辻通新町西入ル堀之内町278エリッツ5thビル", "url": "https://www.kaigokensaku.mhlw.go.jp/26/index.php?action_kouhyou_detail_004_kani=true&JigyosyoCd=2664190127-00&ServiceCd=130&Type=search", "url2": null }, "geometry": { "type": "Point", "coordinates": [ 135.756054299999988, 34.9998341 ] } },
{ "type": "Feature", "properties": { "内容": "SOMPOｹｱ　京都　訪問看護【訪問看護】五条通河原町西入本覚寺前町801損保ジャパン京都ビル7階", "url": "https://www.kaigokensaku.mhlw.go.jp/26/index.php?action_kouhyou_detail_004_kani=true&JigyosyoCd=2660790243-00&ServiceCd=130&Type=search", "url2": "https://www.sompocare.com/service/zaitaku/teikijunkai/Z000776?service=kango" }, "geometry": { "type": "Point", "coordinates": [ 135.764866161183392, 34.996393246083329 ] } },
{ "type": "Feature", "properties": { "内容": "京都市下京区綾西洞院町743‐301【訪問看護】綾西洞院町743WESTPARKビル301", "url": "https://www.kaigokensaku.mhlw.go.jp/26/index.php?action_kouhyou_detail_004_kani=true&JigyosyoCd=2660490224-00&ServiceCd=130&Type=search", "url2": "https://www.ryujin-ns.com" }, "geometry": { "type": "Point", "coordinates": [ 135.755060457919285, 35.001814798742714 ] } },
{ "type": "Feature", "properties": { "内容": "医療法人愛友会　愛友会在宅ケアセンター西七条【訪問看護】西七条南衣田町93", "url": "https://www.kaigokensaku.mhlw.go.jp/26/index.php?action_kouhyou_detail_004_kani=true&JigyosyoCd=2660490315-00&ServiceCd=130&Type=search", "url2": "http://www.iyukai.or.jp" }, "geometry": { "type": "Point", "coordinates": [ 135.7329732, 34.9885282 ] } },
{ "type": "Feature", "properties": { "内容": "ツバサ訪問看護ステーション七条【訪問看護】京都府京都市下京区住吉町348番地ヤングヴィレッジ河原町1611号", "url": "https://www.kaigokensaku.mhlw.go.jp/26/index.php?action_kouhyou_detail_004_kani=true&JigyosyoCd=2660490349-00&ServiceCd=130&Type=search", "url2": null }, "geometry": { "type": "Point", "coordinates": [ 135.764416899999986, 34.9901101 ] } },
{ "type": "Feature", "properties": { "内容": "ツクイ京都訪問看護ステーション【訪問看護】京都府京都市下京区四条通油小路西入藤本寄町26-1朝日生命京都第２ビル8階", "url": "https://www.kaigokensaku.mhlw.go.jp/26/index.php?action_kouhyou_detail_004_kani=true&JigyosyoCd=2660490364-00&ServiceCd=130&Type=search", "url2": null }, "geometry": { "type": "Point", "coordinates": [ 135.7531721, 35.0039592 ] } },
{ "type": "Feature", "properties": { "内容": "訪問看護ステーション　スナオ【訪問看護】京都市下京区室町通仏光寺上る白楽天町519ムロマチプレイス203", "url": "https://www.kaigokensaku.mhlw.go.jp/26/index.php?action_kouhyou_detail_004_kani=true&JigyosyoCd=2660490372-00&ServiceCd=130&Type=search", "url2": "https://houmonkango-sunao.jimdosite.com/" }, "geometry": { "type": "Point", "coordinates": [ 135.757656700000013, 35.0018815 ] } },
{ "type": "Feature", "properties": { "内容": "医療法人洛和会　訪問看護ステーション四条鉾町【訪問看護】京都市下京区仏光寺通西洞院東入菅大臣町178", "url": "https://www.kaigokensaku.mhlw.go.jp/26/index.php?action_kouhyou_detail_004_kani=true&JigyosyoCd=2660490075-00&ServiceCd=130&Type=search", "url2": null }, "geometry": { "type": "Point", "coordinates": [ 135.7539342, 35.0010397 ] } },
{ "type": "Feature", "properties": { "内容": "社会医療法人健康会　内浜診療所【訪問看護】京都市下京区材木町460", "url": "https://www.kaigokensaku.mhlw.go.jp/26/index.php?action_kouhyou_detail_004_kani=true&JigyosyoCd=2610402196-00&ServiceCd=130&Type=search", "url2": "http://www.kyotominami.or.jp/" }, "geometry": { "type": "Point", "coordinates": [ 135.764518700000025, 34.989494801494658 ] } },
{ "type": "Feature", "properties": { "内容": "医療法人回生会　訪問看護ステーションかいせい【訪問看護】京都市下京区中堂寺町庄ノ内町１-78", "url": "https://www.kaigokensaku.mhlw.go.jp/26/index.php?action_kouhyou_detail_004_kani=true&JigyosyoCd=2660490026-00&ServiceCd=130&Type=search", "url2": "http://www.kaiseiki.or.jp" }, "geometry": { "type": "Point", "coordinates": [ 135.739213022090098, 34.998406573251614 ] } },
{ "type": "Feature", "properties": { "内容": "訪問看護ステーション　みなみ【訪問看護】京都市下京区西七条南中野町8京都南病院６階", "url": "https://www.kaigokensaku.mhlw.go.jp/26/index.php?action_kouhyou_detail_004_kani=true&JigyosyoCd=2660490059-00&ServiceCd=130&Type=search", "url2": "http://www.kyotominami.or.jp/" }, "geometry": { "type": "Point", "coordinates": [ 135.735198357672061, 34.989029372147101 ] } },
{ "type": "Feature", "properties": { "内容": "医療法人西七条厚生会　訪問看護ステーションこもれび【訪問看護】京都府京都市下京区朱雀裏畑町73", "url": "https://www.kaigokensaku.mhlw.go.jp/26/index.php?action_kouhyou_detail_004_kani=true&JigyosyoCd=2660490083-00&ServiceCd=130&Type=search", "url2": "http://www.nisinana.net/" }, "geometry": { "type": "Point", "coordinates": [ 135.740757, 34.987963 ] } },
{ "type": "Feature", "properties": { "内容": "訪問看護ステーション　京都ほうかん【訪問看護】京都府京都市下京区西七条北衣田町37-2べレーザ西七条501", "url": "https://www.kaigokensaku.mhlw.go.jp/26/index.php?action_kouhyou_detail_004_kani=true&JigyosyoCd=2660490299-00&ServiceCd=130&Type=search", "url2": "https://kyotohoukan.skr.jp" }, "geometry": { "type": "Point", "coordinates": [ 135.731755635581976, 34.98940471547234 ] } },
{ "type": "Feature", "properties": { "内容": "訪問看護ステーション虹【訪問看護】京都市下京区油小路通四条下る石井筒町529ティファール101", "url": "https://www.kaigokensaku.mhlw.go.jp/26/index.php?action_kouhyou_detail_004_kani=true&JigyosyoCd=2660490091-00&ServiceCd=130&Type=search", "url2": "nursecareniji.jimdofree.com" }, "geometry": { "type": "Point", "coordinates": [ 135.753533042184159, 35.003350794753395 ] } },
{ "type": "Feature", "properties": { "内容": "医療法人ふじた医院　訪問看護ステーション　プラム【訪問看護】京都府京都市下京区大宮通七条下る御器屋町67番地3階", "url": "https://www.kaigokensaku.mhlw.go.jp/26/index.php?action_kouhyou_detail_004_kani=true&JigyosyoCd=2660490166-00&ServiceCd=130&Type=search", "url2": "http://plum-kango.fujita-clinic.or.jp" }, "geometry": { "type": "Point", "coordinates": [ 135.748947899999962, 34.988916 ] } },
{ "type": "Feature", "properties": { "内容": "銭形企画訪問看護ステーションCoCo【訪問看護】京都府京都市下京区黒門通五条下る柿本町594番地13", "url": "https://www.kaigokensaku.mhlw.go.jp/26/index.php?action_kouhyou_detail_004_kani=true&JigyosyoCd=2660490216-00&ServiceCd=130&Type=search", "url2": "https://zenigata-kyoto.com/" }, "geometry": { "type": "Point", "coordinates": [ 135.750129500000014, 34.9955598 ] } },
{ "type": "Feature", "properties": { "内容": "訪問看護ステーション桜華【訪問看護】京都府京都市下京区綾小路通堀川西入妙満寺町580番地3", "url": "https://www.kaigokensaku.mhlw.go.jp/26/index.php?action_kouhyou_detail_004_kani=true&JigyosyoCd=2660490265-00&ServiceCd=130&Type=search", "url2": "https://ls-ouka.com/" }, "geometry": { "type": "Point", "coordinates": [ 135.751109500000013, 35.0023844 ] } },
{ "type": "Feature", "properties": { "内容": "ケアサポート京【訪問看護】京都府京都市下京区天使突抜四丁目459-4", "url": "https://www.kaigokensaku.mhlw.go.jp/26/index.php?action_kouhyou_detail_004_kani=true&JigyosyoCd=2660490109-00&ServiceCd=130&Type=search", "url2": "http://hp.kaipoke.biz/66w/" }, "geometry": { "type": "Point", "coordinates": [ 135.754098999446938, 34.99525285199082 ] } },
{ "type": "Feature", "properties": { "内容": "訪問看護ステーション　開く【訪問看護】京都府京都市南区西九条開ヶ町202番地1", "url": "https://www.kaigokensaku.mhlw.go.jp/26/index.php?action_kouhyou_detail_004_kani=true&JigyosyoCd=2660590122-00&ServiceCd=130&Type=search", "url2": "http://joys.kyoto.jp/" }, "geometry": { "type": "Point", "coordinates": [ 135.7519532, 34.9761505 ] } },
{ "type": "Feature", "properties": { "内容": "訪問看護ステーションくろこ堂【訪問看護】京都府京都市南区吉祥院中島町10ラ・フォーレ西大路102", "url": "https://www.kaigokensaku.mhlw.go.jp/26/index.php?action_kouhyou_detail_004_kani=true&JigyosyoCd=2660590171-00&ServiceCd=130&Type=search", "url2": "https://kurokodo.wixsite.com/kango" }, "geometry": { "type": "Point", "coordinates": [ 135.730549600000018, 34.9782997 ] } },
{ "type": "Feature", "properties": { "内容": "訪問看護ステーションKoKo【訪問看護】京都市南区吉祥院三ノ宮西町86-1クレアール弐番館　101号室", "url": "https://www.kaigokensaku.mhlw.go.jp/26/index.php?action_kouhyou_detail_004_kani=true&JigyosyoCd=2660590304-00&ServiceCd=130&Type=search", "url2": "https://pono39.com/" }, "geometry": { "type": "Point", "coordinates": [ 135.727398460713175, 34.976312717571034 ] } },
{ "type": "Feature", "properties": { "内容": "さんさんリハビリ訪問看護ステーション【訪問看護】京都府京都市南区唐橋門脇町４－５", "url": "https://www.kaigokensaku.mhlw.go.jp/26/index.php?action_kouhyou_detail_004_kani=true&JigyosyoCd=2660590130-00&ServiceCd=130&Type=search", "url2": "https://33reha.com/" }, "geometry": { "type": "Point", "coordinates": [ 135.736757184700082, 34.981765081744349 ] } },
{ "type": "Feature", "properties": { "内容": "十条訪問看護ステーション【訪問看護】京都市南区上鳥羽南唐戸町７番地Ｋビル　表・中号", "url": "https://www.kaigokensaku.mhlw.go.jp/26/index.php?action_kouhyou_detail_004_kani=true&JigyosyoCd=2660590072-00&ServiceCd=130&Type=search", "url2": "http://www.takedahp.or.jp/" }, "geometry": { "type": "Point", "coordinates": [ 135.7412653, 34.972033900000014 ] } },
{ "type": "Feature", "properties": { "内容": "京都福祉サービス協会訪問看護ステーションぱあとなあず南【訪問看護】京都市南区西九条大国町48番地の2", "url": "https://www.kaigokensaku.mhlw.go.jp/26/index.php?action_kouhyou_detail_004_kani=true&JigyosyoCd=2660590098-00&ServiceCd=130&Type=search", "url2": "https://www.kyoto-fukushi.org/office/detail/hpm/" }, "geometry": { "type": "Point", "coordinates": [ 135.743051199999968, 34.9765225 ] } },
{ "type": "Feature", "properties": { "内容": "訪問看護ステーション暦【訪問看護】京都府京都市南区唐橋赤金町42-2", "url": "https://www.kaigokensaku.mhlw.go.jp/26/index.php?action_kouhyou_detail_004_kani=true&JigyosyoCd=2660590320-00&ServiceCd=130&Type=search", "url2": "http://hp.kaipoke.biz/npg/" }, "geometry": { "type": "Point", "coordinates": [ 135.741847163742221, 34.983985778726975 ] } },
{ "type": "Feature", "properties": { "内容": "看護クラーク京都南【訪問看護】京都府京都市南区久世中久世町4-90-1", "url": "https://www.kaigokensaku.mhlw.go.jp/26/index.php?action_kouhyou_detail_004_kani=true&JigyosyoCd=2660590338-00&ServiceCd=130&Type=search", "url2": null }, "geometry": { "type": "Point", "coordinates": [ 135.7139104, 34.95824 ] } },
{ "type": "Feature", "properties": { "内容": "訪問看護ステーションネスレ【訪問看護】京都府京都市南区唐橋琵琶町24番地４SQビル３階", "url": "https://www.kaigokensaku.mhlw.go.jp/26/index.php?action_kouhyou_detail_004_kani=true&JigyosyoCd=2660590312-00&ServiceCd=130&Type=search", "url2": null }, "geometry": { "type": "Point", "coordinates": [ 135.7403648, 34.9775621 ] } },
{ "type": "Feature", "properties": { "内容": "訪問看護ステーション　ゆい【訪問看護】吉祥院西ノ庄東屋敷町126フィエスタヴィラ506", "url": "https://www.kaigokensaku.mhlw.go.jp/26/index.php?action_kouhyou_detail_004_kani=true&JigyosyoCd=2660590189-00&ServiceCd=130&Type=search", "url2": "www.ns-yui.com" }, "geometry": { "type": "Point", "coordinates": [ 135.730019005677491, 34.982681628486823 ] } },
{ "type": "Feature", "properties": { "内容": "訪問看護ステーション　F【訪問看護】京都府京都市南区東九条北松ノ木町40-16", "url": "https://www.kaigokensaku.mhlw.go.jp/26/index.php?action_kouhyou_detail_004_kani=true&JigyosyoCd=2660590270-00&ServiceCd=130&Type=search", "url2": "https://www.houmongo-f.com" }, "geometry": { "type": "Point", "coordinates": [ 135.7665499, 34.9782264 ] } },
{ "type": "Feature", "properties": { "内容": "訪問看護ステーション　ユニネット・まちかど【訪問看護】京都市南区西九条比永城町１１番５", "url": "https://www.kaigokensaku.mhlw.go.jp/26/index.php?action_kouhyou_detail_004_kani=true&JigyosyoCd=2660590080-00&ServiceCd=130&Type=search", "url2": "https://uninet-machikado.com" }, "geometry": { "type": "Point", "coordinates": [ 135.749211800000012, 34.9769587 ] } },
{ "type": "Feature", "properties": { "内容": "訪問看護ステーションはくちょう【訪問看護】京都府京都市南区西九条豊田町16番地", "url": "https://www.kaigokensaku.mhlw.go.jp/26/index.php?action_kouhyou_detail_004_kani=true&JigyosyoCd=2660590239-00&ServiceCd=130&Type=search", "url2": null }, "geometry": { "type": "Point", "coordinates": [ 135.7436682, 34.97545 ] } },
{ "type": "Feature", "properties": { "内容": "アクア京都久世訪問看護【訪問看護】京都府京都市南区久世東土川町285-1", "url": "https://www.kaigokensaku.mhlw.go.jp/26/index.php?action_kouhyou_detail_004_kani=true&JigyosyoCd=2660590353-00&ServiceCd=130&Type=search", "url2": null }, "geometry": { "type": "Point", "coordinates": [ 135.720125, 34.9458062 ] } },
{ "type": "Feature", "properties": { "内容": "公益社団法人京都保健会吉祥院訪問看護ステーション【訪問看護】京都市南区吉祥院井ノ口町43", "url": "https://www.kaigokensaku.mhlw.go.jp/26/index.php?action_kouhyou_detail_004_kani=true&JigyosyoCd=2660590015-00&ServiceCd=130&Type=search", "url2": "http://www.kyoto-hokenkai.or.jp/" }, "geometry": { "type": "Point", "coordinates": [ 135.732899533065876, 34.976343140957354 ] } },
{ "type": "Feature", "properties": { "内容": "訪問看護ステーション　ワトレイみなみ【訪問看護】京都府京都市南区唐橋井園町50-1", "url": "https://www.kaigokensaku.mhlw.go.jp/26/index.php?action_kouhyou_detail_004_kani=true&JigyosyoCd=2660590163-00&ServiceCd=130&Type=search", "url2": "http://watorei.jp" }, "geometry": { "type": "Point", "coordinates": [ 135.740633300000013, 34.981857 ] } },
{ "type": "Feature", "properties": { "内容": "京都九条病院訪問看護ステーション・マム【訪問看護】京都市南区唐橋経田町16メディナ唐橋１F", "url": "https://www.kaigokensaku.mhlw.go.jp/26/index.php?action_kouhyou_detail_004_kani=true&JigyosyoCd=2660590031-00&ServiceCd=130&Type=search", "url2": "http://www.dojinkai.com/mam_s" }, "geometry": { "type": "Point", "coordinates": [ 135.741331354492218, 34.978075246787341 ] } },
{ "type": "Feature", "properties": { "内容": "みんなの訪問リハビリ看護ステーション　みなみ【訪問看護】大宮通八条下る東寺東門前町67番地", "url": "https://www.kaigokensaku.mhlw.go.jp/26/index.php?action_kouhyou_detail_004_kani=true&JigyosyoCd=2660590262-00&ServiceCd=130&Type=search", "url2": "http://hp.kaipoke.biz/xmk/" }, "geometry": { "type": "Point", "coordinates": [ 135.7496261, 34.983684300000021 ] } },
{ "type": "Feature", "properties": { "内容": "訪問看護ステーションレモンサラン【訪問看護】京都府京都市南区吉祥院井ノ口町10番地", "url": "https://www.kaigokensaku.mhlw.go.jp/26/index.php?action_kouhyou_detail_004_kani=true&JigyosyoCd=2660590288-00&ServiceCd=130&Type=search", "url2": "http://honey-lemonlemon.com/" }, "geometry": { "type": "Point", "coordinates": [ 135.7315357, 34.9759294 ] } },
{ "type": "Feature", "properties": { "内容": "訪問看護ステーション　いっぽ【訪問看護】西九条東比永城町33番地", "url": "https://www.kaigokensaku.mhlw.go.jp/26/index.php?action_kouhyou_detail_004_kani=true&JigyosyoCd=2660590106-00&ServiceCd=130&Type=search", "url2": "https://kangoippo.wixsite.com/homon-ippo" }, "geometry": { "type": "Point", "coordinates": [ 135.749928400000044, 34.9781336 ] } },
{ "type": "Feature", "properties": { "内容": "久世ホーム訪問看護ステーション【訪問看護】京都府京都市南区久世築山町70", "url": "https://www.kaigokensaku.mhlw.go.jp/26/index.php?action_kouhyou_detail_004_kani=true&JigyosyoCd=2660590205-00&ServiceCd=130&Type=search", "url2": "https://www.seiwaen.or.jp/index.html" }, "geometry": { "type": "Point", "coordinates": [ 135.724216709123198, 34.95794103414044 ] } },
{ "type": "Feature", "properties": { "内容": "吉祥ホーム訪問看護ステーション【訪問看護】京都市南区吉祥院石原橋上1-4", "url": "https://www.kaigokensaku.mhlw.go.jp/26/index.php?action_kouhyou_detail_004_kani=true&JigyosyoCd=2660590247-00&ServiceCd=130&Type=search", "url2": "https://www.seiwaen.or.jp/" }, "geometry": { "type": "Point", "coordinates": [ 135.7240157, 34.9681927 ] } },
{ "type": "Feature", "properties": { "内容": "株式会社Ｋ・Ｔ　あやめ訪問看護ステーション【訪問看護】京都府京都市南区東九条明田町18-1", "url": "https://www.kaigokensaku.mhlw.go.jp/26/index.php?action_kouhyou_detail_004_kani=true&JigyosyoCd=2660490158-00&ServiceCd=130&Type=search", "url2": null }, "geometry": { "type": "Point", "coordinates": [ 135.76323780000007, 34.989011 ] } },
{ "type": "Feature", "properties": { "内容": "訪問看護ステーション南風【訪問看護】京都府京都市右京区梅津南上田町14梅津マンション３０８号", "url": "https://www.kaigokensaku.mhlw.go.jp/26/index.php?action_kouhyou_detail_004_kani=true&JigyosyoCd=2660790128-00&ServiceCd=130&Type=search", "url2": null }, "geometry": { "type": "Point", "coordinates": [ 135.705182400000012, 35.0034639 ] } },
{ "type": "Feature", "properties": { "内容": "訪問看護ステーション　輪【訪問看護】西院春栄町28番地", "url": "https://www.kaigokensaku.mhlw.go.jp/26/index.php?action_kouhyou_detail_004_kani=true&JigyosyoCd=2660790300-00&ServiceCd=130&Type=search", "url2": "http://go-rin.jimdo.com/" }, "geometry": { "type": "Point", "coordinates": [ 135.7265248, 35.0064554 ] } },
{ "type": "Feature", "properties": { "内容": "訪問看護ステーション　チャオ【訪問看護】京都府京都市右京区西院三蔵町１４番地西院プラムビル　４階", "url": "https://www.kaigokensaku.mhlw.go.jp/26/index.php?action_kouhyou_detail_004_kani=true&JigyosyoCd=2660790326-00&ServiceCd=130&Type=search", "url2": "https://www.kurokawa-sm.com" }, "geometry": { "type": "Point", "coordinates": [ 135.731727200000023, 35.0023809 ] } },
{ "type": "Feature", "properties": { "内容": "訪問看護内田病院【訪問看護】梅津大縄場町6－9", "url": "https://www.kaigokensaku.mhlw.go.jp/26/index.php?action_kouhyou_detail_004_kani=true&JigyosyoCd=2610706182-00&ServiceCd=130&Type=search", "url2": "http://www.uchida-hospital.jp" }, "geometry": { "type": "Point", "coordinates": [ 135.6911044, 35.0015063 ] } },
{ "type": "Feature", "properties": { "内容": "訪問看護ステーション　久義【訪問看護】京都市右京区西京極西衣手町10番地ショウエイハウス103号", "url": "https://www.kaigokensaku.mhlw.go.jp/26/index.php?action_kouhyou_detail_004_kani=true&JigyosyoCd=2660790383-00&ServiceCd=130&Type=search", "url2": null }, "geometry": { "type": "Point", "coordinates": [ 135.709105879052913, 34.998788361426023 ] } },
{ "type": "Feature", "properties": { "内容": "医療法人社団寿光会　竹腰医院【訪問看護】京都府京都市右京区御室芝橋町6-19", "url": "https://www.kaigokensaku.mhlw.go.jp/26/index.php?action_kouhyou_detail_004_kani=true&JigyosyoCd=2610704799-00&ServiceCd=130&Type=search", "url2": null }, "geometry": { "type": "Point", "coordinates": [ 135.7128906, 35.026476 ] } },
{ "type": "Feature", "properties": { "内容": "愛ここ訪問看護ステーション京都【訪問看護】京都市右京区西院平町34-4", "url": "https://www.kaigokensaku.mhlw.go.jp/26/index.php?action_kouhyou_detail_004_kani=true&JigyosyoCd=2660490281-00&ServiceCd=130&Type=search", "url2": null }, "geometry": { "type": "Point", "coordinates": [ 135.7326583, 34.9994714 ] } },
{ "type": "Feature", "properties": { "内容": "訪問看護ステーションnico【訪問看護】京都府京都市右京区西院月双町105グリシーヌ京都西京極507号", "url": "https://www.kaigokensaku.mhlw.go.jp/26/index.php?action_kouhyou_detail_004_kani=true&JigyosyoCd=2660790532-00&ServiceCd=130&Type=search", "url2": null }, "geometry": { "type": "Point", "coordinates": [ 135.720162, 34.9968974 ] } },
{ "type": "Feature", "properties": { "内容": "母子訪問看護ステーション　へそのお【訪問看護】京都府京都市右京区西院坤町56マンションV2　205号室", "url": "https://www.kaigokensaku.mhlw.go.jp/26/index.php?action_kouhyou_detail_004_kani=true&JigyosyoCd=2660790581-00&ServiceCd=130&Type=search", "url2": "http://hesonoo.sun.bindcloud.jp/" }, "geometry": { "type": "Point", "coordinates": [ 135.7264065, 35.0032888 ] } },
{ "type": "Feature", "properties": { "内容": "医療法人はまなかクリニック　訪問看護ステーション　リハ・ナース右京【訪問看護】京都府京都市右京区花園伊町44番地13オフィス花園301", "url": "https://www.kaigokensaku.mhlw.go.jp/26/index.php?action_kouhyou_detail_004_kani=true&JigyosyoCd=2660790599-00&ServiceCd=130&Type=search", "url2": null }, "geometry": { "type": "Point", "coordinates": [ 135.718861299999986, 35.0191912 ] } },
{ "type": "Feature", "properties": { "内容": "訪問看護ステーション右京医師会【訪問看護】京都市右京区梅津神田町57番地", "url": "https://www.kaigokensaku.mhlw.go.jp/26/index.php?action_kouhyou_detail_004_kani=true&JigyosyoCd=2660790045-00&ServiceCd=130&Type=search", "url2": "http://www.ukyo.kyoto.med.or.jp" }, "geometry": { "type": "Point", "coordinates": [ 135.711131900000026, 35.0001503 ] } },
{ "type": "Feature", "properties": { "内容": "優彩訪問看護ステーション【訪問看護】京都府京都市右京区北嵯峨北ノ段町50-14", "url": "https://www.kaigokensaku.mhlw.go.jp/26/index.php?action_kouhyou_detail_004_kani=true&JigyosyoCd=2660790557-00&ServiceCd=130&Type=search", "url2": "https://www.lifesupportservicetugumi.com/" }, "geometry": { "type": "Point", "coordinates": [ 135.677922099999989, 35.0304195 ] } },
{ "type": "Feature", "properties": { "内容": "訪問看護ステーション　ゆかり【訪問看護】京都府京都市右京区常盤窪町1-175", "url": "https://www.kaigokensaku.mhlw.go.jp/26/index.php?action_kouhyou_detail_004_kani=true&JigyosyoCd=2660790573-00&ServiceCd=130&Type=search", "url2": null }, "geometry": { "type": "Point", "coordinates": [ 135.70654618773159, 35.019894550744965 ] } },
{ "type": "Feature", "properties": { "内容": "ほわいえリハビリ訪問看護ステーション【訪問看護】京都府京都市右京区西院四条畑町1-35スールシャンブル506", "url": "https://www.kaigokensaku.mhlw.go.jp/26/index.php?action_kouhyou_detail_004_kani=true&JigyosyoCd=2660790375-00&ServiceCd=130&Type=search", "url2": "https://www.foyer-rhns.com" }, "geometry": { "type": "Point", "coordinates": [ 135.724122390212983, 35.004087608952368 ] } },
{ "type": "Feature", "properties": { "内容": "ステーション　イルカ【訪問看護】京都市右京区山ノ内山ノ下町15-13", "url": "https://www.kaigokensaku.mhlw.go.jp/26/index.php?action_kouhyou_detail_004_kani=true&JigyosyoCd=2660790086-00&ServiceCd=130&Type=search", "url2": "http://www.station-iruka.org" }, "geometry": { "type": "Point", "coordinates": [ 135.722553, 35.0065941 ] } },
{ "type": "Feature", "properties": { "内容": "訪問看護ステーション　とも【訪問看護】京都府京都市右京区西院下花田町9番地", "url": "https://www.kaigokensaku.mhlw.go.jp/26/index.php?action_kouhyou_detail_004_kani=true&JigyosyoCd=2660790367-00&ServiceCd=130&Type=search", "url2": null }, "geometry": { "type": "Point", "coordinates": [ 135.728319899999974, 35.0070737 ] } },
{ "type": "Feature", "properties": { "内容": "訪問看護ステーション　こむぎ【訪問看護】京都市右京区嵯峨中通町10-2嵐山ビューハイツE号", "url": "https://www.kaigokensaku.mhlw.go.jp/26/index.php?action_kouhyou_detail_004_kani=true&JigyosyoCd=2660790615-00&ServiceCd=130&Type=search", "url2": null }, "geometry": { "type": "Point", "coordinates": [ 135.68800250000001, 35.014222 ] } },
{ "type": "Feature", "properties": { "内容": "独立行政法人国立病院機構　訪問看護ステーションうたの【訪問看護】京都府京都市右京区鳴滝音戸山町８番地", "url": "https://www.kaigokensaku.mhlw.go.jp/26/index.php?action_kouhyou_detail_004_kani=true&JigyosyoCd=2660790250-00&ServiceCd=130&Type=search", "url2": "https://utano.hosp.go.jp/" }, "geometry": { "type": "Point", "coordinates": [ 135.701382, 35.0284811 ] } },
{ "type": "Feature", "properties": { "内容": "訪問看護ステーション　都ナース嵐山【訪問看護】京都府京都市右京区鳴滝般若寺町1番地木村ハイツ102号", "url": "https://www.kaigokensaku.mhlw.go.jp/26/index.php?action_kouhyou_detail_004_kani=true&JigyosyoCd=2660790342-00&ServiceCd=130&Type=search", "url2": null }, "geometry": { "type": "Point", "coordinates": [ 135.70296780000001, 35.0328834 ] } },
{ "type": "Feature", "properties": { "内容": "京都市立京北病院訪問看護ステーション【訪問看護】京都市右京区京北下中町鳥谷3番地", "url": "https://www.kaigokensaku.mhlw.go.jp/26/index.php?action_kouhyou_detail_004_kani=true&JigyosyoCd=2660790193-00&ServiceCd=130&Type=search", "url2": "http://www.kch-org.jp/keihoku/" }, "geometry": { "type": "Point", "coordinates": [ 135.634392199999979, 35.1980529 ] } },
{ "type": "Feature", "properties": { "内容": "ＰＤハウス西京極訪問看護ステーション【訪問看護】西京極徳大寺団子田町４５-１", "url": "https://www.kaigokensaku.mhlw.go.jp/26/index.php?action_kouhyou_detail_004_kani=true&JigyosyoCd=2660790649-00&ServiceCd=130&Type=search", "url2": "https://sunwels.jp/pdh/company/" }, "geometry": { "type": "Point", "coordinates": [ 135.7159818, 34.9889076 ] } },
{ "type": "Feature", "properties": { "内容": "訪問看護ステーションミストラル京都【訪問看護】京都府京都市右京区太秦下刑部町11-2グレイスヴィラ阿部2B", "url": "https://www.kaigokensaku.mhlw.go.jp/26/index.php?action_kouhyou_detail_004_kani=true&JigyosyoCd=2660790482-00&ServiceCd=130&Type=search", "url2": "mistralservice.co.jp" }, "geometry": { "type": "Point", "coordinates": [ 135.7165317, 35.0096438 ] } },
{ "type": "Feature", "properties": { "内容": "訪問看護ステーション　デューン西京極【訪問看護】京都府京都市右京区西京極南大入町72番地プリモ・レガーロ西京極100号室", "url": "https://www.kaigokensaku.mhlw.go.jp/26/index.php?action_kouhyou_detail_004_kani=true&JigyosyoCd=2660790623-00&ServiceCd=130&Type=search", "url2": "https://www.nfield.co.jp" }, "geometry": { "type": "Point", "coordinates": [ 135.7147421, 34.9962603 ] } },
{ "type": "Feature", "properties": { "内容": "優心訪問看護ステーション【訪問看護】京都市右京区太秦森ケ西町9-1", "url": "https://www.kaigokensaku.mhlw.go.jp/26/index.php?action_kouhyou_detail_004_kani=true&JigyosyoCd=2660790185-00&ServiceCd=130&Type=search", "url2": "https://www.lifesupportservicetugumi.com/" }, "geometry": { "type": "Point", "coordinates": [ 135.710456756904023, 35.015124561012357 ] } },
{ "type": "Feature", "properties": { "内容": "洛和会　訪問看護ステーション右京山ノ内【訪問看護】京都市右京区山ノ内西浦町15", "url": "https://www.kaigokensaku.mhlw.go.jp/26/index.php?action_kouhyou_detail_004_kani=true&JigyosyoCd=2660790011-00&ServiceCd=130&Type=search", "url2": null }, "geometry": { "type": "Point", "coordinates": [ 135.720397600000069, 35.007669 ] } },
{ "type": "Feature", "properties": { "内容": "京さくら訪問看護ステーションときわ【訪問看護】京都府京都市右京区常盤段ノ上町2-10", "url": "https://www.kaigokensaku.mhlw.go.jp/26/index.php?action_kouhyou_detail_004_kani=true&JigyosyoCd=2660790441-00&ServiceCd=130&Type=search", "url2": "http://www.kyousakura.com/" }, "geometry": { "type": "Point", "coordinates": [ 135.704375801223392, 35.019246828599158 ] } },
{ "type": "Feature", "properties": { "内容": "アミケア訪問看護ステーション【訪問看護】京都府京都府京都市右京区西院平町25ライフプラザ西大路四条７Ｆ", "url": "https://www.kaigokensaku.mhlw.go.jp/26/index.php?action_kouhyou_detail_004_kani=true&JigyosyoCd=2660790466-00&ServiceCd=130&Type=search", "url2": "https://amicare.jp/" }, "geometry": { "type": "Point", "coordinates": [ 135.73231530000001, 35.0001308 ] } },
{ "type": "Feature", "properties": { "内容": "公益社団法人京都保健会訪問看護ステーション太秦安井【訪問看護】京都市右京区太秦安井藤ノ木町2-2", "url": "https://www.kaigokensaku.mhlw.go.jp/26/index.php?action_kouhyou_detail_004_kani=true&JigyosyoCd=2660790029-00&ServiceCd=130&Type=search", "url2": "http://www.kyoto-hokenkai.or.jp/" }, "geometry": { "type": "Point", "coordinates": [ 135.724055300000032, 35.0155489 ] } },
{ "type": "Feature", "properties": { "内容": "社会医療法人太秦病院附属　うずまさ訪問看護ステーション【訪問看護】京都市右京区太秦帷子ヶ辻30-4", "url": "https://www.kaigokensaku.mhlw.go.jp/26/index.php?action_kouhyou_detail_004_kani=true&JigyosyoCd=2660790078-00&ServiceCd=130&Type=search", "url2": "http://www.hojikyo.or.jp/member/uzumasa" }, "geometry": { "type": "Point", "coordinates": [ 135.701687223278782, 35.015201429551226 ] } },
{ "type": "Feature", "properties": { "内容": "訪問看護ステーション　ゆとり【訪問看護】京都市右京区西京極野田町18-1", "url": "https://www.kaigokensaku.mhlw.go.jp/26/index.php?action_kouhyou_detail_004_kani=true&JigyosyoCd=2660790144-00&ServiceCd=130&Type=search", "url2": "http://www.yutoriken.jp" }, "geometry": { "type": "Point", "coordinates": [ 135.71708730578186, 34.995259255765085 ] } },
{ "type": "Feature", "properties": { "内容": "訪問看護・リハビリステーション　ぴ～す西院【訪問看護】京都市右京区西院坤町103番地近藤ビル5階AＢＤ号室", "url": "https://www.kaigokensaku.mhlw.go.jp/26/index.php?action_kouhyou_detail_004_kani=true&JigyosyoCd=2660790268-00&ServiceCd=130&Type=search", "url2": "http://medical.care21.co.jp/" }, "geometry": { "type": "Point", "coordinates": [ 135.727427600000055, 35.0033251 ] } },
{ "type": "Feature", "properties": { "内容": "医療法人社団京健会　訪問看護ステーションさいきょう【訪問看護】京都市右京区西院北矢掛町39番地1", "url": "https://www.kaigokensaku.mhlw.go.jp/26/index.php?action_kouhyou_detail_004_kani=true&JigyosyoCd=2660790409-00&ServiceCd=130&Type=search", "url2": "https://saikyo-clinic.com/" }, "geometry": { "type": "Point", "coordinates": [ 135.7302264, 35.0020283 ] } },
{ "type": "Feature", "properties": { "内容": "ぐりっど右京訪問看護ステーション【訪問看護】京都市右京区太秦桂ヶ原町９－４桂ヶ原荘１５", "url": "https://www.kaigokensaku.mhlw.go.jp/26/index.php?action_kouhyou_detail_004_kani=true&JigyosyoCd=2660790540-00&ServiceCd=130&Type=search", "url2": "https://gridrakusai.com" }, "geometry": { "type": "Point", "coordinates": [ 135.7055461, 35.0130921 ] } },
{ "type": "Feature", "properties": { "内容": "アドナース右京　訪問看護【訪問看護】京都府京都市右京区太秦垣内町9-2", "url": "https://www.kaigokensaku.mhlw.go.jp/26/index.php?action_kouhyou_detail_004_kani=true&JigyosyoCd=2660390143-00&ServiceCd=130&Type=search", "url2": "http://adnurse.info/" }, "geometry": { "type": "Point", "coordinates": [ 135.709891911883119, 35.01390045733141 ] } },
{ "type": "Feature", "properties": { "内容": "健光園あらしやま訪問看護ステーション【訪問看護】京都市右京区嵯峨柳田町36-5", "url": "https://www.kaigokensaku.mhlw.go.jp/26/index.php?action_kouhyou_detail_004_kani=true&JigyosyoCd=2660790052-00&ServiceCd=130&Type=search", "url2": "http://www/kenkouen.jp/" }, "geometry": { "type": "Point", "coordinates": [ 135.677328, 35.027042 ] } },
{ "type": "Feature", "properties": { "内容": "訪問看護ステーション　ならび【訪問看護】京都府京都市右京区常盤古御所町2番地", "url": "https://www.kaigokensaku.mhlw.go.jp/26/index.php?action_kouhyou_detail_004_kani=true&JigyosyoCd=2660790391-00&ServiceCd=130&Type=search", "url2": "http://www.juzenkai.or.jp/" }, "geometry": { "type": "Point", "coordinates": [ 135.712406699999974, 35.019673 ] } },
{ "type": "Feature", "properties": { "内容": "ＳＯＭＰＯケア　京都西　訪問看護【訪問看護】京都府京都市右京区山ノ内五反田町9-1かどの御池ビル３階", "url": "https://www.kaigokensaku.mhlw.go.jp/26/index.php?action_kouhyou_detail_004_kani=true&JigyosyoCd=2660790607-00&ServiceCd=130&Type=search", "url2": "075-432-8292" }, "geometry": { "type": "Point", "coordinates": [ 135.720578100000012, 35.0106173 ] } },
{ "type": "Feature", "properties": { "内容": "訪問看護ステーションにしお【訪問看護】京都市右京区太秦西野町15-10", "url": "https://www.kaigokensaku.mhlw.go.jp/26/index.php?action_kouhyou_detail_004_kani=true&JigyosyoCd=2660790169-00&ServiceCd=130&Type=search", "url2": "st-nishio@peach.ocn.ne.jp" }, "geometry": { "type": "Point", "coordinates": [ 135.697968899999978, 35.010954900000023 ] } },
{ "type": "Feature", "properties": { "内容": "ピース・トラスト訪問看護ステーション【訪問看護】京都府京都市右京区太秦門田町7-16", "url": "https://www.kaigokensaku.mhlw.go.jp/26/index.php?action_kouhyou_detail_004_kani=true&JigyosyoCd=2660790276-00&ServiceCd=130&Type=search", "url2": "http://peace-trust.net/" }, "geometry": { "type": "Point", "coordinates": [ 135.712299618732004, 35.009388220920194 ] } },
{ "type": "Feature", "properties": { "内容": "訪問看護ステーションめぐみ【訪問看護】京都市右京区嵯峨苅分町25-15", "url": "https://www.kaigokensaku.mhlw.go.jp/26/index.php?action_kouhyou_detail_004_kani=true&JigyosyoCd=2660790318-00&ServiceCd=130&Type=search", "url2": null }, "geometry": { "type": "Point", "coordinates": [ 135.689869499999986, 35.0173626 ] } },
{ "type": "Feature", "properties": { "内容": "訪問看護ステーションフィット・京都【訪問看護】京都市右京区太秦安井奥畑町22番地15カーサデルクオーレ太秦天神川", "url": "https://www.kaigokensaku.mhlw.go.jp/26/index.php?action_kouhyou_detail_004_kani=true&JigyosyoCd=2660790508-00&ServiceCd=130&Type=search", "url2": null }, "geometry": { "type": "Point", "coordinates": [ 135.7179705, 35.0143141 ] } },
{ "type": "Feature", "properties": { "内容": "NANAリハビリ訪問看護ステーション【訪問看護】京都府京都市右京区西京極堤外町18-6", "url": "https://www.kaigokensaku.mhlw.go.jp/26/index.php?action_kouhyou_detail_004_kani=true&JigyosyoCd=2660790664-00&ServiceCd=130&Type=search", "url2": "https://nana-riha.com/service/" }, "geometry": { "type": "Point", "coordinates": [ 135.7176389, 34.9862905 ] } },
{ "type": "Feature", "properties": { "内容": "訪問看護ステーションENNE【訪問看護】西京極午塚町115第一東久ハイツ1階", "url": "https://www.kaigokensaku.mhlw.go.jp/26/index.php?action_kouhyou_detail_004_kani=true&JigyosyoCd=2660790672-00&ServiceCd=130&Type=search", "url2": null }, "geometry": { "type": "Point", "coordinates": [ 135.7122459, 34.9979212 ] } },
{ "type": "Feature", "properties": { "内容": "すてっぷ訪問看護ステーション山ノ内【訪問看護】京都府京都市右京区山ノ内山ノ下町２１アサヒハイツ１階", "url": "https://www.kaigokensaku.mhlw.go.jp/26/index.php?action_kouhyou_detail_004_kani=true&JigyosyoCd=2660790680-00&ServiceCd=130&Type=search", "url2": "https://onestepcloser.co.jp/" }, "geometry": { "type": "Point", "coordinates": [ 135.7218637, 35.006077 ] } },
{ "type": "Feature", "properties": { "内容": "訪問看護ステーション「あい24」【訪問看護】京都市右京区嵯峨柳田町11番地エヌアールハイツ105号", "url": "https://www.kaigokensaku.mhlw.go.jp/26/index.php?action_kouhyou_detail_004_kani=true&JigyosyoCd=2660790110-00&ServiceCd=130&Type=search", "url2": "http://www." }, "geometry": { "type": "Point", "coordinates": [ 135.685322499999984, 35.014124 ] } },
{ "type": "Feature", "properties": { "内容": "訪問看護ステーションゆかり【訪問看護】京都府京都市右京区常盤窪町1－１７５番地", "url": "https://www.kaigokensaku.mhlw.go.jp/26/index.php?action_kouhyou_detail_004_kani=true&JigyosyoCd=2660790698-00&ServiceCd=130&Type=search", "url2": null }, "geometry": { "type": "Point", "coordinates": [ 135.706541600000037, 35.0198665 ] } },
{ "type": "Feature", "properties": { "内容": "訪問看護ステーション　おおしま【訪問看護】京都市伏見区桃山町泰長老110-1", "url": "https://www.kaigokensaku.mhlw.go.jp/26/index.php?action_kouhyou_detail_004_kani=true&JigyosyoCd=2660990173-00&ServiceCd=130&Type=search", "url2": "http://www.oshima.or.jp/" }, "geometry": { "type": "Point", "coordinates": [ 135.770464400000037, 34.9290194 ] } },
{ "type": "Feature", "properties": { "内容": "医療法人敬志会　ぐしけん医院【訪問看護】京都府京都市伏見区竹田七瀬川町９３", "url": "https://www.kaigokensaku.mhlw.go.jp/26/index.php?action_kouhyou_detail_004_kani=true&JigyosyoCd=2610905206-00&ServiceCd=130&Type=search", "url2": null }, "geometry": { "type": "Point", "coordinates": [ 135.759930913491871, 34.952992903203217 ] } },
{ "type": "Feature", "properties": { "内容": "訪問看護ステーションこころの木【訪問看護】京都府京都市伏見区向島津田町１０１番地１", "url": "https://www.kaigokensaku.mhlw.go.jp/26/index.php?action_kouhyou_detail_004_kani=true&JigyosyoCd=2660990223-00&ServiceCd=130&Type=search", "url2": null }, "geometry": { "type": "Point", "coordinates": [ 135.768175700000029, 34.9209507 ] } },
{ "type": "Feature", "properties": { "内容": "いきいき３６５訪問看護ステーション【訪問看護】京都府京都市伏見区小栗栖南後藤町6番1-102", "url": "https://www.kaigokensaku.mhlw.go.jp/26/index.php?action_kouhyou_detail_004_kani=true&JigyosyoCd=2660990314-00&ServiceCd=130&Type=search", "url2": null }, "geometry": { "type": "Point", "coordinates": [ 135.801818433451899, 34.943532244715477 ] } },
{ "type": "Feature", "properties": { "内容": "訪問看護ステーションみどり【訪問看護】京都府京都市伏見区加賀屋町731ノーブル伏見１階", "url": "https://www.kaigokensaku.mhlw.go.jp/26/index.php?action_kouhyou_detail_004_kani=true&JigyosyoCd=2660990611-00&ServiceCd=130&Type=search", "url2": "www.kango-midori.com" }, "geometry": { "type": "Point", "coordinates": [ 135.758266132540882, 34.945426144101816 ] } },
{ "type": "Feature", "properties": { "内容": "ほうもんかんごすてーしょん　ゆう【訪問看護】京都府京都市伏見区横大路貴船41-4杜喜108号室", "url": "https://www.kaigokensaku.mhlw.go.jp/26/index.php?action_kouhyou_detail_004_kani=true&JigyosyoCd=2660990637-00&ServiceCd=130&Type=search", "url2": "https://kaigo-you.com/." }, "geometry": { "type": "Point", "coordinates": [ 135.7381441, 34.9294161 ] } },
{ "type": "Feature", "properties": { "内容": "むかいじま健幸ステーション【訪問看護】向島四ツ谷池14-19", "url": "https://www.kaigokensaku.mhlw.go.jp/26/index.php?action_kouhyou_detail_004_kani=true&JigyosyoCd=2660990389-00&ServiceCd=130&Type=search", "url2": "https://kenko-plus.co.jp/" }, "geometry": { "type": "Point", "coordinates": [ 135.776939, 34.918669 ] } },
{ "type": "Feature", "properties": { "内容": "株式会社VALK【訪問看護】京都市伏見区醍醐僧尊坊町1-92", "url": "https://www.kaigokensaku.mhlw.go.jp/26/index.php?action_kouhyou_detail_004_kani=true&JigyosyoCd=2660990652-00&ServiceCd=130&Type=search", "url2": "shiori0810.sakura.ne.jp" }, "geometry": { "type": "Point", "coordinates": [ 135.8128203, 34.9467178 ] } },
{ "type": "Feature", "properties": { "内容": "訪問看護ステーション　こまくさ【訪問看護】瀬戸物町745-1(源空寺内）", "url": "https://www.kaigokensaku.mhlw.go.jp/26/index.php?action_kouhyou_detail_004_kani=true&JigyosyoCd=2660990439-00&ServiceCd=130&Type=search", "url2": null }, "geometry": { "type": "Point", "coordinates": [ 135.762724100000014, 34.9335075 ] } },
{ "type": "Feature", "properties": { "内容": "訪問看護ステーションアソシア【訪問看護】京都市伏見区深草大亀谷東古御香町96-5", "url": "https://www.kaigokensaku.mhlw.go.jp/26/index.php?action_kouhyou_detail_004_kani=true&JigyosyoCd=2660990249-00&ServiceCd=130&Type=search", "url2": null }, "geometry": { "type": "Point", "coordinates": [ 135.7870571, 34.9436186 ] } },
{ "type": "Feature", "properties": { "内容": "めぐみ訪問看護ステーション【訪問看護】京都府京都市伏見区醍醐高畑町30番地の１ﾊﾟｾｵﾀﾞｲｺﾞﾛｰ西館2F", "url": "https://www.kaigokensaku.mhlw.go.jp/26/index.php?action_kouhyou_detail_004_kani=true&JigyosyoCd=2660990272-00&ServiceCd=130&Type=search", "url2": "http://www.myclinic.ne.jp/maruo_clinic/pc" }, "geometry": { "type": "Point", "coordinates": [ 135.810355399999906, 34.9508685 ] } },
{ "type": "Feature", "properties": { "内容": "スローハンドケア訪問看護ステーション【訪問看護】京都府京都市伏見区南新地4-6", "url": "https://www.kaigokensaku.mhlw.go.jp/26/index.php?action_kouhyou_detail_004_kani=true&JigyosyoCd=2660990363-00&ServiceCd=130&Type=search", "url2": "http://www.slowhand.info" }, "geometry": { "type": "Point", "coordinates": [ 135.760557, 34.9271777 ] } },
{ "type": "Feature", "properties": { "内容": "医療法人きもと医院【訪問看護】京都府京都市伏見区深草北蓮池町903－1", "url": "https://www.kaigokensaku.mhlw.go.jp/26/index.php?action_kouhyou_detail_004_kani=true&JigyosyoCd=2610907657-00&ServiceCd=130&Type=search", "url2": "http://www.kimotoiin.com/" }, "geometry": { "type": "Point", "coordinates": [ 135.767915099999982, 34.9516588 ] } },
{ "type": "Feature", "properties": { "内容": "ギフテッド訪問看護ステーション京都伏見事業所【訪問看護】京都市伏見区深草極楽町768", "url": "https://www.kaigokensaku.mhlw.go.jp/26/index.php?action_kouhyou_detail_004_kani=true&JigyosyoCd=2660990744-00&ServiceCd=130&Type=search", "url2": "https://gift-nurse.com/" }, "geometry": { "type": "Point", "coordinates": [ 135.7695948, 34.9558196 ] } },
{ "type": "Feature", "properties": { "内容": "アローズ訪問看護ステーション【訪問看護】京都府京都市伏見区新町13丁目283-1テラスハウス1号室", "url": "https://www.kaigokensaku.mhlw.go.jp/26/index.php?action_kouhyou_detail_004_kani=true&JigyosyoCd=2660990751-00&ServiceCd=130&Type=search", "url2": "https://kyotoarrows.com/" }, "geometry": { "type": "Point", "coordinates": [ 135.763742400000012, 34.9434073 ] } },
{ "type": "Feature", "properties": { "内容": "マトリカリア【訪問看護】京町3-200-1メゾンブランシュ2001階", "url": "https://www.kaigokensaku.mhlw.go.jp/26/index.php?action_kouhyou_detail_004_kani=true&JigyosyoCd=2660990777-00&ServiceCd=130&Type=search", "url2": null }, "geometry": { "type": "Point", "coordinates": [ 135.76482, 34.93298 ] } },
{ "type": "Feature", "properties": { "内容": "けあここ訪問看護リハビリステーション【訪問看護】京都市伏見区竹田西段川原町123ヴィランセンワ城南T103", "url": "https://www.kaigokensaku.mhlw.go.jp/26/index.php?action_kouhyou_detail_004_kani=true&JigyosyoCd=2660990728-00&ServiceCd=130&Type=search", "url2": "https://www.kyoto-fukushi.com/" }, "geometry": { "type": "Point", "coordinates": [ 135.753404499999988, 34.9568513 ] } },
{ "type": "Feature", "properties": { "内容": "ぐり～ん訪問看護ステーション【訪問看護】京都府京都市伏見区醍醐池田町10ラレーヴ1階1-GHI号室", "url": "https://www.kaigokensaku.mhlw.go.jp/26/index.php?action_kouhyou_detail_004_kani=true&JigyosyoCd=2660990371-00&ServiceCd=130&Type=search", "url2": "http://www.green-glass.net/" }, "geometry": { "type": "Point", "coordinates": [ 135.810202265611792, 34.946211230152969 ] } },
{ "type": "Feature", "properties": { "内容": "いきいき365訪問看護ステーション淀【訪問看護】京都府京都市伏見区淀本町154番地7", "url": "https://www.kaigokensaku.mhlw.go.jp/26/index.php?action_kouhyou_detail_004_kani=true&JigyosyoCd=2660990587-00&ServiceCd=130&Type=search", "url2": null }, "geometry": { "type": "Point", "coordinates": [ 135.719450235581974, 34.905572894060192 ] } },
{ "type": "Feature", "properties": { "内容": "医仁会武田総合病院【訪問看護】京都府京都市伏見区石田森南町28‐1", "url": "https://www.kaigokensaku.mhlw.go.jp/26/index.php?action_kouhyou_detail_004_kani=true&JigyosyoCd=2610903367-00&ServiceCd=130&Type=search", "url2": "https://www.takedahp.or.jp/ijinkai/" }, "geometry": { "type": "Point", "coordinates": [ 135.8026931, 34.938731900000015 ] } },
{ "type": "Feature", "properties": { "内容": "訪問看護ステーションにしむら【訪問看護】京都府京都市伏見区深草ヲカヤ町３２", "url": "https://www.kaigokensaku.mhlw.go.jp/26/index.php?action_kouhyou_detail_004_kani=true&JigyosyoCd=2660990660-00&ServiceCd=130&Type=search", "url2": "https://miroku-care.jp/" }, "geometry": { "type": "Point", "coordinates": [ 135.764097149073791, 34.963544390527566 ] } },
{ "type": "Feature", "properties": { "内容": "訪問看護ステーションテイクケアナース【訪問看護】京都府京都市伏見区石田内里町80-2", "url": "https://www.kaigokensaku.mhlw.go.jp/26/index.php?action_kouhyou_detail_004_kani=true&JigyosyoCd=2660990678-00&ServiceCd=130&Type=search", "url2": "なし" }, "geometry": { "type": "Point", "coordinates": [ 135.806751, 34.938253 ] } },
{ "type": "Feature", "properties": { "内容": "訪問看護ステーションゆうあい【訪問看護】京都府京都市伏見区桃山町大津町33アビタシオン南桃山205号", "url": "https://www.kaigokensaku.mhlw.go.jp/26/index.php?action_kouhyou_detail_004_kani=true&JigyosyoCd=2660990736-00&ServiceCd=130&Type=search", "url2": null }, "geometry": { "type": "Point", "coordinates": [ 135.789539600000012, 34.9333844 ] } },
{ "type": "Feature", "properties": { "内容": "アプリシェイト訪問看護ステーション【訪問看護】醍醐西大路町59-2パルアベニュー醍醐105号室", "url": "https://www.kaigokensaku.mhlw.go.jp/26/index.php?action_kouhyou_detail_004_kani=true&JigyosyoCd=2660990785-00&ServiceCd=130&Type=search", "url2": null }, "geometry": { "type": "Point", "coordinates": [ 135.8162285, 34.9496019 ] } },
{ "type": "Feature", "properties": { "内容": "訪問看護ステーションさくら【訪問看護】京都府京都市伏見区深草大亀谷大山町30", "url": "https://www.kaigokensaku.mhlw.go.jp/26/index.php?action_kouhyou_detail_004_kani=true&JigyosyoCd=2660990488-00&ServiceCd=130&Type=search", "url2": "https://miccle.com" }, "geometry": { "type": "Point", "coordinates": [ 135.778121199999987, 34.9478207 ] } },
{ "type": "Feature", "properties": { "内容": "訪問看護ステーション　ダリア【訪問看護】京都府京都市伏見区竹田西桶ノ井町１５番地JTSTUDIO102　号室", "url": "https://www.kaigokensaku.mhlw.go.jp/26/index.php?action_kouhyou_detail_004_kani=true&JigyosyoCd=2660990835-00&ServiceCd=130&Type=search", "url2": "https://levidahlia.com/" }, "geometry": { "type": "Point", "coordinates": [ 135.754873854002028, 34.955410396667361 ] } },
{ "type": "Feature", "properties": { "内容": "訪問看護ステーション「ひだまり」【訪問看護】京都市伏見区淀木津町197－1エイジングコート淀城公園1階", "url": "https://www.kaigokensaku.mhlw.go.jp/26/index.php?action_kouhyou_detail_004_kani=true&JigyosyoCd=2660990165-00&ServiceCd=130&Type=search", "url2": "http://www." }, "geometry": { "type": "Point", "coordinates": [ 135.713805099999973, 34.9036549 ] } },
{ "type": "Feature", "properties": { "内容": "医療法人玄紀会　西医院【訪問看護】京都府京都市伏見区深草稲荷御前町90番地西クリニックビル2階", "url": "https://www.kaigokensaku.mhlw.go.jp/26/index.php?action_kouhyou_detail_004_kani=true&JigyosyoCd=2610907186-00&ServiceCd=130&Type=search", "url2": "https://www.nishi-clinic.jp/" }, "geometry": { "type": "Point", "coordinates": [ 135.7706763, 34.9671719 ] } },
{ "type": "Feature", "properties": { "内容": "同和園訪問看護ステーション【訪問看護】京都府京都市伏見区醍醐上ノ山町11番地", "url": "https://www.kaigokensaku.mhlw.go.jp/26/index.php?action_kouhyou_detail_004_kani=true&JigyosyoCd=2660990397-00&ServiceCd=130&Type=search", "url2": "https://www.dowaen.jp" }, "geometry": { "type": "Point", "coordinates": [ 135.813794963987675, 34.957211175978209 ] } },
{ "type": "Feature", "properties": { "内容": "訪問看護ステーションみらい【訪問看護】京都市伏見区向島津田町102第2長栄マンション104", "url": "https://www.kaigokensaku.mhlw.go.jp/26/index.php?action_kouhyou_detail_004_kani=true&JigyosyoCd=2660990496-00&ServiceCd=130&Type=search", "url2": null }, "geometry": { "type": "Point", "coordinates": [ 135.7677936, 34.9209309 ] } },
{ "type": "Feature", "properties": { "内容": "訪問看護ステーションビィベル【訪問看護】向島吹田河原町０157番地5", "url": "https://www.kaigokensaku.mhlw.go.jp/26/index.php?action_kouhyou_detail_004_kani=true&JigyosyoCd=2660990579-00&ServiceCd=130&Type=search", "url2": null }, "geometry": { "type": "Point", "coordinates": [ 135.776248516007968, 34.923065551270327 ] } },
{ "type": "Feature", "properties": { "内容": "洛和会訪問看護ステーション桃山【訪問看護】京都府京都市伏見区桃山町大島38-528", "url": "https://www.kaigokensaku.mhlw.go.jp/26/index.php?action_kouhyou_detail_004_kani=true&JigyosyoCd=2660990140-00&ServiceCd=130&Type=search", "url2": "http://www.rakuwa.or.jp" }, "geometry": { "type": "Point", "coordinates": [ 135.790532100000064, 34.9254563 ] } },
{ "type": "Feature", "properties": { "内容": "ふじのもり訪問看護ステーション【訪問看護】京都市伏見区深草直違橋4丁目359-1", "url": "https://www.kaigokensaku.mhlw.go.jp/26/index.php?action_kouhyou_detail_004_kani=true&JigyosyoCd=2660990157-00&ServiceCd=130&Type=search", "url2": "http://i-kouseikai.com" }, "geometry": { "type": "Point", "coordinates": [ 135.7711334645264, 34.957928974382561 ] } },
{ "type": "Feature", "properties": { "内容": "洛和会訪問看護ステーション醍醐駅前【訪問看護】醍醐高畑町29番地の3ﾘﾊﾞｰﾋﾞﾙ1階リバービル1階", "url": "https://www.kaigokensaku.mhlw.go.jp/26/index.php?action_kouhyou_detail_004_kani=true&JigyosyoCd=2660990355-00&ServiceCd=130&Type=search", "url2": null }, "geometry": { "type": "Point", "coordinates": [ 135.810581005216676, 34.949676278073817 ] } },
{ "type": "Feature", "properties": { "内容": "社会医療法人健康会　伏見診療所【訪問看護】京都市伏見区銀座町3丁目318-1", "url": "https://www.kaigokensaku.mhlw.go.jp/26/index.php?action_kouhyou_detail_004_kani=true&JigyosyoCd=2610907525-00&ServiceCd=130&Type=search", "url2": "http://www.kyotominami.or.jp/" }, "geometry": { "type": "Point", "coordinates": [ 135.763998859524577, 34.935994572518723 ] } },
{ "type": "Feature", "properties": { "内容": "医療法人社団育生会　訪問看護ステーションふかくさ【訪問看護】京都府京都市伏見区深草西浦町8丁目15番地", "url": "https://www.kaigokensaku.mhlw.go.jp/26/index.php?action_kouhyou_detail_004_kani=true&JigyosyoCd=2660990041-00&ServiceCd=130&Type=search", "url2": "https://www.kuno-hospital.or.jp" }, "geometry": { "type": "Point", "coordinates": [ 135.76274920000003, 34.9601162 ] } },
{ "type": "Feature", "properties": { "内容": "医療法人社団高安医院　訪問看護ステーション神川【訪問看護】京都市伏見区中島中道町７５", "url": "https://www.kaigokensaku.mhlw.go.jp/26/index.php?action_kouhyou_detail_004_kani=true&JigyosyoCd=2660990058-00&ServiceCd=130&Type=search", "url2": "http://takayasu-group.com" }, "geometry": { "type": "Point", "coordinates": [ 135.747533500000031, 34.9475976 ] } },
{ "type": "Feature", "properties": { "内容": "メディケア・リハビリ訪問看護ステーション京都【訪問看護】京都府京都市伏見区桃山町金井戸島３－８１階", "url": "https://www.kaigokensaku.mhlw.go.jp/26/index.php?action_kouhyou_detail_004_kani=true&JigyosyoCd=2660990231-00&ServiceCd=130&Type=search", "url2": "http://kango.medi-care.co.jp/" }, "geometry": { "type": "Point", "coordinates": [ 135.7584766, 34.926125 ] } },
{ "type": "Feature", "properties": { "内容": "訪問看護ステーション伏見【訪問看護】京都府京都市伏見区車町297ピア車町２階", "url": "https://www.kaigokensaku.mhlw.go.jp/26/index.php?action_kouhyou_detail_004_kani=true&JigyosyoCd=2660990264-00&ServiceCd=130&Type=search", "url2": null }, "geometry": { "type": "Point", "coordinates": [ 135.758959900000036, 34.9308578 ] } },
{ "type": "Feature", "properties": { "内容": "訪問看護ステーションしらゆり【訪問看護】京都府京都市伏見区深草西浦町7丁目73-1ニューライフマンション藤森203", "url": "https://www.kaigokensaku.mhlw.go.jp/26/index.php?action_kouhyou_detail_004_kani=true&JigyosyoCd=2660990454-00&ServiceCd=130&Type=search", "url2": null }, "geometry": { "type": "Point", "coordinates": [ 135.763905200000011, 34.9574763 ] } },
{ "type": "Feature", "properties": { "内容": "訪問看護ステーション　なごみの里【訪問看護】京都府京都市伏見区日野西風呂町5番地", "url": "https://www.kaigokensaku.mhlw.go.jp/26/index.php?action_kouhyou_detail_004_kani=true&JigyosyoCd=2660990546-00&ServiceCd=130&Type=search", "url2": null }, "geometry": { "type": "Point", "coordinates": [ 135.812910399999964, 34.9356804 ] } },
{ "type": "Feature", "properties": { "内容": "蘇生会訪問看護ステーション【訪問看護】京都市伏見区下鳥羽上三栖町134番地", "url": "https://www.kaigokensaku.mhlw.go.jp/26/index.php?action_kouhyou_detail_004_kani=true&JigyosyoCd=2660990033-00&ServiceCd=130&Type=search", "url2": "http://www.soseikai.or.jp" }, "geometry": { "type": "Point", "coordinates": [ 135.746205499999974, 34.9336434 ] } },
{ "type": "Feature", "properties": { "内容": "訪問看護ステーション　ケアネットすばる【訪問看護】京都市伏見区深草池ノ内町7-15番地", "url": "https://www.kaigokensaku.mhlw.go.jp/26/index.php?action_kouhyou_detail_004_kani=true&JigyosyoCd=2660990181-00&ServiceCd=130&Type=search", "url2": "http://www.carenet-subaru.com/" }, "geometry": { "type": "Point", "coordinates": [ 135.766032, 34.9535197 ] } },
{ "type": "Feature", "properties": { "内容": "訪問看護ステーション墨染の家ほっこり【訪問看護】京都府京都市伏見区深草石橋町18-1", "url": "https://www.kaigokensaku.mhlw.go.jp/26/index.php?action_kouhyou_detail_004_kani=true&JigyosyoCd=2660990470-00&ServiceCd=130&Type=search", "url2": null }, "geometry": { "type": "Point", "coordinates": [ 135.770480099999986, 34.947565 ] } },
{ "type": "Feature", "properties": { "内容": "えがお訪問看護ステーション【訪問看護】京都府京都市伏見区竹田田中宮町97グリーンヴィレッジ吉田108号室", "url": "https://www.kaigokensaku.mhlw.go.jp/26/index.php?action_kouhyou_detail_004_kani=true&JigyosyoCd=2660990512-00&ServiceCd=130&Type=search", "url2": "http://ｈｐ.kaipoke.biz/xmk/" }, "geometry": { "type": "Point", "coordinates": [ 135.7539802, 34.9488336 ] } },
{ "type": "Feature", "properties": { "内容": "社会福祉法人　清和園　城南ホーム　訪問看護ステーション【訪問看護】竹田中内畑町５３城南ホーム", "url": "https://www.kaigokensaku.mhlw.go.jp/26/index.php?action_kouhyou_detail_004_kani=true&JigyosyoCd=2660990629-00&ServiceCd=130&Type=search", "url2": "https://www.seiwaen.or.jp/shisetsu/jyonan.html" }, "geometry": { "type": "Point", "coordinates": [ 135.7536546, 34.9532992 ] } },
{ "type": "Feature", "properties": { "内容": "カインドナース桃【訪問看護】京都府京都市伏見区桃山町本多上野74番3シニアハウス桃山内", "url": "https://www.kaigokensaku.mhlw.go.jp/26/index.php?action_kouhyou_detail_004_kani=true&JigyosyoCd=2660990710-00&ServiceCd=130&Type=search", "url2": "http://bekind.jp" }, "geometry": { "type": "Point", "coordinates": [ 135.7752415, 34.9303303 ] } },
{ "type": "Feature", "properties": { "内容": "訪問看護ステーションあじさい【訪問看護】京都府京都市伏見区向島二ノ丸町１５１番８１", "url": "https://www.kaigokensaku.mhlw.go.jp/26/index.php?action_kouhyou_detail_004_kani=true&JigyosyoCd=2660990330-00&ServiceCd=130&Type=search", "url2": "https://koshokai-swc.or.jp" }, "geometry": { "type": "Point", "coordinates": [ 135.777291600000012, 34.9169152 ] } },
{ "type": "Feature", "properties": { "内容": "訪問看護ステーションこころ【訪問看護】京都市伏見区紙子屋町531番地", "url": "https://www.kaigokensaku.mhlw.go.jp/26/index.php?action_kouhyou_detail_004_kani=true&JigyosyoCd=2660990421-00&ServiceCd=130&Type=search", "url2": "http://www.kokoro.care" }, "geometry": { "type": "Point", "coordinates": [ 135.762220800000023, 34.9399152 ] } },
{ "type": "Feature", "properties": { "内容": "訪問看護リハビリステーションたもつ【訪問看護】京都府京都市伏見区深草七瀬川町891-13", "url": "https://www.kaigokensaku.mhlw.go.jp/26/index.php?action_kouhyou_detail_004_kani=true&JigyosyoCd=2660990504-00&ServiceCd=130&Type=search", "url2": "https://tamotsu365.com/" }, "geometry": { "type": "Point", "coordinates": [ 135.768757804266755, 34.953248111770016 ] } },
{ "type": "Feature", "properties": { "内容": "訪問看護ステーションあおい【訪問看護】京都府京都市伏見区桃山町丹後6-7グランデュール桃山103", "url": "https://www.kaigokensaku.mhlw.go.jp/26/index.php?action_kouhyou_detail_004_kani=true&JigyosyoCd=2660990868-00&ServiceCd=130&Type=search", "url2": null }, "geometry": { "type": "Point", "coordinates": [ 135.7834667, 34.9321127 ] } },
{ "type": "Feature", "properties": { "内容": "株式会社SOLA【訪問看護】京都府京都市伏見区竹田浄菩提院町146番地", "url": "https://www.kaigokensaku.mhlw.go.jp/26/index.php?action_kouhyou_detail_004_kani=true&JigyosyoCd=2660990884-00&ServiceCd=130&Type=search", "url2": "https://oneplus-kango.jp" }, "geometry": { "type": "Point", "coordinates": [ 135.7558704, 34.951219 ] } },
{ "type": "Feature", "properties": { "内容": "訪問看護ステーションCOPIN【訪問看護】京都府京都市伏見区深草勧進橋町64", "url": "https://www.kaigokensaku.mhlw.go.jp/26/index.php?action_kouhyou_detail_004_kani=true&JigyosyoCd=2660990900-00&ServiceCd=130&Type=search", "url2": null }, "geometry": { "type": "Point", "coordinates": [ 135.761302199999989, 34.9679759 ] } },
{ "type": "Feature", "properties": { "内容": "訪問看護ステーションナンバーワン伏見【訪問看護】京都府京都市伏見区淀池上町174番地67キーストンハウス１階", "url": "https://www.kaigokensaku.mhlw.go.jp/26/index.php?action_kouhyou_detail_004_kani=true&JigyosyoCd=2660990918-00&ServiceCd=130&Type=search", "url2": "https://kinjito.jp" }, "geometry": { "type": "Point", "coordinates": [ 135.7186265, 34.9034198 ] } },
{ "type": "Feature", "properties": { "内容": "訪問看護ステーションふぉすたあ伏見【訪問看護】京都府京都市伏見区小栗栖森本町10-3シャンポール蜂の壷303号室", "url": "https://www.kaigokensaku.mhlw.go.jp/26/index.php?action_kouhyou_detail_004_kani=true&JigyosyoCd=2660990694-00&ServiceCd=130&Type=search", "url2": "https://akmeeting.com/" }, "geometry": { "type": "Point", "coordinates": [ 135.8013975, 34.9441523 ] } },
{ "type": "Feature", "properties": { "内容": "アリス訪問看護ステーション【訪問看護】京都市伏見区深草石橋町19メゾンルエ105", "url": "https://www.kaigokensaku.mhlw.go.jp/26/index.php?action_kouhyou_detail_004_kani=true&JigyosyoCd=2660990934-00&ServiceCd=130&Type=search", "url2": "entoan0404.com" }, "geometry": { "type": "Point", "coordinates": [ 135.770044500000012, 34.9476502 ] } },
{ "type": "Feature", "properties": { "内容": "訪問看護ステーション　リヤンド京都伏見【訪問看護】京都府京都市伏見区日野奥出21番地", "url": "https://www.kaigokensaku.mhlw.go.jp/26/index.php?action_kouhyou_detail_004_kani=true&JigyosyoCd=2660990942-00&ServiceCd=130&Type=search", "url2": "https://liende-kizuna.jp/kyoto-fushimi/" }, "geometry": { "type": "Point", "coordinates": [ 135.816065180950943, 34.930022715449674 ] } },
{ "type": "Feature", "properties": { "内容": "訪問看護ステーション美縁【訪問看護】醍醐御陵東裏町38－1", "url": "https://www.kaigokensaku.mhlw.go.jp/26/index.php?action_kouhyou_detail_004_kani=true&JigyosyoCd=2660990827-00&ServiceCd=130&Type=search", "url2": "https://miennn.jimdofree.com/" }, "geometry": { "type": "Point", "coordinates": [ 135.8234986, 34.9537714 ] } },
{ "type": "Feature", "properties": { "内容": "訪問看護ステーション　ココ【訪問看護】京都府京都市山科区大宅沢町３ハイムシエナＴ２－５", "url": "https://www.kaigokensaku.mhlw.go.jp/26/index.php?action_kouhyou_detail_004_kani=true&JigyosyoCd=2664190119-00&ServiceCd=130&Type=search", "url2": null }, "geometry": { "type": "Point", "coordinates": [ 135.816657599999985, 34.9699086 ] } },
{ "type": "Feature", "properties": { "内容": "訪問看護ステーション夢眠やましな【訪問看護】京都府京都市山科区勧修寺御所内町20番1号", "url": "https://www.kaigokensaku.mhlw.go.jp/26/index.php?action_kouhyou_detail_004_kani=true&JigyosyoCd=2664190192-00&ServiceCd=130&Type=search", "url2": null }, "geometry": { "type": "Point", "coordinates": [ 135.8104084, 34.9573622 ] } },
{ "type": "Feature", "properties": { "内容": "北花山訪問看護ステーション【訪問看護】京都府京都市山科区北花山中道町52番地82", "url": "https://www.kaigokensaku.mhlw.go.jp/26/index.php?action_kouhyou_detail_004_kani=true&JigyosyoCd=2664190234-00&ServiceCd=130&Type=search", "url2": "https://kazutaka2728.wixsite.com/my-site" }, "geometry": { "type": "Point", "coordinates": [ 135.8014066, 34.9866109 ] } },
{ "type": "Feature", "properties": { "内容": "今井内科診療所【訪問看護】四ノ宮南河原町3番地", "url": "https://www.kaigokensaku.mhlw.go.jp/26/index.php?action_kouhyou_detail_004_kani=true&JigyosyoCd=2614102719-00&ServiceCd=130&Type=search", "url2": "www.imai-medical.com" }, "geometry": { "type": "Point", "coordinates": [ 135.8215409, 34.9911822 ] } },
{ "type": "Feature", "properties": { "内容": "訪問看護ステーション仁【訪問看護】小野蚊ケ瀬町65リッチモンド小野101号室", "url": "https://www.kaigokensaku.mhlw.go.jp/26/index.php?action_kouhyou_detail_004_kani=true&JigyosyoCd=2664190242-00&ServiceCd=130&Type=search", "url2": "http://hp.kaipoke.biz/r0r/" }, "geometry": { "type": "Point", "coordinates": [ 135.812900899999988, 34.9634327 ] } },
{ "type": "Feature", "properties": { "内容": "訪問看護ステーション咲【訪問看護】京都府京都市山科区御陵四丁野町20-13", "url": "https://www.kaigokensaku.mhlw.go.jp/26/index.php?action_kouhyou_detail_004_kani=true&JigyosyoCd=2664190291-00&ServiceCd=130&Type=search", "url2": "https://www.ltd-otto.jp" }, "geometry": { "type": "Point", "coordinates": [ 135.811634199999986, 34.987606 ] } },
{ "type": "Feature", "properties": { "内容": "訪問看護ステーション結ぶ【訪問看護】京都府京都市山科区東野舞台町６９番地13", "url": "https://www.kaigokensaku.mhlw.go.jp/26/index.php?action_kouhyou_detail_004_kani=true&JigyosyoCd=2664190275-00&ServiceCd=130&Type=search", "url2": "https://joys.kyoto.jp" }, "geometry": { "type": "Point", "coordinates": [ 135.808530100000013, 34.9745037 ] } },
{ "type": "Feature", "properties": { "内容": "訪問看護ステーション叶【訪問看護】京都府山科区御陵天徳町２１－５", "url": "https://www.kaigokensaku.mhlw.go.jp/26/index.php?action_kouhyou_detail_004_kani=true&JigyosyoCd=2664190226-00&ServiceCd=130&Type=search", "url2": "https://kanou53.com" }, "geometry": { "type": "Point", "coordinates": [ 135.8120326, 34.9916099 ] } },
{ "type": "Feature", "properties": { "内容": "パナソニックエイジフリーケアセンター京都椥辻・訪問看護【訪問看護】京都市山科区椥辻池尻町12-1", "url": "https://www.kaigokensaku.mhlw.go.jp/26/index.php?action_kouhyou_detail_004_kani=true&JigyosyoCd=2664190176-00&ServiceCd=130&Type=search", "url2": null }, "geometry": { "type": "Point", "coordinates": [ 135.813937, 34.972789 ] } },
{ "type": "Feature", "properties": { "内容": "訪問看護ステーション　ナース原【訪問看護】京都府京都市山科区勧修寺泉玉町6‐3", "url": "https://www.kaigokensaku.mhlw.go.jp/26/index.php?action_kouhyou_detail_004_kani=true&JigyosyoCd=2664190325-00&ServiceCd=130&Type=search", "url2": "https://r.goope.jp/nshara" }, "geometry": { "type": "Point", "coordinates": [ 135.805497084587927, 34.96455473794304 ] } },
{ "type": "Feature", "properties": { "内容": "スローハンドケア山科訪問看護ステーション【訪問看護】京都府京都市山科区竹鼻立原町3-23", "url": "https://www.kaigokensaku.mhlw.go.jp/26/index.php?action_kouhyou_detail_004_kani=true&JigyosyoCd=2664190283-00&ServiceCd=130&Type=search", "url2": "https://wisdom-slowhandcare.com/" }, "geometry": { "type": "Point", "coordinates": [ 135.820438, 34.9885502 ] } },
{ "type": "Feature", "properties": { "内容": "訪問看護ステーションまどか【訪問看護】京都市山科区椥辻草海道町36-245", "url": "https://www.kaigokensaku.mhlw.go.jp/26/index.php?action_kouhyou_detail_004_kani=true&JigyosyoCd=2664190408-00&ServiceCd=130&Type=search", "url2": "https:houkan-madoka.com" }, "geometry": { "type": "Point", "coordinates": [ 135.8156146, 34.9718162 ] } },
{ "type": "Feature", "properties": { "内容": "訪問看護ステーションはーとふる京都山科【訪問看護】京都府京都市山科区西野山射庭ノ上町202番地1", "url": "https://www.kaigokensaku.mhlw.go.jp/26/index.php?action_kouhyou_detail_004_kani=true&JigyosyoCd=2664190390-00&ServiceCd=130&Type=search", "url2": "https://www.heartfulcare.com/" }, "geometry": { "type": "Point", "coordinates": [ 135.798612760782618, 34.972840237987768 ] } },
{ "type": "Feature", "properties": { "内容": "みか月訪問看護ステーション【訪問看護】京都府京都市山科区大宅御供田町１番地SQUAREGARDENEAST1F-A", "url": "https://www.kaigokensaku.mhlw.go.jp/26/index.php?action_kouhyou_detail_004_kani=true&JigyosyoCd=2664190416-00&ServiceCd=130&Type=search", "url2": null }, "geometry": { "type": "Point", "coordinates": [ 135.8137046, 34.9698127 ] } },
{ "type": "Feature", "properties": { "内容": "訪問看護ステーション　K-HOME京都【訪問看護】京都市山科区勧修寺西金ケ崎252ミニヨンハウス勧修102", "url": "https://www.kaigokensaku.mhlw.go.jp/26/index.php?action_kouhyou_detail_004_kani=true&JigyosyoCd=2664190424-00&ServiceCd=130&Type=search", "url2": null }, "geometry": { "type": "Point", "coordinates": [ 135.805505399999987, 34.9687763 ] } },
{ "type": "Feature", "properties": { "内容": "洛和会音羽リハビリテーション病院訪問看護ステーション【訪問看護】京都市山科区小山北溝町32-1", "url": "https://www.kaigokensaku.mhlw.go.jp/26/index.php?action_kouhyou_detail_004_kani=true&JigyosyoCd=2664190010-00&ServiceCd=130&Type=search", "url2": "https://www.rakuwa.or.jp/otowareha/lp-home-nursing/service/type/index.html#nursing" }, "geometry": { "type": "Point", "coordinates": [ 135.830142499999965, 34.987109539610564 ] } },
{ "type": "Feature", "properties": { "内容": "公益社団法人信和会訪問看護ステーションひまわり【訪問看護】京都府京都市山科区小野西浦６８－８レジデンス1階奥", "url": "https://www.kaigokensaku.mhlw.go.jp/26/index.php?action_kouhyou_detail_004_kani=true&JigyosyoCd=2664190085-00&ServiceCd=130&Type=search", "url2": "https://www.shinwakai-min.com" }, "geometry": { "type": "Point", "coordinates": [ 135.813924600000064, 34.9604205 ] } },
{ "type": "Feature", "properties": { "内容": "洛和会訪問看護ステーション音羽【訪問看護】京都市山科区音羽森廻り町34番地の8", "url": "https://www.kaigokensaku.mhlw.go.jp/26/index.php?action_kouhyou_detail_004_kani=true&JigyosyoCd=2664190218-00&ServiceCd=130&Type=search", "url2": null }, "geometry": { "type": "Point", "coordinates": [ 135.824673600000011, 34.9864784 ] } },
{ "type": "Feature", "properties": { "内容": "一般社団法人　愛生会訪問看護ステーション【訪問看護】京都市山科区竹鼻四丁野町19番地の4", "url": "https://www.kaigokensaku.mhlw.go.jp/26/index.php?action_kouhyou_detail_004_kani=true&JigyosyoCd=2664190051-00&ServiceCd=130&Type=search", "url2": "http://www.aiseikaihp.or.jp" }, "geometry": { "type": "Point", "coordinates": [ 135.816120622090153, 34.987615537145246 ] } },
{ "type": "Feature", "properties": { "内容": "医療法人新生十全会　訪問看護ステーション　よりそい【訪問看護】日ノ岡夷谷町11番地", "url": "https://www.kaigokensaku.mhlw.go.jp/26/index.php?action_kouhyou_detail_004_kani=true&JigyosyoCd=2664190200-00&ServiceCd=130&Type=search", "url2": "http://www.juzenkai.or.jp" }, "geometry": { "type": "Point", "coordinates": [ 135.795133800000031, 35.0006103 ] } },
{ "type": "Feature", "properties": { "内容": "訪問看護ステーションすずらん【訪問看護】京都府京都市山科区勧修寺平田町7番地", "url": "https://www.kaigokensaku.mhlw.go.jp/26/index.php?action_kouhyou_detail_004_kani=true&JigyosyoCd=2664190077-00&ServiceCd=130&Type=search", "url2": "http://www.siki-kyoto.com" }, "geometry": { "type": "Point", "coordinates": [ 135.812020326626822, 34.967820926324258 ] } },
{ "type": "Feature", "properties": { "内容": "訪問看護ステーション紡【訪問看護】勧修寺東出町70番地INSIGHTREPOSYamashinaOno503", "url": "https://www.kaigokensaku.mhlw.go.jp/26/index.php?action_kouhyou_detail_004_kani=true&JigyosyoCd=2664190440-00&ServiceCd=130&Type=search", "url2": null }, "geometry": { "type": "Point", "coordinates": [ 135.811662, 34.9601372 ] } },
{ "type": "Feature", "properties": { "内容": "訪問看護ステーションおとなり【訪問看護】京都府京都市西京区桂千代原町15-11階", "url": "https://www.kaigokensaku.mhlw.go.jp/26/index.php?action_kouhyou_detail_004_kani=true&JigyosyoCd=2664090194-00&ServiceCd=130&Type=search", "url2": "https://www.otonari-care.com/" }, "geometry": { "type": "Point", "coordinates": [ 135.698824999370999, 34.981702004072815 ] } },
{ "type": "Feature", "properties": { "内容": "三菱京都病院【訪問看護】桂御所町1番地", "url": "https://www.kaigokensaku.mhlw.go.jp/26/index.php?action_kouhyou_detail_004_kani=true&JigyosyoCd=2614000103-00&ServiceCd=130&Type=search", "url2": "https://mitsubishi-hp.jp" }, "geometry": { "type": "Point", "coordinates": [ 135.701230500245316, 34.987950999966976 ] } },
{ "type": "Feature", "properties": { "内容": "訪問看護ステーション友貴【訪問看護】京都府京都市西京区御陵内町10－1", "url": "https://www.kaigokensaku.mhlw.go.jp/26/index.php?action_kouhyou_detail_004_kani=true&JigyosyoCd=2664090186-00&ServiceCd=130&Type=search", "url2": "houmonkango-yuuki.com" }, "geometry": { "type": "Point", "coordinates": [ 135.691462816564552, 34.978773836681135 ] } },
{ "type": "Feature", "properties": { "内容": "ほわいえ訪問看護ステーション西京【訪問看護】京都府京都市西京区下津林番条110", "url": "https://www.kaigokensaku.mhlw.go.jp/26/index.php?action_kouhyou_detail_004_kani=true&JigyosyoCd=2664090293-00&ServiceCd=130&Type=search", "url2": "https://foyer-rhns.com" }, "geometry": { "type": "Point", "coordinates": [ 135.7112655, 34.9713197 ] } },
{ "type": "Feature", "properties": { "内容": "医療法人清仁会　訪問看護ステーション「シミズ」【訪問看護】京都市西京区大枝東新林町3丁目6", "url": "https://www.kaigokensaku.mhlw.go.jp/26/index.php?action_kouhyou_detail_004_kani=true&JigyosyoCd=2664090038-00&ServiceCd=130&Type=search", "url2": "https://www.shimizu-hospital.or.jp/" }, "geometry": { "type": "Point", "coordinates": [ 135.673927064340177, 34.966808334200842 ] } },
{ "type": "Feature", "properties": { "内容": "りゅうじん訪問看護ステーション京都【訪問看護】桂坤町38-6", "url": "https://www.kaigokensaku.mhlw.go.jp/26/index.php?action_kouhyou_detail_004_kani=true&JigyosyoCd=2664090095-00&ServiceCd=130&Type=search", "url2": "https://www.ryujin-ns.com/" }, "geometry": { "type": "Point", "coordinates": [ 135.695960503149422, 34.98042896532025 ] } },
{ "type": "Feature", "properties": { "内容": "訪問看護ステーションひなた【訪問看護】京都府京都市西京区牛ケ瀬西柿町70番地", "url": "https://www.kaigokensaku.mhlw.go.jp/26/index.php?action_kouhyou_detail_004_kani=true&JigyosyoCd=2664090079-00&ServiceCd=130&Type=search", "url2": "http://www.vcn-hinata.com" }, "geometry": { "type": "Point", "coordinates": [ 135.715609200000017, 34.9712084 ] } },
{ "type": "Feature", "properties": { "内容": "訪問看護ステーション秋桜【訪問看護】京都市西京区川島権田町36-1", "url": "https://www.kaigokensaku.mhlw.go.jp/26/index.php?action_kouhyou_detail_004_kani=true&JigyosyoCd=2664090020-00&ServiceCd=130&Type=search", "url2": "http://www.hospynkh.jp" }, "geometry": { "type": "Point", "coordinates": [ 135.696797426875264, 34.979426527780234 ] } },
{ "type": "Feature", "properties": { "内容": "指定訪問看護ステーション「ケアネットよしだ」【訪問看護】京都市西京区桂畑ヶ田町１０２", "url": "https://www.kaigokensaku.mhlw.go.jp/26/index.php?action_kouhyou_detail_004_kani=true&JigyosyoCd=2664090046-00&ServiceCd=130&Type=search", "url2": "http://www.carenet-yoshida.co.jp/" }, "geometry": { "type": "Point", "coordinates": [ 135.704324345382673, 34.993569337157552 ] } },
{ "type": "Feature", "properties": { "内容": "公益社団法人京都保健会　訪問看護ステーションかみの【訪問看護】京都府京都市西京区上桂大野町25-34", "url": "https://www.kaigokensaku.mhlw.go.jp/26/index.php?action_kouhyou_detail_004_kani=true&JigyosyoCd=2664090103-00&ServiceCd=130&Type=search", "url2": "http://www.kyoto-hokenkai.or.jp/kamino/st_kamino.htm" }, "geometry": { "type": "Point", "coordinates": [ 135.697686278404603, 34.991406573092391 ] } },
{ "type": "Feature", "properties": { "内容": "訪問看護ステーションワトレイにし【訪問看護】京都府京都市西京区大枝西新林町５丁目１－１４", "url": "https://www.kaigokensaku.mhlw.go.jp/26/index.php?action_kouhyou_detail_004_kani=true&JigyosyoCd=2660790284-00&ServiceCd=130&Type=search", "url2": "http://watorei.jp" }, "geometry": { "type": "Point", "coordinates": [ 135.667268499999977, 34.9684309 ] } },
{ "type": "Feature", "properties": { "内容": "訪問看護ステーション　シエル【訪問看護】京都府京都市西京区桂芝ノ下町18-3桂デッサム102号室", "url": "https://www.kaigokensaku.mhlw.go.jp/26/index.php?action_kouhyou_detail_004_kani=true&JigyosyoCd=2660990603-00&ServiceCd=130&Type=search", "url2": "https://www.ciel-houmon-kango.com" }, "geometry": { "type": "Point", "coordinates": [ 135.707187365451063, 34.982156853719566 ] } },
{ "type": "Feature", "properties": { "内容": "訪問看護ステーションアドナース【訪問看護】大原野西境谷町2丁目14-10", "url": "https://www.kaigokensaku.mhlw.go.jp/26/index.php?action_kouhyou_detail_004_kani=true&JigyosyoCd=2664090061-00&ServiceCd=130&Type=search", "url2": "http://adnurse.info/" }, "geometry": { "type": "Point", "coordinates": [ 135.66901, 34.96229240000001 ] } },
{ "type": "Feature", "properties": { "内容": "ぐりっど洛西訪問看護ステーション【訪問看護】京都府京都市西京区大枝北福西町三丁目2-18", "url": "https://www.kaigokensaku.mhlw.go.jp/26/index.php?action_kouhyou_detail_004_kani=true&JigyosyoCd=2664090111-00&ServiceCd=130&Type=search", "url2": "https://gridrakusai.com" }, "geometry": { "type": "Point", "coordinates": [ 135.683150599999976, 34.9598538 ] } },
{ "type": "Feature", "properties": { "内容": "訪問看護ステーションえごころ【訪問看護】大枝沓掛町9-10", "url": "https://www.kaigokensaku.mhlw.go.jp/26/index.php?action_kouhyou_detail_004_kani=true&JigyosyoCd=2664090202-00&ServiceCd=130&Type=search", "url2": "https://egokoro.net" }, "geometry": { "type": "Point", "coordinates": [ 135.669225399999988, 34.9748398 ] } },
{ "type": "Feature", "properties": { "内容": "合同会社訪問看護ステーション花【訪問看護】京都府京都市西京区桂乾町1-8", "url": "https://www.kaigokensaku.mhlw.go.jp/26/index.php?action_kouhyou_detail_004_kani=true&JigyosyoCd=2664090244-00&ServiceCd=130&Type=search", "url2": null }, "geometry": { "type": "Point", "coordinates": [ 135.6935258, 34.9836496 ] } },
{ "type": "Feature", "properties": { "内容": "ウェルスタイル京都桂川訪問看護ステーション【訪問看護】京都府京都市西京区下津林南大般若町41トートイス京都桂川　4階", "url": "https://www.kaigokensaku.mhlw.go.jp/26/index.php?action_kouhyou_detail_004_kani=true&JigyosyoCd=2664090277-00&ServiceCd=130&Type=search", "url2": null }, "geometry": { "type": "Point", "coordinates": [ 135.713905852778623, 34.974611225668497 ] } },
{ "type": "Feature", "properties": { "内容": "訪問看護ステーション　あるめりあ【訪問看護】京都府京都市西京区樫原盆山10番地2シャルレ14番館　305号", "url": "https://www.kaigokensaku.mhlw.go.jp/26/index.php?action_kouhyou_detail_004_kani=true&JigyosyoCd=2664090335-00&ServiceCd=130&Type=search", "url2": "https://www.lumiere-2024.com/" }, "geometry": { "type": "Point", "coordinates": [ 135.687233, 34.9741351 ] } },
{ "type": "Feature", "properties": { "内容": "訪問看護ステーションユースフル京都【訪問看護】京都府京都市西京区山田弦馳町17アーバンハイツ苔寺206号", "url": "https://www.kaigokensaku.mhlw.go.jp/26/index.php?action_kouhyou_detail_004_kani=true&JigyosyoCd=2664090327-00&ServiceCd=130&Type=search", "url2": "https://lifecare-ikkyu.net/service/1862/" }, "geometry": { "type": "Point", "coordinates": [ 135.6906443, 34.9903466 ] } },
{ "type": "Feature", "properties": { "内容": "医療法人社団志高会三菱京都病院訪問看護ステーション【訪問看護】京都府京都市西京区桂御所町1番地", "url": "https://www.kaigokensaku.mhlw.go.jp/26/index.php?action_kouhyou_detail_004_kani=true&JigyosyoCd=2664090343-00&ServiceCd=130&Type=search", "url2": null }, "geometry": { "type": "Point", "coordinates": [ 135.701779499999986, 34.9868417 ] } },
{ "type": "Feature", "properties": { "内容": "優愛訪問看護リハビリステーション【訪問看護】京都府京都市西京区山田開キ町10-22", "url": "https://www.kaigokensaku.mhlw.go.jp/26/index.php?action_kouhyou_detail_004_kani=true&JigyosyoCd=2664090228-00&ServiceCd=130&Type=search", "url2": null }, "geometry": { "type": "Point", "coordinates": [ 135.687526, 34.989069300000011 ] } },
{ "type": "Feature", "properties": { "内容": "訪問看護ステーションおおえ【訪問看護】京都府福知山市大江町河守186番地", "url": "https://www.kaigokensaku.mhlw.go.jp/26/index.php?action_kouhyou_detail_004_kani=true&JigyosyoCd=2662690110-00&ServiceCd=130&Type=search", "url2": null }, "geometry": { "type": "Point", "coordinates": [ 135.147856199999978, 35.3929501 ] } },
{ "type": "Feature", "properties": { "内容": "訪問看護ステーションcoco【訪問看護】京都府福知山市土師1776-216", "url": "https://www.kaigokensaku.mhlw.go.jp/26/index.php?action_kouhyou_detail_004_kani=true&JigyosyoCd=2662690151-00&ServiceCd=130&Type=search", "url2": "https://llc-coco1108.com/" }, "geometry": { "type": "Point", "coordinates": [ 135.1485336, 35.284806 ] } },
{ "type": "Feature", "properties": { "内容": "訪問看護ステーションいわと【訪問看護】福知山市字猪野々31－1", "url": "https://www.kaigokensaku.mhlw.go.jp/26/index.php?action_kouhyou_detail_004_kani=true&JigyosyoCd=2662690037-00&ServiceCd=130&Type=search", "url2": "https://swc-seikouen.jp" }, "geometry": { "type": "Point", "coordinates": [ 135.043567942991672, 35.327885817865337 ] } },
{ "type": "Feature", "properties": { "内容": "医療法人　福冨士会　訪問看護【訪問看護】京都府福知山市末広町4丁目13番地", "url": "https://www.kaigokensaku.mhlw.go.jp/26/index.php?action_kouhyou_detail_004_kani=true&JigyosyoCd=2612600938-00&ServiceCd=130&Type=search", "url2": "http://www.renaiss.jp/sinryoukagoannai.html" }, "geometry": { "type": "Point", "coordinates": [ 135.116438799999969, 35.2983801 ] } },
{ "type": "Feature", "properties": { "内容": "社会福祉法人清和会みわ訪問看護ステーション　みわの里【訪問看護】福知山市三和町千束375", "url": "https://www.kaigokensaku.mhlw.go.jp/26/index.php?action_kouhyou_detail_004_kani=true&JigyosyoCd=2662690052-00&ServiceCd=130&Type=search", "url2": null }, "geometry": { "type": "Point", "coordinates": [ 135.23298879999993, 35.2153541 ] } },
{ "type": "Feature", "properties": { "内容": "公益社団法人京都保健会ほっとステーションきぼう【訪問看護】京都府福知山市字土一番地", "url": "https://www.kaigokensaku.mhlw.go.jp/26/index.php?action_kouhyou_detail_004_kani=true&JigyosyoCd=2662690094-00&ServiceCd=130&Type=search", "url2": "https://www.kyoto-hokenkai.or.jp" }, "geometry": { "type": "Point", "coordinates": [ 135.163309499999968, 35.2969899 ] } },
{ "type": "Feature", "properties": { "内容": "訪問看護ステーションいすず【訪問看護】京都府福知山市大江町二俣1607番地", "url": "https://www.kaigokensaku.mhlw.go.jp/26/index.php?action_kouhyou_detail_004_kani=true&JigyosyoCd=2662690060-00&ServiceCd=130&Type=search", "url2": "http://www.isuzukai.org/" }, "geometry": { "type": "Point", "coordinates": [ 135.158376800000042, 35.4184222 ] } },
{ "type": "Feature", "properties": { "内容": "医療法人　静寿会　訪問看護ステーションすまいる【訪問看護】京都府福知山市字牧４９０番地渡辺医院２階", "url": "https://www.kaigokensaku.mhlw.go.jp/26/index.php?action_kouhyou_detail_004_kani=true&JigyosyoCd=2662690102-00&ServiceCd=130&Type=search", "url2": "http://www.seijukai-watanabehp.jp" }, "geometry": { "type": "Point", "coordinates": [ 135.097070799999983, 35.3365699 ] } },
{ "type": "Feature", "properties": { "内容": "訪問看護ステーション　ほっぷ【訪問看護】京都府福知山市荒河新町82番地", "url": "https://www.kaigokensaku.mhlw.go.jp/26/index.php?action_kouhyou_detail_004_kani=true&JigyosyoCd=2662690144-00&ServiceCd=130&Type=search", "url2": "http://www.houkan-hop.com" }, "geometry": { "type": "Point", "coordinates": [ 135.110586499999954, 35.3114618 ] } },
{ "type": "Feature", "properties": { "内容": "訪問看護ステーションこもれび【訪問看護】京都府福知山市字長田７８５", "url": "https://www.kaigokensaku.mhlw.go.jp/26/index.php?action_kouhyou_detail_004_kani=true&JigyosyoCd=2662690128-00&ServiceCd=130&Type=search", "url2": null }, "geometry": { "type": "Point", "coordinates": [ 135.165335300000038, 35.2719824 ] } },
{ "type": "Feature", "properties": { "内容": "ハートケア訪問看護ステーション【訪問看護】京都府福知山市夜久野町額田１３９４－１", "url": "https://www.kaigokensaku.mhlw.go.jp/26/index.php?action_kouhyou_detail_004_kani=true&JigyosyoCd=2662690086-00&ServiceCd=130&Type=search", "url2": null }, "geometry": { "type": "Point", "coordinates": [ 134.99666830000001, 35.3203704 ] } },
{ "type": "Feature", "properties": { "内容": "訪問看護ステーション「ＦＩＮＥ」【訪問看護】京都府福知山市駅南町３丁目５７番地駅南第一ビル", "url": "https://www.kaigokensaku.mhlw.go.jp/26/index.php?action_kouhyou_detail_004_kani=true&JigyosyoCd=2662690169-00&ServiceCd=130&Type=search", "url2": null }, "geometry": { "type": "Point", "coordinates": [ 135.116249900000014, 35.2940587 ] } },
{ "type": "Feature", "properties": { "内容": "医療法人岸本病院【訪問看護】京都府舞鶴市字浜１１３１番地", "url": "https://www.kaigokensaku.mhlw.go.jp/26/index.php?action_kouhyou_detail_004_kani=true&JigyosyoCd=2612701389-00&ServiceCd=130&Type=search", "url2": "http://www.kisimoto-hp.jp" }, "geometry": { "type": "Point", "coordinates": [ 135.393576200000012, 35.470022 ] } },
{ "type": "Feature", "properties": { "内容": "訪問看護ステーションみなと【訪問看護】京都府舞鶴市字喜多６１７番地3", "url": "https://www.kaigokensaku.mhlw.go.jp/26/index.php?action_kouhyou_detail_004_kani=true&JigyosyoCd=2662790100-00&ServiceCd=130&Type=search", "url2": null }, "geometry": { "type": "Point", "coordinates": [ 135.3104999, 35.4589212 ] } },
{ "type": "Feature", "properties": { "内容": "一般社団法人舞鶴医師会　訪問看護ステーションはまなす【訪問看護】京都府舞鶴市字倉谷小字大縄1350-11", "url": "https://www.kaigokensaku.mhlw.go.jp/26/index.php?action_kouhyou_detail_004_kani=true&JigyosyoCd=2662790019-00&ServiceCd=130&Type=search", "url2": null }, "geometry": { "type": "Point", "coordinates": [ 135.339047527715792, 35.444887233360703 ] } },
{ "type": "Feature", "properties": { "内容": "荒木クリニック訪問看護ステーション【訪問看護】京都府舞鶴市京田45番地の2", "url": "https://www.kaigokensaku.mhlw.go.jp/26/index.php?action_kouhyou_detail_004_kani=true&JigyosyoCd=2662790050-00&ServiceCd=130&Type=search", "url2": "http://arakiclinic.com" }, "geometry": { "type": "Point", "coordinates": [ 135.326314799999977, 35.4270548 ] } },
{ "type": "Feature", "properties": { "内容": "公益社団法人京都保健会ふれあいステーションゆきわり【訪問看護】舞鶴市字上安小字水力１９９－２９", "url": "https://www.kaigokensaku.mhlw.go.jp/26/index.php?action_kouhyou_detail_004_kani=true&JigyosyoCd=2662790043-00&ServiceCd=130&Type=search", "url2": "http://www.kyoto-hokenkai.or.jp/" }, "geometry": { "type": "Point", "coordinates": [ 135.343857299999968, 35.4502051 ] } },
{ "type": "Feature", "properties": { "内容": "舞鶴赤十字訪問看護ステーション【訪問看護】京都府舞鶴市字倉谷427番地", "url": "https://www.kaigokensaku.mhlw.go.jp/26/index.php?action_kouhyou_detail_004_kani=true&JigyosyoCd=2662790035-00&ServiceCd=130&Type=search", "url2": "https://maizuru.jrc.or.jp/department/sector/home_nurse/" }, "geometry": { "type": "Point", "coordinates": [ 135.337374774204989, 35.444340910408606 ] } },
{ "type": "Feature", "properties": { "内容": "訪問看護ステーションきょうらく【訪問看護】京都府舞鶴市字余部下816有料老人ホームきょうらく１階", "url": "https://www.kaigokensaku.mhlw.go.jp/26/index.php?action_kouhyou_detail_004_kani=true&JigyosyoCd=2662790084-00&ServiceCd=130&Type=search", "url2": "http://seihoukai.com/" }, "geometry": { "type": "Point", "coordinates": [ 135.365271300000018, 35.4775741 ] } },
{ "type": "Feature", "properties": { "内容": "有限会社　ピア・サポート訪問看護ステーション【訪問看護】京都府舞鶴市竜宮町3番地の18", "url": "https://www.kaigokensaku.mhlw.go.jp/26/index.php?action_kouhyou_detail_004_kani=true&JigyosyoCd=2662790068-00&ServiceCd=130&Type=search", "url2": "https://www.peer-support2003.com" }, "geometry": { "type": "Point", "coordinates": [ 135.4060872, 35.4809242 ] } },
{ "type": "Feature", "properties": { "内容": "医療法人社団　鳥井医院【訪問看護】京都府舞鶴市字倉谷1675番地", "url": "https://www.kaigokensaku.mhlw.go.jp/26/index.php?action_kouhyou_detail_004_kani=true&JigyosyoCd=2612701363-00&ServiceCd=130&Type=search", "url2": "http://www.torii-clinic.com/i/index.htm" }, "geometry": { "type": "Point", "coordinates": [ 135.337716300000011, 35.4470193 ] } },
{ "type": "Feature", "properties": { "内容": "訪問看護ステーションおれんじ【訪問看護】京都府綾部市青野町西中居63番地ニコニコソー103号室", "url": "https://www.kaigokensaku.mhlw.go.jp/26/index.php?action_kouhyou_detail_004_kani=true&JigyosyoCd=2661890091-00&ServiceCd=130&Type=search", "url2": "https://linklife-homenursing.com/" }, "geometry": { "type": "Point", "coordinates": [ 135.2625017, 35.3059929 ] } },
{ "type": "Feature", "properties": { "内容": "訪問看護ステーション陽【訪問看護】京都府綾部市大島町沓田9番地4五葉ビル1階2号室", "url": "https://www.kaigokensaku.mhlw.go.jp/26/index.php?action_kouhyou_detail_004_kani=true&JigyosyoCd=2661890067-00&ServiceCd=130&Type=search", "url2": null }, "geometry": { "type": "Point", "coordinates": [ 135.232375, 35.3032072 ] } },
{ "type": "Feature", "properties": { "内容": "公益社団法人　京都保健会　在宅ケアステーションげんき【訪問看護】京都府綾部市駅前通1番地あやべ協立診療所", "url": "https://www.kaigokensaku.mhlw.go.jp/26/index.php?action_kouhyou_detail_004_kani=true&JigyosyoCd=2661890026-00&ServiceCd=130&Type=search", "url2": "http://www.kyoto-hokenkai.or.jp/" }, "geometry": { "type": "Point", "coordinates": [ 135.252350555819703, 35.299226440418749 ] } },
{ "type": "Feature", "properties": { "内容": "綾部市立病院訪問看護ステーション【訪問看護】綾部市青野町大塚２０番地の１", "url": "https://www.kaigokensaku.mhlw.go.jp/26/index.php?action_kouhyou_detail_004_kani=true&JigyosyoCd=2661890034-00&ServiceCd=130&Type=search", "url2": "http://www.ayabe-hsp.or.jp/houmon.html" }, "geometry": { "type": "Point", "coordinates": [ 135.255479814155592, 35.307497426895083 ] } },
{ "type": "Feature", "properties": { "内容": "ケアフル訪問看護ステーション【訪問看護】京都府綾部市本町八丁目101-1", "url": "https://www.kaigokensaku.mhlw.go.jp/26/index.php?action_kouhyou_detail_004_kani=true&JigyosyoCd=2661890083-00&ServiceCd=130&Type=search", "url2": "https://www.ayabe-carefull.com/" }, "geometry": { "type": "Point", "coordinates": [ 135.248946, 35.3016679 ] } },
{ "type": "Feature", "properties": { "内容": "訪問看護ステーションまるっと【訪問看護】京都府綾部市大島町大藪30-1コーポコレクトⅠ102号", "url": "https://www.kaigokensaku.mhlw.go.jp/26/index.php?action_kouhyou_detail_004_kani=true&JigyosyoCd=2661890075-00&ServiceCd=130&Type=search", "url2": "https://hks-marutto.com/" }, "geometry": { "type": "Point", "coordinates": [ 135.2322934, 35.3011832 ] } },
{ "type": "Feature", "properties": { "内容": "ふらむはぁと訪問看護・リハビリねっと綾部【訪問看護】京都府綾部市井倉町東12番地1", "url": "https://www.kaigokensaku.mhlw.go.jp/26/index.php?action_kouhyou_detail_004_kani=true&JigyosyoCd=2661890059-00&ServiceCd=130&Type=search", "url2": "https://rerephysio.com" }, "geometry": { "type": "Point", "coordinates": [ 135.247882200000049, 35.3050739 ] } },
{ "type": "Feature", "properties": { "内容": "医療法人　米田医院【訪問看護】宇治市六地蔵町並11", "url": "https://www.kaigokensaku.mhlw.go.jp/26/index.php?action_kouhyou_detail_004_kani=true&JigyosyoCd=2611202686-00&ServiceCd=130&Type=search", "url2": "http://www." }, "geometry": { "type": "Point", "coordinates": [ 135.802567100000033, 34.9357779 ] } },
{ "type": "Feature", "properties": { "内容": "訪問看護ステーション　絆【訪問看護】木幡西浦34番地４", "url": "https://www.kaigokensaku.mhlw.go.jp/26/index.php?action_kouhyou_detail_004_kani=true&JigyosyoCd=2661290136-00&ServiceCd=130&Type=search", "url2": null }, "geometry": { "type": "Point", "coordinates": [ 135.795701, 34.9215346 ] } },
{ "type": "Feature", "properties": { "内容": "和禅訪問看護ステーション【訪問看護】京都府宇治市莵道出口2番地12", "url": "https://www.kaigokensaku.mhlw.go.jp/26/index.php?action_kouhyou_detail_004_kani=true&JigyosyoCd=2661290300-00&ServiceCd=130&Type=search", "url2": "https://wazen.p-kit.com" }, "geometry": { "type": "Point", "coordinates": [ 135.81042960000002, 34.900145 ] } },
{ "type": "Feature", "properties": { "内容": "ぱれっと訪問看護ステーション【訪問看護】京都府宇治市広野町小根尾111-4", "url": "https://www.kaigokensaku.mhlw.go.jp/26/index.php?action_kouhyou_detail_004_kani=true&JigyosyoCd=2661290391-00&ServiceCd=130&Type=search", "url2": null }, "geometry": { "type": "Point", "coordinates": [ 135.7919752, 34.8771869 ] } },
{ "type": "Feature", "properties": { "内容": "医療法人社団神野医院　じんのクリニック　訪問看護【訪問看護】京都府宇治市六地蔵町並39番地", "url": "https://www.kaigokensaku.mhlw.go.jp/26/index.php?action_kouhyou_detail_004_kani=true&JigyosyoCd=2611203569-00&ServiceCd=130&Type=search", "url2": "http://www.jinno-mg.or.jp" }, "geometry": { "type": "Point", "coordinates": [ 135.799784, 34.933628 ] } },
{ "type": "Feature", "properties": { "内容": "メンタルサポーター【訪問看護】京都府宇治市五ヶ庄寺界道80", "url": "https://www.kaigokensaku.mhlw.go.jp/26/index.php?action_kouhyou_detail_004_kani=true&JigyosyoCd=2661290110-00&ServiceCd=130&Type=search", "url2": "https://www.ms-manage.com/index.html" }, "geometry": { "type": "Point", "coordinates": [ 135.796714831877154, 34.916405822385194 ] } },
{ "type": "Feature", "properties": { "内容": "ラハイナ訪問看護ステーション【訪問看護】京都府宇治市木幡南端54番地の４", "url": "https://www.kaigokensaku.mhlw.go.jp/26/index.php?action_kouhyou_detail_004_kani=true&JigyosyoCd=2661290235-00&ServiceCd=130&Type=search", "url2": null }, "geometry": { "type": "Point", "coordinates": [ 135.804264200000034, 34.9182407 ] } },
{ "type": "Feature", "properties": { "内容": "訪問看護空【訪問看護】羽拍子町76-19ダイカイプラザ2-D", "url": "https://www.kaigokensaku.mhlw.go.jp/26/index.php?action_kouhyou_detail_004_kani=true&JigyosyoCd=2661290441-00&ServiceCd=130&Type=search", "url2": null }, "geometry": { "type": "Point", "coordinates": [ 135.7808153, 34.8815793 ] } },
{ "type": "Feature", "properties": { "内容": "訪問看護ステーションハロ【訪問看護】京都府宇治市大久保町平盛２８番地９ノースヒルズ101号", "url": "https://www.kaigokensaku.mhlw.go.jp/26/index.php?action_kouhyou_detail_004_kani=true&JigyosyoCd=2661290177-00&ServiceCd=130&Type=search", "url2": null }, "geometry": { "type": "Point", "coordinates": [ 135.76759340000001, 34.8694218 ] } },
{ "type": "Feature", "properties": { "内容": "訪問看護ステーションＳＯＡＲ【訪問看護】京都府宇治市五ケ庄梅林59ハイネス幸Ｂ棟102号", "url": "https://www.kaigokensaku.mhlw.go.jp/26/index.php?action_kouhyou_detail_004_kani=true&JigyosyoCd=2661290458-00&ServiceCd=130&Type=search", "url2": "https://soar-totalcare.jp" }, "geometry": { "type": "Point", "coordinates": [ 135.798829399999988, 34.9156432 ] } },
{ "type": "Feature", "properties": { "内容": "舞風【訪問看護】京都府宇治市木幡南山80-11.12合地", "url": "https://www.kaigokensaku.mhlw.go.jp/26/index.php?action_kouhyou_detail_004_kani=true&JigyosyoCd=2661290334-00&ServiceCd=130&Type=search", "url2": null }, "geometry": { "type": "Point", "coordinates": [ 135.807743582083845, 34.92153524331745 ] } },
{ "type": "Feature", "properties": { "内容": "訪問看護ステーション　樂【訪問看護】京都府宇治市伊勢田町南遊田6-21", "url": "https://www.kaigokensaku.mhlw.go.jp/26/index.php?action_kouhyou_detail_004_kani=true&JigyosyoCd=2661290490-00&ServiceCd=130&Type=search", "url2": null }, "geometry": { "type": "Point", "coordinates": [ 135.772833600000013, 34.8904009 ] } },
{ "type": "Feature", "properties": { "内容": "訪問看護ステーションとくら【訪問看護】京都府宇治市菟道大垣内68-15", "url": "https://www.kaigokensaku.mhlw.go.jp/26/index.php?action_kouhyou_detail_004_kani=true&JigyosyoCd=2661290060-00&ServiceCd=130&Type=search", "url2": "http://tokura-hp.kotonet.com/hospital/contents/others.html" }, "geometry": { "type": "Point", "coordinates": [ 135.810884275393619, 34.895191305423637 ] } },
{ "type": "Feature", "properties": { "内容": "みんなの訪問看護ステーション槇島【訪問看護】宇治市槇島町落合　126－3プルネード・マキシマ　102号", "url": "https://www.kaigokensaku.mhlw.go.jp/26/index.php?action_kouhyou_detail_004_kani=true&JigyosyoCd=2661290508-00&ServiceCd=130&Type=search", "url2": null }, "geometry": { "type": "Point", "coordinates": [ 135.774141500000013, 34.9111946 ] } },
{ "type": "Feature", "properties": { "内容": "洛和会訪問看護ステーション宇治【訪問看護】宇治山本25-2", "url": "https://www.kaigokensaku.mhlw.go.jp/26/index.php?action_kouhyou_detail_004_kani=true&JigyosyoCd=2661290532-00&ServiceCd=130&Type=search", "url2": "http://www.rakuwa.or.jp" }, "geometry": { "type": "Point", "coordinates": [ 135.810463199999987, 34.8944488 ] } },
{ "type": "Feature", "properties": { "内容": "訪問看護リハビリステーションToday【訪問看護】小倉町神楽田47-39", "url": "https://www.kaigokensaku.mhlw.go.jp/26/index.php?action_kouhyou_detail_004_kani=true&JigyosyoCd=2661290516-00&ServiceCd=130&Type=search", "url2": "https://pollejoying.com/" }, "geometry": { "type": "Point", "coordinates": [ 135.7826231, 34.8919026 ] } },
{ "type": "Feature", "properties": { "内容": "訪問看護ステーションひより【訪問看護】京都府宇治市神明宮北2－22", "url": "https://www.kaigokensaku.mhlw.go.jp/26/index.php?action_kouhyou_detail_004_kani=true&JigyosyoCd=2661290524-00&ServiceCd=130&Type=search", "url2": "hiyori-houmonkango.com" }, "geometry": { "type": "Point", "coordinates": [ 135.7916509, 34.8821618 ] } },
{ "type": "Feature", "properties": { "内容": "やましろ健康医療生活協同組合あさくら診療所【訪問看護】宇治市大久保町山ノ内19-1", "url": "https://www.kaigokensaku.mhlw.go.jp/26/index.php?action_kouhyou_detail_004_kani=true&JigyosyoCd=2611202348-00&ServiceCd=130&Type=search", "url2": "http://www.iryouseikyou.jp" }, "geometry": { "type": "Point", "coordinates": [ 135.773691099999951, 34.8709815 ] } },
{ "type": "Feature", "properties": { "内容": "訪問看護ステーションきさと【訪問看護】京都府宇治市木幡中村15-63", "url": "https://www.kaigokensaku.mhlw.go.jp/26/index.php?action_kouhyou_detail_004_kani=true&JigyosyoCd=2661290201-00&ServiceCd=130&Type=search", "url2": "http://www.kisatoen.com/care/visitingNursing.html" }, "geometry": { "type": "Point", "coordinates": [ 135.798259052848039, 34.922069880965964 ] } },
{ "type": "Feature", "properties": { "内容": "訪問看護ステーションふくろう【訪問看護】京都府宇治市宇治里尻36番35", "url": "https://www.kaigokensaku.mhlw.go.jp/26/index.php?action_kouhyou_detail_004_kani=true&JigyosyoCd=2661290151-00&ServiceCd=130&Type=search", "url2": "https://www.takedahp.or.jp/group/welfare/kyotoninchisho02/houmonst.html" }, "geometry": { "type": "Point", "coordinates": [ 135.801710799961029, 34.893001003323683 ] } },
{ "type": "Feature", "properties": { "内容": "栄仁会訪問看護ステーション　おうばく【訪問看護】京都府宇治市五ヶ庄三番割32-1", "url": "https://www.kaigokensaku.mhlw.go.jp/26/index.php?action_kouhyou_detail_004_kani=true&JigyosyoCd=2661290029-00&ServiceCd=130&Type=search", "url2": "http://www.eijinkai.or.jp/group/d_care.html#oubaku" }, "geometry": { "type": "Point", "coordinates": [ 135.8120801, 34.912852500000035 ] } },
{ "type": "Feature", "properties": { "内容": "宇治病院訪問看護ステーション【訪問看護】京都府宇治市五ケ庄芝ノ東２８－３", "url": "https://www.kaigokensaku.mhlw.go.jp/26/index.php?action_kouhyou_detail_004_kani=true&JigyosyoCd=2661290169-00&ServiceCd=130&Type=search", "url2": "http://www.uji-hosp.or.jp/" }, "geometry": { "type": "Point", "coordinates": [ 135.801869900000042, 34.9168324 ] } },
{ "type": "Feature", "properties": { "内容": "メディケア・リハビリ訪問看護ステーション宇治【訪問看護】大久保町井ノ尻３９－３－１０８", "url": "https://www.kaigokensaku.mhlw.go.jp/26/index.php?action_kouhyou_detail_004_kani=true&JigyosyoCd=2661290425-00&ServiceCd=130&Type=search", "url2": "http://kango.medi-care.co.jp/" }, "geometry": { "type": "Point", "coordinates": [ 135.76972090000001, 34.8726462 ] } },
{ "type": "Feature", "properties": { "内容": "訪問看護ステーションひまわり【訪問看護】宇治市神明石塚54-18おかもとクリニック内", "url": "https://www.kaigokensaku.mhlw.go.jp/26/index.php?action_kouhyou_detail_004_kani=true&JigyosyoCd=2661290037-00&ServiceCd=130&Type=search", "url2": "https://www.okamoto-hp.or.jp" }, "geometry": { "type": "Point", "coordinates": [ 135.783650399999942, 34.884841 ] } },
{ "type": "Feature", "properties": { "内容": "訪問看護ステーションうじがわ【訪問看護】京都府宇治市小倉町老ノ木31", "url": "https://www.kaigokensaku.mhlw.go.jp/26/index.php?action_kouhyou_detail_004_kani=true&JigyosyoCd=2661290045-00&ServiceCd=130&Type=search", "url2": "http://ujigawa-houkan@jinshinkai.or.jp" }, "geometry": { "type": "Point", "coordinates": [ 135.784441499999929, 34.8941787 ] } },
{ "type": "Feature", "properties": { "内容": "医療法人せいふう会　訪問看護ステーションゆりかご【訪問看護】京都府宇治市大久保町井ノ尻43番1", "url": "https://www.kaigokensaku.mhlw.go.jp/26/index.php?action_kouhyou_detail_004_kani=true&JigyosyoCd=2661290433-00&ServiceCd=130&Type=search", "url2": "https://www.uji-rh.jp" }, "geometry": { "type": "Point", "coordinates": [ 135.769953780287182, 34.87365305067302 ] } },
{ "type": "Feature", "properties": { "内容": "訪問看護ステーションみなも【訪問看護】京都府宇治市木幡正中57－4サンシティ正中１０２号", "url": "https://www.kaigokensaku.mhlw.go.jp/26/index.php?action_kouhyou_detail_004_kani=true&JigyosyoCd=2661290219-00&ServiceCd=130&Type=search", "url2": null }, "geometry": { "type": "Point", "coordinates": [ 135.800385097764803, 34.930116574885794 ] } },
{ "type": "Feature", "properties": { "内容": "訪問看護ステーションかがやき【訪問看護】京都府宇治市宇治半白73-31", "url": "https://www.kaigokensaku.mhlw.go.jp/26/index.php?action_kouhyou_detail_004_kani=true&JigyosyoCd=2661290342-00&ServiceCd=130&Type=search", "url2": "yasuragi-co.com" }, "geometry": { "type": "Point", "coordinates": [ 135.7899653, 34.8952846 ] } },
{ "type": "Feature", "properties": { "内容": "訪問看護ステーション　フィット・宇治【訪問看護】宇治市木幡北畠24カーサデルクオーレ宇治", "url": "https://www.kaigokensaku.mhlw.go.jp/26/index.php?action_kouhyou_detail_004_kani=true&JigyosyoCd=2661290276-00&ServiceCd=130&Type=search", "url2": null }, "geometry": { "type": "Point", "coordinates": [ 135.8023681, 34.9271907 ] } },
{ "type": "Feature", "properties": { "内容": "医療法人徳洲会宇治徳洲会訪問看護ステ－ション【訪問看護】京都府宇治市槇島町石橋63番地", "url": "https://www.kaigokensaku.mhlw.go.jp/26/index.php?action_kouhyou_detail_004_kani=true&JigyosyoCd=2661290052-00&ServiceCd=130&Type=search", "url2": "http://www.ujitoku.or.jp" }, "geometry": { "type": "Point", "coordinates": [ 135.788240369619757, 34.904083102923977 ] } },
{ "type": "Feature", "properties": { "内容": "あおぞら訪問看護ステーション　宇治【訪問看護】京都府宇治市小倉町西山81番地", "url": "https://www.kaigokensaku.mhlw.go.jp/26/index.php?action_kouhyou_detail_004_kani=true&JigyosyoCd=2661290466-00&ServiceCd=130&Type=search", "url2": "https://www.aozora-houkan.com/" }, "geometry": { "type": "Point", "coordinates": [ 135.7820701, 34.888216 ] } },
{ "type": "Feature", "properties": { "内容": "医療法人　弥生会　訪問看護ステーション　はなみずき【訪問看護】京都府宇治市莵道平町17番", "url": "https://www.kaigokensaku.mhlw.go.jp/26/index.php?action_kouhyou_detail_004_kani=true&JigyosyoCd=2661290375-00&ServiceCd=130&Type=search", "url2": "http://yayoikann-uji.com" }, "geometry": { "type": "Point", "coordinates": [ 135.8042638, 34.9021859 ] } },
{ "type": "Feature", "properties": { "内容": "訪問看護ステーションＬＩＦＥ【訪問看護】京都府宇治市伊勢田町若林57-3", "url": "https://www.kaigokensaku.mhlw.go.jp/26/index.php?action_kouhyou_detail_004_kani=true&JigyosyoCd=2661290318-00&ServiceCd=130&Type=search", "url2": "https://ns-life-co.com/" }, "geometry": { "type": "Point", "coordinates": [ 135.7756296, 34.8863785 ] } },
{ "type": "Feature", "properties": { "内容": "訪問看護ステーション周音【訪問看護】京都府宇治市広野町小根尾113番楽々荘105号", "url": "https://www.kaigokensaku.mhlw.go.jp/26/index.php?action_kouhyou_detail_004_kani=true&JigyosyoCd=2661290565-00&ServiceCd=130&Type=search", "url2": "https://www.amanest.jp/" }, "geometry": { "type": "Point", "coordinates": [ 135.792685299999988, 34.8766953 ] } },
{ "type": "Feature", "properties": { "内容": "訪問看護ステーション一歩【訪問看護】京都府宇治市宇治里尻60⁻23", "url": "https://www.kaigokensaku.mhlw.go.jp/26/index.php?action_kouhyou_detail_004_kani=true&JigyosyoCd=2661290383-00&ServiceCd=130&Type=search", "url2": "https://mcw-houmon.com" }, "geometry": { "type": "Point", "coordinates": [ 135.800967015981286, 34.894467207971097 ] } },
{ "type": "Feature", "properties": { "内容": "訪問看護ステーション　つむぐ【訪問看護】京都府宇治市小倉町堀池39-168", "url": "https://www.kaigokensaku.mhlw.go.jp/26/index.php?action_kouhyou_detail_004_kani=true&JigyosyoCd=2661290284-00&ServiceCd=130&Type=search", "url2": "https://recoverylife.jp" }, "geometry": { "type": "Point", "coordinates": [ 135.777171850123608, 34.897413574627983 ] } },
{ "type": "Feature", "properties": { "内容": "医療法人糖心会べっぷ訪問看護リハビリステーション【訪問看護】京都府宇治市宇治半白17番地1宇治プラザ202", "url": "https://www.kaigokensaku.mhlw.go.jp/26/index.php?action_kouhyou_detail_004_kani=true&JigyosyoCd=2661290367-00&ServiceCd=130&Type=search", "url2": "https://beppu-nursest.info/" }, "geometry": { "type": "Point", "coordinates": [ 135.7896504, 34.8921676 ] } },
{ "type": "Feature", "properties": { "内容": "公益社団法人京都府看護協会宮津訪問看護ステーション【訪問看護】京都府宮津市漁師1652番地2", "url": "https://www.kaigokensaku.mhlw.go.jp/26/index.php?action_kouhyou_detail_004_kani=true&JigyosyoCd=2662190012-00&ServiceCd=130&Type=search", "url2": null }, "geometry": { "type": "Point", "coordinates": [ 135.190777553164708, 35.542185916853683 ] } },
{ "type": "Feature", "properties": { "内容": "亀岡市立病院訪問看護ステーション【訪問看護】京都府亀岡市篠町篠野田1番地１", "url": "https://www.kaigokensaku.mhlw.go.jp/26/index.php?action_kouhyou_detail_004_kani=true&JigyosyoCd=2661690111-00&ServiceCd=130&Type=search", "url2": "https://www.city.kameoka.kyoto.jp" }, "geometry": { "type": "Point", "coordinates": [ 135.6048575, 35.0072151 ] } },
{ "type": "Feature", "properties": { "内容": "お松訪問看護ステーション【訪問看護】京都府亀岡市篠町広田2丁目27-7エミネンス亀岡A棟102", "url": "https://www.kaigokensaku.mhlw.go.jp/26/index.php?action_kouhyou_detail_004_kani=true&JigyosyoCd=2661690137-00&ServiceCd=130&Type=search", "url2": null }, "geometry": { "type": "Point", "coordinates": [ 135.5946779, 35.0011425 ] } },
{ "type": "Feature", "properties": { "内容": "ほうもんかんごすてーしょん　えーる【訪問看護】京都府亀岡市大井町並河2丁目32番地4号西台ハイツⅥ　102号", "url": "https://www.kaigokensaku.mhlw.go.jp/26/index.php?action_kouhyou_detail_004_kani=true&JigyosyoCd=2661690095-00&ServiceCd=130&Type=search", "url2": null }, "geometry": { "type": "Point", "coordinates": [ 135.5575749, 35.0278186 ] } },
{ "type": "Feature", "properties": { "内容": "洛和会訪問看護ステーション亀岡千代川【訪問看護】京都府亀岡市千代川町小林北ン田13-29", "url": "https://www.kaigokensaku.mhlw.go.jp/26/index.php?action_kouhyou_detail_004_kani=true&JigyosyoCd=2661690129-00&ServiceCd=130&Type=search", "url2": "https://kaigo.rakuwa.or.jp/service/houmon-kango/" }, "geometry": { "type": "Point", "coordinates": [ 135.5466267, 35.043447400000019 ] } },
{ "type": "Feature", "properties": { "内容": "メディケア・リハビリ訪問看護ステーション亀岡【訪問看護】亀岡市大井町小金岐北浦53番1号", "url": "https://www.kaigokensaku.mhlw.go.jp/26/index.php?action_kouhyou_detail_004_kani=true&JigyosyoCd=2661690103-00&ServiceCd=130&Type=search", "url2": "http://kango.medi-care.co.jp/" }, "geometry": { "type": "Point", "coordinates": [ 135.5420011, 35.0406733 ] } },
{ "type": "Feature", "properties": { "内容": "特定非営利活動法人　訪問看護ステーションこころ【訪問看護】京都府亀岡市篠町広田1丁目37-12メゾンH＆D　Ⅳ　１階", "url": "https://www.kaigokensaku.mhlw.go.jp/26/index.php?action_kouhyou_detail_004_kani=true&JigyosyoCd=2661690053-00&ServiceCd=130&Type=search", "url2": "https://angel-cocoro.jimdofree.com" }, "geometry": { "type": "Point", "coordinates": [ 135.596742157672111, 35.004643634285017 ] } },
{ "type": "Feature", "properties": { "内容": "訪問看護ステーション「亀岡シミズ」【訪問看護】京都府亀岡市篠町広田2丁目9番地13号", "url": "https://www.kaigokensaku.mhlw.go.jp/26/index.php?action_kouhyou_detail_004_kani=true&JigyosyoCd=2661690046-00&ServiceCd=130&Type=search", "url2": "http://www.shimizu-hospital.or.jp" }, "geometry": { "type": "Point", "coordinates": [ 135.59530970000003, 35.0028843 ] } },
{ "type": "Feature", "properties": { "内容": "医療法人亀岡病院訪問看護ステーション【訪問看護】亀岡市新町15", "url": "https://www.kaigokensaku.mhlw.go.jp/26/index.php?action_kouhyou_detail_004_kani=true&JigyosyoCd=2661690012-00&ServiceCd=130&Type=search", "url2": "http://www4.ocn.ne.jp/~kamebyou/" }, "geometry": { "type": "Point", "coordinates": [ 135.580383116376595, 35.010125721823634 ] } },
{ "type": "Feature", "properties": { "内容": "訪問看護ステーションぴかハート【訪問看護】京都府亀岡市安町釜ケ前25番地1", "url": "https://www.kaigokensaku.mhlw.go.jp/26/index.php?action_kouhyou_detail_004_kani=true&JigyosyoCd=2661690160-00&ServiceCd=130&Type=search", "url2": "https://pikaheart.npo-pikapika.com" }, "geometry": { "type": "Point", "coordinates": [ 135.5743478, 35.0144133 ] } },
{ "type": "Feature", "properties": { "内容": "訪問看護ステーション　はるか【訪問看護】本梅町中野林垣内19番地1", "url": "https://www.kaigokensaku.mhlw.go.jp/26/index.php?action_kouhyou_detail_004_kani=true&JigyosyoCd=2661690178-00&ServiceCd=130&Type=search", "url2": "https://haruka-kameoka.hirameki7.site/" }, "geometry": { "type": "Point", "coordinates": [ 135.4865122, 35.0245134 ] } },
{ "type": "Feature", "properties": { "内容": "訪問看護ステーションはなえみ【訪問看護】京都府城陽市平川山道21−1ケイズガーデン山道102", "url": "https://www.kaigokensaku.mhlw.go.jp/26/index.php?action_kouhyou_detail_004_kani=true&JigyosyoCd=2662890132-00&ServiceCd=130&Type=search", "url2": "https://hanaemi2525.com" }, "geometry": { "type": "Point", "coordinates": [ 135.7806301, 34.8636182 ] } },
{ "type": "Feature", "properties": { "内容": "ひしょう訪問看護ステーション【訪問看護】京都府城陽市寺田東ノ口17-192事務所1階", "url": "https://www.kaigokensaku.mhlw.go.jp/26/index.php?action_kouhyou_detail_004_kani=true&JigyosyoCd=2662890157-00&ServiceCd=130&Type=search", "url2": "https://www.hishouan.jp" }, "geometry": { "type": "Point", "coordinates": [ 135.7799336, 34.8523445 ] } },
{ "type": "Feature", "properties": { "内容": "訪問看護ステーションエイト【訪問看護】京都府城陽市久世芝ケ原51番地の７", "url": "https://www.kaigokensaku.mhlw.go.jp/26/index.php?action_kouhyou_detail_004_kani=true&JigyosyoCd=2662890116-00&ServiceCd=130&Type=search", "url2": "https://ace-kyoto.net" }, "geometry": { "type": "Point", "coordinates": [ 135.781524600000012, 34.8628713 ] } },
{ "type": "Feature", "properties": { "内容": "訪問看護ステーションにしむら　城陽【訪問看護】京都府城陽市平川茶屋裏21-1ハウス・ローゼンガーデン105", "url": "https://www.kaigokensaku.mhlw.go.jp/26/index.php?action_kouhyou_detail_004_kani=true&JigyosyoCd=2662890173-00&ServiceCd=130&Type=search", "url2": "https://miroku-care.jp/" }, "geometry": { "type": "Point", "coordinates": [ 135.7785743, 34.8678101 ] } },
{ "type": "Feature", "properties": { "内容": "訪問看護ステーション　ミストラル城陽【訪問看護】寺田乾出北46-2TタウンB棟105", "url": "https://www.kaigokensaku.mhlw.go.jp/26/index.php?action_kouhyou_detail_004_kani=true&JigyosyoCd=2662890124-00&ServiceCd=130&Type=search", "url2": "http://mistralservice.co.jp/service/visit/visiting-nursing1/" }, "geometry": { "type": "Point", "coordinates": [ 135.7699, 34.8563243 ] } },
{ "type": "Feature", "properties": { "内容": "訪問看護ステーションこころ城陽【訪問看護】京都府城陽市平川茶屋裏36-1211グリーンサム壱番館1211", "url": "https://www.kaigokensaku.mhlw.go.jp/26/index.php?action_kouhyou_detail_004_kani=true&JigyosyoCd=2662890165-00&ServiceCd=130&Type=search", "url2": "http://www.houmonkango-cocoro.net" }, "geometry": { "type": "Point", "coordinates": [ 135.77879, 34.8687203 ] } },
{ "type": "Feature", "properties": { "内容": "メディケア・リハビリ訪問看護ステーション城陽【訪問看護】京都府城陽市寺田樋尻18-63階", "url": "https://www.kaigokensaku.mhlw.go.jp/26/index.php?action_kouhyou_detail_004_kani=true&JigyosyoCd=2662890082-00&ServiceCd=130&Type=search", "url2": "http://kango.medi-care.co.jp/" }, "geometry": { "type": "Point", "coordinates": [ 135.770232399999941, 34.85257570000001 ] } },
{ "type": "Feature", "properties": { "内容": "医療法人啓信会訪問看護ステーションきづ川はろー【訪問看護】城陽市平川西六反46番地１", "url": "https://www.kaigokensaku.mhlw.go.jp/26/index.php?action_kouhyou_detail_004_kani=true&JigyosyoCd=2662890033-00&ServiceCd=130&Type=search", "url2": "http://www." }, "geometry": { "type": "Point", "coordinates": [ 135.761353399999962, 34.8660653 ] } },
{ "type": "Feature", "properties": { "内容": "ナーシングステーションスイート【訪問看護】京都府城陽市寺田袋尻27番25", "url": "https://www.kaigokensaku.mhlw.go.jp/26/index.php?action_kouhyou_detail_004_kani=true&JigyosyoCd=2662890108-00&ServiceCd=130&Type=search", "url2": null }, "geometry": { "type": "Point", "coordinates": [ 135.7815931, 34.8515699 ] } },
{ "type": "Feature", "properties": { "内容": "訪問看護事業所ひだまり【訪問看護】京都府城陽市平川鍜治塚53", "url": "https://www.kaigokensaku.mhlw.go.jp/26/index.php?action_kouhyou_detail_004_kani=true&JigyosyoCd=2662890140-00&ServiceCd=130&Type=search", "url2": "https://joyofukushikai.com/" }, "geometry": { "type": "Point", "coordinates": [ 135.779064200000022, 34.8673963 ] } },
{ "type": "Feature", "properties": { "内容": "みつまる訪問看護ステーション【訪問看護】京都府向日市物集女町堂ノ前22-5エイトハイム105号", "url": "https://www.kaigokensaku.mhlw.go.jp/26/index.php?action_kouhyou_detail_004_kani=true&JigyosyoCd=2663190110-00&ServiceCd=130&Type=search", "url2": null }, "geometry": { "type": "Point", "coordinates": [ 135.696288399999986, 34.9602172 ] } },
{ "type": "Feature", "properties": { "内容": "ＳＯＭＰＯケア　京都山城　訪問看護【訪問看護】京都府向日市寺戸町殿長15-1　2階そんぽの家ｓ京都東向日　2階", "url": "https://www.kaigokensaku.mhlw.go.jp/26/index.php?action_kouhyou_detail_004_kani=true&JigyosyoCd=2663190144-00&ServiceCd=130&Type=search", "url2": "https://www.sompocare.com/service/zaitaku/kango/Z000993" }, "geometry": { "type": "Point", "coordinates": [ 135.703112, 34.9514975 ] } },
{ "type": "Feature", "properties": { "内容": "てらど訪問看護ステーション【訪問看護】京都府向日市寺戸町西田中瀬19番12", "url": "https://www.kaigokensaku.mhlw.go.jp/26/index.php?action_kouhyou_detail_004_kani=true&JigyosyoCd=2663190060-00&ServiceCd=130&Type=search", "url2": null }, "geometry": { "type": "Point", "coordinates": [ 135.705359161376947, 34.954039040234505 ] } },
{ "type": "Feature", "properties": { "内容": "訪問看護ステーション白樺【訪問看護】京都府向日市森本町下森本18‐14", "url": "https://www.kaigokensaku.mhlw.go.jp/26/index.php?action_kouhyou_detail_004_kani=true&JigyosyoCd=2663190094-00&ServiceCd=130&Type=search", "url2": "http://www.shirakaba1118.co.jp" }, "geometry": { "type": "Point", "coordinates": [ 135.708508480171986, 34.948910487368515 ] } },
{ "type": "Feature", "properties": { "内容": "医誠会訪問看護ステーションにじ【訪問看護】京都府向日市寺戸町殿長37番地", "url": "https://www.kaigokensaku.mhlw.go.jp/26/index.php?action_kouhyou_detail_004_kani=true&JigyosyoCd=2663190086-00&ServiceCd=130&Type=search", "url2": "http://www.otokuni-hcoop.com/" }, "geometry": { "type": "Point", "coordinates": [ 135.700373899999931, 34.9504383 ] } },
{ "type": "Feature", "properties": { "内容": "キズナ【訪問看護】京都府向日市寺戸町八反田8‐54", "url": "https://www.kaigokensaku.mhlw.go.jp/26/index.php?action_kouhyou_detail_004_kani=true&JigyosyoCd=2663190151-00&ServiceCd=130&Type=search", "url2": null }, "geometry": { "type": "Point", "coordinates": [ 135.7003331, 34.9645202 ] } },
{ "type": "Feature", "properties": { "内容": "訪問看護ステーション第二かいせい【訪問看護】向日市物集女町中海道19番地の5", "url": "https://www.kaigokensaku.mhlw.go.jp/26/index.php?action_kouhyou_detail_004_kani=true&JigyosyoCd=2663190011-00&ServiceCd=130&Type=search", "url2": "http://www.kaiseikai.or.jp" }, "geometry": { "type": "Point", "coordinates": [ 135.691264, 34.9627287 ] } },
{ "type": "Feature", "properties": { "内容": "訪問看護ステーションゆうなみ【訪問看護】東神足2-8-30美沢荘202号", "url": "https://www.kaigokensaku.mhlw.go.jp/26/index.php?action_kouhyou_detail_004_kani=true&JigyosyoCd=2663090146-00&ServiceCd=130&Type=search", "url2": "https://yu-nami.com/" }, "geometry": { "type": "Point", "coordinates": [ 135.6989691, 34.921252899999985 ] } },
{ "type": "Feature", "properties": { "内容": "訪問看護ステーション「ふれあい」【訪問看護】長岡京市天神1丁目２０－１０", "url": "https://www.kaigokensaku.mhlw.go.jp/26/index.php?action_kouhyou_detail_004_kani=true&JigyosyoCd=2663090047-00&ServiceCd=130&Type=search", "url2": "http://www.nagaokakyo-hospital.or.jp/related/" }, "geometry": { "type": "Point", "coordinates": [ 135.690676062872711, 34.9229040542251 ] } },
{ "type": "Feature", "properties": { "内容": "訪問看護ステーション　やすらぎの家【訪問看護】京都府長岡京市緑ヶ丘２５－７", "url": "https://www.kaigokensaku.mhlw.go.jp/26/index.php?action_kouhyou_detail_004_kani=true&JigyosyoCd=2663090096-00&ServiceCd=130&Type=search", "url2": "http://yasuragi-kyoto.com/" }, "geometry": { "type": "Point", "coordinates": [ 135.69571150498507, 34.91613205638275 ] } },
{ "type": "Feature", "properties": { "内容": "フジリハビリ訪問看護ステーション【訪問看護】京都府長岡京市長岡２丁目２－９小池マンション１Ａ", "url": "https://www.kaigokensaku.mhlw.go.jp/26/index.php?action_kouhyou_detail_004_kani=true&JigyosyoCd=2663090112-00&ServiceCd=130&Type=search", "url2": null }, "geometry": { "type": "Point", "coordinates": [ 135.690188600000056, 34.9263875 ] } },
{ "type": "Feature", "properties": { "内容": "医療法人社団千春会　千春会訪問看護ステーション【訪問看護】長岡京市開田２丁目１２番3号", "url": "https://www.kaigokensaku.mhlw.go.jp/26/index.php?action_kouhyou_detail_004_kani=true&JigyosyoCd=2663090054-00&ServiceCd=130&Type=search", "url2": "http://www.senshunkai.or.jp" }, "geometry": { "type": "Point", "coordinates": [ 135.697981689700214, 34.924840442976432 ] } },
{ "type": "Feature", "properties": { "内容": "長岡京ヤマシン訪問看護ステーション【訪問看護】京都府長岡京市開田4丁目22-22アグラード長岡京107", "url": "https://www.kaigokensaku.mhlw.go.jp/26/index.php?action_kouhyou_detail_004_kani=true&JigyosyoCd=2663090211-00&ServiceCd=130&Type=search", "url2": "http://www.yamasin.co.jp/kango/" }, "geometry": { "type": "Point", "coordinates": [ 135.693284799999986, 34.9220709 ] } },
{ "type": "Feature", "properties": { "内容": "アットホーム訪問看護ステーション長岡京【訪問看護】京都府長岡京市神足三丁目4番25号Polaris２D号", "url": "https://www.kaigokensaku.mhlw.go.jp/26/index.php?action_kouhyou_detail_004_kani=true&JigyosyoCd=2663090138-00&ServiceCd=130&Type=search", "url2": null }, "geometry": { "type": "Point", "coordinates": [ 135.6974239, 34.9211253 ] } },
{ "type": "Feature", "properties": { "内容": "訪問看護ステーションアゼリア【訪問看護】京都府長岡京市友岡4丁目20番15号", "url": "https://www.kaigokensaku.mhlw.go.jp/26/index.php?action_kouhyou_detail_004_kani=true&JigyosyoCd=2663090021-00&ServiceCd=130&Type=search", "url2": "http://www.nagaoka.or.jp/" }, "geometry": { "type": "Point", "coordinates": [ 135.689823585983277, 34.912881611810157 ] } },
{ "type": "Feature", "properties": { "内容": "社会福祉法人恩賜財団京都府済生会訪問看護ステーション【訪問看護】京都府長岡京市下海印寺下内田101番地", "url": "https://www.kaigokensaku.mhlw.go.jp/26/index.php?action_kouhyou_detail_004_kani=true&JigyosyoCd=2663090013-00&ServiceCd=130&Type=search", "url2": "http://www.kyoto.saiseikai.or.jp" }, "geometry": { "type": "Point", "coordinates": [ 135.686605748213196, 34.91604316079782 ] } },
{ "type": "Feature", "properties": { "内容": "医療法人社団片岡診療所【訪問看護】京都府長岡京市今里西ノ口１８番地５", "url": "https://www.kaigokensaku.mhlw.go.jp/26/index.php?action_kouhyou_detail_004_kani=true&JigyosyoCd=2613001649-00&ServiceCd=130&Type=search", "url2": null }, "geometry": { "type": "Point", "coordinates": [ 135.685753299999988, 34.9349153 ] } },
{ "type": "Feature", "properties": { "内容": "あいケア・コミュニティ訪問看護ステーション【訪問看護】京都府長岡京市友岡2丁目11-1コーポ安田201号室", "url": "https://www.kaigokensaku.mhlw.go.jp/26/index.php?action_kouhyou_detail_004_kani=true&JigyosyoCd=2663090062-00&ServiceCd=130&Type=search", "url2": "https://aicare-community.amebaownd.com/" }, "geometry": { "type": "Point", "coordinates": [ 135.694537334310951, 34.915522356265555 ] } },
{ "type": "Feature", "properties": { "内容": "すてっぷ訪問看護ステーション長岡京【訪問看護】京都府長岡京市花山1-36", "url": "https://www.kaigokensaku.mhlw.go.jp/26/index.php?action_kouhyou_detail_004_kani=true&JigyosyoCd=2663090161-00&ServiceCd=130&Type=search", "url2": "https://onestepcloser.co.jp/" }, "geometry": { "type": "Point", "coordinates": [ 135.690234858879933, 34.92018313918156 ] } },
{ "type": "Feature", "properties": { "内容": "訪問看護ステーションあおい【訪問看護】京都府　八幡市　八幡三本橋1-7　三本橋貸家３号室三本橋貸家３号室", "url": "https://www.kaigokensaku.mhlw.go.jp/26/index.php?action_kouhyou_detail_004_kani=true&JigyosyoCd=2662990098-00&ServiceCd=130&Type=search", "url2": "https://libercare.jp/about.html" }, "geometry": { "type": "Point", "coordinates": [ 135.705767400000013, 34.8788984 ] } },
{ "type": "Feature", "properties": { "内容": "訪問看護ステーションふじな【訪問看護】京都府八幡市八幡吉野垣内28-1サンコート吉野305号室", "url": "https://www.kaigokensaku.mhlw.go.jp/26/index.php?action_kouhyou_detail_004_kani=true&JigyosyoCd=2662990130-00&ServiceCd=130&Type=search", "url2": "www.nursingfujina.jp" }, "geometry": { "type": "Point", "coordinates": [ 135.7073651, 34.8823328 ] } },
{ "type": "Feature", "properties": { "内容": "訪問看護ステーションいちご【訪問看護】京都府八幡市内里北ノ口２番地", "url": "https://www.kaigokensaku.mhlw.go.jp/26/index.php?action_kouhyou_detail_004_kani=true&JigyosyoCd=2662990064-00&ServiceCd=130&Type=search", "url2": null }, "geometry": { "type": "Point", "coordinates": [ 135.728993998147587, 34.863240516069204 ] } },
{ "type": "Feature", "properties": { "内容": "こはるびより訪問看護ステーション【訪問看護】京都府八幡市男山吉井3-14MAYUMIハイツ3番館3号室", "url": "https://www.kaigokensaku.mhlw.go.jp/26/index.php?action_kouhyou_detail_004_kani=true&JigyosyoCd=2662990056-00&ServiceCd=130&Type=search", "url2": null }, "geometry": { "type": "Point", "coordinates": [ 135.700283711041209, 34.860780509140206 ] } },
{ "type": "Feature", "properties": { "内容": "ホウモンカンゴステーションイツキ【訪問看護】京都府八幡市八幡土井８０－３", "url": "https://www.kaigokensaku.mhlw.go.jp/26/index.php?action_kouhyou_detail_004_kani=true&JigyosyoCd=2662990106-00&ServiceCd=130&Type=search", "url2": "ｈｔｔｐｓ：//ls-itsuki.com" }, "geometry": { "type": "Point", "coordinates": [ 135.702463599999987, 34.8847276 ] } },
{ "type": "Feature", "properties": { "内容": "医療法人昭洋会中村診療所【訪問看護】八幡山柴１７番地", "url": "https://www.kaigokensaku.mhlw.go.jp/26/index.php?action_kouhyou_detail_004_kani=true&JigyosyoCd=2612900932-00&ServiceCd=130&Type=search", "url2": "http://nakamura-med.com/" }, "geometry": { "type": "Point", "coordinates": [ 135.7041183, 34.8815681 ] } },
{ "type": "Feature", "properties": { "内容": "医療法人社団医泉会　訪問看護ステーションさくら【訪問看護】京都府八幡市八幡馬場38", "url": "https://www.kaigokensaku.mhlw.go.jp/26/index.php?action_kouhyou_detail_004_kani=true&JigyosyoCd=2662990049-00&ServiceCd=130&Type=search", "url2": "https://www.ne.jp/asahi/kantaki/sumire/sakura.html" }, "geometry": { "type": "Point", "coordinates": [ 135.703459355673431, 34.875072533204957 ] } },
{ "type": "Feature", "properties": { "内容": "医療法人社団医医聖会　訪問看護ステーション八幡中央【訪問看護】京都府八幡市八幡五反田39番地1", "url": "https://www.kaigokensaku.mhlw.go.jp/26/index.php?action_kouhyou_detail_004_kani=true&JigyosyoCd=2662990122-00&ServiceCd=130&Type=search", "url2": "https://iseikai.jp/yawatachuo/" }, "geometry": { "type": "Point", "coordinates": [ 135.706698100000011, 34.8711155 ] } },
{ "type": "Feature", "properties": { "内容": "美杉会訪問看護ステーション男山【訪問看護】京都府八幡市男山泉19男山病院", "url": "https://www.kaigokensaku.mhlw.go.jp/26/index.php?action_kouhyou_detail_004_kani=true&JigyosyoCd=2662990023-00&ServiceCd=130&Type=search", "url2": "http://www.misugikai.jp" }, "geometry": { "type": "Point", "coordinates": [ 135.693811500000038, 34.8616585 ] } },
{ "type": "Feature", "properties": { "内容": "スローハンドケア八幡訪問看護ステーション【訪問看護】京都府八幡市八幡科手29番地10", "url": "https://www.kaigokensaku.mhlw.go.jp/26/index.php?action_kouhyou_detail_004_kani=true&JigyosyoCd=2662990080-00&ServiceCd=130&Type=search", "url2": "https://www.talent-clip.jp/slowhandyawata" }, "geometry": { "type": "Point", "coordinates": [ 135.698532280115984, 34.886425335696202 ] } },
{ "type": "Feature", "properties": { "内容": "訪問看護ステーションあっと【訪問看護】男山金振1-9ウエルズ21男山D号室", "url": "https://www.kaigokensaku.mhlw.go.jp/26/index.php?action_kouhyou_detail_004_kani=true&JigyosyoCd=2662990148-00&ServiceCd=130&Type=search", "url2": "https://www.atto-care.com" }, "geometry": { "type": "Point", "coordinates": [ 135.694668433729561, 34.859677512580731 ] } },
{ "type": "Feature", "properties": { "内容": "ホームナーシングゆりね【訪問看護】京都府京田辺河原食田10番地19大東田辺ビル3階305", "url": "https://www.kaigokensaku.mhlw.go.jp/26/index.php?action_kouhyou_detail_004_kani=true&JigyosyoCd=2663290092-00&ServiceCd=130&Type=search", "url2": "https://www.yurine-care.com" }, "geometry": { "type": "Point", "coordinates": [ 135.7734481, 34.8218289 ] } },
{ "type": "Feature", "properties": { "内容": "まみーるーむ訪問看護ステーション【訪問看護】京田辺市三山木西ノ河原５７カルチェヴィラ吉勇101号室", "url": "https://www.kaigokensaku.mhlw.go.jp/26/index.php?action_kouhyou_detail_004_kani=true&JigyosyoCd=2663290134-00&ServiceCd=130&Type=search", "url2": "https://chizupuzzle.com/mammyroom" }, "geometry": { "type": "Point", "coordinates": [ 135.779192, 34.8016169 ] } },
{ "type": "Feature", "properties": { "内容": "訪問看護ステーション　マハロ【訪問看護】草内中垣内16-12", "url": "https://www.kaigokensaku.mhlw.go.jp/26/index.php?action_kouhyou_detail_004_kani=true&JigyosyoCd=2663290126-00&ServiceCd=130&Type=search", "url2": "https://r.goope.jp/mahalo0709/" }, "geometry": { "type": "Point", "coordinates": [ 135.785534399999989, 34.8155957 ] } },
{ "type": "Feature", "properties": { "内容": "医療法人栄仁会訪問看護ステーション京たなべ【訪問看護】京都府京田辺市河原受田４６－１", "url": "https://www.kaigokensaku.mhlw.go.jp/26/index.php?action_kouhyou_detail_004_kani=true&JigyosyoCd=2663290035-00&ServiceCd=130&Type=search", "url2": "http://www.eijinkai.or.jp/mentalcare/men_houkan.html" }, "geometry": { "type": "Point", "coordinates": [ 135.773238530024713, 34.81962747676311 ] } },
{ "type": "Feature", "properties": { "内容": "公益社団法人　京都府看護協会　南京都訪問看護ステーション【訪問看護】京田辺市草内中垣内２１－２", "url": "https://www.kaigokensaku.mhlw.go.jp/26/index.php?action_kouhyou_detail_004_kani=true&JigyosyoCd=2663290050-00&ServiceCd=130&Type=search", "url2": null }, "geometry": { "type": "Point", "coordinates": [ 135.785858144180338, 34.81546224443521 ] } },
{ "type": "Feature", "properties": { "内容": "おかもと訪問看護ステーション京田辺【訪問看護】京都府京田辺市田辺中央6丁目7－1サンフローライタ101号", "url": "https://www.kaigokensaku.mhlw.go.jp/26/index.php?action_kouhyou_detail_004_kani=true&JigyosyoCd=2663290100-00&ServiceCd=130&Type=search", "url2": "https://okamoto-hns.com/" }, "geometry": { "type": "Point", "coordinates": [ 135.7706629, 34.822453 ] } },
{ "type": "Feature", "properties": { "内容": "医療法人社団　石鎚会　訪問看護ステーション　やすらぎ【訪問看護】京都府京田辺市三山木中央三丁目３番地５", "url": "https://www.kaigokensaku.mhlw.go.jp/26/index.php?action_kouhyou_detail_004_kani=true&JigyosyoCd=2663290019-00&ServiceCd=130&Type=search", "url2": "http://www.sekitetsukai.kyoto/" }, "geometry": { "type": "Point", "coordinates": [ 135.786202944868506, 34.796201849376885 ] } },
{ "type": "Feature", "properties": { "内容": "訪問看護ステーションまほろば【訪問看護】大住ケ丘5丁目７－３", "url": "https://www.kaigokensaku.mhlw.go.jp/26/index.php?action_kouhyou_detail_004_kani=true&JigyosyoCd=2663290142-00&ServiceCd=130&Type=search", "url2": "http://r.goope.jp/mahoroba-tanabe" }, "geometry": { "type": "Point", "coordinates": [ 135.740901599999972, 34.828051400000014 ] } },
{ "type": "Feature", "properties": { "内容": "訪問看護リハビリステーションたもつ京田辺【訪問看護】京都府京田辺市草内一ノ坪21-16", "url": "https://www.kaigokensaku.mhlw.go.jp/26/index.php?action_kouhyou_detail_004_kani=true&JigyosyoCd=2663290084-00&ServiceCd=130&Type=search", "url2": "https://tamotsu365.com/" }, "geometry": { "type": "Point", "coordinates": [ 135.785392, 34.8198121 ] } },
{ "type": "Feature", "properties": { "内容": "緩和ケア訪問看護ステーション架け橋【訪問看護】京都府京田辺市三山木中央3丁目3番地9", "url": "https://www.kaigokensaku.mhlw.go.jp/26/index.php?action_kouhyou_detail_004_kani=true&JigyosyoCd=2663290043-00&ServiceCd=130&Type=search", "url2": "http://kakehashi.littlestar.jp" }, "geometry": { "type": "Point", "coordinates": [ 135.786543193051102, 34.795954564762802 ] } },
{ "type": "Feature", "properties": { "内容": "医療法人　上田医院【訪問看護】京都府京丹後市網野網野３２３番地", "url": "https://www.kaigokensaku.mhlw.go.jp/26/index.php?action_kouhyou_detail_004_kani=true&JigyosyoCd=2613300124-00&ServiceCd=130&Type=search", "url2": null }, "geometry": { "type": "Point", "coordinates": [ 135.027618100000041, 35.6810328 ] } },
{ "type": "Feature", "properties": { "内容": "公益社団法人京都保健会訪問看護ステーションゆたかの【訪問看護】京都府京丹後市峰山町新町１９６８", "url": "https://www.kaigokensaku.mhlw.go.jp/26/index.php?action_kouhyou_detail_004_kani=true&JigyosyoCd=2663390041-00&ServiceCd=130&Type=search", "url2": "http://www.kyoto-hokenkai.or.jp/" }, "geometry": { "type": "Point", "coordinates": [ 135.084912300000042, 35.6043338 ] } },
{ "type": "Feature", "properties": { "内容": "京丹後市立弥栄病院訪問看護ステーションふれあい【訪問看護】京都府京丹後市弥栄町溝谷3452番地の1", "url": "https://www.kaigokensaku.mhlw.go.jp/26/index.php?action_kouhyou_detail_004_kani=true&JigyosyoCd=2663390025-00&ServiceCd=130&Type=search", "url2": "https://www.city.kyotango.lg.jp/yasaka_hospital/" }, "geometry": { "type": "Point", "coordinates": [ 135.090359983467152, 35.658374061954056 ] } },
{ "type": "Feature", "properties": { "内容": "京丹後市立弥栄病院　訪問看護ステーションきずな【訪問看護】京都府京丹後市丹後町間人1780番地京丹後市丹後庁舎内", "url": "https://www.kaigokensaku.mhlw.go.jp/26/index.php?action_kouhyou_detail_004_kani=true&JigyosyoCd=2663390074-00&ServiceCd=130&Type=search", "url2": "https://www.city.kyotango.lg.jp/yasaka_hospital/" }, "geometry": { "type": "Point", "coordinates": [ 135.102093299999979, 35.7400498 ] } },
{ "type": "Feature", "properties": { "内容": "訪問看護ステーションはなはな【訪問看護】京都府京丹後市網野町網野176-３", "url": "https://www.kaigokensaku.mhlw.go.jp/26/index.php?action_kouhyou_detail_004_kani=true&JigyosyoCd=2663390082-00&ServiceCd=130&Type=search", "url2": null }, "geometry": { "type": "Point", "coordinates": [ 135.0280976, 35.6774251 ] } },
{ "type": "Feature", "properties": { "内容": "京丹後市久美浜訪問看護ステーション【訪問看護】京都府京丹後市久美浜町栃谷2371", "url": "https://www.kaigokensaku.mhlw.go.jp/26/index.php?action_kouhyou_detail_004_kani=true&JigyosyoCd=2663390017-00&ServiceCd=130&Type=search", "url2": "https://www.city.kyotango.lg.jp/kumihama_hospital/index.html" }, "geometry": { "type": "Point", "coordinates": [ 134.901395900000011, 35.6005227 ] } },
{ "type": "Feature", "properties": { "内容": "明治国際医療大学付属訪問看護ステーション【訪問看護】京都府南丹市日吉町保野田長通16-3", "url": "https://www.kaigokensaku.mhlw.go.jp/26/index.php?action_kouhyou_detail_004_kani=true&JigyosyoCd=2663490049-00&ServiceCd=130&Type=search", "url2": "http://www.meiji-u.ac" }, "geometry": { "type": "Point", "coordinates": [ 135.490303790936906, 35.180026025981697 ] } },
{ "type": "Feature", "properties": { "内容": "訪問看護ステーションなんたん【訪問看護】京都府南丹市八木町八木上野11", "url": "https://www.kaigokensaku.mhlw.go.jp/26/index.php?action_kouhyou_detail_004_kani=true&JigyosyoCd=2663490056-00&ServiceCd=130&Type=search", "url2": "http://www.kyoto-chubumedc.or.jp" }, "geometry": { "type": "Point", "coordinates": [ 135.530543599999987, 35.0723337 ] } },
{ "type": "Feature", "properties": { "内容": "医療法人社団菫会　そのべ訪問看護ステーション【訪問看護】京都府南丹市園部町美園町5号8番地3第一メゾン山内1階", "url": "https://www.kaigokensaku.mhlw.go.jp/26/index.php?action_kouhyou_detail_004_kani=true&JigyosyoCd=2663490080-00&ServiceCd=130&Type=search", "url2": "http://sonobe-hp.com/" }, "geometry": { "type": "Point", "coordinates": [ 135.473659199999929, 35.1087491 ] } },
{ "type": "Feature", "properties": { "内容": "南丹市国民健康保険南丹みやま診療所【訪問看護】京都府南丹市美山町安掛下8番地", "url": "https://www.kaigokensaku.mhlw.go.jp/26/index.php?action_kouhyou_detail_004_kani=true&JigyosyoCd=2613400429-00&ServiceCd=130&Type=search", "url2": "https://www.city.nantan.kyoto.jp/www/life/109/013/000/index_83024.html" }, "geometry": { "type": "Point", "coordinates": [ 135.5869119, 35.2760941 ] } },
{ "type": "Feature", "properties": { "内容": "訪問看護ステーションそら【訪問看護】京都府南丹市園部町本町１３６番地０－１", "url": "https://www.kaigokensaku.mhlw.go.jp/26/index.php?action_kouhyou_detail_004_kani=true&JigyosyoCd=2663490098-00&ServiceCd=130&Type=search", "url2": null }, "geometry": { "type": "Point", "coordinates": [ 135.473721410450707, 35.1100413 ] } },
{ "type": "Feature", "properties": { "内容": "訪問看護ステーションななほし【訪問看護】京都府木津川市加茂町里中森2-10", "url": "https://www.kaigokensaku.mhlw.go.jp/26/index.php?action_kouhyou_detail_004_kani=true&JigyosyoCd=2663590186-00&ServiceCd=130&Type=search", "url2": null }, "geometry": { "type": "Point", "coordinates": [ 135.869973100000038, 34.754556200000025 ] } },
{ "type": "Feature", "properties": { "内容": "京都木津川ヤマシン訪問看護ステーション【訪問看護】相楽台9-9-20YMドーム102号", "url": "https://www.kaigokensaku.mhlw.go.jp/26/index.php?action_kouhyou_detail_004_kani=true&JigyosyoCd=2663590111-00&ServiceCd=130&Type=search", "url2": "http://www.yamasin.co.jp/kango/" }, "geometry": { "type": "Point", "coordinates": [ 135.79439500861011, 34.726418889070743 ] } },
{ "type": "Feature", "properties": { "内容": "さがなか訪問看護ステーション【訪問看護】京都府木津川市相楽台9-6-7", "url": "https://www.kaigokensaku.mhlw.go.jp/26/index.php?action_kouhyou_detail_004_kani=true&JigyosyoCd=2663590194-00&ServiceCd=130&Type=search", "url2": "https://sites.google.com/view/keiai-corporation" }, "geometry": { "type": "Point", "coordinates": [ 135.7950782, 34.7268922 ] } },
{ "type": "Feature", "properties": { "内容": "訪問看護ステーション　ミストラル山城【訪問看護】京都府木津川市山城町平尾４８冨岡ハイツ102", "url": "https://www.kaigokensaku.mhlw.go.jp/26/index.php?action_kouhyou_detail_004_kani=true&JigyosyoCd=2663590178-00&ServiceCd=130&Type=search", "url2": "mistralservice.co.jp" }, "geometry": { "type": "Point", "coordinates": [ 135.812580969945884, 34.776319222880403 ] } },
{ "type": "Feature", "properties": { "内容": "訪問看護ステーションまんまる【訪問看護】京都府木津川市相楽台５丁目１８-１８碓井テラスハウス２号室", "url": "https://www.kaigokensaku.mhlw.go.jp/26/index.php?action_kouhyou_detail_004_kani=true&JigyosyoCd=2663590160-00&ServiceCd=130&Type=search", "url2": "http://hp.kaipoke.biz/3y7/" }, "geometry": { "type": "Point", "coordinates": [ 135.7956711, 34.7276847 ] } },
{ "type": "Feature", "properties": { "内容": "訪問看護ステーション樹　山城南【訪問看護】京都府木津川市山城町上狛日詰24-4", "url": "https://www.kaigokensaku.mhlw.go.jp/26/index.php?action_kouhyou_detail_004_kani=true&JigyosyoCd=2663590228-00&ServiceCd=130&Type=search", "url2": "https://ls-itsuki.com/houmon/" }, "geometry": { "type": "Point", "coordinates": [ 135.8207404, 34.7484939 ] } },
{ "type": "Feature", "properties": { "内容": "訪問看護ステーションこころ【訪問看護】京都府木津川市相楽台5-8-2ミナージュ高の原103", "url": "https://www.kaigokensaku.mhlw.go.jp/26/index.php?action_kouhyou_detail_004_kani=true&JigyosyoCd=2663590210-00&ServiceCd=130&Type=search", "url2": "http://www.houmonkango-cocoro.net" }, "geometry": { "type": "Point", "coordinates": [ 135.793230200000011, 34.7310952 ] } },
{ "type": "Feature", "properties": { "内容": "医療法人栄仁会訪問看護ステーションそうらく【訪問看護】京都府木津川市木津上戸60-1　吉田ビル2階", "url": "https://www.kaigokensaku.mhlw.go.jp/26/index.php?action_kouhyou_detail_004_kani=true&JigyosyoCd=2663590020-00&ServiceCd=130&Type=search", "url2": "http://www.eijinkai.or.jp/" }, "geometry": { "type": "Point", "coordinates": [ 135.822585900000036, 34.7376733 ] } },
{ "type": "Feature", "properties": { "内容": "訪問看護ステーションあじさい【訪問看護】京都府木津川市加茂町駅東4丁目1番地3", "url": "https://www.kaigokensaku.mhlw.go.jp/26/index.php?action_kouhyou_detail_004_kani=true&JigyosyoCd=2663590061-00&ServiceCd=130&Type=search", "url2": "http://www.takedahp.or.jp/" }, "geometry": { "type": "Point", "coordinates": [ 135.87176615847477, 34.754355276139343 ] } },
{ "type": "Feature", "properties": { "内容": "訪問看護ステーションいずみ【訪問看護】京都府木津川市相楽城下１００－１", "url": "https://www.kaigokensaku.mhlw.go.jp/26/index.php?action_kouhyou_detail_004_kani=true&JigyosyoCd=2663590012-00&ServiceCd=130&Type=search", "url2": "https://www.fureai-net.com/" }, "geometry": { "type": "Point", "coordinates": [ 135.797379800000044, 34.737883599999989 ] } },
{ "type": "Feature", "properties": { "内容": "京都山城総合医療センター【訪問看護】京都府木津川市木津駅前一丁目27番地", "url": "https://www.kaigokensaku.mhlw.go.jp/26/index.php?action_kouhyou_detail_004_kani=true&JigyosyoCd=2619600154-00&ServiceCd=130&Type=search", "url2": "http://www.yamashiro-hp.jp" }, "geometry": { "type": "Point", "coordinates": [ 135.823598400000037, 34.7359544 ] } },
{ "type": "Feature", "properties": { "内容": "みのり訪問看護ステーション【訪問看護】京都府木津川市相楽大里71番地1", "url": "https://www.kaigokensaku.mhlw.go.jp/26/index.php?action_kouhyou_detail_004_kani=true&JigyosyoCd=2663590103-00&ServiceCd=130&Type=search", "url2": "http://www.minori-fukushi.biz" }, "geometry": { "type": "Point", "coordinates": [ 135.79967970000007, 34.7342591 ] } },
{ "type": "Feature", "properties": { "内容": "訪問看護ステーションOhana合同会社【訪問看護】京都府木津川市山城町平尾茶屋前29-3", "url": "https://www.kaigokensaku.mhlw.go.jp/26/index.php?action_kouhyou_detail_004_kani=true&JigyosyoCd=2663590137-00&ServiceCd=130&Type=search", "url2": "https://ohana-kango.com/" }, "geometry": { "type": "Point", "coordinates": [ 135.8073636, 34.7699237 ] } },
{ "type": "Feature", "properties": { "内容": "訪問看護ステーションスターライフ【訪問看護】京都府木津川市吐師野間11番地1", "url": "https://www.kaigokensaku.mhlw.go.jp/26/index.php?action_kouhyou_detail_004_kani=true&JigyosyoCd=2663590053-00&ServiceCd=130&Type=search", "url2": "https://starlife.kokoro.care" }, "geometry": { "type": "Point", "coordinates": [ 135.7990523, 34.7423661 ] } },
{ "type": "Feature", "properties": { "内容": "訪問看護ステーション　縁【訪問看護】京都府宇治市槙島町南落合9-11", "url": "https://www.kaigokensaku.mhlw.go.jp/26/index.php?action_kouhyou_detail_004_kani=true&JigyosyoCd=2661290243-00&ServiceCd=130&Type=search", "url2": "http://hp.kaipoke.biz/ygp/" }, "geometry": { "type": "Point", "coordinates": [ 135.780058, 34.9036498 ] } },
{ "type": "Feature", "properties": { "内容": "おとくに訪問看護リハビリステーション【訪問看護】京都府乙訓郡大山崎町大山崎斗加坪１－５２", "url": "https://www.kaigokensaku.mhlw.go.jp/26/index.php?action_kouhyou_detail_004_kani=true&JigyosyoCd=2661090023-00&ServiceCd=130&Type=search", "url2": "https://www.otsukan.org/home" }, "geometry": { "type": "Point", "coordinates": [ 135.689013879133228, 34.899678148387039 ] } },
{ "type": "Feature", "properties": { "内容": "洛和会訪問看護ステーション天王山【訪問看護】京都府乙訓郡大山崎町大山崎松原３６－６", "url": "https://www.kaigokensaku.mhlw.go.jp/26/index.php?action_kouhyou_detail_004_kani=true&JigyosyoCd=2661090015-00&ServiceCd=130&Type=search", "url2": null }, "geometry": { "type": "Point", "coordinates": [ 135.687430563302996, 34.905683943997154 ] } },
{ "type": "Feature", "properties": { "内容": "すみか訪問看護ステーション【訪問看護】円明寺茶屋前31－3コンポステラ102号", "url": "https://www.kaigokensaku.mhlw.go.jp/26/index.php?action_kouhyou_detail_004_kani=true&JigyosyoCd=2661090031-00&ServiceCd=130&Type=search", "url2": "https://sumika-kango.com/" }, "geometry": { "type": "Point", "coordinates": [ 135.6880688, 34.9041907 ] } },
{ "type": "Feature", "properties": { "内容": "訪問看護リハビリステーションおむすび【訪問看護】京都府久世郡久御山町大橋辺北島22番地9", "url": "https://www.kaigokensaku.mhlw.go.jp/26/index.php?action_kouhyou_detail_004_kani=true&JigyosyoCd=2661190039-00&ServiceCd=130&Type=search", "url2": null }, "geometry": { "type": "Point", "coordinates": [ 135.7180663, 34.8983994 ] } },
{ "type": "Feature", "properties": { "内容": "株式会社傍楽　訪問看護ステーション月【訪問看護】京都府久世郡久御山町栄３丁目１－２０", "url": "https://www.kaigokensaku.mhlw.go.jp/26/index.php?action_kouhyou_detail_004_kani=true&JigyosyoCd=2661190021-00&ServiceCd=130&Type=search", "url2": "https://htrk.jp/" }, "geometry": { "type": "Point", "coordinates": [ 135.7611875, 34.8790141 ] } },
{ "type": "Feature", "properties": { "内容": "医療法人八仁会「あおぞら」訪問看護ステーション【訪問看護】京都府久世郡久御山町島田堤外31番地の24ケアモール", "url": "https://www.kaigokensaku.mhlw.go.jp/26/index.php?action_kouhyou_detail_004_kani=true&JigyosyoCd=2661190013-00&ServiceCd=130&Type=search", "url2": "http://www.kumiyama-minamihp.or.jp" }, "geometry": { "type": "Point", "coordinates": [ 135.734176599999955, 34.8828412 ] } },
{ "type": "Feature", "properties": { "内容": "訪問看護ステーションふれあい【訪問看護】京都府久世郡久御山町佐山西ノ口138番地くみやま岡本病院内１F", "url": "https://www.kaigokensaku.mhlw.go.jp/26/index.php?action_kouhyou_detail_004_kani=true&JigyosyoCd=2661190047-00&ServiceCd=130&Type=search", "url2": "https://www.okamoto-hp.or.jp/oka1/medical/fureai.html" }, "geometry": { "type": "Point", "coordinates": [ 135.747242199999988, 34.873223 ] } },
{ "type": "Feature", "properties": { "内容": "訪問看護ステーションかおり【訪問看護】京都府綴喜郡宇治田原町大字郷之口小字本町10-1", "url": "https://www.kaigokensaku.mhlw.go.jp/26/index.php?action_kouhyou_detail_004_kani=true&JigyosyoCd=2661390043-00&ServiceCd=130&Type=search", "url2": null }, "geometry": { "type": "Point", "coordinates": [ 135.853116799999952, 34.8521731 ] } },
{ "type": "Feature", "properties": { "内容": "医療法人　伊左治医院【訪問看護】京都府相楽郡笠置町笠置隅田17", "url": "https://www.kaigokensaku.mhlw.go.jp/26/index.php?action_kouhyou_detail_004_kani=true&JigyosyoCd=2611401916-00&ServiceCd=130&Type=search", "url2": null }, "geometry": { "type": "Point", "coordinates": [ 135.934120407934529, 34.756625759738995 ] } },
{ "type": "Feature", "properties": { "内容": "コマダ診療所【訪問看護】京都府相楽郡精華町大字菱田小字宮川原10", "url": "https://www.kaigokensaku.mhlw.go.jp/26/index.php?action_kouhyou_detail_004_kani=true&JigyosyoCd=2611400637-00&ServiceCd=130&Type=search", "url2": "kss-k-fi1@xd5.so-net.ne.jp" }, "geometry": { "type": "Point", "coordinates": [ 135.794715200000041, 34.7811509 ] } },
{ "type": "Feature", "properties": { "内容": "合同会社クローバー【訪問看護】京都府相楽郡精華町桜が丘二丁目14番地４", "url": "https://www.kaigokensaku.mhlw.go.jp/26/index.php?action_kouhyou_detail_004_kani=true&JigyosyoCd=2661490157-00&ServiceCd=130&Type=search", "url2": null }, "geometry": { "type": "Point", "coordinates": [ 135.7803337, 34.7311487 ] } },
{ "type": "Feature", "properties": { "内容": "ファイン訪問看護ステーション【訪問看護】桜が丘3-1-6エスペローマ高の原イースト１番館１階", "url": "https://www.kaigokensaku.mhlw.go.jp/26/index.php?action_kouhyou_detail_004_kani=true&JigyosyoCd=2661490124-00&ServiceCd=130&Type=search", "url2": "http://www.houbaikai.com/" }, "geometry": { "type": "Point", "coordinates": [ 133.248150099999947, 34.5804817 ] } },
{ "type": "Feature", "properties": { "内容": "カインドナース桜【訪問看護】京都府相楽郡精華町大字祝園小字長塚18番地2", "url": "https://www.kaigokensaku.mhlw.go.jp/26/index.php?action_kouhyou_detail_004_kani=true&JigyosyoCd=2661490132-00&ServiceCd=130&Type=search", "url2": "http://bekind.jp" }, "geometry": { "type": "Point", "coordinates": [ 135.793145960049401, 34.759878388663303 ] } },
{ "type": "Feature", "properties": { "内容": "訪問看護ステーション笑【訪問看護】京都府相楽郡精華町祝園一丁田15-4", "url": "https://www.kaigokensaku.mhlw.go.jp/26/index.php?action_kouhyou_detail_004_kani=true&JigyosyoCd=2661490108-00&ServiceCd=130&Type=search", "url2": "https://houmonkango-syo.jimdofree.com" }, "geometry": { "type": "Point", "coordinates": [ 135.792744, 34.7627145 ] } },
{ "type": "Feature", "properties": { "内容": "医療法人竹澤内科小児科医院　訪問看護事業所【訪問看護】京都府相楽郡南山城村北大河原殿田１０６", "url": "https://www.kaigokensaku.mhlw.go.jp/26/index.php?action_kouhyou_detail_004_kani=true&JigyosyoCd=2611401114-00&ServiceCd=130&Type=search", "url2": "https://takezawa-naika.jp/" }, "geometry": { "type": "Point", "coordinates": [ 136.0243012, 34.7659645 ] } },
{ "type": "Feature", "properties": { "内容": "国保京丹波町病院訪問看護事業所【訪問看護】京都府船井郡京丹波町和田大下２８番地", "url": "https://www.kaigokensaku.mhlw.go.jp/26/index.php?action_kouhyou_detail_004_kani=true&JigyosyoCd=2619600287-00&ServiceCd=130&Type=search", "url2": "http://www.kyotamba-hospital.jp/" }, "geometry": { "type": "Point", "coordinates": [ 135.374036400000023, 35.1807372 ] } },
{ "type": "Feature", "properties": { "内容": "伊根町訪問看護ステーション【訪問看護】京都府与謝郡伊根町字日出646番地伊根町総合保健施設　2F", "url": "https://www.kaigokensaku.mhlw.go.jp/26/index.php?action_kouhyou_detail_004_kani=true&JigyosyoCd=2669690022-00&ServiceCd=130&Type=search", "url2": null }, "geometry": { "type": "Point", "coordinates": [ 135.272367, 35.6748515 ] } },
{ "type": "Feature", "properties": { "内容": "医療法人仁寿会いわさく診療所【訪問看護】京都府与謝郡与謝野町字四辻７５９番地", "url": "https://www.kaigokensaku.mhlw.go.jp/26/index.php?action_kouhyou_detail_004_kani=true&JigyosyoCd=2612000436-00&ServiceCd=130&Type=search", "url2": "http://www.i-jinju.or.jp/jinju/clinic/sinryou.html" }, "geometry": { "type": "Point", "coordinates": [ 135.098904700000048, 35.5296782 ] } },
{ "type": "Feature", "properties": { "内容": "看護小規模多機能施設しずちゃんハウス【訪問看護】京都府与謝郡与謝野町弓木1番", "url": "https://www.kaigokensaku.mhlw.go.jp/26/index.php?action_kouhyou_detail_004_kani=true&JigyosyoCd=2662090030-00&ServiceCd=130&Type=search", "url2": "https://shizuchanhouse.com/" }, "geometry": { "type": "Point", "coordinates": [ 135.142740800000041, 35.5622672 ] } },
{ "type": "Feature", "properties": { "内容": "公益社団法人　京都府看護協会　天の橋立訪問看護ステーション【訪問看護】京都府与謝郡与謝野町字岩滝２１０４-２", "url": "https://www.kaigokensaku.mhlw.go.jp/26/index.php?action_kouhyou_detail_004_kani=true&JigyosyoCd=2662090014-00&ServiceCd=130&Type=search", "url2": "http://www." }, "geometry": { "type": "Point", "coordinates": [ 135.151780210064658, 35.564430417016965 ] } },
{ "type": "Feature", "properties": { "内容": "訪問看護ステーションさくら【訪問看護】京都府与謝郡与謝野町字算所14-6", "url": "https://www.kaigokensaku.mhlw.go.jp/26/index.php?action_kouhyou_detail_004_kani=true&JigyosyoCd=2662090022-00&ServiceCd=130&Type=search", "url2": "https://sakurakango.jp/" }, "geometry": { "type": "Point", "coordinates": [ 135.093297600000028, 35.5076698 ] } }
]
}
