{
"type": "FeatureCollection",
"name": "geo_26_5",
"crs": { "type": "name", "properties": { "name": "urn:ogc:def:crs:OGC:1.3:CRS84" } },
"features": [
{ "type": "Feature", "properties": { "ID": 2652640201816.0, "正式名称": "さくら薬局　京都府立医大前店", "機関区分": 5, "都道府県コード": 26, "市区町村コード": 102, "所在地": "京都府京都市上京区河原町通広小路上ル中御霊町４２１", "緯度": 35.023507, "経度": 135.768991, "url": "https://www.iryou.teikyouseido.mhlw.go.jp/znk-web/juminkanja/S2430/initialize?prefCd=26&kikanCd=2640201816&kikanKbn=5", "url2": "https://www.kraft-net.co.jp/sakura/store/3548/", "内容": "さくら薬局　京都府立医大前店【5:薬局】京都府京都市上京区河原町通広小路上ル中御霊町４２１" }, "geometry": { "type": "Point", "coordinates": [ 135.768991, 35.023507 ] } },
{ "type": "Feature", "properties": { "ID": 2652652000003.0, "正式名称": "イトウ薬局", "機関区分": 5, "都道府県コード": 26, "市区町村コード": 108, "所在地": "京都府京都市右京区花園伊町３１番地の２", "緯度": 35.019699, "経度": 135.718879, "url": "https://www.iryou.teikyouseido.mhlw.go.jp/znk-web/juminkanja/S2430/initialize?prefCd=26&kikanCd=2652000003&kikanKbn=5", "url2": "http://www.e-classa.net/itouph/", "内容": "イトウ薬局【5:薬局】京都府京都市右京区花園伊町３１番地の２" }, "geometry": { "type": "Point", "coordinates": [ 135.718879, 35.019699 ] } },
{ "type": "Feature", "properties": { "ID": 2652652000006.0, "正式名称": "花園調剤薬局", "機関区分": 5, "都道府県コード": 26, "市区町村コード": 108, "所在地": "京都府京都市右京区花園木辻南町７番地６８番", "緯度": 35.01981, "経度": 135.723129, "url": "https://www.iryou.teikyouseido.mhlw.go.jp/znk-web/juminkanja/S2430/initialize?prefCd=26&kikanCd=2652000006&kikanKbn=5", "url2": "https://leaph.jp/", "内容": "花園調剤薬局【5:薬局】京都府京都市右京区花園木辻南町７番地６８番" }, "geometry": { "type": "Point", "coordinates": [ 135.723129, 35.01981 ] } },
{ "type": "Feature", "properties": { "ID": 2652652000008.0, "正式名称": "今村薬局", "機関区分": 5, "都道府県コード": 26, "市区町村コード": 108, "所在地": "京都府京都市右京区嵯峨釈迦堂大門町２９番地", "緯度": 35.021587, "経度": 135.675466, "url": "https://www.iryou.teikyouseido.mhlw.go.jp/znk-web/juminkanja/S2430/initialize?prefCd=26&kikanCd=2652000008&kikanKbn=5", "url2": "http://www.imamurakanpo.jp", "内容": "今村薬局【5:薬局】京都府京都市右京区嵯峨釈迦堂大門町２９番地" }, "geometry": { "type": "Point", "coordinates": [ 135.675466, 35.021587 ] } },
{ "type": "Feature", "properties": { "ID": 2652652000011.0, "正式名称": "嵐山ゆう薬局", "機関区分": 5, "都道府県コード": 26, "市区町村コード": 108, "所在地": "京都府京都市右京区嵯峨中山町５番地", "緯度": 35.014227, "経度": 135.685105, "url": "https://www.iryou.teikyouseido.mhlw.go.jp/znk-web/juminkanja/S2430/initialize?prefCd=26&kikanCd=2652000011&kikanKbn=5", "url2": "http://www.uno-upd.co.jp/", "内容": "嵐山ゆう薬局【5:薬局】京都府京都市右京区嵯峨中山町５番地" }, "geometry": { "type": "Point", "coordinates": [ 135.685105, 35.014227 ] } },
{ "type": "Feature", "properties": { "ID": 2652652000012.0, "正式名称": "サガ薬局", "機関区分": 5, "都道府県コード": 26, "市区町村コード": 108, "所在地": "京都府京都市右京区嵯峨天龍寺北造路町１０ー１", "緯度": 35.01631, "経度": 135.6783, "url": "https://www.iryou.teikyouseido.mhlw.go.jp/znk-web/juminkanja/S2430/initialize?prefCd=26&kikanCd=2652000012&kikanKbn=5", "url2": null, "内容": "サガ薬局【5:薬局】京都府京都市右京区嵯峨天龍寺北造路町１０ー１" }, "geometry": { "type": "Point", "coordinates": [ 135.6783, 35.01631 ] } },
{ "type": "Feature", "properties": { "ID": 2652652000013.0, "正式名称": "嵐電鹿王院薬局", "機関区分": 5, "都道府県コード": 26, "市区町村コード": 108, "所在地": "京都府京都市右京区嵯峨北堀町２０－４７", "緯度": 35.017227, "経度": 135.684577, "url": "https://www.iryou.teikyouseido.mhlw.go.jp/znk-web/juminkanja/S2430/initialize?prefCd=26&kikanCd=2652000013&kikanKbn=5", "url2": "http://kawamotoph.biz", "内容": "嵐電鹿王院薬局【5:薬局】京都府京都市右京区嵯峨北堀町２０－４７" }, "geometry": { "type": "Point", "coordinates": [ 135.684577, 35.017227 ] } },
{ "type": "Feature", "properties": { "ID": 2652652000015.0, "正式名称": "カワモト薬局常盤店", "機関区分": 5, "都道府県コード": 26, "市区町村コード": 108, "所在地": "京都府京都市右京区常盤村ノ内町１番地１８　エリタージュうずまさ１０１号", "緯度": 35.019838, "経度": 135.708936, "url": "https://www.iryou.teikyouseido.mhlw.go.jp/znk-web/juminkanja/S2430/initialize?prefCd=26&kikanCd=2652000015&kikanKbn=5", "url2": "https://www.kawamoto-ph.com", "内容": "カワモト薬局常盤店【5:薬局】京都府京都市右京区常盤村ノ内町１番地１８　エリタージュうずまさ１０１号" }, "geometry": { "type": "Point", "coordinates": [ 135.708936, 35.019838 ] } },
{ "type": "Feature", "properties": { "ID": 2652652000016.0, "正式名称": "松井薬局　西院店", "機関区分": 5, "都道府県コード": 26, "市区町村コード": 108, "所在地": "京都府京都市右京区西院高山寺町１番１", "緯度": 35.003451, "経度": 135.732823, "url": "https://www.iryou.teikyouseido.mhlw.go.jp/znk-web/juminkanja/S2430/initialize?prefCd=26&kikanCd=2652000016&kikanKbn=5", "url2": "http://www.4193.co.jp/", "内容": "松井薬局　西院店【5:薬局】京都府京都市右京区西院高山寺町１番１" }, "geometry": { "type": "Point", "coordinates": [ 135.732823, 35.003451 ] } },
{ "type": "Feature", "properties": { "ID": 2652652000017.0, "正式名称": "テイコク薬局　西院店", "機関区分": 5, "都道府県コード": 26, "市区町村コード": 108, "所在地": "京都府京都市右京区西院高田町２４番地　パデシオン西院１階", "緯度": 34.998007, "経度": 135.732351, "url": "https://www.iryou.teikyouseido.mhlw.go.jp/znk-web/juminkanja/S2430/initialize?prefCd=26&kikanCd=2652000017&kikanKbn=5", "url2": "http://www.teikoku-drugstore.co.jp", "内容": "テイコク薬局　西院店【5:薬局】京都府京都市右京区西院高田町２４番地　パデシオン西院１階" }, "geometry": { "type": "Point", "coordinates": [ 135.732351, 34.998007 ] } },
{ "type": "Feature", "properties": { "ID": 2652652000018.0, "正式名称": "アイン薬局　四条通店", "機関区分": 5, "都道府県コード": 26, "市区町村コード": 108, "所在地": "京都府京都市右京区西院四条畑町３０番地１　Ｄｕ四条１階", "緯度": 35.003812, "経度": 135.722074, "url": "https://www.iryou.teikyouseido.mhlw.go.jp/znk-web/juminkanja/S2430/initialize?prefCd=26&kikanCd=2652000018&kikanKbn=5", "url2": "http://www.ainj.co.jp", "内容": "アイン薬局　四条通店【5:薬局】京都府京都市右京区西院四条畑町３０番地１　Ｄｕ四条１階" }, "geometry": { "type": "Point", "coordinates": [ 135.722074, 35.003812 ] } },
{ "type": "Feature", "properties": { "ID": 2652652000019.0, "正式名称": "イオン薬局イオンスタイル京都五条", "機関区分": 5, "都道府県コード": 26, "市区町村コード": 108, "所在地": "京都府京都市右京区西院追分町２５番地１", "緯度": 34.997257, "経度": 135.727046, "url": "https://www.iryou.teikyouseido.mhlw.go.jp/znk-web/juminkanja/S2430/initialize?prefCd=26&kikanCd=2652000019&kikanKbn=5", "url2": "https://www.aeonretail.jp/syohousen/", "内容": "イオン薬局イオンスタイル京都五条【5:薬局】京都府京都市右京区西院追分町２５番地１" }, "geometry": { "type": "Point", "coordinates": [ 135.727046, 34.997257 ] } },
{ "type": "Feature", "properties": { "ID": 2652652000020.0, "正式名称": "ファルコ薬局　五条店", "機関区分": 5, "都道府県コード": 26, "市区町村コード": 108, "所在地": "京都府京都市右京区西院追分町２５－１－１３８　イオンモール京都五条３Ｆ", "緯度": 34.997257, "経度": 135.727046, "url": "https://www.iryou.teikyouseido.mhlw.go.jp/znk-web/juminkanja/S2430/initialize?prefCd=26&kikanCd=2652000020&kikanKbn=5", "url2": "http://www.falco-pharm.co.jp/", "内容": "ファルコ薬局　五条店【5:薬局】京都府京都市右京区西院追分町２５－１－１３８　イオンモール京都五条３Ｆ" }, "geometry": { "type": "Point", "coordinates": [ 135.727046, 34.997257 ] } },
{ "type": "Feature", "properties": { "ID": 2652652000021.0, "正式名称": "アポロ薬局　天神川店", "機関区分": 5, "都道府県コード": 26, "市区町村コード": 108, "所在地": "京都府京都市右京区西院東貝川町１５番地", "緯度": 35.00259, "経度": 135.717825, "url": "https://www.iryou.teikyouseido.mhlw.go.jp/znk-web/juminkanja/S2430/initialize?prefCd=26&kikanCd=2652000021&kikanKbn=5", "url2": null, "内容": "アポロ薬局　天神川店【5:薬局】京都府京都市右京区西院東貝川町１５番地" }, "geometry": { "type": "Point", "coordinates": [ 135.717825, 35.00259 ] } },
{ "type": "Feature", "properties": { "ID": 2652652000022.0, "正式名称": "スギ薬局　西院店", "機関区分": 5, "都道府県コード": 26, "市区町村コード": 108, "所在地": "京都府京都市右京区西院東淳和院町１番地１　アフレ西院ビル１Ｆ", "緯度": 35.003979, "経度": 135.731657, "url": "https://www.iryou.teikyouseido.mhlw.go.jp/znk-web/juminkanja/S2430/initialize?prefCd=26&kikanCd=2652000022&kikanKbn=5", "url2": "http://www.drug-sugi.co.jp/", "内容": "スギ薬局　西院店【5:薬局】京都府京都市右京区西院東淳和院町１番地１　アフレ西院ビル１Ｆ" }, "geometry": { "type": "Point", "coordinates": [ 135.731657, 35.003979 ] } },
{ "type": "Feature", "properties": { "ID": 2652652000023.0, "正式名称": "ひまわり薬局", "機関区分": 5, "都道府県コード": 26, "市区町村コード": 108, "所在地": "京都府京都市右京区西京極午塚町３７－１階カドノハイツＡ棟１０２号", "緯度": 34.999673, "経度": 135.714325, "url": "https://www.iryou.teikyouseido.mhlw.go.jp/znk-web/juminkanja/S2430/initialize?prefCd=26&kikanCd=2652000023&kikanKbn=5", "url2": null, "内容": "ひまわり薬局【5:薬局】京都府京都市右京区西京極午塚町３７－１階カドノハイツＡ棟１０２号" }, "geometry": { "type": "Point", "coordinates": [ 135.714325, 34.999673 ] } },
{ "type": "Feature", "properties": { "ID": 2652652000024.0, "正式名称": "中島薬局", "機関区分": 5, "都道府県コード": 26, "市区町村コード": 108, "所在地": "京都府京都市右京区西京極西川町７の１", "緯度": 34.988926, "経度": 135.719, "url": "https://www.iryou.teikyouseido.mhlw.go.jp/znk-web/juminkanja/S2430/initialize?prefCd=26&kikanCd=2652000024&kikanKbn=5", "url2": null, "内容": "中島薬局【5:薬局】京都府京都市右京区西京極西川町７の１" }, "geometry": { "type": "Point", "coordinates": [ 135.719, 34.988926 ] } },
{ "type": "Feature", "properties": { "ID": 2652652000025.0, "正式名称": "西京極駅前調剤薬局", "機関区分": 5, "都道府県コード": 26, "市区町村コード": 108, "所在地": "京都府京都市右京区西京極西池田町４０", "緯度": 34.991813, "経度": 135.718714, "url": "https://www.iryou.teikyouseido.mhlw.go.jp/znk-web/juminkanja/S2430/initialize?prefCd=26&kikanCd=2652000025&kikanKbn=5", "url2": null, "内容": "西京極駅前調剤薬局【5:薬局】京都府京都市右京区西京極西池田町４０" }, "geometry": { "type": "Point", "coordinates": [ 135.718714, 34.991813 ] } },
{ "type": "Feature", "properties": { "ID": 2652652000026.0, "正式名称": "タカヤマ薬局", "機関区分": 5, "都道府県コード": 26, "市区町村コード": 108, "所在地": "京都府京都市右京区西京極大門町１６－１９", "緯度": 34.989869, "経度": 135.725908, "url": "https://www.iryou.teikyouseido.mhlw.go.jp/znk-web/juminkanja/S2430/initialize?prefCd=26&kikanCd=2652000026&kikanKbn=5", "url2": null, "内容": "タカヤマ薬局【5:薬局】京都府京都市右京区西京極大門町１６－１９" }, "geometry": { "type": "Point", "coordinates": [ 135.725908, 34.989869 ] } },
{ "type": "Feature", "properties": { "ID": 2652652000027.0, "正式名称": "西京極薬局", "機関区分": 5, "都道府県コード": 26, "市区町村コード": 108, "所在地": "京都府京都市右京区西京極堤町４３", "緯度": 34.992702, "経度": 135.717547, "url": "https://www.iryou.teikyouseido.mhlw.go.jp/znk-web/juminkanja/S2430/initialize?prefCd=26&kikanCd=2652000027&kikanKbn=5", "url2": "http://www.eonet.ne.jp/~nindou/index.html", "内容": "西京極薬局【5:薬局】京都府京都市右京区西京極堤町４３" }, "geometry": { "type": "Point", "coordinates": [ 135.717547, 34.992702 ] } },
{ "type": "Feature", "properties": { "ID": 2652652000028.0, "正式名称": "回生堂薬局", "機関区分": 5, "都道府県コード": 26, "市区町村コード": 108, "所在地": "京都府京都市右京区太秦安井馬塚町１２番地１５", "緯度": 35.015533, "経度": 135.721518, "url": "https://www.iryou.teikyouseido.mhlw.go.jp/znk-web/juminkanja/S2430/initialize?prefCd=26&kikanCd=2652000028&kikanKbn=5", "url2": "kaiseidou-py.com", "内容": "回生堂薬局【5:薬局】京都府京都市右京区太秦安井馬塚町１２番地１５" }, "geometry": { "type": "Point", "coordinates": [ 135.721518, 35.015533 ] } },
{ "type": "Feature", "properties": { "ID": 2652652000031.0, "正式名称": "クリハラ薬局", "機関区分": 5, "都道府県コード": 26, "市区町村コード": 108, "所在地": "京都府京都市右京区太秦御所ノ内町２７－１７", "緯度": 35.01456, "経度": 135.69977, "url": "https://www.iryou.teikyouseido.mhlw.go.jp/znk-web/juminkanja/S2430/initialize?prefCd=26&kikanCd=2652000031&kikanKbn=5", "url2": "http://e-kusuriya.net", "内容": "クリハラ薬局【5:薬局】京都府京都市右京区太秦御所ノ内町２７－１７" }, "geometry": { "type": "Point", "coordinates": [ 135.69977, 35.01456 ] } },
{ "type": "Feature", "properties": { "ID": 2652652000033.0, "正式名称": "阪神調剤薬局太秦店", "機関区分": 5, "都道府県コード": 26, "市区町村コード": 108, "所在地": "京都府京都市右京区太秦馬塚町２９－１６", "緯度": 35.017616, "経度": 135.70052, "url": "https://www.iryou.teikyouseido.mhlw.go.jp/znk-web/juminkanja/S2430/initialize?prefCd=26&kikanCd=2652000033&kikanKbn=5", "url2": "http://www.hanshin-dp.co.jp/", "内容": "阪神調剤薬局太秦店【5:薬局】京都府京都市右京区太秦馬塚町２９－１６" }, "geometry": { "type": "Point", "coordinates": [ 135.70052, 35.017616 ] } },
{ "type": "Feature", "properties": { "ID": 2652652000034.0, "正式名称": "うずまさゆう薬局", "機関区分": 5, "都道府県コード": 26, "市区町村コード": 108, "所在地": "京都府京都市右京区太秦森ヶ西町２１番地６６", "緯度": 35.01395, "経度": 135.711325, "url": "https://www.iryou.teikyouseido.mhlw.go.jp/znk-web/juminkanja/S2430/initialize?prefCd=26&kikanCd=2652000034&kikanKbn=5", "url2": "http://www.uno-upd.co.jp/", "内容": "うずまさゆう薬局【5:薬局】京都府京都市右京区太秦森ヶ西町２１番地６６" }, "geometry": { "type": "Point", "coordinates": [ 135.711325, 35.01395 ] } },
{ "type": "Feature", "properties": { "ID": 2652652000036.0, "正式名称": "ユニスマイル薬局　たるみやま店", "機関区分": 5, "都道府県コード": 26, "市区町村コード": 108, "所在地": "京都府京都市右京区太秦垂箕山町１－２", "緯度": 35.015255, "経度": 135.70177, "url": "https://www.iryou.teikyouseido.mhlw.go.jp/znk-web/juminkanja/S2430/initialize?prefCd=26&kikanCd=2652000036&kikanKbn=5", "url2": "http://www.unismile.co.jp", "内容": "ユニスマイル薬局　たるみやま店【5:薬局】京都府京都市右京区太秦垂箕山町１－２" }, "geometry": { "type": "Point", "coordinates": [ 135.70177, 35.015255 ] } },
{ "type": "Feature", "properties": { "ID": 2652652000038.0, "正式名称": "株式会社くさかべ薬局", "機関区分": 5, "都道府県コード": 26, "市区町村コード": 108, "所在地": "京都府京都市右京区太秦多藪町４５", "緯度": 35.013477, "経度": 135.703464, "url": "https://www.iryou.teikyouseido.mhlw.go.jp/znk-web/juminkanja/S2430/initialize?prefCd=26&kikanCd=2652000038&kikanKbn=5", "url2": null, "内容": "株式会社くさかべ薬局【5:薬局】京都府京都市右京区太秦多藪町４５" }, "geometry": { "type": "Point", "coordinates": [ 135.703464, 35.013477 ] } },
{ "type": "Feature", "properties": { "ID": 2652652000039.0, "正式名称": "いずみ薬局　高雄支店", "機関区分": 5, "都道府県コード": 26, "市区町村コード": 108, "所在地": "京都府京都市右京区梅ケ畑畑町２－１０", "緯度": 35.037197, "経度": 135.693242, "url": "https://www.iryou.teikyouseido.mhlw.go.jp/znk-web/juminkanja/S2430/initialize?prefCd=26&kikanCd=2652000039&kikanKbn=5", "url2": "https://www.fureai-yakkyoku.jp/pharmacy/izumi_takao/", "内容": "いずみ薬局　高雄支店【5:薬局】京都府京都市右京区梅ケ畑畑町２－１０" }, "geometry": { "type": "Point", "coordinates": [ 135.693242, 35.037197 ] } },
{ "type": "Feature", "properties": { "ID": 2652652000040.0, "正式名称": "堤下調剤薬局", "機関区分": 5, "都道府県コード": 26, "市区町村コード": 108, "所在地": "京都府京都市右京区梅津堤下町９番地", "緯度": 35.000062, "経度": 135.707853, "url": "https://www.iryou.teikyouseido.mhlw.go.jp/znk-web/juminkanja/S2430/initialize?prefCd=26&kikanCd=2652000040&kikanKbn=5", "url2": null, "内容": "堤下調剤薬局【5:薬局】京都府京都市右京区梅津堤下町９番地" }, "geometry": { "type": "Point", "coordinates": [ 135.707853, 35.000062 ] } },
{ "type": "Feature", "properties": { "ID": 2652652000041.0, "正式名称": "スギ薬局　梅津調剤店", "機関区分": 5, "都道府県コード": 26, "市区町村コード": 108, "所在地": "京都府京都市右京区梅津徳丸町３番　エリーフラッツ梅ノ宮１階", "緯度": 35.003756, "経度": 135.69866, "url": "https://www.iryou.teikyouseido.mhlw.go.jp/znk-web/juminkanja/S2430/initialize?prefCd=26&kikanCd=2652000041&kikanKbn=5", "url2": "http://www.drug-sugi.co.jp/", "内容": "スギ薬局　梅津調剤店【5:薬局】京都府京都市右京区梅津徳丸町３番　エリーフラッツ梅ノ宮１階" }, "geometry": { "type": "Point", "coordinates": [ 135.69866, 35.003756 ] } },
{ "type": "Feature", "properties": { "ID": 2652652000043.0, "正式名称": "ヘルス薬局", "機関区分": 5, "都道府県コード": 26, "市区町村コード": 108, "所在地": "京都府京都市右京区梅津南上田町６４番地の６１ロイヤルハイツ梅津１階", "緯度": 35.002784, "経度": 135.705742, "url": "https://www.iryou.teikyouseido.mhlw.go.jp/znk-web/juminkanja/S2430/initialize?prefCd=26&kikanCd=2652000043&kikanKbn=5", "url2": null, "内容": "ヘルス薬局【5:薬局】京都府京都市右京区梅津南上田町６４番地の６１ロイヤルハイツ梅津１階" }, "geometry": { "type": "Point", "coordinates": [ 135.705742, 35.002784 ] } },
{ "type": "Feature", "properties": { "ID": 2652652000044.0, "正式名称": "音戸山薬局", "機関区分": 5, "都道府県コード": 26, "市区町村コード": 108, "所在地": "京都府京都市右京区鳴滝音戸山町４－１６５", "緯度": 35.027448, "経度": 135.702769, "url": "https://www.iryou.teikyouseido.mhlw.go.jp/znk-web/juminkanja/S2430/initialize?prefCd=26&kikanCd=2652000044&kikanKbn=5", "url2": null, "内容": "音戸山薬局【5:薬局】京都府京都市右京区鳴滝音戸山町４－１６５" }, "geometry": { "type": "Point", "coordinates": [ 135.702769, 35.027448 ] } },
{ "type": "Feature", "properties": { "ID": 2652652000045.0, "正式名称": "アポロ薬局　梅津店", "機関区分": 5, "都道府県コード": 26, "市区町村コード": 108, "所在地": "京都府京都市右京区梅津南上田町３　サクランボ１Ｆ", "緯度": 35.003228, "経度": 135.704104, "url": "https://www.iryou.teikyouseido.mhlw.go.jp/znk-web/juminkanja/S2430/initialize?prefCd=26&kikanCd=2652000045&kikanKbn=5", "url2": null, "内容": "アポロ薬局　梅津店【5:薬局】京都府京都市右京区梅津南上田町３　サクランボ１Ｆ" }, "geometry": { "type": "Point", "coordinates": [ 135.704104, 35.003228 ] } },
{ "type": "Feature", "properties": { "ID": 2652652000049.0, "正式名称": "さくら薬局　京都駅前店", "機関区分": 5, "都道府県コード": 26, "市区町村コード": 106, "所在地": "京都府京都市下京区塩小路通西洞院東入東塩小路町８４１－２", "緯度": 34.987009, "経度": 135.755683, "url": "https://www.iryou.teikyouseido.mhlw.go.jp/znk-web/juminkanja/S2430/initialize?prefCd=26&kikanCd=2652000049&kikanKbn=5", "url2": "https://www.kraft-net.co.jp/sakura/store/3220/", "内容": "さくら薬局　京都駅前店【5:薬局】京都府京都市下京区塩小路通西洞院東入東塩小路町８４１－２" }, "geometry": { "type": "Point", "coordinates": [ 135.755683, 34.987009 ] } },
{ "type": "Feature", "properties": { "ID": 2652652000050.0, "正式名称": "西村薬局", "機関区分": 5, "都道府県コード": 26, "市区町村コード": 106, "所在地": "京都府京都市下京区寺町通五条上ル西橋詰町７５８番地", "緯度": 34.997202, "経度": 135.767071, "url": "https://www.iryou.teikyouseido.mhlw.go.jp/znk-web/juminkanja/S2430/initialize?prefCd=26&kikanCd=2652000050&kikanKbn=5", "url2": "https://www.nishimura-pharmacy.jp/", "内容": "西村薬局【5:薬局】京都府京都市下京区寺町通五条上ル西橋詰町７５８番地" }, "geometry": { "type": "Point", "coordinates": [ 135.767071, 34.997202 ] } },
{ "type": "Feature", "properties": { "ID": 2652652000051.0, "正式名称": "厚生薬局", "機関区分": 5, "都道府県コード": 26, "市区町村コード": 106, "所在地": "京都府京都市下京区河原町通高辻上ル天満町２６６番地２", "緯度": 35.000538, "経度": 135.768505, "url": "https://www.iryou.teikyouseido.mhlw.go.jp/znk-web/juminkanja/S2430/initialize?prefCd=26&kikanCd=2652000051&kikanKbn=5", "url2": null, "内容": "厚生薬局【5:薬局】京都府京都市下京区河原町通高辻上ル天満町２６６番地２" }, "geometry": { "type": "Point", "coordinates": [ 135.768505, 35.000538 ] } },
{ "type": "Feature", "properties": { "ID": 2652652000053.0, "正式名称": "松井調剤薬局しんまち", "機関区分": 5, "都道府県コード": 26, "市区町村コード": 106, "所在地": "京都府京都市下京区五条通室町西入東錺屋町１８９番　クマガイ五条ビル１階", "緯度": 34.996536, "経度": 135.758016, "url": "https://www.iryou.teikyouseido.mhlw.go.jp/znk-web/juminkanja/S2430/initialize?prefCd=26&kikanCd=2652000053&kikanKbn=5", "url2": "http://www.4193.co.jp", "内容": "松井調剤薬局しんまち【5:薬局】京都府京都市下京区五条通室町西入東錺屋町１８９番　クマガイ五条ビル１階" }, "geometry": { "type": "Point", "coordinates": [ 135.758016, 34.996536 ] } },
{ "type": "Feature", "properties": { "ID": 2652652000055.0, "正式名称": "高倉薬局", "機関区分": 5, "都道府県コード": 26, "市区町村コード": 106, "所在地": "京都府京都市下京区高倉通綾小路下ル神明町２３０番地６", "緯度": 35.002313, "経度": 135.762488, "url": "https://www.iryou.teikyouseido.mhlw.go.jp/znk-web/juminkanja/S2430/initialize?prefCd=26&kikanCd=2652000055&kikanKbn=5", "url2": null, "内容": "高倉薬局【5:薬局】京都府京都市下京区高倉通綾小路下ル神明町２３０番地６" }, "geometry": { "type": "Point", "coordinates": [ 135.762488, 35.002313 ] } },
{ "type": "Feature", "properties": { "ID": 2652652000056.0, "正式名称": "おひさま薬局", "機関区分": 5, "都道府県コード": 26, "市区町村コード": 106, "所在地": "京都府京都市下京区高辻通リ大宮西入坊門町８３０番地６", "緯度": 35.000202, "経度": 135.747628, "url": "https://www.iryou.teikyouseido.mhlw.go.jp/znk-web/juminkanja/S2430/initialize?prefCd=26&kikanCd=2652000056&kikanKbn=5", "url2": null, "内容": "おひさま薬局【5:薬局】京都府京都市下京区高辻通リ大宮西入坊門町８３０番地６" }, "geometry": { "type": "Point", "coordinates": [ 135.747628, 35.000202 ] } },
{ "type": "Feature", "properties": { "ID": 2652652000059.0, "正式名称": "調剤薬局マリーン河原町店", "機関区分": 5, "都道府県コード": 26, "市区町村コード": 106, "所在地": "京都府京都市下京区七条通河原町東入材木町４５６番地３", "緯度": 34.989481, "経度": 135.764655, "url": "https://www.iryou.teikyouseido.mhlw.go.jp/znk-web/juminkanja/S2430/initialize?prefCd=26&kikanCd=2652000059&kikanKbn=5", "url2": "http://www.marinegroup.jp/top.html", "内容": "調剤薬局マリーン河原町店【5:薬局】京都府京都市下京区七条通河原町東入材木町４５６番地３" }, "geometry": { "type": "Point", "coordinates": [ 135.764655, 34.989481 ] } },
{ "type": "Feature", "properties": { "ID": 2652652000062.0, "正式名称": "松井薬局アルファ店", "機関区分": 5, "都道府県コード": 26, "市区町村コード": 106, "所在地": "京都府京都市下京区七条通烏丸東入真苧屋町２０８－２", "緯度": 34.989148, "経度": 135.760405, "url": "https://www.iryou.teikyouseido.mhlw.go.jp/znk-web/juminkanja/S2430/initialize?prefCd=26&kikanCd=2652000062&kikanKbn=5", "url2": "http://www.4193.co.jp/", "内容": "松井薬局アルファ店【5:薬局】京都府京都市下京区七条通烏丸東入真苧屋町２０８－２" }, "geometry": { "type": "Point", "coordinates": [ 135.760405, 34.989148 ] } },
{ "type": "Feature", "properties": { "ID": 2652652000063.0, "正式名称": "松井薬局", "機関区分": 5, "都道府県コード": 26, "市区町村コード": 106, "所在地": "京都府京都市下京区七条通河原町西入材木町４７８", "緯度": 34.989425, "経度": 135.763016, "url": "https://www.iryou.teikyouseido.mhlw.go.jp/znk-web/juminkanja/S2430/initialize?prefCd=26&kikanCd=2652000063&kikanKbn=5", "url2": "http://www.4193.co.jp", "内容": "松井薬局【5:薬局】京都府京都市下京区七条通河原町西入材木町４７８" }, "geometry": { "type": "Point", "coordinates": [ 135.763016, 34.989425 ] } },
{ "type": "Feature", "properties": { "ID": 2652652000065.0, "正式名称": "セントラル薬局", "機関区分": 5, "都道府県コード": 26, "市区町村コード": 106, "所在地": "京都府京都市下京区朱雀裏畑町１５", "緯度": 34.988953, "経度": 135.739546, "url": "https://www.iryou.teikyouseido.mhlw.go.jp/znk-web/juminkanja/S2430/initialize?prefCd=26&kikanCd=2652000065&kikanKbn=5", "url2": "http://www.kyoto-wel.com/shop/S81195", "内容": "セントラル薬局【5:薬局】京都府京都市下京区朱雀裏畑町１５" }, "geometry": { "type": "Point", "coordinates": [ 135.739546, 34.988953 ] } },
{ "type": "Feature", "properties": { "ID": 2652652000066.0, "正式名称": "アイン薬局　島原店", "機関区分": 5, "都道府県コード": 26, "市区町村コード": 106, "所在地": "京都府京都市下京区小坂町１６－２壬生川ビル１階", "緯度": 34.993591, "経度": 135.746045, "url": "https://www.iryou.teikyouseido.mhlw.go.jp/znk-web/juminkanja/S2430/initialize?prefCd=26&kikanCd=2652000066&kikanKbn=5", "url2": "http://www.rejoice-pharmacy.co.jp/", "内容": "アイン薬局　島原店【5:薬局】京都府京都市下京区小坂町１６－２壬生川ビル１階" }, "geometry": { "type": "Point", "coordinates": [ 135.746045, 34.993591 ] } },
{ "type": "Feature", "properties": { "ID": 2652652000071.0, "正式名称": "ダイガク薬局四条", "機関区分": 5, "都道府県コード": 26, "市区町村コード": 106, "所在地": "京都府京都市下京区新町通四条下ル四条町３４３番地ノ１　タカクラビル１階", "緯度": 35.003563, "経度": 135.756794, "url": "https://www.iryou.teikyouseido.mhlw.go.jp/znk-web/juminkanja/S2430/initialize?prefCd=26&kikanCd=2652000071&kikanKbn=5", "url2": "http://www.apios.co.jp", "内容": "ダイガク薬局四条【5:薬局】京都府京都市下京区新町通四条下ル四条町３４３番地ノ１　タカクラビル１階" }, "geometry": { "type": "Point", "coordinates": [ 135.756794, 35.003563 ] } },
{ "type": "Feature", "properties": { "ID": 2652652000073.0, "正式名称": "さくら薬局京都西大路七条店", "機関区分": 5, "都道府県コード": 26, "市区町村コード": 106, "所在地": "京都府京都市下京区西七条南衣田町４－２", "緯度": 34.989036, "経度": 135.730991, "url": "https://www.iryou.teikyouseido.mhlw.go.jp/znk-web/juminkanja/S2430/initialize?prefCd=26&kikanCd=2652000073&kikanKbn=5", "url2": "https://www.kraft-net.co.jp/sakura/store/3320/", "内容": "さくら薬局京都西大路七条店【5:薬局】京都府京都市下京区西七条南衣田町４－２" }, "geometry": { "type": "Point", "coordinates": [ 135.730991, 34.989036 ] } },
{ "type": "Feature", "properties": { "ID": 2652652000074.0, "正式名称": "さくら薬局　京都西七条店", "機関区分": 5, "都道府県コード": 26, "市区町村コード": 106, "所在地": "京都府京都市下京区西七条南衣田町４２番５", "緯度": 34.98848, "経度": 135.73138, "url": "https://www.iryou.teikyouseido.mhlw.go.jp/znk-web/juminkanja/S2430/initialize?prefCd=26&kikanCd=2652000074&kikanKbn=5", "url2": "https://www.kraft-net.co.jp/sakura/store/3234/", "内容": "さくら薬局　京都西七条店【5:薬局】京都府京都市下京区西七条南衣田町４２番５" }, "geometry": { "type": "Point", "coordinates": [ 135.73138, 34.98848 ] } },
{ "type": "Feature", "properties": { "ID": 2652652000077.0, "正式名称": "ファルコ薬局　七条店", "機関区分": 5, "都道府県コード": 26, "市区町村コード": 106, "所在地": "京都府京都市下京区西七条南中野町１１番地", "緯度": 34.989036, "経度": 135.735352, "url": "https://www.iryou.teikyouseido.mhlw.go.jp/znk-web/juminkanja/S2430/initialize?prefCd=26&kikanCd=2652000077&kikanKbn=5", "url2": "http://www.falco-pharm.co.jp/", "内容": "ファルコ薬局　七条店【5:薬局】京都府京都市下京区西七条南中野町１１番地" }, "geometry": { "type": "Point", "coordinates": [ 135.735352, 34.989036 ] } },
{ "type": "Feature", "properties": { "ID": 2652652000078.0, "正式名称": "阪神調剤薬局　京都南店", "機関区分": 5, "都道府県コード": 26, "市区町村コード": 106, "所在地": "京都府京都市下京区西七条南中野町１２番地", "緯度": 34.989008, "経度": 135.735435, "url": "https://www.iryou.teikyouseido.mhlw.go.jp/znk-web/juminkanja/S2430/initialize?prefCd=26&kikanCd=2652000078&kikanKbn=5", "url2": "https://www.sugi-net.jp/stores/005058", "内容": "阪神調剤薬局　京都南店【5:薬局】京都府京都市下京区西七条南中野町１２番地" }, "geometry": { "type": "Point", "coordinates": [ 135.735435, 34.989008 ] } },
{ "type": "Feature", "properties": { "ID": 2652652000079.0, "正式名称": "アイン薬局　七条店", "機関区分": 5, "都道府県コード": 26, "市区町村コード": 106, "所在地": "京都府京都市下京区西七条南中野町４１－２", "緯度": 34.988786, "経度": 135.735546, "url": "https://www.iryou.teikyouseido.mhlw.go.jp/znk-web/juminkanja/S2430/initialize?prefCd=26&kikanCd=2652000079&kikanKbn=5", "url2": "https://www.ainj.co.jp/", "内容": "アイン薬局　七条店【5:薬局】京都府京都市下京区西七条南中野町４１－２" }, "geometry": { "type": "Point", "coordinates": [ 135.735546, 34.988786 ] } },
{ "type": "Feature", "properties": { "ID": 2652652000081.0, "正式名称": "カワモト薬局七条店", "機関区分": 5, "都道府県コード": 26, "市区町村コード": 106, "所在地": "京都府京都市下京区西七条南東野町１７０番地", "緯度": 34.988981, "経度": 135.738962, "url": "https://www.iryou.teikyouseido.mhlw.go.jp/znk-web/juminkanja/S2430/initialize?prefCd=26&kikanCd=2652000081&kikanKbn=5", "url2": "https://www.kawamoto-ph.com/", "内容": "カワモト薬局七条店【5:薬局】京都府京都市下京区西七条南東野町１７０番地" }, "geometry": { "type": "Point", "coordinates": [ 135.738962, 34.988981 ] } },
{ "type": "Feature", "properties": { "ID": 2652652000082.0, "正式名称": "薬膳薬局", "機関区分": 5, "都道府県コード": 26, "市区町村コード": 106, "所在地": "京都府京都市下京区西七条比輪田町３９番地の４", "緯度": 34.990508, "経度": 135.732574, "url": "https://www.iryou.teikyouseido.mhlw.go.jp/znk-web/juminkanja/S2430/initialize?prefCd=26&kikanCd=2652000082&kikanKbn=5", "url2": "https://yakuzen.biz/", "内容": "薬膳薬局【5:薬局】京都府京都市下京区西七条比輪田町３９番地の４" }, "geometry": { "type": "Point", "coordinates": [ 135.732574, 34.990508 ] } },
{ "type": "Feature", "properties": { "ID": 2652652000084.0, "正式名称": "サンプラザ薬局京都駅前", "機関区分": 5, "都道府県コード": 26, "市区町村コード": 106, "所在地": "京都府京都市下京区西洞院塩小路東入東塩小路町８４１－１５", "緯度": 34.987037, "経度": 135.755433, "url": "https://www.iryou.teikyouseido.mhlw.go.jp/znk-web/juminkanja/S2430/initialize?prefCd=26&kikanCd=2652000084&kikanKbn=5", "url2": "http://www.sun-plaza.co.jp", "内容": "サンプラザ薬局京都駅前【5:薬局】京都府京都市下京区西洞院塩小路東入東塩小路町８４１－１５" }, "geometry": { "type": "Point", "coordinates": [ 135.755433, 34.987037 ] } },
{ "type": "Feature", "properties": { "ID": 2652652000085.0, "正式名称": "ダイガク薬局", "機関区分": 5, "都道府県コード": 26, "市区町村コード": 106, "所在地": "京都府京都市下京区西洞院通四条下ル妙伝寺町７０２番地", "緯度": 35.003118, "経度": 135.755322, "url": "https://www.iryou.teikyouseido.mhlw.go.jp/znk-web/juminkanja/S2430/initialize?prefCd=26&kikanCd=2652000085&kikanKbn=5", "url2": "http://www.apios.co.jp", "内容": "ダイガク薬局【5:薬局】京都府京都市下京区西洞院通四条下ル妙伝寺町７０２番地" }, "geometry": { "type": "Point", "coordinates": [ 135.755322, 35.003118 ] } },
{ "type": "Feature", "properties": { "ID": 2652652000086.0, "正式名称": "松井調剤薬局　とういん", "機関区分": 5, "都道府県コード": 26, "市区町村コード": 106, "所在地": "京都府京都市下京区西洞院通七条下ル東町５８１", "緯度": 34.988648, "経度": 135.7551, "url": "https://www.iryou.teikyouseido.mhlw.go.jp/znk-web/juminkanja/S2430/initialize?prefCd=26&kikanCd=2652000086&kikanKbn=5", "url2": "http://www.4193.co.jp/", "内容": "松井調剤薬局　とういん【5:薬局】京都府京都市下京区西洞院通七条下ル東町５８１" }, "geometry": { "type": "Point", "coordinates": [ 135.7551, 34.988648 ] } },
{ "type": "Feature", "properties": { "ID": 2652652000087.0, "正式名称": "西洞院ミント調剤薬局", "機関区分": 5, "都道府県コード": 26, "市区町村コード": 106, "所在地": "京都府京都市下京区西洞院通北小路上ル鍛冶屋町４３９番地", "緯度": 34.990425, "経度": 135.755128, "url": "https://www.iryou.teikyouseido.mhlw.go.jp/znk-web/juminkanja/S2430/initialize?prefCd=26&kikanCd=2652000087&kikanKbn=5", "url2": "mint-yakkyoku.com", "内容": "西洞院ミント調剤薬局【5:薬局】京都府京都市下京区西洞院通北小路上ル鍛冶屋町４３９番地" }, "geometry": { "type": "Point", "coordinates": [ 135.755128, 34.990425 ] } },
{ "type": "Feature", "properties": { "ID": 2652652000088.0, "正式名称": "株式会社クローバ薬局大宮店", "機関区分": 5, "都道府県コード": 26, "市区町村コード": 106, "所在地": "京都府京都市下京区大宮通七条下ル御器屋町６６番地１", "緯度": 34.989064, "経度": 135.748906, "url": "https://www.iryou.teikyouseido.mhlw.go.jp/znk-web/juminkanja/S2430/initialize?prefCd=26&kikanCd=2652000088&kikanKbn=5", "url2": "http://clover.c.ooco.jp", "内容": "株式会社クローバ薬局大宮店【5:薬局】京都府京都市下京区大宮通七条下ル御器屋町６６番地１" }, "geometry": { "type": "Point", "coordinates": [ 135.748906, 34.989064 ] } },
{ "type": "Feature", "properties": { "ID": 2652652000089.0, "正式名称": "大宮薬局", "機関区分": 5, "都道府県コード": 26, "市区町村コード": 106, "所在地": "京都府京都市下京区大宮通松原下る上五条町３９９の２", "緯度": 34.997869, "経度": 135.749017, "url": "https://www.iryou.teikyouseido.mhlw.go.jp/znk-web/juminkanja/S2430/initialize?prefCd=26&kikanCd=2652000089&kikanKbn=5", "url2": "http://www.kyonan.com/shop/omiya.html", "内容": "大宮薬局【5:薬局】京都府京都市下京区大宮通松原下る上五条町３９９の２" }, "geometry": { "type": "Point", "coordinates": [ 135.749017, 34.997869 ] } },
{ "type": "Feature", "properties": { "ID": 2652652000092.0, "正式名称": "東邦薬局　五条丹波口店", "機関区分": 5, "都道府県コード": 26, "市区町村コード": 106, "所在地": "京都府京都市下京区中堂寺南町１２５", "緯度": 34.995758, "経度": 135.741045, "url": "https://www.iryou.teikyouseido.mhlw.go.jp/znk-web/juminkanja/S2430/initialize?prefCd=26&kikanCd=2652000092&kikanKbn=5", "url2": "https://www.cocokarafine.co.jp", "内容": "東邦薬局　五条丹波口店【5:薬局】京都府京都市下京区中堂寺南町１２５" }, "geometry": { "type": "Point", "coordinates": [ 135.741045, 34.995758 ] } },
{ "type": "Feature", "properties": { "ID": 2652652000097.0, "正式名称": "薬局マツモトキヨシ京都四条通り店", "機関区分": 5, "都道府県コード": 26, "市区町村コード": 106, "所在地": "京都府京都市下京区麩屋町通四条下ル奈良物町３５９番地", "緯度": 35.003396, "経度": 135.765654, "url": "https://www.iryou.teikyouseido.mhlw.go.jp/znk-web/juminkanja/S2430/initialize?prefCd=26&kikanCd=2652000097&kikanKbn=5", "url2": "www.matsukiyo.co.jp", "内容": "薬局マツモトキヨシ京都四条通り店【5:薬局】京都府京都市下京区麩屋町通四条下ル奈良物町３５９番地" }, "geometry": { "type": "Point", "coordinates": [ 135.765654, 35.003396 ] } },
{ "type": "Feature", "properties": { "ID": 2652652000099.0, "正式名称": "すこやか薬局二条店", "機関区分": 5, "都道府県コード": 26, "市区町村コード": 103, "所在地": "京都府京都市左京区夷川通東入大文字町１８３番地", "緯度": 35.014867, "経度": 135.772764, "url": "https://www.iryou.teikyouseido.mhlw.go.jp/znk-web/juminkanja/S2430/initialize?prefCd=26&kikanCd=2652000099&kikanKbn=5", "url2": "https://www.sukoyaka-pharmacy.com/", "内容": "すこやか薬局二条店【5:薬局】京都府京都市左京区夷川通東入大文字町１８３番地" }, "geometry": { "type": "Point", "coordinates": [ 135.772764, 35.014867 ] } },
{ "type": "Feature", "properties": { "ID": 2652652000101.0, "正式名称": "ユタカ調剤薬局　一乗寺", "機関区分": 5, "都道府県コード": 26, "市区町村コード": 103, "所在地": "京都府京都市左京区一乗寺高槻町１８番地　　エル京都ビル１階", "緯度": 35.044475, "経度": 135.785428, "url": "https://www.iryou.teikyouseido.mhlw.go.jp/znk-web/juminkanja/S2430/initialize?prefCd=26&kikanCd=2652000101&kikanKbn=5", "url2": "https://www.d-yutaka.co.jp/", "内容": "ユタカ調剤薬局　一乗寺【5:薬局】京都府京都市左京区一乗寺高槻町１８番地　　エル京都ビル１階" }, "geometry": { "type": "Point", "coordinates": [ 135.785428, 35.044475 ] } },
{ "type": "Feature", "properties": { "ID": 2652652000102.0, "正式名称": "ファルコ薬局　みのり一乗寺店", "機関区分": 5, "都道府県コード": 26, "市区町村コード": 103, "所在地": "京都府京都市左京区一乗寺出口町１番地", "緯度": 35.04267, "経度": 135.792039, "url": "https://www.iryou.teikyouseido.mhlw.go.jp/znk-web/juminkanja/S2430/initialize?prefCd=26&kikanCd=2652000102&kikanKbn=5", "url2": "http://www.falco-pharm.co.jp/", "内容": "ファルコ薬局　みのり一乗寺店【5:薬局】京都府京都市左京区一乗寺出口町１番地" }, "geometry": { "type": "Point", "coordinates": [ 135.792039, 35.04267 ] } },
{ "type": "Feature", "properties": { "ID": 2652652000103.0, "正式名称": "株式会社一乗寺薬局", "機関区分": 5, "都道府県コード": 26, "市区町村コード": 103, "所在地": "京都府京都市左京区一乗寺染殿町３番地一乗寺コーポラス１Ｆ", "緯度": 35.040226, "経度": 135.787262, "url": "https://www.iryou.teikyouseido.mhlw.go.jp/znk-web/juminkanja/S2430/initialize?prefCd=26&kikanCd=2652000103&kikanKbn=5", "url2": null, "内容": "株式会社一乗寺薬局【5:薬局】京都府京都市左京区一乗寺染殿町３番地一乗寺コーポラス１Ｆ" }, "geometry": { "type": "Point", "coordinates": [ 135.787262, 35.040226 ] } },
{ "type": "Feature", "properties": { "ID": 2652652000107.0, "正式名称": "横田屋薬局", "機関区分": 5, "都道府県コード": 26, "市区町村コード": 103, "所在地": "京都府京都市左京区岡崎北御所町５６", "緯度": 35.017228, "経度": 135.785152, "url": "https://www.iryou.teikyouseido.mhlw.go.jp/znk-web/juminkanja/S2430/initialize?prefCd=26&kikanCd=2652000107&kikanKbn=5", "url2": null, "内容": "横田屋薬局【5:薬局】京都府京都市左京区岡崎北御所町５６" }, "geometry": { "type": "Point", "coordinates": [ 135.785152, 35.017228 ] } },
{ "type": "Feature", "properties": { "ID": 2652652000108.0, "正式名称": "上原薬局", "機関区分": 5, "都道府県コード": 26, "市区町村コード": 103, "所在地": "京都府京都市左京区下鴨高木町４２ノ１", "緯度": 35.043531, "経度": 135.777179, "url": "https://www.iryou.teikyouseido.mhlw.go.jp/znk-web/juminkanja/S2430/initialize?prefCd=26&kikanCd=2652000108&kikanKbn=5", "url2": null, "内容": "上原薬局【5:薬局】京都府京都市左京区下鴨高木町４２ノ１" }, "geometry": { "type": "Point", "coordinates": [ 135.777179, 35.043531 ] } },
{ "type": "Feature", "properties": { "ID": 2652652000109.0, "正式名称": "エルデ薬局", "機関区分": 5, "都道府県コード": 26, "市区町村コード": 103, "所在地": "京都府京都市左京区下鴨高木町９番地３　メゾンドＫ１階", "緯度": 35.043948, "経度": 135.775346, "url": "https://www.iryou.teikyouseido.mhlw.go.jp/znk-web/juminkanja/S2430/initialize?prefCd=26&kikanCd=2652000109&kikanKbn=5", "url2": null, "内容": "エルデ薬局【5:薬局】京都府京都市左京区下鴨高木町９番地３　メゾンドＫ１階" }, "geometry": { "type": "Point", "coordinates": [ 135.775346, 35.043948 ] } },
{ "type": "Feature", "properties": { "ID": 2652652000111.0, "正式名称": "しらぬひ薬局", "機関区分": 5, "都道府県コード": 26, "市区町村コード": 103, "所在地": "京都府京都市左京区下鴨上川原町６６", "緯度": 35.043614, "経度": 135.76443, "url": "https://www.iryou.teikyouseido.mhlw.go.jp/znk-web/juminkanja/S2430/initialize?prefCd=26&kikanCd=2652000111&kikanKbn=5", "url2": null, "内容": "しらぬひ薬局【5:薬局】京都府京都市左京区下鴨上川原町６６" }, "geometry": { "type": "Point", "coordinates": [ 135.76443, 35.043614 ] } },
{ "type": "Feature", "properties": { "ID": 2652652000112.0, "正式名称": "オーツカ下鴨薬局", "機関区分": 5, "都道府県コード": 26, "市区町村コード": 103, "所在地": "京都府京都市左京区下鴨東森ヶ前町１４－１グランドパレス下鴨１階", "緯度": 35.043225, "経度": 135.77854, "url": "https://www.iryou.teikyouseido.mhlw.go.jp/znk-web/juminkanja/S2430/initialize?prefCd=26&kikanCd=2652000112&kikanKbn=5", "url2": null, "内容": "オーツカ下鴨薬局【5:薬局】京都府京都市左京区下鴨東森ヶ前町１４－１グランドパレス下鴨１階" }, "geometry": { "type": "Point", "coordinates": [ 135.77854, 35.043225 ] } },
{ "type": "Feature", "properties": { "ID": 2652652000114.0, "正式名称": "きたやまゆう薬局", "機関区分": 5, "都道府県コード": 26, "市区町村コード": 103, "所在地": "京都府京都市左京区下鴨南野々神町１番地１　　シェルクレール北山１Ｆ", "緯度": 35.051336, "経度": 135.769624, "url": "https://www.iryou.teikyouseido.mhlw.go.jp/znk-web/juminkanja/S2430/initialize?prefCd=26&kikanCd=2652000114&kikanKbn=5", "url2": "http://www.uno.upd.co.jp/", "内容": "きたやまゆう薬局【5:薬局】京都府京都市左京区下鴨南野々神町１番地１　　シェルクレール北山１Ｆ" }, "geometry": { "type": "Point", "coordinates": [ 135.769624, 35.051336 ] } },
{ "type": "Feature", "properties": { "ID": 2652652000115.0, "正式名称": "らくほくゆう薬局", "機関区分": 5, "都道府県コード": 26, "市区町村コード": 103, "所在地": "京都府京都市左京区下鴨梅ノ木町４６－１", "緯度": 35.046975, "経度": 135.770902, "url": "https://www.iryou.teikyouseido.mhlw.go.jp/znk-web/juminkanja/S2430/initialize?prefCd=26&kikanCd=2652000115&kikanKbn=5", "url2": "http://www.uno-upd.co.jp", "内容": "らくほくゆう薬局【5:薬局】京都府京都市左京区下鴨梅ノ木町４６－１" }, "geometry": { "type": "Point", "coordinates": [ 135.770902, 35.046975 ] } },
{ "type": "Feature", "properties": { "ID": 2652652000120.0, "正式名称": "ファルコ薬局　岩倉店", "機関区分": 5, "都道府県コード": 26, "市区町村コード": 103, "所在地": "京都府京都市左京区岩倉上蔵町１４０番地２", "緯度": 35.07875, "経度": 135.783788, "url": "https://www.iryou.teikyouseido.mhlw.go.jp/znk-web/juminkanja/S2430/initialize?prefCd=26&kikanCd=2652000120&kikanKbn=5", "url2": "http://www.falco-pharm.co.jp/", "内容": "ファルコ薬局　岩倉店【5:薬局】京都府京都市左京区岩倉上蔵町１４０番地２" }, "geometry": { "type": "Point", "coordinates": [ 135.783788, 35.07875 ] } },
{ "type": "Feature", "properties": { "ID": 2652652000121.0, "正式名称": "薬局ダックス左京宝ヶ池店", "機関区分": 5, "都道府県コード": 26, "市区町村コード": 103, "所在地": "京都府京都市左京区岩倉中大鷺町９－１", "緯度": 35.064057, "経度": 135.787205, "url": "https://www.iryou.teikyouseido.mhlw.go.jp/znk-web/juminkanja/S2430/initialize?prefCd=26&kikanCd=2652000121&kikanKbn=5", "url2": "https://www.dacs-shimizu.jp/about", "内容": "薬局ダックス左京宝ヶ池店【5:薬局】京都府京都市左京区岩倉中大鷺町９－１" }, "geometry": { "type": "Point", "coordinates": [ 135.787205, 35.064057 ] } },
{ "type": "Feature", "properties": { "ID": 2652652000124.0, "正式名称": "ファルコ薬局　きんりん店", "機関区分": 5, "都道府県コード": 26, "市区町村コード": 103, "所在地": "京都府京都市左京区岩倉忠在地町５４４番地", "緯度": 35.074417, "経度": 135.787177, "url": "https://www.iryou.teikyouseido.mhlw.go.jp/znk-web/juminkanja/S2430/initialize?prefCd=26&kikanCd=2652000124&kikanKbn=5", "url2": "http://www.falco-pharm.co.jp/", "内容": "ファルコ薬局　きんりん店【5:薬局】京都府京都市左京区岩倉忠在地町５４４番地" }, "geometry": { "type": "Point", "coordinates": [ 135.787177, 35.074417 ] } },
{ "type": "Feature", "properties": { "ID": 2652652000126.0, "正式名称": "カキノキ薬局", "機関区分": 5, "都道府県コード": 26, "市区町村コード": 103, "所在地": "京都府京都市左京区吉田下阿達町３６", "緯度": 35.022839, "経度": 135.77393, "url": "https://www.iryou.teikyouseido.mhlw.go.jp/znk-web/juminkanja/S2430/initialize?prefCd=26&kikanCd=2652000126&kikanKbn=5", "url2": null, "内容": "カキノキ薬局【5:薬局】京都府京都市左京区吉田下阿達町３６" }, "geometry": { "type": "Point", "coordinates": [ 135.77393, 35.022839 ] } },
{ "type": "Feature", "properties": { "ID": 2652652000128.0, "正式名称": "百万遍薬局", "機関区分": 5, "都道府県コード": 26, "市区町村コード": 103, "所在地": "京都府京都市左京区吉田泉殿町４　プルミエール小山１階", "緯度": 35.028931, "経度": 135.777889, "url": "https://www.iryou.teikyouseido.mhlw.go.jp/znk-web/juminkanja/S2430/initialize?prefCd=26&kikanCd=2652000128&kikanKbn=5", "url2": null, "内容": "百万遍薬局【5:薬局】京都府京都市左京区吉田泉殿町４　プルミエール小山１階" }, "geometry": { "type": "Point", "coordinates": [ 135.777889, 35.028931 ] } },
{ "type": "Feature", "properties": { "ID": 2652652000130.0, "正式名称": "ふじ光成堂薬局", "機関区分": 5, "都道府県コード": 26, "市区町村コード": 103, "所在地": "京都府京都市左京区高野西開町４０デリード北大路１０１", "緯度": 35.040837, "経度": 135.780123, "url": "https://www.iryou.teikyouseido.mhlw.go.jp/znk-web/juminkanja/S2430/initialize?prefCd=26&kikanCd=2652000130&kikanKbn=5", "url2": null, "内容": "ふじ光成堂薬局【5:薬局】京都府京都市左京区高野西開町４０デリード北大路１０１" }, "geometry": { "type": "Point", "coordinates": [ 135.780123, 35.040837 ] } },
{ "type": "Feature", "properties": { "ID": 140.044709, "正式名称": "株式会社　フジタ薬局　高野店", "機関区分": 5, "都道府県コード": 26, "市区町村コード": 103, "所在地": "京都府京都市左京区高野西開町５５番地－２", "緯度": 35.041559, "経度": 135.78079, "url": "https://www.iryou.teikyouseido.mhlw.go.jp/znk-web/juminkanja/S2430/initialize?prefCd=26&kikanCd=.044709&kikanKbn=5", "url2": "http://www.fujitayr.com", "内容": "株式会社　フジタ薬局　高野店【5:薬局】京都府京都市左京区高野西開町５５番地－２" }, "geometry": { "type": "Point", "coordinates": [ 135.78079, 35.041559 ] } },
{ "type": "Feature", "properties": { "ID": 2652652000134.0, "正式名称": "ゆり・かな薬局", "機関区分": 5, "都道府県コード": 26, "市区町村コード": 103, "所在地": "京都府京都市左京区修学院薬師堂町５－２", "緯度": 35.050614, "経度": 135.795427, "url": "https://www.iryou.teikyouseido.mhlw.go.jp/znk-web/juminkanja/S2430/initialize?prefCd=26&kikanCd=2652000134&kikanKbn=5", "url2": "yuri-kana.com", "内容": "ゆり・かな薬局【5:薬局】京都府京都市左京区修学院薬師堂町５－２" }, "geometry": { "type": "Point", "coordinates": [ 135.795427, 35.050614 ] } },
{ "type": "Feature", "properties": { "ID": 2652652000135.0, "正式名称": "まつがさきゆう薬局", "機関区分": 5, "都道府県コード": 26, "市区町村コード": 103, "所在地": "京都府京都市左京区松ケ崎壱町田町４－１きんこん館１階", "緯度": 35.051836, "経度": 135.778901, "url": "https://www.iryou.teikyouseido.mhlw.go.jp/znk-web/juminkanja/S2430/initialize?prefCd=26&kikanCd=2652000135&kikanKbn=5", "url2": "http://www.uno-upd.co.jp/", "内容": "まつがさきゆう薬局【5:薬局】京都府京都市左京区松ケ崎壱町田町４－１きんこん館１階" }, "geometry": { "type": "Point", "coordinates": [ 135.778901, 35.051836 ] } },
{ "type": "Feature", "properties": { "ID": 2652652000137.0, "正式名称": "宇野薬局", "機関区分": 5, "都道府県コード": 26, "市区町村コード": 103, "所在地": "京都府京都市左京区浄土寺下馬場町１０６ゆう薬局本社ビル１Ｆ", "緯度": 35.022728, "経度": 135.792179, "url": "https://www.iryou.teikyouseido.mhlw.go.jp/znk-web/juminkanja/S2430/initialize?prefCd=26&kikanCd=2652000137&kikanKbn=5", "url2": "http://www.uno-upd.co.jp/", "内容": "宇野薬局【5:薬局】京都府京都市左京区浄土寺下馬場町１０６ゆう薬局本社ビル１Ｆ" }, "geometry": { "type": "Point", "coordinates": [ 135.792179, 35.022728 ] } },
{ "type": "Feature", "properties": { "ID": 2652652000139.0, "正式名称": "東邦薬局京都聖護院店", "機関区分": 5, "都道府県コード": 26, "市区町村コード": 103, "所在地": "京都府京都市左京区聖護院山王町１番地", "緯度": 35.018311, "経度": 135.779597, "url": "https://www.iryou.teikyouseido.mhlw.go.jp/znk-web/juminkanja/S2430/initialize?prefCd=26&kikanCd=2652000139&kikanKbn=5", "url2": null, "内容": "東邦薬局京都聖護院店【5:薬局】京都府京都市左京区聖護院山王町１番地" }, "geometry": { "type": "Point", "coordinates": [ 135.779597, 35.018311 ] } },
{ "type": "Feature", "properties": { "ID": 2652652000140.0, "正式名称": "たんぽぽ薬局　聖護院店", "機関区分": 5, "都道府県コード": 26, "市区町村コード": 103, "所在地": "京都府京都市左京区聖護院山王町３６番地１", "緯度": 35.01845, "経度": 135.778236, "url": "https://www.iryou.teikyouseido.mhlw.go.jp/znk-web/juminkanja/S2430/initialize?prefCd=26&kikanCd=2652000140&kikanKbn=5", "url2": "http://www.tanpopo-ph.co.jp/", "内容": "たんぽぽ薬局　聖護院店【5:薬局】京都府京都市左京区聖護院山王町３６番地１" }, "geometry": { "type": "Point", "coordinates": [ 135.778236, 35.01845 ] } },
{ "type": "Feature", "properties": { "ID": 2652652000141.0, "正式名称": "和進会薬局", "機関区分": 5, "都道府県コード": 26, "市区町村コード": 103, "所在地": "京都府京都市左京区聖護院山王町３７・３８番地", "緯度": 35.018478, "経度": 135.77818, "url": "https://www.iryou.teikyouseido.mhlw.go.jp/znk-web/juminkanja/S2430/initialize?prefCd=26&kikanCd=2652000141&kikanKbn=5", "url2": "https://wasinkai.or.jp/pharmacy.html", "内容": "和進会薬局【5:薬局】京都府京都市左京区聖護院山王町３７・３８番地" }, "geometry": { "type": "Point", "coordinates": [ 135.77818, 35.018478 ] } },
{ "type": "Feature", "properties": { "ID": 2652652000142.0, "正式名称": "東大路調剤薬局", "機関区分": 5, "都道府県コード": 26, "市区町村コード": 103, "所在地": "京都府京都市左京区聖護院西町１９", "緯度": 35.019534, "経度": 135.77868, "url": "https://www.iryou.teikyouseido.mhlw.go.jp/znk-web/juminkanja/S2430/initialize?prefCd=26&kikanCd=2652000142&kikanKbn=5", "url2": "https://www.cocokarafine.co.jp/searchstore/CSsStoreDetail.jsp?storeNo=706067", "内容": "東大路調剤薬局【5:薬局】京都府京都市左京区聖護院西町１９" }, "geometry": { "type": "Point", "coordinates": [ 135.77868, 35.019534 ] } },
{ "type": "Feature", "properties": { "ID": 2652652000143.0, "正式名称": "京大病院前調剤薬局", "機関区分": 5, "都道府県コード": 26, "市区町村コード": 103, "所在地": "京都府京都市左京区聖護院川原町１－８", "緯度": 35.018423, "経度": 135.776347, "url": "https://www.iryou.teikyouseido.mhlw.go.jp/znk-web/juminkanja/S2430/initialize?prefCd=26&kikanCd=2652000143&kikanKbn=5", "url2": "https://www.cocokarafine.co.jp/searchstore/CSsStoreDetail.jsp?storeNo=706065&storeList=1", "内容": "京大病院前調剤薬局【5:薬局】京都府京都市左京区聖護院川原町１－８" }, "geometry": { "type": "Point", "coordinates": [ 135.776347, 35.018423 ] } },
{ "type": "Feature", "properties": { "ID": 2652652000144.0, "正式名称": "のぞみ薬局京大病院前店", "機関区分": 5, "都道府県コード": 26, "市区町村コード": 103, "所在地": "京都府京都市左京区聖護院川原町１番地７", "緯度": 35.018423, "経度": 135.776597, "url": "https://www.iryou.teikyouseido.mhlw.go.jp/znk-web/juminkanja/S2430/initialize?prefCd=26&kikanCd=2652000144&kikanKbn=5", "url2": "https://www.nozomi-p.com/", "内容": "のぞみ薬局京大病院前店【5:薬局】京都府京都市左京区聖護院川原町１番地７" }, "geometry": { "type": "Point", "coordinates": [ 135.776597, 35.018423 ] } },
{ "type": "Feature", "properties": { "ID": 2652652000145.0, "正式名称": "オーツカ聖護院薬局", "機関区分": 5, "都道府県コード": 26, "市区町村コード": 103, "所在地": "京都府京都市左京区聖護院川原町３１", "緯度": 35.018284, "経度": 135.77743, "url": "https://www.iryou.teikyouseido.mhlw.go.jp/znk-web/juminkanja/S2430/initialize?prefCd=26&kikanCd=2652000145&kikanKbn=5", "url2": "https://www.cocokarafine.co.jp/searchstore/CSsStoreDetail.jsp?storeNo=706066", "内容": "オーツカ聖護院薬局【5:薬局】京都府京都市左京区聖護院川原町３１" }, "geometry": { "type": "Point", "coordinates": [ 135.77743, 35.018284 ] } },
{ "type": "Feature", "properties": { "ID": 2652652000151.0, "正式名称": "すが薬局", "機関区分": 5, "都道府県コード": 26, "市区町村コード": 103, "所在地": "京都府京都市左京区京都市　左京区　田中里ノ前町６番地", "緯度": 35.033477, "経度": 135.780179, "url": "https://www.iryou.teikyouseido.mhlw.go.jp/znk-web/juminkanja/S2430/initialize?prefCd=26&kikanCd=2652000151&kikanKbn=5", "url2": "http://sugayakkyoku.okoshi-yasu.com/index.html", "内容": "すが薬局【5:薬局】京都府京都市左京区京都市　左京区　田中里ノ前町６番地" }, "geometry": { "type": "Point", "coordinates": [ 135.780179, 35.033477 ] } },
{ "type": "Feature", "properties": { "ID": 2652652000152.0, "正式名称": "わかば薬局", "機関区分": 5, "都道府県コード": 26, "市区町村コード": 103, "所在地": "京都府京都市左京区田中大久保町２８－５", "緯度": 35.036837, "経度": 135.781679, "url": "https://www.iryou.teikyouseido.mhlw.go.jp/znk-web/juminkanja/S2430/initialize?prefCd=26&kikanCd=2652000152&kikanKbn=5", "url2": null, "内容": "わかば薬局【5:薬局】京都府京都市左京区田中大久保町２８－５" }, "geometry": { "type": "Point", "coordinates": [ 135.781679, 35.036837 ] } },
{ "type": "Feature", "properties": { "ID": 2652652000155.0, "正式名称": "百万辺広小路薬局", "機関区分": 5, "都道府県コード": 26, "市区町村コード": 103, "所在地": "京都府京都市左京区田中門前町４６　コーポ宮本１０１", "緯度": 35.029894, "経度": 135.779291, "url": "https://www.iryou.teikyouseido.mhlw.go.jp/znk-web/juminkanja/S2430/initialize?prefCd=26&kikanCd=2652000155&kikanKbn=5", "url2": null, "内容": "百万辺広小路薬局【5:薬局】京都府京都市左京区田中門前町４６　コーポ宮本１０１" }, "geometry": { "type": "Point", "coordinates": [ 135.779291, 35.029894 ] } },
{ "type": "Feature", "properties": { "ID": 2652652000156.0, "正式名称": "岡養生堂薬局", "機関区分": 5, "都道府県コード": 26, "市区町村コード": 103, "所在地": "京都府京都市左京区田中里ノ内町３７", "緯度": 35.033754, "経度": 135.780318, "url": "https://www.iryou.teikyouseido.mhlw.go.jp/znk-web/juminkanja/S2430/initialize?prefCd=26&kikanCd=2652000156&kikanKbn=5", "url2": null, "内容": "岡養生堂薬局【5:薬局】京都府京都市左京区田中里ノ内町３７" }, "geometry": { "type": "Point", "coordinates": [ 135.780318, 35.033754 ] } },
{ "type": "Feature", "properties": { "ID": 2652652000162.0, "正式名称": "スマイル薬局北白川店", "機関区分": 5, "都道府県コード": 26, "市区町村コード": 103, "所在地": "京都府京都市左京区北白川大堂町６１番地ホライゾンビル１Ｆ", "緯度": 35.03331, "経度": 135.791734, "url": "https://www.iryou.teikyouseido.mhlw.go.jp/znk-web/juminkanja/S2430/initialize?prefCd=26&kikanCd=2652000162&kikanKbn=5", "url2": "https://shimatany.co.jp/", "内容": "スマイル薬局北白川店【5:薬局】京都府京都市左京区北白川大堂町６１番地ホライゾンビル１Ｆ" }, "geometry": { "type": "Point", "coordinates": [ 135.791734, 35.03331 ] } },
{ "type": "Feature", "properties": { "ID": 2652652000163.0, "正式名称": "いわくらゆう薬局", "機関区分": 5, "都道府県コード": 26, "市区町村コード": 103, "所在地": "京都府京都市左京区岩倉中町２２５－１", "緯度": 35.073389, "経度": 135.788649, "url": "https://www.iryou.teikyouseido.mhlw.go.jp/znk-web/juminkanja/S2430/initialize?prefCd=26&kikanCd=2652000163&kikanKbn=5", "url2": "http://www.uno-upd.co.jp/", "内容": "いわくらゆう薬局【5:薬局】京都府京都市左京区岩倉中町２２５－１" }, "geometry": { "type": "Point", "coordinates": [ 135.788649, 35.073389 ] } },
{ "type": "Feature", "properties": { "ID": 2652652000165.0, "正式名称": "こすも薬局", "機関区分": 5, "都道府県コード": 26, "市区町村コード": 110, "所在地": "京都府京都市山科区安朱南屋敷町３５木下物産ビル地下２階", "緯度": 34.99051, "経度": 135.817567, "url": "https://www.iryou.teikyouseido.mhlw.go.jp/znk-web/juminkanja/S2430/initialize?prefCd=26&kikanCd=2652000165&kikanKbn=5", "url2": null, "内容": "こすも薬局【5:薬局】京都府京都市山科区安朱南屋敷町３５木下物産ビル地下２階" }, "geometry": { "type": "Point", "coordinates": [ 135.817567, 34.99051 ] } },
{ "type": "Feature", "properties": { "ID": 2652652000166.0, "正式名称": "リジョイス薬局　山科店", "機関区分": 5, "都道府県コード": 26, "市区町村コード": 110, "所在地": "京都府京都市山科区安朱南屋敷町３番地３０", "緯度": 34.990482, "経度": 135.818039, "url": "https://www.iryou.teikyouseido.mhlw.go.jp/znk-web/juminkanja/S2430/initialize?prefCd=26&kikanCd=2652000166&kikanKbn=5", "url2": null, "内容": "リジョイス薬局　山科店【5:薬局】京都府京都市山科区安朱南屋敷町３番地３０" }, "geometry": { "type": "Point", "coordinates": [ 135.818039, 34.990482 ] } },
{ "type": "Feature", "properties": { "ID": 2652652000170.0, "正式名称": "ファルコ薬局　音羽店", "機関区分": 5, "都道府県コード": 26, "市区町村コード": 110, "所在地": "京都府京都市山科区音羽珍事町１番地１", "緯度": 34.987093, "経度": 135.829761, "url": "https://www.iryou.teikyouseido.mhlw.go.jp/znk-web/juminkanja/S2430/initialize?prefCd=26&kikanCd=2652000170&kikanKbn=5", "url2": "http://www.falco-pharm.co.jp/", "内容": "ファルコ薬局　音羽店【5:薬局】京都府京都市山科区音羽珍事町１番地１" }, "geometry": { "type": "Point", "coordinates": [ 135.829761, 34.987093 ] } },
{ "type": "Feature", "properties": { "ID": 2652652000171.0, "正式名称": "こすも薬局　音羽店", "機関区分": 5, "都道府県コード": 26, "市区町村コード": 110, "所在地": "京都府京都市山科区小山中ノ川町５８－４", "緯度": 34.985399, "経度": 135.830566, "url": "https://www.iryou.teikyouseido.mhlw.go.jp/znk-web/juminkanja/S2430/initialize?prefCd=26&kikanCd=2652000171&kikanKbn=5", "url2": null, "内容": "こすも薬局　音羽店【5:薬局】京都府京都市山科区小山中ノ川町５８－４" }, "geometry": { "type": "Point", "coordinates": [ 135.830566, 34.985399 ] } },
{ "type": "Feature", "properties": { "ID": 2652652000172.0, "正式名称": "おれんじ薬局", "機関区分": 5, "都道府県コード": 26, "市区町村コード": 110, "所在地": "京都府京都市山科区音羽八ノ坪５５番１５　ツインビル１０３号", "緯度": 34.987259, "経度": 135.829321, "url": "https://www.iryou.teikyouseido.mhlw.go.jp/znk-web/juminkanja/S2430/initialize?prefCd=26&kikanCd=2652000172&kikanKbn=5", "url2": null, "内容": "おれんじ薬局【5:薬局】京都府京都市山科区音羽八ノ坪５５番１５　ツインビル１０３号" }, "geometry": { "type": "Point", "coordinates": [ 135.829321, 34.987259 ] } },
{ "type": "Feature", "properties": { "ID": 2652652000173.0, "正式名称": "ゆり薬局", "機関区分": 5, "都道府県コード": 26, "市区町村コード": 110, "所在地": "京都府京都市山科区音羽八ノ坪５５番１７ツインビル１０４号", "緯度": 34.987288, "経度": 135.829177, "url": "https://www.iryou.teikyouseido.mhlw.go.jp/znk-web/juminkanja/S2430/initialize?prefCd=26&kikanCd=2652000173&kikanKbn=5", "url2": null, "内容": "ゆり薬局【5:薬局】京都府京都市山科区音羽八ノ坪５５番１７ツインビル１０４号" }, "geometry": { "type": "Point", "coordinates": [ 135.829177, 34.987288 ] } },
{ "type": "Feature", "properties": { "ID": 2652652000175.0, "正式名称": "ユタカ薬局　山科音羽", "機関区分": 5, "都道府県コード": 26, "市区町村コード": 110, "所在地": "京都府京都市山科区音羽野田町２０番地", "緯度": 34.984482, "経度": 135.817873, "url": "https://www.iryou.teikyouseido.mhlw.go.jp/znk-web/juminkanja/S2430/initialize?prefCd=26&kikanCd=2652000175&kikanKbn=5", "url2": "https://www.d-yutaka.co.jp/shop/219.html", "内容": "ユタカ薬局　山科音羽【5:薬局】京都府京都市山科区音羽野田町２０番地" }, "geometry": { "type": "Point", "coordinates": [ 135.817873, 34.984482 ] } },
{ "type": "Feature", "properties": { "ID": 2652652000183.0, "正式名称": "みやこ薬局　薬大前店", "機関区分": 5, "都道府県コード": 26, "市区町村コード": 110, "所在地": "京都府京都市山科区御陵中内町３８－５５グランド・ワーク御陵１Ｆ", "緯度": 34.990454, "経度": 135.809207, "url": "https://www.iryou.teikyouseido.mhlw.go.jp/znk-web/juminkanja/S2430/initialize?prefCd=26&kikanCd=2652000183&kikanKbn=5", "url2": "https://www.miyako-ph.co.jp/", "内容": "みやこ薬局　薬大前店【5:薬局】京都府京都市山科区御陵中内町３８－５５グランド・ワーク御陵１Ｆ" }, "geometry": { "type": "Point", "coordinates": [ 135.809207, 34.990454 ] } },
{ "type": "Feature", "properties": { "ID": 2652652000184.0, "正式名称": "小金塚薬局", "機関区分": 5, "都道府県コード": 26, "市区町村コード": 110, "所在地": "京都府京都市山科区四ノ宮小金塚８－４００", "緯度": 34.999203, "経度": 135.834037, "url": "https://www.iryou.teikyouseido.mhlw.go.jp/znk-web/juminkanja/S2430/initialize?prefCd=26&kikanCd=2652000184&kikanKbn=5", "url2": null, "内容": "小金塚薬局【5:薬局】京都府京都市山科区四ノ宮小金塚８－４００" }, "geometry": { "type": "Point", "coordinates": [ 135.834037, 34.999203 ] } },
{ "type": "Feature", "properties": { "ID": 2652652000188.0, "正式名称": "ナカノ薬局　本店", "機関区分": 5, "都道府県コード": 26, "市区町村コード": 110, "所在地": "京都府京都市山科区西野今屋敷町２７番地ノ４", "緯度": 34.986482, "経度": 135.81104, "url": "https://www.iryou.teikyouseido.mhlw.go.jp/znk-web/juminkanja/S2430/initialize?prefCd=26&kikanCd=2652000188&kikanKbn=5", "url2": "http://www11.ocn.ne.jp/^nakanoph/", "内容": "ナカノ薬局　本店【5:薬局】京都府京都市山科区西野今屋敷町２７番地ノ４" }, "geometry": { "type": "Point", "coordinates": [ 135.81104, 34.986482 ] } },
{ "type": "Feature", "properties": { "ID": 2652652000189.0, "正式名称": "みなと薬局", "機関区分": 5, "都道府県コード": 26, "市区町村コード": 110, "所在地": "京都府京都市山科区西野山射庭ノ上町３４－１２", "緯度": 34.971595, "経度": 135.797153, "url": "https://www.iryou.teikyouseido.mhlw.go.jp/znk-web/juminkanja/S2430/initialize?prefCd=26&kikanCd=2652000189&kikanKbn=5", "url2": "minatoyakkyoku.storeinfo.jp", "内容": "みなと薬局【5:薬局】京都府京都市山科区西野山射庭ノ上町３４－１２" }, "geometry": { "type": "Point", "coordinates": [ 135.797153, 34.971595 ] } },
{ "type": "Feature", "properties": { "ID": 2652652000190.0, "正式名称": "やすゐ薬局", "機関区分": 5, "都道府県コード": 26, "市区町村コード": 110, "所在地": "京都府京都市山科区西野山百々町２２７－４２", "緯度": 34.976066, "経度": 135.798041, "url": "https://www.iryou.teikyouseido.mhlw.go.jp/znk-web/juminkanja/S2430/initialize?prefCd=26&kikanCd=2652000190&kikanKbn=5", "url2": null, "内容": "やすゐ薬局【5:薬局】京都府京都市山科区西野山百々町２２７－４２" }, "geometry": { "type": "Point", "coordinates": [ 135.798041, 34.976066 ] } },
{ "type": "Feature", "properties": { "ID": 2652652000193.0, "正式名称": "京まち薬局", "機関区分": 5, "都道府県コード": 26, "市区町村コード": 110, "所在地": "京都府京都市山科区大宅早稲ノ内町１番地", "緯度": 34.968206, "経度": 135.81604, "url": "https://www.iryou.teikyouseido.mhlw.go.jp/znk-web/juminkanja/S2430/initialize?prefCd=26&kikanCd=2652000193&kikanKbn=5", "url2": "http://www.kyoumachi.co.jp/", "内容": "京まち薬局【5:薬局】京都府京都市山科区大宅早稲ノ内町１番地" }, "geometry": { "type": "Point", "coordinates": [ 135.81604, 34.968206 ] } },
{ "type": "Feature", "properties": { "ID": 2652652000195.0, "正式名称": "みやこ薬局本店", "機関区分": 5, "都道府県コード": 26, "市区町村コード": 110, "所在地": "京都府京都市山科区竹鼻四丁野町２３番地１６", "緯度": 34.987343, "経度": 135.815845, "url": "https://www.iryou.teikyouseido.mhlw.go.jp/znk-web/juminkanja/S2430/initialize?prefCd=26&kikanCd=2652000195&kikanKbn=5", "url2": "https://www.miyako-ph.co.jp/", "内容": "みやこ薬局本店【5:薬局】京都府京都市山科区竹鼻四丁野町２３番地１６" }, "geometry": { "type": "Point", "coordinates": [ 135.815845, 34.987343 ] } },
{ "type": "Feature", "properties": { "ID": 2652652000196.0, "正式名称": "みやこ薬局山科店", "機関区分": 5, "都道府県コード": 26, "市区町村コード": 110, "所在地": "京都府京都市山科区竹鼻西ノ口町６３　アルブル１階", "緯度": 34.987815, "経度": 135.815373, "url": "https://www.iryou.teikyouseido.mhlw.go.jp/znk-web/juminkanja/S2430/initialize?prefCd=26&kikanCd=2652000196&kikanKbn=5", "url2": "https://www.miyako-ph.co.jp/", "内容": "みやこ薬局山科店【5:薬局】京都府京都市山科区竹鼻西ノ口町６３　アルブル１階" }, "geometry": { "type": "Point", "coordinates": [ 135.815373, 34.987815 ] } },
{ "type": "Feature", "properties": { "ID": 2652652000197.0, "正式名称": "ユタカ薬局　山科", "機関区分": 5, "都道府県コード": 26, "市区町村コード": 110, "所在地": "京都府京都市山科区竹鼻竹ノ街道町７３", "緯度": 34.989649, "経度": 135.815956, "url": "https://www.iryou.teikyouseido.mhlw.go.jp/znk-web/juminkanja/S2430/initialize?prefCd=26&kikanCd=2652000197&kikanKbn=5", "url2": "https://www.d-yutaka.co.jp/shop/146.html", "内容": "ユタカ薬局　山科【5:薬局】京都府京都市山科区竹鼻竹ノ街道町７３" }, "geometry": { "type": "Point", "coordinates": [ 135.815956, 34.989649 ] } },
{ "type": "Feature", "properties": { "ID": 2652652000199.0, "正式名称": "アサヒ薬局", "機関区分": 5, "都道府県コード": 26, "市区町村コード": 110, "所在地": "京都府京都市山科区竹鼻竹ノ街道町９１番地　ラクトＢ地下１階", "緯度": 34.990204, "経度": 135.817039, "url": "https://www.iryou.teikyouseido.mhlw.go.jp/znk-web/juminkanja/S2430/initialize?prefCd=26&kikanCd=2652000199&kikanKbn=5", "url2": "http://suzukiph.co.jp/asahi.html", "内容": "アサヒ薬局【5:薬局】京都府京都市山科区竹鼻竹ノ街道町９１番地　ラクトＢ地下１階" }, "geometry": { "type": "Point", "coordinates": [ 135.817039, 34.990204 ] } },
{ "type": "Feature", "properties": { "ID": 2652652000201.0, "正式名称": "スギ薬局　山科店", "機関区分": 5, "都道府県コード": 26, "市区町村コード": 110, "所在地": "京都府京都市山科区竹鼻堂ノ前町４０番１　第一ビル１Ｆ，２Ｆ", "緯度": 34.986649, "経度": 135.817678, "url": "https://www.iryou.teikyouseido.mhlw.go.jp/znk-web/juminkanja/S2430/initialize?prefCd=26&kikanCd=2652000201&kikanKbn=5", "url2": "http://www.drug-sugi.co.jp/", "内容": "スギ薬局　山科店【5:薬局】京都府京都市山科区竹鼻堂ノ前町４０番１　第一ビル１Ｆ，２Ｆ" }, "geometry": { "type": "Point", "coordinates": [ 135.817678, 34.986649 ] } },
{ "type": "Feature", "properties": { "ID": 2652652000204.0, "正式名称": "ゴトウ漢方堂薬局", "機関区分": 5, "都道府県コード": 26, "市区町村コード": 110, "所在地": "京都府京都市山科区北花山中道町６５番地の２１", "緯度": 34.985871, "経度": 135.801374, "url": "https://www.iryou.teikyouseido.mhlw.go.jp/znk-web/juminkanja/S2430/initialize?prefCd=26&kikanCd=2652000204&kikanKbn=5", "url2": null, "内容": "ゴトウ漢方堂薬局【5:薬局】京都府京都市山科区北花山中道町６５番地の２１" }, "geometry": { "type": "Point", "coordinates": [ 135.801374, 34.985871 ] } },
{ "type": "Feature", "properties": { "ID": 2652652000205.0, "正式名称": "山科シティ薬局", "機関区分": 5, "都道府県コード": 26, "市区町村コード": 110, "所在地": "京都府京都市山科区椥辻中在家町１７", "緯度": 34.974261, "経度": 135.815512, "url": "https://www.iryou.teikyouseido.mhlw.go.jp/znk-web/juminkanja/S2430/initialize?prefCd=26&kikanCd=2652000205&kikanKbn=5", "url2": null, "内容": "山科シティ薬局【5:薬局】京都府京都市山科区椥辻中在家町１７" }, "geometry": { "type": "Point", "coordinates": [ 135.815512, 34.974261 ] } },
{ "type": "Feature", "properties": { "ID": 2652652000209.0, "正式名称": "オーツカ調剤薬局　府立医大前店", "機関区分": 5, "都道府県コード": 26, "市区町村コード": 102, "所在地": "京都府京都市上京区河原町広小路角中御霊町４１９ノ２", "緯度": 35.023505, "経度": 135.768931, "url": "https://www.iryou.teikyouseido.mhlw.go.jp/znk-web/juminkanja/S2430/initialize?prefCd=26&kikanCd=2652000209&kikanKbn=5", "url2": "https://www.cocokarafine.co.jp/searchstore/CSsStoreDetail.jsp?storeNo=706068", "内容": "オーツカ調剤薬局　府立医大前店【5:薬局】京都府京都市上京区河原町広小路角中御霊町４１９ノ２" }, "geometry": { "type": "Point", "coordinates": [ 135.768931, 35.023505 ] } },
{ "type": "Feature", "properties": { "ID": 2652652000210.0, "正式名称": "広小路薬局", "機関区分": 5, "都道府県コード": 26, "市区町村コード": 102, "所在地": "京都府京都市上京区河原町通広小路上ル中霊町４２０", "緯度": 35.023477, "経度": 135.768958, "url": "https://www.iryou.teikyouseido.mhlw.go.jp/znk-web/juminkanja/S2430/initialize?prefCd=26&kikanCd=2652000210&kikanKbn=5", "url2": null, "内容": "広小路薬局【5:薬局】京都府京都市上京区河原町通広小路上ル中霊町４２０" }, "geometry": { "type": "Point", "coordinates": [ 135.768958, 35.023477 ] } },
{ "type": "Feature", "properties": { "ID": 2652652000213.0, "正式名称": "新生薬局", "機関区分": 5, "都道府県コード": 26, "市区町村コード": 102, "所在地": "京都府京都市上京区丸太町通河原町東入駒之町５３５番の１", "緯度": 35.017423, "経度": 135.769514, "url": "https://www.iryou.teikyouseido.mhlw.go.jp/znk-web/juminkanja/S2430/initialize?prefCd=26&kikanCd=2652000213&kikanKbn=5", "url2": null, "内容": "新生薬局【5:薬局】京都府京都市上京区丸太町通河原町東入駒之町５３５番の１" }, "geometry": { "type": "Point", "coordinates": [ 135.769514, 35.017423 ] } },
{ "type": "Feature", "properties": { "ID": 2652652000215.0, "正式名称": "アイン薬局　北野店", "機関区分": 5, "都道府県コード": 26, "市区町村コード": 102, "所在地": "京都府京都市上京区御前通今小路下ル馬喰町９１１－７", "緯度": 35.02756, "経度": 135.737128, "url": "https://www.iryou.teikyouseido.mhlw.go.jp/znk-web/juminkanja/S2430/initialize?prefCd=26&kikanCd=2652000215&kikanKbn=5", "url2": "https://store.ainj.co.jp/detail/1100462/", "内容": "アイン薬局　北野店【5:薬局】京都府京都市上京区御前通今小路下ル馬喰町９１１－７" }, "geometry": { "type": "Point", "coordinates": [ 135.737128, 35.02756 ] } },
{ "type": "Feature", "properties": { "ID": 2652652000216.0, "正式名称": "なごみ薬局", "機関区分": 5, "都道府県コード": 26, "市区町村コード": 102, "所在地": "京都府京都市上京区御前通仁和寺街道西入ル下横町２３０番地２", "緯度": 35.023949, "経度": 135.735295, "url": "https://www.iryou.teikyouseido.mhlw.go.jp/znk-web/juminkanja/S2430/initialize?prefCd=26&kikanCd=2652000216&kikanKbn=5", "url2": "http://www.kyoto-compha.or.jp/", "内容": "なごみ薬局【5:薬局】京都府京都市上京区御前通仁和寺街道西入ル下横町２３０番地２" }, "geometry": { "type": "Point", "coordinates": [ 135.735295, 35.023949 ] } },
{ "type": "Feature", "properties": { "ID": 2652652000219.0, "正式名称": "岸川薬局", "機関区分": 5, "都道府県コード": 26, "市区町村コード": 102, "所在地": "京都府京都市上京区北小路中之町２２２番地", "緯度": 35.029726, "経度": 135.745738, "url": "https://www.iryou.teikyouseido.mhlw.go.jp/znk-web/juminkanja/S2430/initialize?prefCd=26&kikanCd=2652000219&kikanKbn=5", "url2": null, "内容": "岸川薬局【5:薬局】京都府京都市上京区北小路中之町２２２番地" }, "geometry": { "type": "Point", "coordinates": [ 135.745738, 35.029726 ] } },
{ "type": "Feature", "properties": { "ID": 2652652000221.0, "正式名称": "ポプリ薬局　上七軒店", "機関区分": 5, "都道府県コード": 26, "市区町村コード": 102, "所在地": "京都府京都市上京区今出川通七本松東入西上善寺町１７９番地", "緯度": 35.029726, "経度": 135.739711, "url": "https://www.iryou.teikyouseido.mhlw.go.jp/znk-web/juminkanja/S2430/initialize?prefCd=26&kikanCd=2652000221&kikanKbn=5", "url2": "https://www.popuri-yakkyoku.com", "内容": "ポプリ薬局　上七軒店【5:薬局】京都府京都市上京区今出川通七本松東入西上善寺町１７９番地" }, "geometry": { "type": "Point", "coordinates": [ 135.739711, 35.029726 ] } },
{ "type": "Feature", "properties": { "ID": 2652652000223.0, "正式名称": "キリン堂薬局　府立医大前店", "機関区分": 5, "都道府県コード": 26, "市区町村コード": 102, "所在地": "京都府京都市上京区寺町通広小路下ル東桜町３番地ノ２　サングリエ広小路マンション１階", "緯度": 35.023144, "経度": 135.768347, "url": "https://www.iryou.teikyouseido.mhlw.go.jp/znk-web/juminkanja/S2430/initialize?prefCd=26&kikanCd=2652000223&kikanKbn=5", "url2": "http://www.kirindo.co.jp/", "内容": "キリン堂薬局　府立医大前店【5:薬局】京都府京都市上京区寺町通広小路下ル東桜町３番地ノ２　サングリエ広小路マンション１階" }, "geometry": { "type": "Point", "coordinates": [ 135.768347, 35.023144 ] } },
{ "type": "Feature", "properties": { "ID": 2652652000228.0, "正式名称": "カワモト薬局室町店", "機関区分": 5, "都道府県コード": 26, "市区町村コード": 102, "所在地": "京都府京都市上京区室町通上立売下ル裏築地町９７ヴィラヒロセ１Ｆ", "緯度": 35.030838, "経度": 135.757765, "url": "https://www.iryou.teikyouseido.mhlw.go.jp/znk-web/juminkanja/S2430/initialize?prefCd=26&kikanCd=2652000228&kikanKbn=5", "url2": "kawamoto-ph.com", "内容": "カワモト薬局室町店【5:薬局】京都府京都市上京区室町通上立売下ル裏築地町９７ヴィラヒロセ１Ｆ" }, "geometry": { "type": "Point", "coordinates": [ 135.757765, 35.030838 ] } },
{ "type": "Feature", "properties": { "ID": 2652652000232.0, "正式名称": "ふたば薬局", "機関区分": 5, "都道府県コード": 26, "市区町村コード": 102, "所在地": "京都府京都市上京区新町通丸太町上ル春帯町３４４番地２　折坂ビル１Ｆ", "緯度": 35.018811, "経度": 135.756654, "url": "https://www.iryou.teikyouseido.mhlw.go.jp/znk-web/juminkanja/S2430/initialize?prefCd=26&kikanCd=2652000232&kikanKbn=5", "url2": "https://www.pharmarise.com/company/store/store.php?store_id=603", "内容": "ふたば薬局【5:薬局】京都府京都市上京区新町通丸太町上ル春帯町３４４番地２　折坂ビル１Ｆ" }, "geometry": { "type": "Point", "coordinates": [ 135.756654, 35.018811 ] } },
{ "type": "Feature", "properties": { "ID": 2652652000233.0, "正式名称": "府庁前ゆう薬局", "機関区分": 5, "都道府県コード": 26, "市区町村コード": 102, "所在地": "京都府京都市上京区新町通丸太町上る春帯町３４８番地", "緯度": 35.018422, "経度": 135.756793, "url": "https://www.iryou.teikyouseido.mhlw.go.jp/znk-web/juminkanja/S2430/initialize?prefCd=26&kikanCd=2652000233&kikanKbn=5", "url2": "http://www.uno-upd.co.jp", "内容": "府庁前ゆう薬局【5:薬局】京都府京都市上京区新町通丸太町上る春帯町３４８番地" }, "geometry": { "type": "Point", "coordinates": [ 135.756793, 35.018422 ] } },
{ "type": "Feature", "properties": { "ID": 2652652000234.0, "正式名称": "サンテ薬局", "機関区分": 5, "都道府県コード": 26, "市区町村コード": 108, "所在地": "京都府京都市右京区嵯峨天龍寺車道町１番地５号", "緯度": 35.016671, "経度": 135.680855, "url": "https://www.iryou.teikyouseido.mhlw.go.jp/znk-web/juminkanja/S2430/initialize?prefCd=26&kikanCd=2652000234&kikanKbn=5", "url2": null, "内容": "サンテ薬局【5:薬局】京都府京都市右京区嵯峨天龍寺車道町１番地５号" }, "geometry": { "type": "Point", "coordinates": [ 135.680855, 35.016671 ] } },
{ "type": "Feature", "properties": { "ID": 2652652000237.0, "正式名称": "有限会社野田薬局支店", "機関区分": 5, "都道府県コード": 26, "市区町村コード": 102, "所在地": "京都府京都市上京区千本通一条下ル東石橋町２３", "緯度": 35.026032, "経度": 135.74271, "url": "https://www.iryou.teikyouseido.mhlw.go.jp/znk-web/juminkanja/S2430/initialize?prefCd=26&kikanCd=2652000237&kikanKbn=5", "url2": "http://www.kyoto-senbon.or.jp/nodadrug", "内容": "有限会社野田薬局支店【5:薬局】京都府京都市上京区千本通一条下ル東石橋町２３" }, "geometry": { "type": "Point", "coordinates": [ 135.74271, 35.026032 ] } },
{ "type": "Feature", "properties": { "ID": 2652652000238.0, "正式名称": "阪本漢方堂薬局", "機関区分": 5, "都道府県コード": 26, "市区町村コード": 102, "所在地": "京都府京都市上京区千本通一条上る泰童片原町６５０", "緯度": 35.027504, "経度": 135.742266, "url": "https://www.iryou.teikyouseido.mhlw.go.jp/znk-web/juminkanja/S2430/initialize?prefCd=26&kikanCd=2652000238&kikanKbn=5", "url2": "https://www.kanpodo.co.jp", "内容": "阪本漢方堂薬局【5:薬局】京都府京都市上京区千本通一条上る泰童片原町６５０" }, "geometry": { "type": "Point", "coordinates": [ 135.742266, 35.027504 ] } },
{ "type": "Feature", "properties": { "ID": 2652652000240.0, "正式名称": "花ぐるま薬局", "機関区分": 5, "都道府県コード": 26, "市区町村コード": 102, "所在地": "京都府京都市上京区千本通寺之内下ル花車町４９４番地", "緯度": 35.033143, "経度": 135.741766, "url": "https://www.iryou.teikyouseido.mhlw.go.jp/znk-web/juminkanja/S2430/initialize?prefCd=26&kikanCd=2652000240&kikanKbn=5", "url2": "https://www.kyoto-compha.or.jp/", "内容": "花ぐるま薬局【5:薬局】京都府京都市上京区千本通寺之内下ル花車町４９４番地" }, "geometry": { "type": "Point", "coordinates": [ 135.741766, 35.033143 ] } },
{ "type": "Feature", "properties": { "ID": 2652652000242.0, "正式名称": "ポプリ薬局　上立売店", "機関区分": 5, "都道府県コード": 26, "市区町村コード": 102, "所在地": "京都府京都市上京区千本通上立売下ル作庵町５２２番地", "緯度": 35.032519, "経度": 135.741635, "url": "https://www.iryou.teikyouseido.mhlw.go.jp/znk-web/juminkanja/S2430/initialize?prefCd=26&kikanCd=2652000242&kikanKbn=5", "url2": null, "内容": "ポプリ薬局　上立売店【5:薬局】京都府京都市上京区千本通上立売下ル作庵町５２２番地" }, "geometry": { "type": "Point", "coordinates": [ 135.741635, 35.032519 ] } },
{ "type": "Feature", "properties": { "ID": 2652652000245.0, "正式名称": "オオミヤ薬局", "機関区分": 5, "都道府県コード": 26, "市区町村コード": 102, "所在地": "京都府京都市上京区大宮通上立売上ル花開院町１３９番地の３", "緯度": 35.032948, "経度": 135.748682, "url": "https://www.iryou.teikyouseido.mhlw.go.jp/znk-web/juminkanja/S2430/initialize?prefCd=26&kikanCd=2652000245&kikanKbn=5", "url2": null, "内容": "オオミヤ薬局【5:薬局】京都府京都市上京区大宮通上立売上ル花開院町１３９番地の３" }, "geometry": { "type": "Point", "coordinates": [ 135.748682, 35.032948 ] } },
{ "type": "Feature", "properties": { "ID": 2652652000248.0, "正式名称": "日本調剤　府庁前薬局", "機関区分": 5, "都道府県コード": 26, "市区町村コード": 102, "所在地": "京都府京都市上京区東裏辻町４１４－１", "緯度": 35.018867, "経度": 135.755349, "url": "https://www.iryou.teikyouseido.mhlw.go.jp/znk-web/juminkanja/S2430/initialize?prefCd=26&kikanCd=2652000248&kikanKbn=5", "url2": "http://www.nicho.co.jp/tenpo/fucho.html", "内容": "日本調剤　府庁前薬局【5:薬局】京都府京都市上京区東裏辻町４１４－１" }, "geometry": { "type": "Point", "coordinates": [ 135.755349, 35.018867 ] } },
{ "type": "Feature", "properties": { "ID": 2652652000249.0, "正式名称": "日本調剤　丸太町薬局", "機関区分": 5, "都道府県コード": 26, "市区町村コード": 102, "所在地": "京都府京都市上京区東裏辻町４１７　大和ビル１階", "緯度": 35.018755, "経度": 135.755349, "url": "https://www.iryou.teikyouseido.mhlw.go.jp/znk-web/juminkanja/S2430/initialize?prefCd=26&kikanCd=2652000249&kikanKbn=5", "url2": "http://www.nicho.co.jp/tenpo/marutamati/", "内容": "日本調剤　丸太町薬局【5:薬局】京都府京都市上京区東裏辻町４１７　大和ビル１階" }, "geometry": { "type": "Point", "coordinates": [ 135.755349, 35.018755 ] } },
{ "type": "Feature", "properties": { "ID": 2652652000251.0, "正式名称": "めぐ薬局", "機関区分": 5, "都道府県コード": 26, "市区町村コード": 102, "所在地": "京都府京都市上京区堀川今出川上ル南船橋町３８２番地", "緯度": 35.030199, "経度": 135.752293, "url": "https://www.iryou.teikyouseido.mhlw.go.jp/znk-web/juminkanja/S2430/initialize?prefCd=26&kikanCd=2652000251&kikanKbn=5", "url2": "http://www.d-yutaka.co.jp/", "内容": "めぐ薬局【5:薬局】京都府京都市上京区堀川今出川上ル南船橋町３８２番地" }, "geometry": { "type": "Point", "coordinates": [ 135.752293, 35.030199 ] } },
{ "type": "Feature", "properties": { "ID": 2652652000253.0, "正式名称": "アイン薬局　堀川店", "機関区分": 5, "都道府県コード": 26, "市区町村コード": 102, "所在地": "京都府京都市上京区堀川通上立売下ル北舟橋町８４３　丸岡屋ビル１階", "緯度": 35.031226, "経度": 135.752209, "url": "https://www.iryou.teikyouseido.mhlw.go.jp/znk-web/juminkanja/S2430/initialize?prefCd=26&kikanCd=2652000253&kikanKbn=5", "url2": "https://store.ainj.co.jp/detail/1100458/", "内容": "アイン薬局　堀川店【5:薬局】京都府京都市上京区堀川通上立売下ル北舟橋町８４３　丸岡屋ビル１階" }, "geometry": { "type": "Point", "coordinates": [ 135.752209, 35.031226 ] } },
{ "type": "Feature", "properties": { "ID": 2652652000255.0, "正式名称": "ファルコ薬局　みのり西陣店", "機関区分": 5, "都道府県コード": 26, "市区町村コード": 102, "所在地": "京都府京都市上京区老松町１０３番地１１７", "緯度": 35.032559, "経度": 135.738655, "url": "https://www.iryou.teikyouseido.mhlw.go.jp/znk-web/juminkanja/S2430/initialize?prefCd=26&kikanCd=2652000255&kikanKbn=5", "url2": "http://www.falco-pharm.co.jp/", "内容": "ファルコ薬局　みのり西陣店【5:薬局】京都府京都市上京区老松町１０３番地１１７" }, "geometry": { "type": "Point", "coordinates": [ 135.738655, 35.032559 ] } },
{ "type": "Feature", "properties": { "ID": 2652652000256.0, "正式名称": "亀齢堂薬局", "機関区分": 5, "都道府県コード": 26, "市区町村コード": 102, "所在地": "京都府京都市上京区椹木町通黒門東入中御門横町５７４番地１　ファルマフードビル１階", "緯度": 35.018589, "経度": 135.750071, "url": "https://www.iryou.teikyouseido.mhlw.go.jp/znk-web/juminkanja/S2430/initialize?prefCd=26&kikanCd=2652000256&kikanKbn=5", "url2": "https://www.kireidou.co.jp", "内容": "亀齢堂薬局【5:薬局】京都府京都市上京区椹木町通黒門東入中御門横町５７４番地１　ファルマフードビル１階" }, "geometry": { "type": "Point", "coordinates": [ 135.750071, 35.018589 ] } },
{ "type": "Feature", "properties": { "ID": 2652652000258.0, "正式名称": "日の出薬局", "機関区分": 5, "都道府県コード": 26, "市区町村コード": 102, "所在地": "京都府京都市上京区小川通元誓願寺下ル靱屋町４９９－３４", "緯度": 35.027949, "経度": 135.754432, "url": "https://www.iryou.teikyouseido.mhlw.go.jp/znk-web/juminkanja/S2430/initialize?prefCd=26&kikanCd=2652000258&kikanKbn=5", "url2": "https://www.hinode-cap.com/", "内容": "日の出薬局【5:薬局】京都府京都市上京区小川通元誓願寺下ル靱屋町４９９－３４" }, "geometry": { "type": "Point", "coordinates": [ 135.754432, 35.027949 ] } },
{ "type": "Feature", "properties": { "ID": 2652652000260.0, "正式名称": "有限会社クサノ薬局", "機関区分": 5, "都道府県コード": 26, "市区町村コード": 111, "所在地": "京都府京都市西京区桂艮町１３－８９", "緯度": 34.985814, "経度": 135.700077, "url": "https://www.iryou.teikyouseido.mhlw.go.jp/znk-web/juminkanja/S2430/initialize?prefCd=26&kikanCd=2652000260&kikanKbn=5", "url2": "https://www.kusurinomadoguchi.com/kyouto/s1000076381", "内容": "有限会社クサノ薬局【5:薬局】京都府京都市西京区桂艮町１３－８９" }, "geometry": { "type": "Point", "coordinates": [ 135.700077, 34.985814 ] } },
{ "type": "Feature", "properties": { "ID": 2652652000263.0, "正式名称": "宮川薬局西支店", "機関区分": 5, "都道府県コード": 26, "市区町村コード": 111, "所在地": "京都府京都市西京区桂南巽町３６－４", "緯度": 34.981286, "経度": 135.702383, "url": "https://www.iryou.teikyouseido.mhlw.go.jp/znk-web/juminkanja/S2430/initialize?prefCd=26&kikanCd=2652000263&kikanKbn=5", "url2": "https://www.93de.com/", "内容": "宮川薬局西支店【5:薬局】京都府京都市西京区桂南巽町３６－４" }, "geometry": { "type": "Point", "coordinates": [ 135.702383, 34.981286 ] } },
{ "type": "Feature", "properties": { "ID": 2652652000264.0, "正式名称": "ユタカ調剤薬局　桂", "機関区分": 5, "都道府県コード": 26, "市区町村コード": 111, "所在地": "京都府京都市西京区御陵溝浦町１９－１", "緯度": 34.980258, "経度": 135.693161, "url": "https://www.iryou.teikyouseido.mhlw.go.jp/znk-web/juminkanja/S2430/initialize?prefCd=26&kikanCd=2652000264&kikanKbn=5", "url2": "https://www.d-yutaka.co.jp/shop/248.html", "内容": "ユタカ調剤薬局　桂【5:薬局】京都府京都市西京区御陵溝浦町１９－１" }, "geometry": { "type": "Point", "coordinates": [ 135.693161, 34.980258 ] } },
{ "type": "Feature", "properties": { "ID": 2652652000267.0, "正式名称": "株式会社ひまわり薬局　千代原店", "機関区分": 5, "都道府県コード": 26, "市区町村コード": 111, "所在地": "京都府京都市西京区山田大吉見町１１番地１３", "緯度": 34.980953, "経度": 135.692328, "url": "https://www.iryou.teikyouseido.mhlw.go.jp/znk-web/juminkanja/S2430/initialize?prefCd=26&kikanCd=2652000267&kikanKbn=5", "url2": "https://himawariph.web.fc2.com/index.html", "内容": "株式会社ひまわり薬局　千代原店【5:薬局】京都府京都市西京区山田大吉見町１１番地１３" }, "geometry": { "type": "Point", "coordinates": [ 135.692328, 34.980953 ] } },
{ "type": "Feature", "properties": { "ID": 2652652000269.0, "正式名称": "安藤漢方薬局桂店", "機関区分": 5, "都道府県コード": 26, "市区町村コード": 111, "所在地": "京都府京都市西京区山田大吉見町１８番地５の２２", "緯度": 34.981064, "経度": 135.691495, "url": "https://www.iryou.teikyouseido.mhlw.go.jp/znk-web/juminkanja/S2430/initialize?prefCd=26&kikanCd=2652000269&kikanKbn=5", "url2": null, "内容": "安藤漢方薬局桂店【5:薬局】京都府京都市西京区山田大吉見町１８番地５の２２" }, "geometry": { "type": "Point", "coordinates": [ 135.691495, 34.981064 ] } },
{ "type": "Feature", "properties": { "ID": 2652652000270.0, "正式名称": "アイン薬局　桂店", "機関区分": 5, "都道府県コード": 26, "市区町村コード": 111, "所在地": "京都府京都市西京区山田平尾町６－６　桂ビル２階", "緯度": 34.982591, "経度": 135.688161, "url": "https://www.iryou.teikyouseido.mhlw.go.jp/znk-web/juminkanja/S2430/initialize?prefCd=26&kikanCd=2652000270&kikanKbn=5", "url2": "https://store.ainj.co.jp/detail/1100455/", "内容": "アイン薬局　桂店【5:薬局】京都府京都市西京区山田平尾町６－６　桂ビル２階" }, "geometry": { "type": "Point", "coordinates": [ 135.688161, 34.982591 ] } },
{ "type": "Feature", "properties": { "ID": 2652652000271.0, "正式名称": "そうごう薬局　京都松尾店", "機関区分": 5, "都道府県コード": 26, "市区町村コード": 111, "所在地": "京都府京都市西京区松尾大利町１１番地１", "緯度": 34.991007, "経度": 135.692438, "url": "https://www.iryou.teikyouseido.mhlw.go.jp/znk-web/juminkanja/S2430/initialize?prefCd=26&kikanCd=2652000271&kikanKbn=5", "url2": "http://www.sogo-medical.co.jp/sogopharmacy/index.html", "内容": "そうごう薬局　京都松尾店【5:薬局】京都府京都市西京区松尾大利町１１番地１" }, "geometry": { "type": "Point", "coordinates": [ 135.692438, 34.991007 ] } },
{ "type": "Feature", "properties": { "ID": 2652652000273.0, "正式名称": "あけぼの薬局　上桂店", "機関区分": 5, "都道府県コード": 26, "市区町村コード": 111, "所在地": "京都府京都市西京区上桂宮ノ後町３８番地４", "緯度": 34.990507, "経度": 135.695244, "url": "https://www.iryou.teikyouseido.mhlw.go.jp/znk-web/juminkanja/S2430/initialize?prefCd=26&kikanCd=2652000273&kikanKbn=5", "url2": "https://www.ak-holdings.co.jp/stores/%e3%81%82%e3%81%91%e3%81%bc%e3%81%ae%e8%96%ac%e5%b1%80%e3%80%80%e4%b8%8a%e6%a1%82%e5%ba%97/", "内容": "あけぼの薬局　上桂店【5:薬局】京都府京都市西京区上桂宮ノ後町３８番地４" }, "geometry": { "type": "Point", "coordinates": [ 135.695244, 34.990507 ] } },
{ "type": "Feature", "properties": { "ID": 2652652000275.0, "正式名称": "オレンジ薬局", "機関区分": 5, "都道府県コード": 26, "市区町村コード": 111, "所在地": "京都府京都市西京区上桂三ノ宮町７８－１", "緯度": 34.987647, "経度": 135.69666, "url": "https://www.iryou.teikyouseido.mhlw.go.jp/znk-web/juminkanja/S2430/initialize?prefCd=26&kikanCd=2652000275&kikanKbn=5", "url2": null, "内容": "オレンジ薬局【5:薬局】京都府京都市西京区上桂三ノ宮町７８－１" }, "geometry": { "type": "Point", "coordinates": [ 135.69666, 34.987647 ] } },
{ "type": "Feature", "properties": { "ID": 2652652000276.0, "正式名称": "スマイル薬局　桂店", "機関区分": 5, "都道府県コード": 26, "市区町村コード": 111, "所在地": "京都府京都市西京区川島滑樋町４６－３ハイツ桂Ａ棟１階", "緯度": 34.974687, "経度": 135.702538, "url": "https://www.iryou.teikyouseido.mhlw.go.jp/znk-web/juminkanja/S2430/initialize?prefCd=26&kikanCd=2652000276&kikanKbn=5", "url2": "http://shimatany.co.jp/", "内容": "スマイル薬局　桂店【5:薬局】京都府京都市西京区川島滑樋町４６－３ハイツ桂Ａ棟１階" }, "geometry": { "type": "Point", "coordinates": [ 135.702538, 34.974687 ] } },
{ "type": "Feature", "properties": { "ID": 2652652000277.0, "正式名称": "カツラ駅前薬局株式会社", "機関区分": 5, "都道府県コード": 26, "市区町村コード": 111, "所在地": "京都府京都市西京区川島北裏町６９番地ー１", "緯度": 34.979203, "経度": 135.703799, "url": "https://www.iryou.teikyouseido.mhlw.go.jp/znk-web/juminkanja/S2430/initialize?prefCd=26&kikanCd=2652000277&kikanKbn=5", "url2": null, "内容": "カツラ駅前薬局株式会社【5:薬局】京都府京都市西京区川島北裏町６９番地ー１" }, "geometry": { "type": "Point", "coordinates": [ 135.703799, 34.979203 ] } },
{ "type": "Feature", "properties": { "ID": 2652652000278.0, "正式名称": "かつらゆう薬局", "機関区分": 5, "都道府県コード": 26, "市区町村コード": 111, "所在地": "京都府京都市西京区川島有栖川町１７番地ＴＷＩＮＫＬＥＣＯＵＲＴ桂ＩＩ地下１階", "緯度": 34.979259, "経度": 135.700411, "url": "https://www.iryou.teikyouseido.mhlw.go.jp/znk-web/juminkanja/S2430/initialize?prefCd=26&kikanCd=2652000278&kikanKbn=5", "url2": "http://www.uno-upd.co.jp/", "内容": "かつらゆう薬局【5:薬局】京都府京都市西京区川島有栖川町１７番地ＴＷＩＮＫＬＥＣＯＵＲＴ桂ＩＩ地下１階" }, "geometry": { "type": "Point", "coordinates": [ 135.700411, 34.979259 ] } },
{ "type": "Feature", "properties": { "ID": 2652652000279.0, "正式名称": "キリン堂薬局　桂西口店", "機関区分": 5, "都道府県コード": 26, "市区町村コード": 111, "所在地": "京都府京都市西京区川島有栖川町５０番地２", "緯度": 34.979009, "経度": 135.702355, "url": "https://www.iryou.teikyouseido.mhlw.go.jp/znk-web/juminkanja/S2430/initialize?prefCd=26&kikanCd=2652000279&kikanKbn=5", "url2": "https://www.kirindo.co.jp", "内容": "キリン堂薬局　桂西口店【5:薬局】京都府京都市西京区川島有栖川町５０番地２" }, "geometry": { "type": "Point", "coordinates": [ 135.702355, 34.979009 ] } },
{ "type": "Feature", "properties": { "ID": 2652652000280.0, "正式名称": "あゆみ調剤薬局", "機関区分": 5, "都道府県コード": 26, "市区町村コード": 111, "所在地": "京都府京都市西京区川島六ノ坪町６３番地２　バンブーシュート洛西口２", "緯度": 34.963899, "経度": 135.70255, "url": "https://www.iryou.teikyouseido.mhlw.go.jp/znk-web/juminkanja/S2430/initialize?prefCd=26&kikanCd=2652000280&kikanKbn=5", "url2": null, "内容": "あゆみ調剤薬局【5:薬局】京都府京都市西京区川島六ノ坪町６３番地２　バンブーシュート洛西口２" }, "geometry": { "type": "Point", "coordinates": [ 135.70255, 34.963899 ] } },
{ "type": "Feature", "properties": { "ID": 2652652000282.0, "正式名称": "有限会社右京の里薬局", "機関区分": 5, "都道府県コード": 26, "市区町村コード": 111, "所在地": "京都府京都市西京区大原野上里鳥見町７－１", "緯度": 34.947174, "経度": 135.689777, "url": "https://www.iryou.teikyouseido.mhlw.go.jp/znk-web/juminkanja/S2430/initialize?prefCd=26&kikanCd=2652000282&kikanKbn=5", "url2": null, "内容": "有限会社右京の里薬局【5:薬局】京都府京都市西京区大原野上里鳥見町７－１" }, "geometry": { "type": "Point", "coordinates": [ 135.689777, 34.947174 ] } },
{ "type": "Feature", "properties": { "ID": 2652652000284.0, "正式名称": "株式会社ひまわり薬局　洛西店", "機関区分": 5, "都道府県コード": 26, "市区町村コード": 111, "所在地": "京都府京都市西京区大枝沓掛町１３番地６３", "緯度": 34.975147, "経度": 135.664914, "url": "https://www.iryou.teikyouseido.mhlw.go.jp/znk-web/juminkanja/S2430/initialize?prefCd=26&kikanCd=2652000284&kikanKbn=5", "url2": "https://himawariph.web.fc2.com/index.html", "内容": "株式会社ひまわり薬局　洛西店【5:薬局】京都府京都市西京区大枝沓掛町１３番地６３" }, "geometry": { "type": "Point", "coordinates": [ 135.664914, 34.975147 ] } },
{ "type": "Feature", "properties": { "ID": 2652652000290.0, "正式名称": "みくら薬局　　烏丸御池店", "機関区分": 5, "都道府県コード": 26, "市区町村コード": 104, "所在地": "京都府京都市中京区烏丸通御池上ル二条殿町５４６　ＮＴ都ビル１０１号室", "緯度": 35.011451, "経度": 135.759849, "url": "https://www.iryou.teikyouseido.mhlw.go.jp/znk-web/juminkanja/S2430/initialize?prefCd=26&kikanCd=2652000290&kikanKbn=5", "url2": "http://www6.plala.or.jp/mikura/", "内容": "みくら薬局　　烏丸御池店【5:薬局】京都府京都市中京区烏丸通御池上ル二条殿町５４６　ＮＴ都ビル１０１号室" }, "geometry": { "type": "Point", "coordinates": [ 135.759849, 35.011451 ] } },
{ "type": "Feature", "properties": { "ID": 2652652000291.0, "正式名称": "株式会社宮秋養元堂薬局", "機関区分": 5, "都道府県コード": 26, "市区町村コード": 104, "所在地": "京都府京都市中京区河原町通三条下る２丁目山崎町２５２番地", "緯度": 35.006924, "経度": 135.768876, "url": "https://www.iryou.teikyouseido.mhlw.go.jp/znk-web/juminkanja/S2430/initialize?prefCd=26&kikanCd=2652000291&kikanKbn=5", "url2": null, "内容": "株式会社宮秋養元堂薬局【5:薬局】京都府京都市中京区河原町通三条下る２丁目山崎町２５２番地" }, "geometry": { "type": "Point", "coordinates": [ 135.768876, 35.006924 ] } },
{ "type": "Feature", "properties": { "ID": 2652652000293.0, "正式名称": "やすゐ薬局　大黒店", "機関区分": 5, "都道府県コード": 26, "市区町村コード": 104, "所在地": "京都府京都市中京区釜座通夷川下ル大黒町６８２番地", "緯度": 35.014811, "経度": 135.755682, "url": "https://www.iryou.teikyouseido.mhlw.go.jp/znk-web/juminkanja/S2430/initialize?prefCd=26&kikanCd=2652000293&kikanKbn=5", "url2": null, "内容": "やすゐ薬局　大黒店【5:薬局】京都府京都市中京区釜座通夷川下ル大黒町６８２番地" }, "geometry": { "type": "Point", "coordinates": [ 135.755682, 35.014811 ] } },
{ "type": "Feature", "properties": { "ID": 2652652000296.0, "正式名称": "保生堂薬局", "機関区分": 5, "都道府県コード": 26, "市区町村コード": 104, "所在地": "京都府京都市中京区丸太町通釜座東入梅屋町１７７", "緯度": 35.017256, "経度": 135.756071, "url": "https://www.iryou.teikyouseido.mhlw.go.jp/znk-web/juminkanja/S2430/initialize?prefCd=26&kikanCd=2652000296&kikanKbn=5", "url2": "https://www.hoseido-kyoto.jp/", "内容": "保生堂薬局【5:薬局】京都府京都市中京区丸太町通釜座東入梅屋町１７７" }, "geometry": { "type": "Point", "coordinates": [ 135.756071, 35.017256 ] } },
{ "type": "Feature", "properties": { "ID": 2652652000300.0, "正式名称": "株式会社平安堂薬局", "機関区分": 5, "都道府県コード": 26, "市区町村コード": 104, "所在地": "京都府京都市中京区三条通河原町西入石橋町１４番地", "緯度": 35.008673, "経度": 135.768376, "url": "https://www.iryou.teikyouseido.mhlw.go.jp/znk-web/juminkanja/S2430/initialize?prefCd=26&kikanCd=2652000300&kikanKbn=5", "url2": "https://www.kigusuri.com/shop/heiandou/", "内容": "株式会社平安堂薬局【5:薬局】京都府京都市中京区三条通河原町西入石橋町１４番地" }, "geometry": { "type": "Point", "coordinates": [ 135.768376, 35.008673 ] } },
{ "type": "Feature", "properties": { "ID": 2652652000301.0, "正式名称": "有限会社　みくら薬局", "機関区分": 5, "都道府県コード": 26, "市区町村コード": 104, "所在地": "京都府京都市中京区三条通室町東入御倉町６３番地", "緯度": 35.008729, "経度": 135.75821, "url": "https://www.iryou.teikyouseido.mhlw.go.jp/znk-web/juminkanja/S2430/initialize?prefCd=26&kikanCd=2652000301&kikanKbn=5", "url2": "http://www6.plala.or.jp/mikura/", "内容": "有限会社　みくら薬局【5:薬局】京都府京都市中京区三条通室町東入御倉町６３番地" }, "geometry": { "type": "Point", "coordinates": [ 135.75821, 35.008729 ] } },
{ "type": "Feature", "properties": { "ID": 2652652000303.0, "正式名称": "チカタ薬局", "機関区分": 5, "都道府県コード": 26, "市区町村コード": 104, "所在地": "京都府京都市中京区三条通大宮東入御供町２７９", "緯度": 35.008401, "経度": 135.74918, "url": "https://www.iryou.teikyouseido.mhlw.go.jp/znk-web/juminkanja/S2430/initialize?prefCd=26&kikanCd=2652000303&kikanKbn=5", "url2": "http://chikata-pharmacy.com/", "内容": "チカタ薬局【5:薬局】京都府京都市中京区三条通大宮東入御供町２７９" }, "geometry": { "type": "Point", "coordinates": [ 135.74918, 35.008401 ] } },
{ "type": "Feature", "properties": { "ID": 2652652000304.0, "正式名称": "下垣薬局", "機関区分": 5, "都道府県コード": 26, "市区町村コード": 104, "所在地": "京都府京都市中京区三条通油小路東入宗林町８３番地", "緯度": 35.008618, "経度": 135.753766, "url": "https://www.iryou.teikyouseido.mhlw.go.jp/znk-web/juminkanja/S2430/initialize?prefCd=26&kikanCd=2652000304&kikanKbn=5", "url2": null, "内容": "下垣薬局【5:薬局】京都府京都市中京区三条通油小路東入宗林町８３番地" }, "geometry": { "type": "Point", "coordinates": [ 135.753766, 35.008618 ] } },
{ "type": "Feature", "properties": { "ID": 2652652000305.0, "正式名称": "ダイガク薬局むろまち", "機関区分": 5, "都道府県コード": 26, "市区町村コード": 104, "所在地": "京都府京都市中京区室町通蛸薬師下ル山伏山町５３９番地　ＴＯＰＳ京都本社ビル１階", "緯度": 35.006007, "経度": 135.757905, "url": "https://www.iryou.teikyouseido.mhlw.go.jp/znk-web/juminkanja/S2430/initialize?prefCd=26&kikanCd=2652000305&kikanKbn=5", "url2": "http://www.apios.co.jp", "内容": "ダイガク薬局むろまち【5:薬局】京都府京都市中京区室町通蛸薬師下ル山伏山町５３９番地　ＴＯＰＳ京都本社ビル１階" }, "geometry": { "type": "Point", "coordinates": [ 135.757905, 35.006007 ] } },
{ "type": "Feature", "properties": { "ID": 2652652000306.0, "正式名称": "ペガサス京都薬局", "機関区分": 5, "都道府県コード": 26, "市区町村コード": 104, "所在地": "京都府京都市中京区車屋町通二条下ル仁王門突抜町３１８", "緯度": 35.012923, "経度": 135.75996, "url": "https://www.iryou.teikyouseido.mhlw.go.jp/znk-web/juminkanja/S2430/initialize?prefCd=26&kikanCd=2652000306&kikanKbn=5", "url2": "http://www.hoken-yakkyoku.com", "内容": "ペガサス京都薬局【5:薬局】京都府京都市中京区車屋町通二条下ル仁王門突抜町３１８" }, "geometry": { "type": "Point", "coordinates": [ 135.75996, 35.012923 ] } },
{ "type": "Feature", "properties": { "ID": 2652652000307.0, "正式名称": "阪本漢方堂薬局", "機関区分": 5, "都道府県コード": 26, "市区町村コード": 104, "所在地": "京都府京都市中京区新京極通四条上る中之町５６４", "緯度": 35.003924, "経度": 135.767265, "url": "https://www.iryou.teikyouseido.mhlw.go.jp/znk-web/juminkanja/S2430/initialize?prefCd=26&kikanCd=2652000307&kikanKbn=5", "url2": "https://www.kanpodo.co.jp/", "内容": "阪本漢方堂薬局【5:薬局】京都府京都市中京区新京極通四条上る中之町５６４" }, "geometry": { "type": "Point", "coordinates": [ 135.767265, 35.003924 ] } },
{ "type": "Feature", "properties": { "ID": 2652652000310.0, "正式名称": "中島薬局　東店", "機関区分": 5, "都道府県コード": 26, "市区町村コード": 104, "所在地": "京都府京都市中京区壬生下溝町５７番地４７", "緯度": 35.001333, "経度": 135.737525, "url": "https://www.iryou.teikyouseido.mhlw.go.jp/znk-web/juminkanja/S2430/initialize?prefCd=26&kikanCd=2652000310&kikanKbn=5", "url2": null, "内容": "中島薬局　東店【5:薬局】京都府京都市中京区壬生下溝町５７番地４７" }, "geometry": { "type": "Point", "coordinates": [ 135.737525, 35.001333 ] } },
{ "type": "Feature", "properties": { "ID": 2652652000312.0, "正式名称": "スギ薬局　四条大宮店", "機関区分": 5, "都道府県コード": 26, "市区町村コード": 104, "所在地": "京都府京都市中京区壬生賀陽御所町３番地３　ドルミ四条大宮１階", "緯度": 35.00334, "経度": 135.746711, "url": "https://www.iryou.teikyouseido.mhlw.go.jp/znk-web/juminkanja/S2430/initialize?prefCd=26&kikanCd=2652000312&kikanKbn=5", "url2": "http://www.drug-sugi.co.jp/", "内容": "スギ薬局　四条大宮店【5:薬局】京都府京都市中京区壬生賀陽御所町３番地３　ドルミ四条大宮１階" }, "geometry": { "type": "Point", "coordinates": [ 135.746711, 35.00334 ] } },
{ "type": "Feature", "properties": { "ID": 2652652000313.0, "正式名称": "しらさぎ薬局", "機関区分": 5, "都道府県コード": 26, "市区町村コード": 104, "所在地": "京都府京都市中京区壬生松原町５４番地３７", "緯度": 35.001146, "経度": 135.739767, "url": "https://www.iryou.teikyouseido.mhlw.go.jp/znk-web/juminkanja/S2430/initialize?prefCd=26&kikanCd=2652000313&kikanKbn=5", "url2": null, "内容": "しらさぎ薬局【5:薬局】京都府京都市中京区壬生松原町５４番地３７" }, "geometry": { "type": "Point", "coordinates": [ 135.739767, 35.001146 ] } },
{ "type": "Feature", "properties": { "ID": 2652652000314.0, "正式名称": "山田薬品株式会社　山田薬局", "機関区分": 5, "都道府県コード": 26, "市区町村コード": 104, "所在地": "京都府京都市中京区壬生上大竹町１９番地", "緯度": 35.008201, "経度": 135.735545, "url": "https://www.iryou.teikyouseido.mhlw.go.jp/znk-web/juminkanja/S2430/initialize?prefCd=26&kikanCd=2652000314&kikanKbn=5", "url2": null, "内容": "山田薬品株式会社　山田薬局【5:薬局】京都府京都市中京区壬生上大竹町１９番地" }, "geometry": { "type": "Point", "coordinates": [ 135.735545, 35.008201 ] } },
{ "type": "Feature", "properties": { "ID": 2652652000315.0, "正式名称": "ココカラファイン薬局　壬生店", "機関区分": 5, "都道府県コード": 26, "市区町村コード": 104, "所在地": "京都府京都市中京区壬生西檜町８番地　アソルティ西院１Ｆ", "緯度": 34.999813, "経度": 135.733129, "url": "https://www.iryou.teikyouseido.mhlw.go.jp/znk-web/juminkanja/S2430/initialize?prefCd=26&kikanCd=2652000315&kikanKbn=5", "url2": "http://www.cocokarafine.co.jp", "内容": "ココカラファイン薬局　壬生店【5:薬局】京都府京都市中京区壬生西檜町８番地　アソルティ西院１Ｆ" }, "geometry": { "type": "Point", "coordinates": [ 135.733129, 34.999813 ] } },
{ "type": "Feature", "properties": { "ID": 2652652000317.0, "正式名称": "アイン薬局西大路五条店", "機関区分": 5, "都道府県コード": 26, "市区町村コード": 104, "所在地": "京都府京都市中京区壬生東高田町２番地２　プェネリジェール西五条ＩＩ　１０１", "緯度": 34.99648, "経度": 135.733324, "url": "https://www.iryou.teikyouseido.mhlw.go.jp/znk-web/juminkanja/S2430/initialize?prefCd=26&kikanCd=2652000317&kikanKbn=5", "url2": null, "内容": "アイン薬局西大路五条店【5:薬局】京都府京都市中京区壬生東高田町２番地２　プェネリジェール西五条ＩＩ　１０１" }, "geometry": { "type": "Point", "coordinates": [ 135.733324, 34.99648 ] } },
{ "type": "Feature", "properties": { "ID": 2652652000319.0, "正式名称": "ファーマシィ薬局五条御前", "機関区分": 5, "都道府県コード": 26, "市区町村コード": 104, "所在地": "京都府京都市中京区壬生東高田町４４番地１号", "緯度": 34.997146, "経度": 135.73599, "url": "https://www.iryou.teikyouseido.mhlw.go.jp/znk-web/juminkanja/S2430/initialize?prefCd=26&kikanCd=2652000319&kikanKbn=5", "url2": "http://www.pharmacy-net.co.jp/", "内容": "ファーマシィ薬局五条御前【5:薬局】京都府京都市中京区壬生東高田町４４番地１号" }, "geometry": { "type": "Point", "coordinates": [ 135.73599, 34.997146 ] } },
{ "type": "Feature", "properties": { "ID": 2652652000320.0, "正式名称": "たんぽぽ薬局　五条御前店", "機関区分": 5, "都道府県コード": 26, "市区町村コード": 104, "所在地": "京都府京都市中京区壬生東高田町４５番６", "緯度": 34.99698, "経度": 135.736046, "url": "https://www.iryou.teikyouseido.mhlw.go.jp/znk-web/juminkanja/S2430/initialize?prefCd=26&kikanCd=2652000320&kikanKbn=5", "url2": "http://www.tanpopo-ph.co.jp/", "内容": "たんぽぽ薬局　五条御前店【5:薬局】京都府京都市中京区壬生東高田町４５番６" }, "geometry": { "type": "Point", "coordinates": [ 135.736046, 34.99698 ] } },
{ "type": "Feature", "properties": { "ID": 2652652000321.0, "正式名称": "オーツカ市立病院前薬局", "機関区分": 5, "都道府県コード": 26, "市区町村コード": 104, "所在地": "京都府京都市中京区壬生東高田町６２", "緯度": 34.997702, "経度": 135.73599, "url": "https://www.iryou.teikyouseido.mhlw.go.jp/znk-web/juminkanja/S2430/initialize?prefCd=26&kikanCd=2652000321&kikanKbn=5", "url2": "https://www.cocokarafine.co.jp", "内容": "オーツカ市立病院前薬局【5:薬局】京都府京都市中京区壬生東高田町６２" }, "geometry": { "type": "Point", "coordinates": [ 135.73599, 34.997702 ] } },
{ "type": "Feature", "properties": { "ID": 2652652000324.0, "正式名称": "マザー薬局", "機関区分": 5, "都道府県コード": 26, "市区町村コード": 104, "所在地": "京都府京都市中京区壬生坊城町４８壬生坊城第２団地１棟１０６号", "緯度": 35.005979, "経度": 135.745406, "url": "https://www.iryou.teikyouseido.mhlw.go.jp/znk-web/juminkanja/S2430/initialize?prefCd=26&kikanCd=2652000324&kikanKbn=5", "url2": null, "内容": "マザー薬局【5:薬局】京都府京都市中京区壬生坊城町４８壬生坊城第２団地１棟１０６号" }, "geometry": { "type": "Point", "coordinates": [ 135.745406, 35.005979 ] } },
{ "type": "Feature", "properties": { "ID": 2652652000325.0, "正式名称": "スギ薬局　円町店", "機関区分": 5, "都道府県コード": 26, "市区町村コード": 104, "所在地": "京都府京都市中京区西ノ京円町２９－３", "緯度": 35.018422, "経度": 135.732684, "url": "https://www.iryou.teikyouseido.mhlw.go.jp/znk-web/juminkanja/S2430/initialize?prefCd=26&kikanCd=2652000325&kikanKbn=5", "url2": "http://www.drug-sugi.co.jp/", "内容": "スギ薬局　円町店【5:薬局】京都府京都市中京区西ノ京円町２９－３" }, "geometry": { "type": "Point", "coordinates": [ 135.732684, 35.018422 ] } },
{ "type": "Feature", "properties": { "ID": 2652652000327.0, "正式名称": "コスモス薬局", "機関区分": 5, "都道府県コード": 26, "市区町村コード": 104, "所在地": "京都府京都市中京区西ノ京小堀池町１８番７", "緯度": 35.014589, "経度": 135.725685, "url": "https://www.iryou.teikyouseido.mhlw.go.jp/znk-web/juminkanja/S2430/initialize?prefCd=26&kikanCd=2652000327&kikanKbn=5", "url2": "https://www.kyoto-compha.or.jp/pharmacy-info/cosmos/", "内容": "コスモス薬局【5:薬局】京都府京都市中京区西ノ京小堀池町１８番７" }, "geometry": { "type": "Point", "coordinates": [ 135.725685, 35.014589 ] } },
{ "type": "Feature", "properties": { "ID": 2652652000328.0, "正式名称": "スマイル薬局　二条店", "機関区分": 5, "都道府県コード": 26, "市区町村コード": 104, "所在地": "京都府京都市中京区西ノ京職司町２－３　ＩＭＰＡＣＴ　ＩＫＵ１階", "緯度": 35.010923, "経度": 135.744739, "url": "https://www.iryou.teikyouseido.mhlw.go.jp/znk-web/juminkanja/S2430/initialize?prefCd=26&kikanCd=2652000328&kikanKbn=5", "url2": null, "内容": "スマイル薬局　二条店【5:薬局】京都府京都市中京区西ノ京職司町２－３　ＩＭＰＡＣＴ　ＩＫＵ１階" }, "geometry": { "type": "Point", "coordinates": [ 135.744739, 35.010923 ] } },
{ "type": "Feature", "properties": { "ID": 2652652000331.0, "正式名称": "有限会社　白数薬局　京都店", "機関区分": 5, "都道府県コード": 26, "市区町村コード": 104, "所在地": "京都府京都市中京区西ノ京大炊御門町８番地の４", "緯度": 35.020977, "経度": 135.728573, "url": "https://www.iryou.teikyouseido.mhlw.go.jp/znk-web/juminkanja/S2430/initialize?prefCd=26&kikanCd=2652000331&kikanKbn=5", "url2": "http://www.e-classa.net/shirasuyakyoku", "内容": "有限会社　白数薬局　京都店【5:薬局】京都府京都市中京区西ノ京大炊御門町８番地の４" }, "geometry": { "type": "Point", "coordinates": [ 135.728573, 35.020977 ] } },
{ "type": "Feature", "properties": { "ID": 2652652000332.0, "正式名称": "寿屋中島薬局", "機関区分": 5, "都道府県コード": 26, "市区町村コード": 104, "所在地": "京都府京都市中京区西ノ京池ノ内町４", "緯度": 35.00859, "経度": 135.746572, "url": "https://www.iryou.teikyouseido.mhlw.go.jp/znk-web/juminkanja/S2430/initialize?prefCd=26&kikanCd=2652000332&kikanKbn=5", "url2": null, "内容": "寿屋中島薬局【5:薬局】京都府京都市中京区西ノ京池ノ内町４" }, "geometry": { "type": "Point", "coordinates": [ 135.746572, 35.00859 ] } },
{ "type": "Feature", "properties": { "ID": 2652652000333.0, "正式名称": "阪神調剤薬局　二条店", "機関区分": 5, "都道府県コード": 26, "市区町村コード": 104, "所在地": "京都府京都市中京区西ノ京東栂尾町３番地ＪＲ二条駅ＮＫビル１階", "緯度": 35.011395, "経度": 135.742239, "url": "https://www.iryou.teikyouseido.mhlw.go.jp/znk-web/juminkanja/S2430/initialize?prefCd=26&kikanCd=2652000333&kikanKbn=5", "url2": null, "内容": "阪神調剤薬局　二条店【5:薬局】京都府京都市中京区西ノ京東栂尾町３番地ＪＲ二条駅ＮＫビル１階" }, "geometry": { "type": "Point", "coordinates": [ 135.742239, 35.011395 ] } },
{ "type": "Feature", "properties": { "ID": 2652652000337.0, "正式名称": "有限会社上野薬局", "機関区分": 5, "都道府県コード": 26, "市区町村コード": 104, "所在地": "京都府京都市中京区蛸薬師通堺町西入ル雁金町３７４番地", "緯度": 35.00609, "経度": 135.763182, "url": "https://www.iryou.teikyouseido.mhlw.go.jp/znk-web/juminkanja/S2430/initialize?prefCd=26&kikanCd=2652000337&kikanKbn=5", "url2": null, "内容": "有限会社上野薬局【5:薬局】京都府京都市中京区蛸薬師通堺町西入ル雁金町３７４番地" }, "geometry": { "type": "Point", "coordinates": [ 135.763182, 35.00609 ] } },
{ "type": "Feature", "properties": { "ID": 2652652000340.0, "正式名称": "ろっかくゆう薬局", "機関区分": 5, "都道府県コード": 26, "市区町村コード": 104, "所在地": "京都府京都市中京区東洞院六角下ル御射山町２６０番地　ロイヤルプラザビル１階", "緯度": 35.007257, "経度": 135.761349, "url": "https://www.iryou.teikyouseido.mhlw.go.jp/znk-web/juminkanja/S2430/initialize?prefCd=26&kikanCd=2652000340&kikanKbn=5", "url2": "https://www.uno-upd.co.jp/store/nakagyoku/152/", "内容": "ろっかくゆう薬局【5:薬局】京都府京都市中京区東洞院六角下ル御射山町２６０番地　ロイヤルプラザビル１階" }, "geometry": { "type": "Point", "coordinates": [ 135.761349, 35.007257 ] } },
{ "type": "Feature", "properties": { "ID": 2652652000341.0, "正式名称": "わやくや千坂漢方薬局", "機関区分": 5, "都道府県コード": 26, "市区町村コード": 104, "所在地": "京都府京都市中京区二条通烏丸東入仁王門町３番地", "緯度": 35.013756, "経度": 135.759793, "url": "https://www.iryou.teikyouseido.mhlw.go.jp/znk-web/juminkanja/S2430/initialize?prefCd=26&kikanCd=2652000341&kikanKbn=5", "url2": null, "内容": "わやくや千坂漢方薬局【5:薬局】京都府京都市中京区二条通烏丸東入仁王門町３番地" }, "geometry": { "type": "Point", "coordinates": [ 135.759793, 35.013756 ] } },
{ "type": "Feature", "properties": { "ID": 2652652000342.0, "正式名称": "延寿堂薬局", "機関区分": 5, "都道府県コード": 26, "市区町村コード": 104, "所在地": "京都府京都市中京区二条通寺町東入榎木町９５－１延寿堂第２ビル１階", "緯度": 35.013062, "経度": 135.767848, "url": "https://www.iryou.teikyouseido.mhlw.go.jp/znk-web/juminkanja/S2430/initialize?prefCd=26&kikanCd=2652000342&kikanKbn=5", "url2": null, "内容": "延寿堂薬局【5:薬局】京都府京都市中京区二条通寺町東入榎木町９５－１延寿堂第２ビル１階" }, "geometry": { "type": "Point", "coordinates": [ 135.767848, 35.013062 ] } },
{ "type": "Feature", "properties": { "ID": 2652652000345.0, "正式名称": "あんず薬局", "機関区分": 5, "都道府県コード": 26, "市区町村コード": 104, "所在地": "京都府京都市中京区聚楽廻西町１８１－５サンマンション一階", "緯度": 35.018033, "経度": 135.739183, "url": "https://www.iryou.teikyouseido.mhlw.go.jp/znk-web/juminkanja/S2430/initialize?prefCd=26&kikanCd=2652000345&kikanKbn=5", "url2": "http://anzuyakkyokuotsu.jimdosite.com/", "内容": "あんず薬局【5:薬局】京都府京都市中京区聚楽廻西町１８１－５サンマンション一階" }, "geometry": { "type": "Point", "coordinates": [ 135.739183, 35.018033 ] } },
{ "type": "Feature", "properties": { "ID": 2652652000349.0, "正式名称": "かも川薬局", "機関区分": 5, "都道府県コード": 26, "市区町村コード": 105, "所在地": "京都府京都市東山区宮川筋七丁目３８２番地の２", "緯度": 34.997397, "経度": 135.769765, "url": "https://www.iryou.teikyouseido.mhlw.go.jp/znk-web/juminkanja/S2430/initialize?prefCd=26&kikanCd=2652000349&kikanKbn=5", "url2": "http://www.e-classa.net/kamogawa/", "内容": "かも川薬局【5:薬局】京都府京都市東山区宮川筋七丁目３８２番地の２" }, "geometry": { "type": "Point", "coordinates": [ 135.769765, 34.997397 ] } },
{ "type": "Feature", "properties": { "ID": 2652652000350.0, "正式名称": "有限会社小山薬局", "機関区分": 5, "都道府県コード": 26, "市区町村コード": 105, "所在地": "京都府京都市東山区今熊野椥ノ森町２４", "緯度": 34.983537, "経度": 135.773738, "url": "https://www.iryou.teikyouseido.mhlw.go.jp/znk-web/juminkanja/S2430/initialize?prefCd=26&kikanCd=2652000350&kikanKbn=5", "url2": null, "内容": "有限会社小山薬局【5:薬局】京都府京都市東山区今熊野椥ノ森町２４" }, "geometry": { "type": "Point", "coordinates": [ 135.773738, 34.983537 ] } },
{ "type": "Feature", "properties": { "ID": 2652652000352.0, "正式名称": "東山三条ゆう薬局", "機関区分": 5, "都道府県コード": 26, "市区町村コード": 105, "所在地": "京都府京都市東山区三条通大橋東入四丁目七軒町１１番地　ＶＩＡ花見小路１階", "緯度": 35.009618, "経度": 135.776931, "url": "https://www.iryou.teikyouseido.mhlw.go.jp/znk-web/juminkanja/S2430/initialize?prefCd=26&kikanCd=2652000352&kikanKbn=5", "url2": "https://www.uno-upd.co.jp/store/higashiyamaku/174/", "内容": "東山三条ゆう薬局【5:薬局】京都府京都市東山区三条通大橋東入四丁目七軒町１１番地　ＶＩＡ花見小路１階" }, "geometry": { "type": "Point", "coordinates": [ 135.776931, 35.009618 ] } },
{ "type": "Feature", "properties": { "ID": 2652652000354.0, "正式名称": "織田自然堂薬局", "機関区分": 5, "都道府県コード": 26, "市区町村コード": 105, "所在地": "京都府京都市東山区三条通南参筋目白川筋西入唐戸鼻町５５１", "緯度": 35.008229, "経度": 135.778681, "url": "https://www.iryou.teikyouseido.mhlw.go.jp/znk-web/juminkanja/S2430/initialize?prefCd=26&kikanCd=2652000354&kikanKbn=5", "url2": null, "内容": "織田自然堂薬局【5:薬局】京都府京都市東山区三条通南参筋目白川筋西入唐戸鼻町５５１" }, "geometry": { "type": "Point", "coordinates": [ 135.778681, 35.008229 ] } },
{ "type": "Feature", "properties": { "ID": 2652652000357.0, "正式名称": "まつばらゆう薬局", "機関区分": 5, "都道府県コード": 26, "市区町村コード": 105, "所在地": "京都府京都市東山区松原通大和大路西入弓矢町３４番地", "緯度": 34.99848, "経度": 135.771987, "url": "https://www.iryou.teikyouseido.mhlw.go.jp/znk-web/juminkanja/S2430/initialize?prefCd=26&kikanCd=2652000357&kikanKbn=5", "url2": "https://www.uno-upd.co.jp/store/higashiyamaku/171/", "内容": "まつばらゆう薬局【5:薬局】京都府京都市東山区松原通大和大路西入弓矢町３４番地" }, "geometry": { "type": "Point", "coordinates": [ 135.771987, 34.99848 ] } },
{ "type": "Feature", "properties": { "ID": 2652652000358.0, "正式名称": "Ｐ・Ｄ・Ｐメディカルきよみず薬局", "機関区分": 5, "都道府県コード": 26, "市区町村コード": 105, "所在地": "京都府京都市東山区清水４丁目１７１－１２　Ｐ・Ｄ・Ｐメディカル１Ｆ", "緯度": 34.997091, "経度": 135.777014, "url": "https://www.iryou.teikyouseido.mhlw.go.jp/znk-web/juminkanja/S2430/initialize?prefCd=26&kikanCd=2652000358&kikanKbn=5", "url2": null, "内容": "Ｐ・Ｄ・Ｐメディカルきよみず薬局【5:薬局】京都府京都市東山区清水４丁目１７１－１２　Ｐ・Ｄ・Ｐメディカル１Ｆ" }, "geometry": { "type": "Point", "coordinates": [ 135.777014, 34.997091 ] } },
{ "type": "Feature", "properties": { "ID": 2652652000359.0, "正式名称": "アイン薬局第一日赤病院前店", "機関区分": 5, "都道府県コード": 26, "市区町村コード": 105, "所在地": "京都府京都市東山区泉涌寺五葉ノ辻町１３－１６", "緯度": 34.981843, "経度": 135.772682, "url": "https://www.iryou.teikyouseido.mhlw.go.jp/znk-web/juminkanja/S2430/initialize?prefCd=26&kikanCd=2652000359&kikanKbn=5", "url2": "http://m-heartland-aing.jp/pharmacy/pharmacy.html", "内容": "アイン薬局第一日赤病院前店【5:薬局】京都府京都市東山区泉涌寺五葉ノ辻町１３－１６" }, "geometry": { "type": "Point", "coordinates": [ 135.772682, 34.981843 ] } },
{ "type": "Feature", "properties": { "ID": 2652652000360.0, "正式名称": "ファーマシィ薬局もみじ", "機関区分": 5, "都道府県コード": 26, "市区町村コード": 105, "所在地": "京都府京都市東山区泉涌寺雀ヶ森町１３番１６号", "緯度": 34.981593, "経度": 135.772377, "url": "https://www.iryou.teikyouseido.mhlw.go.jp/znk-web/juminkanja/S2430/initialize?prefCd=26&kikanCd=2652000360&kikanKbn=5", "url2": "https://www.pharmacy-net.co.jp", "内容": "ファーマシィ薬局もみじ【5:薬局】京都府京都市東山区泉涌寺雀ヶ森町１３番１６号" }, "geometry": { "type": "Point", "coordinates": [ 135.772377, 34.981593 ] } },
{ "type": "Feature", "properties": { "ID": 2652652000362.0, "正式名称": "ひまわりゆう薬局", "機関区分": 5, "都道府県コード": 26, "市区町村コード": 105, "所在地": "京都府京都市東山区泉涌寺雀ヶ森町５番地１泉涌寺ビル１階２階", "緯度": 34.981871, "経度": 135.77321, "url": "https://www.iryou.teikyouseido.mhlw.go.jp/znk-web/juminkanja/S2430/initialize?prefCd=26&kikanCd=2652000362&kikanKbn=5", "url2": "http://www.uno-upd.co.jp", "内容": "ひまわりゆう薬局【5:薬局】京都府京都市東山区泉涌寺雀ヶ森町５番地１泉涌寺ビル１階２階" }, "geometry": { "type": "Point", "coordinates": [ 135.77321, 34.981871 ] } },
{ "type": "Feature", "properties": { "ID": 2652652000363.0, "正式名称": "マリーンのぞみ薬局京都七条店", "機関区分": 5, "都道府県コード": 26, "市区町村コード": 105, "所在地": "京都府京都市東山区大和大路通リ北斗町６０６－５", "緯度": 34.988453, "経度": 135.770571, "url": "https://www.iryou.teikyouseido.mhlw.go.jp/znk-web/juminkanja/S2430/initialize?prefCd=26&kikanCd=2652000363&kikanKbn=5", "url2": "https://www.marinegroup.jp/store/", "内容": "マリーンのぞみ薬局京都七条店【5:薬局】京都府京都市東山区大和大路通リ北斗町６０６－５" }, "geometry": { "type": "Point", "coordinates": [ 135.770571, 34.988453 ] } },
{ "type": "Feature", "properties": { "ID": 2652652000367.0, "正式名称": "吉田薬局", "機関区分": 5, "都道府県コード": 26, "市区町村コード": 105, "所在地": "京都府京都市東山区東大路松原上ル二丁目玉水町７６", "緯度": 34.998564, "経度": 135.777292, "url": "https://www.iryou.teikyouseido.mhlw.go.jp/znk-web/juminkanja/S2430/initialize?prefCd=26&kikanCd=2652000367&kikanKbn=5", "url2": null, "内容": "吉田薬局【5:薬局】京都府京都市東山区東大路松原上ル二丁目玉水町７６" }, "geometry": { "type": "Point", "coordinates": [ 135.777292, 34.998564 ] } },
{ "type": "Feature", "properties": { "ID": 2652652000369.0, "正式名称": "ファーマシィ薬局ほんまち", "機関区分": 5, "都道府県コード": 26, "市区町村コード": 105, "所在地": "京都府京都市東山区本町１４丁目２６０", "緯度": 34.980454, "経度": 135.770682, "url": "https://www.iryou.teikyouseido.mhlw.go.jp/znk-web/juminkanja/S2430/initialize?prefCd=26&kikanCd=2652000369&kikanKbn=5", "url2": "http://www.pharmacy-net.co.jp/", "内容": "ファーマシィ薬局ほんまち【5:薬局】京都府京都市東山区本町１４丁目２６０" }, "geometry": { "type": "Point", "coordinates": [ 135.770682, 34.980454 ] } },
{ "type": "Feature", "properties": { "ID": 2652652000370.0, "正式名称": "双葉薬局", "機関区分": 5, "都道府県コード": 26, "市区町村コード": 105, "所在地": "京都府京都市東山区本町１５丁目７４７－２０　１階", "緯度": 34.981454, "経度": 135.772238, "url": "https://www.iryou.teikyouseido.mhlw.go.jp/znk-web/juminkanja/S2430/initialize?prefCd=26&kikanCd=2652000370&kikanKbn=5", "url2": "https://www.pharmarise.com/company/store/store.php?store_id=601", "内容": "双葉薬局【5:薬局】京都府京都市東山区本町１５丁目７４７－２０　１階" }, "geometry": { "type": "Point", "coordinates": [ 135.772238, 34.981454 ] } },
{ "type": "Feature", "properties": { "ID": 2652652000371.0, "正式名称": "本町漢方薬局", "機関区分": 5, "都道府県コード": 26, "市区町村コード": 105, "所在地": "京都府京都市東山区本町１９丁目４００番地", "緯度": 34.974899, "経度": 135.77096, "url": "https://www.iryou.teikyouseido.mhlw.go.jp/znk-web/juminkanja/S2430/initialize?prefCd=26&kikanCd=2652000371&kikanKbn=5", "url2": null, "内容": "本町漢方薬局【5:薬局】京都府京都市東山区本町１９丁目４００番地" }, "geometry": { "type": "Point", "coordinates": [ 135.77096, 34.974899 ] } },
{ "type": "Feature", "properties": { "ID": 2652652000373.0, "正式名称": "やわらぎ薬局", "機関区分": 5, "都道府県コード": 26, "市区町村コード": 105, "所在地": "京都府京都市東山区本町２２丁目４９２－２０", "緯度": 34.970678, "経度": 135.771016, "url": "https://www.iryou.teikyouseido.mhlw.go.jp/znk-web/juminkanja/S2430/initialize?prefCd=26&kikanCd=2652000373&kikanKbn=5", "url2": null, "内容": "やわらぎ薬局【5:薬局】京都府京都市東山区本町２２丁目４９２－２０" }, "geometry": { "type": "Point", "coordinates": [ 135.771016, 34.970678 ] } },
{ "type": "Feature", "properties": { "ID": 2652652000375.0, "正式名称": "清水薬局", "機関区分": 5, "都道府県コード": 26, "市区町村コード": 105, "所在地": "京都府京都市東山区松原通大和大路東入２丁目轆轤町８０", "緯度": 34.997952, "経度": 135.773793, "url": "https://www.iryou.teikyouseido.mhlw.go.jp/znk-web/juminkanja/S2430/initialize?prefCd=26&kikanCd=2652000375&kikanKbn=5", "url2": null, "内容": "清水薬局【5:薬局】京都府京都市東山区松原通大和大路東入２丁目轆轤町８０" }, "geometry": { "type": "Point", "coordinates": [ 135.773793, 34.997952 ] } },
{ "type": "Feature", "properties": { "ID": 2652652000378.0, "正式名称": "あゆみ薬局", "機関区分": 5, "都道府県コード": 26, "市区町村コード": 107, "所在地": "京都府京都市南区吉祥院御池町２２", "緯度": 34.976454, "経度": 135.73338, "url": "https://www.iryou.teikyouseido.mhlw.go.jp/znk-web/juminkanja/S2430/initialize?prefCd=26&kikanCd=2652000378&kikanKbn=5", "url2": null, "内容": "あゆみ薬局【5:薬局】京都府京都市南区吉祥院御池町２２" }, "geometry": { "type": "Point", "coordinates": [ 135.73338, 34.976454 ] } },
{ "type": "Feature", "properties": { "ID": 2652652000379.0, "正式名称": "関薬局", "機関区分": 5, "都道府県コード": 26, "市区町村コード": 107, "所在地": "京都府京都市南区吉祥院石原長田町１ー１", "緯度": 34.967066, "経度": 135.725909, "url": "https://www.iryou.teikyouseido.mhlw.go.jp/znk-web/juminkanja/S2430/initialize?prefCd=26&kikanCd=2652000379&kikanKbn=5", "url2": null, "内容": "関薬局【5:薬局】京都府京都市南区吉祥院石原長田町１ー１" }, "geometry": { "type": "Point", "coordinates": [ 135.725909, 34.967066 ] } },
{ "type": "Feature", "properties": { "ID": 2652652000380.0, "正式名称": "吉祥院薬局", "機関区分": 5, "都道府県コード": 26, "市区町村コード": 107, "所在地": "京都府京都市南区吉祥院池ノ内町２４の４", "緯度": 34.973121, "経度": 135.727242, "url": "https://www.iryou.teikyouseido.mhlw.go.jp/znk-web/juminkanja/S2430/initialize?prefCd=26&kikanCd=2652000380&kikanKbn=5", "url2": null, "内容": "吉祥院薬局【5:薬局】京都府京都市南区吉祥院池ノ内町２４の４" }, "geometry": { "type": "Point", "coordinates": [ 135.727242, 34.973121 ] } },
{ "type": "Feature", "properties": { "ID": 2652652000382.0, "正式名称": "すばる調剤薬局", "機関区分": 5, "都道府県コード": 26, "市区町村コード": 107, "所在地": "京都府京都市南区久世中久世町二丁目６０－６", "緯度": 34.960789, "経度": 135.71316, "url": "https://www.iryou.teikyouseido.mhlw.go.jp/znk-web/juminkanja/S2430/initialize?prefCd=26&kikanCd=2652000382&kikanKbn=5", "url2": null, "内容": "すばる調剤薬局【5:薬局】京都府京都市南区久世中久世町二丁目６０－６" }, "geometry": { "type": "Point", "coordinates": [ 135.71316, 34.960789 ] } },
{ "type": "Feature", "properties": { "ID": 2652652000384.0, "正式名称": "辻　薬局", "機関区分": 5, "都道府県コード": 26, "市区町村コード": 107, "所在地": "京都府京都市南区四ツ塚町４３", "緯度": 34.978871, "経度": 135.74299, "url": "https://www.iryou.teikyouseido.mhlw.go.jp/znk-web/juminkanja/S2430/initialize?prefCd=26&kikanCd=2652000384&kikanKbn=5", "url2": null, "内容": "辻　薬局【5:薬局】京都府京都市南区四ツ塚町４３" }, "geometry": { "type": "Point", "coordinates": [ 135.74299, 34.978871 ] } },
{ "type": "Feature", "properties": { "ID": 2652652000386.0, "正式名称": "城南堂十条ファーマシー薬局", "機関区分": 5, "都道府県コード": 26, "市区町村コード": 107, "所在地": "京都府京都市南区上鳥羽唐戸町５－１", "緯度": 34.974038, "経度": 135.742407, "url": "https://www.iryou.teikyouseido.mhlw.go.jp/znk-web/juminkanja/S2430/initialize?prefCd=26&kikanCd=2652000386&kikanKbn=5", "url2": null, "内容": "城南堂十条ファーマシー薬局【5:薬局】京都府京都市南区上鳥羽唐戸町５－１" }, "geometry": { "type": "Point", "coordinates": [ 135.742407, 34.974038 ] } },
{ "type": "Feature", "properties": { "ID": 2652652000387.0, "正式名称": "さくら薬局　京都十条店", "機関区分": 5, "都道府県コード": 26, "市区町村コード": 107, "所在地": "京都府京都市南区上鳥羽唐戸町７番地３", "緯度": 34.973732, "経度": 135.741574, "url": "https://www.iryou.teikyouseido.mhlw.go.jp/znk-web/juminkanja/S2430/initialize?prefCd=26&kikanCd=2652000387&kikanKbn=5", "url2": "https://www.kraft-net.co.jp/sakura/store/3353/", "内容": "さくら薬局　京都十条店【5:薬局】京都府京都市南区上鳥羽唐戸町７番地３" }, "geometry": { "type": "Point", "coordinates": [ 135.741574, 34.973732 ] } },
{ "type": "Feature", "properties": { "ID": 2652652000388.0, "正式名称": "城南堂薬局", "機関区分": 5, "都道府県コード": 26, "市区町村コード": 107, "所在地": "京都府京都市南区上鳥羽南中ノ坪町１２２", "緯度": 34.967677, "経度": 135.742408, "url": "https://www.iryou.teikyouseido.mhlw.go.jp/znk-web/juminkanja/S2430/initialize?prefCd=26&kikanCd=2652000388&kikanKbn=5", "url2": null, "内容": "城南堂薬局【5:薬局】京都府京都市南区上鳥羽南中ノ坪町１２２" }, "geometry": { "type": "Point", "coordinates": [ 135.742408, 34.967677 ] } },
{ "type": "Feature", "properties": { "ID": 2652652000389.0, "正式名称": "こがわ調剤薬局十条店", "機関区分": 5, "都道府県コード": 26, "市区町村コード": 107, "所在地": "京都府京都市南区上鳥羽南唐戸町１番地Ｌｅｖａｎｔ洛南１階", "緯度": 34.973205, "経度": 135.741435, "url": "https://www.iryou.teikyouseido.mhlw.go.jp/znk-web/juminkanja/S2430/initialize?prefCd=26&kikanCd=2652000389&kikanKbn=5", "url2": "https://www.kogawa-ph.com/", "内容": "こがわ調剤薬局十条店【5:薬局】京都府京都市南区上鳥羽南唐戸町１番地Ｌｅｖａｎｔ洛南１階" }, "geometry": { "type": "Point", "coordinates": [ 135.741435, 34.973205 ] } },
{ "type": "Feature", "properties": { "ID": 2652652000390.0, "正式名称": "寿薬局", "機関区分": 5, "都道府県コード": 26, "市区町村コード": 107, "所在地": "京都府京都市南区上鳥羽堀子町１０８番地", "緯度": 34.968538, "経度": 135.744269, "url": "https://www.iryou.teikyouseido.mhlw.go.jp/znk-web/juminkanja/S2430/initialize?prefCd=26&kikanCd=2652000390&kikanKbn=5", "url2": null, "内容": "寿薬局【5:薬局】京都府京都市南区上鳥羽堀子町１０８番地" }, "geometry": { "type": "Point", "coordinates": [ 135.744269, 34.968538 ] } },
{ "type": "Feature", "properties": { "ID": 2652652000392.0, "正式名称": "ファーコス薬局　みなみ", "機関区分": 5, "都道府県コード": 26, "市区町村コード": 107, "所在地": "京都府京都市南区西九条島町４０", "緯度": 34.978676, "経度": 135.753434, "url": "https://www.iryou.teikyouseido.mhlw.go.jp/znk-web/juminkanja/S2430/initialize?prefCd=26&kikanCd=2652000392&kikanKbn=5", "url2": "https://unismile.co.jp/shop/minami/", "内容": "ファーコス薬局　みなみ【5:薬局】京都府京都市南区西九条島町４０" }, "geometry": { "type": "Point", "coordinates": [ 135.753434, 34.978676 ] } },
{ "type": "Feature", "properties": { "ID": 2652652000393.0, "正式名称": "テイコク薬局　東寺店", "機関区分": 5, "都道府県コード": 26, "市区町村コード": 107, "所在地": "京都府京都市南区西九条東比永城町６７－２　ＳＴビル１階", "緯度": 34.979121, "経度": 135.75024, "url": "https://www.iryou.teikyouseido.mhlw.go.jp/znk-web/juminkanja/S2430/initialize?prefCd=26&kikanCd=2652000393&kikanKbn=5", "url2": "http://www.teikoku-drugstore.co.jp", "内容": "テイコク薬局　東寺店【5:薬局】京都府京都市南区西九条東比永城町６７－２　ＳＴビル１階" }, "geometry": { "type": "Point", "coordinates": [ 135.75024, 34.979121 ] } },
{ "type": "Feature", "properties": { "ID": 2652652000397.0, "正式名称": "おりーぶ薬局", "機関区分": 5, "都道府県コード": 26, "市区町村コード": 107, "所在地": "京都府京都市南区唐橋大宮尻町５－１", "緯度": 34.978898, "経度": 135.733408, "url": "https://www.iryou.teikyouseido.mhlw.go.jp/znk-web/juminkanja/S2430/initialize?prefCd=26&kikanCd=2652000397&kikanKbn=5", "url2": "https://www.olive-pharmacy.com/", "内容": "おりーぶ薬局【5:薬局】京都府京都市南区唐橋大宮尻町５－１" }, "geometry": { "type": "Point", "coordinates": [ 135.733408, 34.978898 ] } },
{ "type": "Feature", "properties": { "ID": 2652652000398.0, "正式名称": "のぞみ薬局", "機関区分": 5, "都道府県コード": 26, "市区町村コード": 107, "所在地": "京都府京都市南区唐橋羅城門町１３番地", "緯度": 34.978537, "経度": 135.740546, "url": "https://www.iryou.teikyouseido.mhlw.go.jp/znk-web/juminkanja/S2430/initialize?prefCd=26&kikanCd=2652000398&kikanKbn=5", "url2": "www.stu-nozomi.jp", "内容": "のぞみ薬局【5:薬局】京都府京都市南区唐橋羅城門町１３番地" }, "geometry": { "type": "Point", "coordinates": [ 135.740546, 34.978537 ] } },
{ "type": "Feature", "properties": { "ID": 2652652000399.0, "正式名称": "石原薬局", "機関区分": 5, "都道府県コード": 26, "市区町村コード": 107, "所在地": "京都府京都市南区唐橋羅城門町５番地", "緯度": 34.978732, "経度": 135.741879, "url": "https://www.iryou.teikyouseido.mhlw.go.jp/znk-web/juminkanja/S2430/initialize?prefCd=26&kikanCd=2652000399&kikanKbn=5", "url2": null, "内容": "石原薬局【5:薬局】京都府京都市南区唐橋羅城門町５番地" }, "geometry": { "type": "Point", "coordinates": [ 135.741879, 34.978732 ] } },
{ "type": "Feature", "properties": { "ID": 2652652000401.0, "正式名称": "光天堂薬局", "機関区分": 5, "都道府県コード": 26, "市区町村コード": 107, "所在地": "京都府京都市南区東九条室町３２－３", "緯度": 34.982982, "経度": 135.757267, "url": "https://www.iryou.teikyouseido.mhlw.go.jp/znk-web/juminkanja/S2430/initialize?prefCd=26&kikanCd=2652000401&kikanKbn=5", "url2": null, "内容": "光天堂薬局【5:薬局】京都府京都市南区東九条室町３２－３" }, "geometry": { "type": "Point", "coordinates": [ 135.757267, 34.982982 ] } },
{ "type": "Feature", "properties": { "ID": 2652652000405.0, "正式名称": "あさがお薬局", "機関区分": 5, "都道府県コード": 26, "市区町村コード": 107, "所在地": "京都府京都市南区東九条明田町２５番地２８", "緯度": 34.976621, "経度": 135.759934, "url": "https://www.iryou.teikyouseido.mhlw.go.jp/znk-web/juminkanja/S2430/initialize?prefCd=26&kikanCd=2652000405&kikanKbn=5", "url2": null, "内容": "あさがお薬局【5:薬局】京都府京都市南区東九条明田町２５番地２８" }, "geometry": { "type": "Point", "coordinates": [ 135.759934, 34.976621 ] } },
{ "type": "Feature", "properties": { "ID": 2652652000409.0, "正式名称": "アルファ薬局", "機関区分": 5, "都道府県コード": 26, "市区町村コード": 109, "所在地": "京都府京都市伏見区羽束師古川町１６８－６", "緯度": 34.92682, "経度": 135.723439, "url": "https://www.iryou.teikyouseido.mhlw.go.jp/znk-web/juminkanja/S2430/initialize?prefCd=26&kikanCd=2652000409&kikanKbn=5", "url2": null, "内容": "アルファ薬局【5:薬局】京都府京都市伏見区羽束師古川町１６８－６" }, "geometry": { "type": "Point", "coordinates": [ 135.723439, 34.92682 ] } },
{ "type": "Feature", "properties": { "ID": 2652652000410.0, "正式名称": "きさらぎ薬局", "機関区分": 5, "都道府県コード": 26, "市区町村コード": 109, "所在地": "京都府京都市伏見区羽束師志水町１２８－１マンションフジＩＩ　１Ａ", "緯度": 34.931348, "経度": 135.725716, "url": "https://www.iryou.teikyouseido.mhlw.go.jp/znk-web/juminkanja/S2430/initialize?prefCd=26&kikanCd=2652000410&kikanKbn=5", "url2": null, "内容": "きさらぎ薬局【5:薬局】京都府京都市伏見区羽束師志水町１２８－１マンションフジＩＩ　１Ａ" }, "geometry": { "type": "Point", "coordinates": [ 135.725716, 34.931348 ] } },
{ "type": "Feature", "properties": { "ID": 2652652000411.0, "正式名称": "ニチリン薬局", "機関区分": 5, "都道府県コード": 26, "市区町村コード": 109, "所在地": "京都府京都市伏見区淀川顔町４４７", "緯度": 34.899086, "経度": 135.71676, "url": "https://www.iryou.teikyouseido.mhlw.go.jp/znk-web/juminkanja/S2430/initialize?prefCd=26&kikanCd=2652000411&kikanKbn=5", "url2": null, "内容": "ニチリン薬局【5:薬局】京都府京都市伏見区淀川顔町４４７" }, "geometry": { "type": "Point", "coordinates": [ 135.71676, 34.899086 ] } },
{ "type": "Feature", "properties": { "ID": 2652652000412.0, "正式名称": "神泉堂薬局", "機関区分": 5, "都道府県コード": 26, "市区町村コード": 109, "所在地": "京都府京都市伏見区加賀屋町７３４", "緯度": 34.945208, "経度": 135.758018, "url": "https://www.iryou.teikyouseido.mhlw.go.jp/znk-web/juminkanja/S2430/initialize?prefCd=26&kikanCd=2652000412&kikanKbn=5", "url2": null, "内容": "神泉堂薬局【5:薬局】京都府京都市伏見区加賀屋町７３４" }, "geometry": { "type": "Point", "coordinates": [ 135.758018, 34.945208 ] } },
{ "type": "Feature", "properties": { "ID": 2652652000413.0, "正式名称": "すみれ薬局", "機関区分": 5, "都道府県コード": 26, "市区町村コード": 109, "所在地": "京都府京都市伏見区久我森ノ宮町１５－１１６", "緯度": 34.933403, "経度": 135.725549, "url": "https://www.iryou.teikyouseido.mhlw.go.jp/znk-web/juminkanja/S2430/initialize?prefCd=26&kikanCd=2652000413&kikanKbn=5", "url2": null, "内容": "すみれ薬局【5:薬局】京都府京都市伏見区久我森ノ宮町１５－１１６" }, "geometry": { "type": "Point", "coordinates": [ 135.725549, 34.933403 ] } },
{ "type": "Feature", "properties": { "ID": 2652652000415.0, "正式名称": "ファルコ薬局　久我店", "機関区分": 5, "都道府県コード": 26, "市区町村コード": 109, "所在地": "京都府京都市伏見区久我東町８番地２", "緯度": 34.934708, "経度": 135.727605, "url": "https://www.iryou.teikyouseido.mhlw.go.jp/znk-web/juminkanja/S2430/initialize?prefCd=26&kikanCd=2652000415&kikanKbn=5", "url2": "http://www.falco-pharm.co.jp/", "内容": "ファルコ薬局　久我店【5:薬局】京都府京都市伏見区久我東町８番地２" }, "geometry": { "type": "Point", "coordinates": [ 135.727605, 34.934708 ] } },
{ "type": "Feature", "properties": { "ID": 2652652000417.0, "正式名称": "こがわ調剤薬局", "機関区分": 5, "都道府県コード": 26, "市区町村コード": 109, "所在地": "京都府京都市伏見区久我本町５番地４０", "緯度": 34.944457, "経度": 135.733409, "url": "https://www.iryou.teikyouseido.mhlw.go.jp/znk-web/juminkanja/S2430/initialize?prefCd=26&kikanCd=2652000417&kikanKbn=5", "url2": "https://www.kogawa-ph.com/", "内容": "こがわ調剤薬局【5:薬局】京都府京都市伏見区久我本町５番地４０" }, "geometry": { "type": "Point", "coordinates": [ 135.733409, 34.944457 ] } },
{ "type": "Feature", "properties": { "ID": 2652652000419.0, "正式名称": "あゆみ薬局", "機関区分": 5, "都道府県コード": 26, "市区町村コード": 109, "所在地": "京都府京都市伏見区京町４－１５７－１", "緯度": 34.93307, "経度": 135.765213, "url": "https://www.iryou.teikyouseido.mhlw.go.jp/znk-web/juminkanja/S2430/initialize?prefCd=26&kikanCd=2652000419&kikanKbn=5", "url2": "https://ayumi-pharmacy.shopinfo.jp/", "内容": "あゆみ薬局【5:薬局】京都府京都市伏見区京町４－１５７－１" }, "geometry": { "type": "Point", "coordinates": [ 135.765213, 34.93307 ] } },
{ "type": "Feature", "properties": { "ID": 2652652000420.0, "正式名称": "有限会社若槻薬局", "機関区分": 5, "都道府県コード": 26, "市区町村コード": 109, "所在地": "京都府京都市伏見区京町南８丁目１１８番地３", "緯度": 34.939921, "経度": 135.764786, "url": "https://www.iryou.teikyouseido.mhlw.go.jp/znk-web/juminkanja/S2430/initialize?prefCd=26&kikanCd=2652000420&kikanKbn=5", "url2": null, "内容": "有限会社若槻薬局【5:薬局】京都府京都市伏見区京町南８丁目１１８番地３" }, "geometry": { "type": "Point", "coordinates": [ 135.764786, 34.939921 ] } },
{ "type": "Feature", "properties": { "ID": 2652652000421.0, "正式名称": "海老池薬局", "機関区分": 5, "都道府県コード": 26, "市区町村コード": 109, "所在地": "京都府京都市伏見区御駕篭町１０４", "緯度": 34.937403, "経度": 135.760324, "url": "https://www.iryou.teikyouseido.mhlw.go.jp/znk-web/juminkanja/S2430/initialize?prefCd=26&kikanCd=2652000421&kikanKbn=5", "url2": null, "内容": "海老池薬局【5:薬局】京都府京都市伏見区御駕篭町１０４" }, "geometry": { "type": "Point", "coordinates": [ 135.760324, 34.937403 ] } },
{ "type": "Feature", "properties": { "ID": 2652652000423.0, "正式名称": "あおい薬局　伏見店", "機関区分": 5, "都道府県コード": 26, "市区町村コード": 109, "所在地": "京都府京都市伏見区讃岐町１５５番地ランスロット桃山１０２号", "緯度": 34.931848, "経度": 135.765796, "url": "https://www.iryou.teikyouseido.mhlw.go.jp/znk-web/juminkanja/S2430/initialize?prefCd=26&kikanCd=2652000423&kikanKbn=5", "url2": "https://www.karugamo.net/", "内容": "あおい薬局　伏見店【5:薬局】京都府京都市伏見区讃岐町１５５番地ランスロット桃山１０２号" }, "geometry": { "type": "Point", "coordinates": [ 135.765796, 34.931848 ] } },
{ "type": "Feature", "properties": { "ID": 2652652000424.0, "正式名称": "株式会社　フジタ薬局", "機関区分": 5, "都道府県コード": 26, "市区町村コード": 109, "所在地": "京都府京都市伏見区小栗栖南後藤町３番地ー１３", "緯度": 34.947014, "経度": 135.80407, "url": "https://www.iryou.teikyouseido.mhlw.go.jp/znk-web/juminkanja/S2430/initialize?prefCd=26&kikanCd=2652000424&kikanKbn=5", "url2": "http://www.fujitayr.com", "内容": "株式会社　フジタ薬局【5:薬局】京都府京都市伏見区小栗栖南後藤町３番地ー１３" }, "geometry": { "type": "Point", "coordinates": [ 135.80407, 34.947014 ] } },
{ "type": "Feature", "properties": { "ID": 2652652000425.0, "正式名称": "新にこにこ薬局", "機関区分": 5, "都道府県コード": 26, "市区町村コード": 109, "所在地": "京都府京都市伏見区小栗栖南後藤町６　小栗栖北団地１－１０８", "緯度": 34.943543, "経度": 135.801446, "url": "https://www.iryou.teikyouseido.mhlw.go.jp/znk-web/juminkanja/S2430/initialize?prefCd=26&kikanCd=2652000425&kikanKbn=5", "url2": null, "内容": "新にこにこ薬局【5:薬局】京都府京都市伏見区小栗栖南後藤町６　小栗栖北団地１－１０８" }, "geometry": { "type": "Point", "coordinates": [ 135.801446, 34.943543 ] } },
{ "type": "Feature", "properties": { "ID": 2652652000426.0, "正式名称": "ヤマモト調剤薬局", "機関区分": 5, "都道府県コード": 26, "市区町村コード": 109, "所在地": "京都府京都市伏見区新町５丁目５０７", "緯度": 34.933265, "経度": 135.763157, "url": "https://www.iryou.teikyouseido.mhlw.go.jp/znk-web/juminkanja/S2430/initialize?prefCd=26&kikanCd=2652000426&kikanKbn=5", "url2": null, "内容": "ヤマモト調剤薬局【5:薬局】京都府京都市伏見区新町５丁目５０７" }, "geometry": { "type": "Point", "coordinates": [ 135.763157, 34.933265 ] } },
{ "type": "Feature", "properties": { "ID": 2652652000427.0, "正式名称": "有限会社　カワライ薬局", "機関区分": 5, "都道府県コード": 26, "市区町村コード": 109, "所在地": "京都府京都市伏見区新町四丁目４５３番地", "緯度": 34.932927, "経度": 135.763424, "url": "https://www.iryou.teikyouseido.mhlw.go.jp/znk-web/juminkanja/S2430/initialize?prefCd=26&kikanCd=2652000427&kikanKbn=5", "url2": "http://www.kyoto-wel.com/shop/S81136/index.html", "内容": "有限会社　カワライ薬局【5:薬局】京都府京都市伏見区新町四丁目４５３番地" }, "geometry": { "type": "Point", "coordinates": [ 135.763424, 34.932927 ] } },
{ "type": "Feature", "properties": { "ID": 2652652000431.0, "正式名称": "アピス薬局伏見稲荷店", "機関区分": 5, "都道府県コード": 26, "市区町村コード": 109, "所在地": "京都府京都市伏見区深草稲荷御前町７２番地１", "緯度": 34.967206, "経度": 135.771016, "url": "https://www.iryou.teikyouseido.mhlw.go.jp/znk-web/juminkanja/S2430/initialize?prefCd=26&kikanCd=2652000431&kikanKbn=5", "url2": "http://www.apis.co.jp", "内容": "アピス薬局伏見稲荷店【5:薬局】京都府京都市伏見区深草稲荷御前町７２番地１" }, "geometry": { "type": "Point", "coordinates": [ 135.771016, 34.967206 ] } },
{ "type": "Feature", "properties": { "ID": 2652652000432.0, "正式名称": "アピス薬局勧進橋店", "機関区分": 5, "都道府県コード": 26, "市区町村コード": 109, "所在地": "京都府京都市伏見区深草下川原町１の１コトーハイツ伏見稲荷Ｃ－１１０号", "緯度": 34.96965, "経度": 135.763795, "url": "https://www.iryou.teikyouseido.mhlw.go.jp/znk-web/juminkanja/S2430/initialize?prefCd=26&kikanCd=2652000432&kikanKbn=5", "url2": "https://www.apis.co.jp/", "内容": "アピス薬局勧進橋店【5:薬局】京都府京都市伏見区深草下川原町１の１コトーハイツ伏見稲荷Ｃ－１１０号" }, "geometry": { "type": "Point", "coordinates": [ 135.763795, 34.96965 ] } },
{ "type": "Feature", "properties": { "ID": 2652652000433.0, "正式名称": "調剤薬局オカモト", "機関区分": 5, "都道府県コード": 26, "市区町村コード": 109, "所在地": "京都府京都市伏見区深草枯木町　３３－１", "緯度": 34.954818, "経度": 135.773933, "url": "https://www.iryou.teikyouseido.mhlw.go.jp/znk-web/juminkanja/S2430/initialize?prefCd=26&kikanCd=2652000433&kikanKbn=5", "url2": "https://www.kraft-net.co.jp/sakura/store/3942/", "内容": "調剤薬局オカモト【5:薬局】京都府京都市伏見区深草枯木町　３３－１" }, "geometry": { "type": "Point", "coordinates": [ 135.773933, 34.954818 ] } },
{ "type": "Feature", "properties": { "ID": 2652652000434.0, "正式名称": "ファルコ薬局　あい藤森店", "機関区分": 5, "都道府県コード": 26, "市区町村コード": 109, "所在地": "京都府京都市伏見区深草枯木町３８番地１　ラポール２１　１階", "緯度": 34.954596, "経度": 135.7726, "url": "https://www.iryou.teikyouseido.mhlw.go.jp/znk-web/juminkanja/S2430/initialize?prefCd=26&kikanCd=2652000434&kikanKbn=5", "url2": "http://www.falco-pharm.co.jp/", "内容": "ファルコ薬局　あい藤森店【5:薬局】京都府京都市伏見区深草枯木町３８番地１　ラポール２１　１階" }, "geometry": { "type": "Point", "coordinates": [ 135.7726, 34.954596 ] } },
{ "type": "Feature", "properties": { "ID": 2652652000436.0, "正式名称": "ふかくさゆう薬局", "機関区分": 5, "都道府県コード": 26, "市区町村コード": 109, "所在地": "京都府京都市伏見区深草向畑町７７番地２　ＳＯＭＮＩＵＭ　１階", "緯度": 34.954179, "経度": 135.772767, "url": "https://www.iryou.teikyouseido.mhlw.go.jp/znk-web/juminkanja/S2430/initialize?prefCd=26&kikanCd=2652000436&kikanKbn=5", "url2": "http://www.uno-upd.co.jp/store/hushimiku/179/", "内容": "ふかくさゆう薬局【5:薬局】京都府京都市伏見区深草向畑町７７番地２　ＳＯＭＮＩＵＭ　１階" }, "geometry": { "type": "Point", "coordinates": [ 135.772767, 34.954179 ] } },
{ "type": "Feature", "properties": { "ID": 2652652000438.0, "正式名称": "つかさ薬局", "機関区分": 5, "都道府県コード": 26, "市区町村コード": 109, "所在地": "京都府京都市伏見区深草西浦町７丁目７３番地１ニューライフマンション藤ノ森１０１", "緯度": 34.957457, "経度": 135.763879, "url": "https://www.iryou.teikyouseido.mhlw.go.jp/znk-web/juminkanja/S2430/initialize?prefCd=26&kikanCd=2652000438&kikanKbn=5", "url2": null, "内容": "つかさ薬局【5:薬局】京都府京都市伏見区深草西浦町７丁目７３番地１ニューライフマンション藤ノ森１０１" }, "geometry": { "type": "Point", "coordinates": [ 135.763879, 34.957457 ] } },
{ "type": "Feature", "properties": { "ID": 2652652000441.0, "正式名称": "ツエノ薬局", "機関区分": 5, "都道府県コード": 26, "市区町村コード": 109, "所在地": "京都府京都市伏見区深草直違橋北一丁目４５４－１", "緯度": 34.954346, "経度": 135.771322, "url": "https://www.iryou.teikyouseido.mhlw.go.jp/znk-web/juminkanja/S2430/initialize?prefCd=26&kikanCd=2652000441&kikanKbn=5", "url2": null, "内容": "ツエノ薬局【5:薬局】京都府京都市伏見区深草直違橋北一丁目４５４－１" }, "geometry": { "type": "Point", "coordinates": [ 135.771322, 34.954346 ] } },
{ "type": "Feature", "properties": { "ID": 2652652000442.0, "正式名称": "有限会社墨染薬局", "機関区分": 5, "都道府県コード": 26, "市区町村コード": 109, "所在地": "京都府京都市伏見区深草北新町６４１", "緯度": 34.947763, "経度": 135.769656, "url": "https://www.iryou.teikyouseido.mhlw.go.jp/znk-web/juminkanja/S2430/initialize?prefCd=26&kikanCd=2652000442&kikanKbn=5", "url2": null, "内容": "有限会社墨染薬局【5:薬局】京都府京都市伏見区深草北新町６４１" }, "geometry": { "type": "Point", "coordinates": [ 135.769656, 34.947763 ] } },
{ "type": "Feature", "properties": { "ID": 2652652000443.0, "正式名称": "すみぞめゆう薬局", "機関区分": 5, "都道府県コード": 26, "市区町村コード": 109, "所在地": "京都府京都市伏見区深草北蓮池町９０３番地１", "緯度": 34.951687, "経度": 135.76775, "url": "https://www.iryou.teikyouseido.mhlw.go.jp/znk-web/juminkanja/S2430/initialize?prefCd=26&kikanCd=2652000443&kikanKbn=5", "url2": "https://www.uno-upd.co.jp/store/hushimiku/181/", "内容": "すみぞめゆう薬局【5:薬局】京都府京都市伏見区深草北蓮池町９０３番地１" }, "geometry": { "type": "Point", "coordinates": [ 135.76775, 34.951687 ] } },
{ "type": "Feature", "properties": { "ID": 2652652000444.0, "正式名称": "エルフ薬局", "機関区分": 5, "都道府県コード": 26, "市区町村コード": 109, "所在地": "京都府京都市伏見区今町６７８番地３", "緯度": 34.934237, "経度": 135.75763, "url": "https://www.iryou.teikyouseido.mhlw.go.jp/znk-web/juminkanja/S2430/initialize?prefCd=26&kikanCd=2652000444&kikanKbn=5", "url2": null, "内容": "エルフ薬局【5:薬局】京都府京都市伏見区今町６７８番地３" }, "geometry": { "type": "Point", "coordinates": [ 135.75763, 34.934237 ] } },
{ "type": "Feature", "properties": { "ID": 2652652000445.0, "正式名称": "さくら薬局　京都伏見店", "機関区分": 5, "都道府県コード": 26, "市区町村コード": 109, "所在地": "京都府京都市伏見区石田森東町３０番１", "緯度": 34.939376, "経度": 135.802793, "url": "https://www.iryou.teikyouseido.mhlw.go.jp/znk-web/juminkanja/S2430/initialize?prefCd=26&kikanCd=2652000445&kikanKbn=5", "url2": "https://www.kraft-net.co.jp/sakura/store/3212/", "内容": "さくら薬局　京都伏見店【5:薬局】京都府京都市伏見区石田森東町３０番１" }, "geometry": { "type": "Point", "coordinates": [ 135.802793, 34.939376 ] } },
{ "type": "Feature", "properties": { "ID": 2652652000446.0, "正式名称": "株式会社　フジタ薬局　石田店", "機関区分": 5, "都道府県コード": 26, "市区町村コード": 109, "所在地": "京都府京都市伏見区石田森東町３番地ー１０", "緯度": 34.940209, "経度": 135.805543, "url": "https://www.iryou.teikyouseido.mhlw.go.jp/znk-web/juminkanja/S2430/initialize?prefCd=26&kikanCd=2652000446&kikanKbn=5", "url2": "http://www.fujitayr.com", "内容": "株式会社　フジタ薬局　石田店【5:薬局】京都府京都市伏見区石田森東町３番地ー１０" }, "geometry": { "type": "Point", "coordinates": [ 135.805543, 34.940209 ] } },
{ "type": "Feature", "properties": { "ID": 2652652000447.0, "正式名称": "いちご薬局", "機関区分": 5, "都道府県コード": 26, "市区町村コード": 109, "所在地": "京都府京都市伏見区石田森南町３２番地１　醍醐パインクレスト１０５", "緯度": 34.938404, "経度": 135.80196, "url": "https://www.iryou.teikyouseido.mhlw.go.jp/znk-web/juminkanja/S2430/initialize?prefCd=26&kikanCd=2652000447&kikanKbn=5", "url2": null, "内容": "いちご薬局【5:薬局】京都府京都市伏見区石田森南町３２番地１　醍醐パインクレスト１０５" }, "geometry": { "type": "Point", "coordinates": [ 135.80196, 34.938404 ] } },
{ "type": "Feature", "properties": { "ID": 2652652000448.0, "正式名称": "ハヤシダ薬局", "機関区分": 5, "都道府県コード": 26, "市区町村コード": 109, "所在地": "京都府京都市伏見区石田森南町３２番地ノ１", "緯度": 34.938404, "経度": 135.80196, "url": "https://www.iryou.teikyouseido.mhlw.go.jp/znk-web/juminkanja/S2430/initialize?prefCd=26&kikanCd=2652000448&kikanKbn=5", "url2": null, "内容": "ハヤシダ薬局【5:薬局】京都府京都市伏見区石田森南町３２番地ノ１" }, "geometry": { "type": "Point", "coordinates": [ 135.80196, 34.938404 ] } },
{ "type": "Feature", "properties": { "ID": 2652652000451.0, "正式名称": "ツバサ薬局", "機関区分": 5, "都道府県コード": 26, "市区町村コード": 109, "所在地": "京都府京都市伏見区醍醐鍵尾町１２－６", "緯度": 34.945542, "経度": 135.808959, "url": "https://www.iryou.teikyouseido.mhlw.go.jp/znk-web/juminkanja/S2430/initialize?prefCd=26&kikanCd=2652000451&kikanKbn=5", "url2": "https://wingmd.com/stores/kyoto/", "内容": "ツバサ薬局【5:薬局】京都府京都市伏見区醍醐鍵尾町１２－６" }, "geometry": { "type": "Point", "coordinates": [ 135.808959, 34.945542 ] } },
{ "type": "Feature", "properties": { "ID": 2652652000452.0, "正式名称": "わかくさファーマシー", "機関区分": 5, "都道府県コード": 26, "市区町村コード": 109, "所在地": "京都府京都市伏見区醍醐構口町３１の５", "緯度": 34.943764, "経度": 135.813708, "url": "https://www.iryou.teikyouseido.mhlw.go.jp/znk-web/juminkanja/S2430/initialize?prefCd=26&kikanCd=2652000452&kikanKbn=5", "url2": null, "内容": "わかくさファーマシー【5:薬局】京都府京都市伏見区醍醐構口町３１の５" }, "geometry": { "type": "Point", "coordinates": [ 135.813708, 34.943764 ] } },
{ "type": "Feature", "properties": { "ID": 2652652000453.0, "正式名称": "ココカラファイン薬局　醍醐店", "機関区分": 5, "都道府県コード": 26, "市区町村コード": 109, "所在地": "京都府京都市伏見区醍醐高畑町３０－７", "緯度": 34.949625, "経度": 135.810125, "url": "https://www.iryou.teikyouseido.mhlw.go.jp/znk-web/juminkanja/S2430/initialize?prefCd=26&kikanCd=2652000453&kikanKbn=5", "url2": "https://www.cocokarafine.co.jp/searchstore/CSsStoreDetail.jsp?storeNo=404270&storeList=1", "内容": "ココカラファイン薬局　醍醐店【5:薬局】京都府京都市伏見区醍醐高畑町３０－７" }, "geometry": { "type": "Point", "coordinates": [ 135.810125, 34.949625 ] } },
{ "type": "Feature", "properties": { "ID": 2652652000454.0, "正式名称": "ユニカム醍醐薬局", "機関区分": 5, "都道府県コード": 26, "市区町村コード": 109, "所在地": "京都府京都市伏見区醍醐高畑町３０番地１　パセオダイゴロー西館１階", "緯度": 34.950757, "経度": 135.81026, "url": "https://www.iryou.teikyouseido.mhlw.go.jp/znk-web/juminkanja/S2430/initialize?prefCd=26&kikanCd=2652000454&kikanKbn=5", "url2": null, "内容": "ユニカム醍醐薬局【5:薬局】京都府京都市伏見区醍醐高畑町３０番地１　パセオダイゴロー西館１階" }, "geometry": { "type": "Point", "coordinates": [ 135.81026, 34.950757 ] } },
{ "type": "Feature", "properties": { "ID": 2652652000455.0, "正式名称": "小町薬局", "機関区分": 5, "都道府県コード": 26, "市区町村コード": 103, "所在地": "京都府京都市左京区高野東開町２０　プラザ洛北１階", "緯度": 35.041158, "経度": 135.782278, "url": "https://www.iryou.teikyouseido.mhlw.go.jp/znk-web/juminkanja/S2430/initialize?prefCd=26&kikanCd=2652000455&kikanKbn=5", "url2": null, "内容": "小町薬局【5:薬局】京都府京都市左京区高野東開町２０　プラザ洛北１階" }, "geometry": { "type": "Point", "coordinates": [ 135.782278, 35.041158 ] } },
{ "type": "Feature", "properties": { "ID": 2652652000459.0, "正式名称": "ダイゴ薬局", "機関区分": 5, "都道府県コード": 26, "市区町村コード": 109, "所在地": "京都府京都市伏見区醍醐和泉町２", "緯度": 34.949097, "経度": 135.817013, "url": "https://www.iryou.teikyouseido.mhlw.go.jp/znk-web/juminkanja/S2430/initialize?prefCd=26&kikanCd=2652000459&kikanKbn=5", "url2": null, "内容": "ダイゴ薬局【5:薬局】京都府京都市伏見区醍醐和泉町２" }, "geometry": { "type": "Point", "coordinates": [ 135.817013, 34.949097 ] } },
{ "type": "Feature", "properties": { "ID": 2652652000460.0, "正式名称": "あんだち薬局", "機関区分": 5, "都道府県コード": 26, "市区町村コード": 109, "所在地": "京都府京都市伏見区竹田桶ノ井町１５５　マンション稔１Ｆ", "緯度": 34.956762, "経度": 135.757185, "url": "https://www.iryou.teikyouseido.mhlw.go.jp/znk-web/juminkanja/S2430/initialize?prefCd=26&kikanCd=2652000460&kikanKbn=5", "url2": null, "内容": "あんだち薬局【5:薬局】京都府京都市伏見区竹田桶ノ井町１５５　マンション稔１Ｆ" }, "geometry": { "type": "Point", "coordinates": [ 135.757185, 34.956762 ] } },
{ "type": "Feature", "properties": { "ID": 2652652000461.0, "正式名称": "ななせがわ薬局", "機関区分": 5, "都道府県コード": 26, "市区町村コード": 109, "所在地": "京都府京都市伏見区竹田七瀬川町１４３－３　西村ビル１Ｆ", "緯度": 34.951957, "経度": 135.759018, "url": "https://www.iryou.teikyouseido.mhlw.go.jp/znk-web/juminkanja/S2430/initialize?prefCd=26&kikanCd=2652000461&kikanKbn=5", "url2": null, "内容": "ななせがわ薬局【5:薬局】京都府京都市伏見区竹田七瀬川町１４３－３　西村ビル１Ｆ" }, "geometry": { "type": "Point", "coordinates": [ 135.759018, 34.951957 ] } },
{ "type": "Feature", "properties": { "ID": 2652652000462.0, "正式名称": "石川薬局桃山店", "機関区分": 5, "都道府県コード": 26, "市区町村コード": 109, "所在地": "京都府京都市伏見区桃山大島町３８の２　桃山南ショッピングセンター内", "緯度": 34.923933, "経度": 135.790711, "url": "https://www.iryou.teikyouseido.mhlw.go.jp/znk-web/juminkanja/S2430/initialize?prefCd=26&kikanCd=2652000462&kikanKbn=5", "url2": null, "内容": "石川薬局桃山店【5:薬局】京都府京都市伏見区桃山大島町３８の２　桃山南ショッピングセンター内" }, "geometry": { "type": "Point", "coordinates": [ 135.790711, 34.923933 ] } },
{ "type": "Feature", "properties": { "ID": 2652652000464.0, "正式名称": "アイン薬局　伏見桃山店", "機関区分": 5, "都道府県コード": 26, "市区町村コード": 109, "所在地": "京都府京都市伏見区桃山町根来１８－１２ロイヤルマンション桃山１階", "緯度": 34.931126, "経度": 135.781073, "url": "https://www.iryou.teikyouseido.mhlw.go.jp/znk-web/juminkanja/S2430/initialize?prefCd=26&kikanCd=2652000464&kikanKbn=5", "url2": "https://www.ainj.co.jp/network/detail.html?pdid=429&TabModule556=0", "内容": "アイン薬局　伏見桃山店【5:薬局】京都府京都市伏見区桃山町根来１８－１２ロイヤルマンション桃山１階" }, "geometry": { "type": "Point", "coordinates": [ 135.781073, 34.931126 ] } },
{ "type": "Feature", "properties": { "ID": 2652652000466.0, "正式名称": "おぐりす薬局", "機関区分": 5, "都道府県コード": 26, "市区町村コード": 109, "所在地": "京都府京都市伏見区桃山町山ノ下２５－１５", "緯度": 34.938848, "経度": 135.794793, "url": "https://www.iryou.teikyouseido.mhlw.go.jp/znk-web/juminkanja/S2430/initialize?prefCd=26&kikanCd=2652000466&kikanKbn=5", "url2": "http://www.e-classa.net/ogurisu/", "内容": "おぐりす薬局【5:薬局】京都府京都市伏見区桃山町山ノ下２５－１５" }, "geometry": { "type": "Point", "coordinates": [ 135.794793, 34.938848 ] } },
{ "type": "Feature", "properties": { "ID": 2652652000467.0, "正式名称": "おだいじに薬局　伏見店", "機関区分": 5, "都道府県コード": 26, "市区町村コード": 109, "所在地": "京都府京都市伏見区桃山町泰長老１１１　ウエルネス桃山１０１", "緯度": 34.929238, "経度": 135.771101, "url": "https://www.iryou.teikyouseido.mhlw.go.jp/znk-web/juminkanja/S2430/initialize?prefCd=26&kikanCd=2652000467&kikanKbn=5", "url2": null, "内容": "おだいじに薬局　伏見店【5:薬局】京都府京都市伏見区桃山町泰長老１１１　ウエルネス桃山１０１" }, "geometry": { "type": "Point", "coordinates": [ 135.771101, 34.929238 ] } },
{ "type": "Feature", "properties": { "ID": 2652652000469.0, "正式名称": "あさひ薬局", "機関区分": 5, "都道府県コード": 26, "市区町村コード": 109, "所在地": "京都府京都市伏見区桃山町養斉２０番地１１", "緯度": 34.928821, "経度": 135.785378, "url": "https://www.iryou.teikyouseido.mhlw.go.jp/znk-web/juminkanja/S2430/initialize?prefCd=26&kikanCd=2652000469&kikanKbn=5", "url2": null, "内容": "あさひ薬局【5:薬局】京都府京都市伏見区桃山町養斉２０番地１１" }, "geometry": { "type": "Point", "coordinates": [ 135.785378, 34.928821 ] } },
{ "type": "Feature", "properties": { "ID": 2652652000470.0, "正式名称": "ユタカ調剤薬局　桃山南口", "機関区分": 5, "都道府県コード": 26, "市区町村コード": 109, "所在地": "京都府京都市伏見区桃山町養斎１６－３５", "緯度": 34.929071, "経度": 135.785239, "url": "https://www.iryou.teikyouseido.mhlw.go.jp/znk-web/juminkanja/S2430/initialize?prefCd=26&kikanCd=2652000470&kikanKbn=5", "url2": "https://www.d-yutaka.co.jp/shop/142.html", "内容": "ユタカ調剤薬局　桃山南口【5:薬局】京都府京都市伏見区桃山町養斎１６－３５" }, "geometry": { "type": "Point", "coordinates": [ 135.785239, 34.929071 ] } },
{ "type": "Feature", "properties": { "ID": 2652652000472.0, "正式名称": "ベアーズ薬局", "機関区分": 5, "都道府県コード": 26, "市区町村コード": 109, "所在地": "京都府京都市伏見区西大手町３１３－１０", "緯度": 34.93282, "経度": 135.758552, "url": "https://www.iryou.teikyouseido.mhlw.go.jp/znk-web/juminkanja/S2430/initialize?prefCd=26&kikanCd=2652000472&kikanKbn=5", "url2": null, "内容": "ベアーズ薬局【5:薬局】京都府京都市伏見区西大手町３１３－１０" }, "geometry": { "type": "Point", "coordinates": [ 135.758552, 34.93282 ] } },
{ "type": "Feature", "properties": { "ID": 2652652000476.0, "正式名称": "すみぞめ駅前ゆう薬局", "機関区分": 5, "都道府県コード": 26, "市区町村コード": 109, "所在地": "京都府京都市伏見区墨染町７２０番地　かのこビル１階", "緯度": 34.947819, "経度": 135.768351, "url": "https://www.iryou.teikyouseido.mhlw.go.jp/znk-web/juminkanja/S2430/initialize?prefCd=26&kikanCd=2652000476&kikanKbn=5", "url2": "http://www.uno-upd.co.jp/", "内容": "すみぞめ駅前ゆう薬局【5:薬局】京都府京都市伏見区墨染町７２０番地　かのこビル１階" }, "geometry": { "type": "Point", "coordinates": [ 135.768351, 34.947819 ] } },
{ "type": "Feature", "properties": { "ID": 2652652000479.0, "正式名称": "ミキ薬局", "機関区分": 5, "都道府県コード": 26, "市区町村コード": 109, "所在地": "京都府京都市伏見区淀池上町１３３番地", "緯度": 34.903767, "経度": 135.719579, "url": "https://www.iryou.teikyouseido.mhlw.go.jp/znk-web/juminkanja/S2430/initialize?prefCd=26&kikanCd=2652000479&kikanKbn=5", "url2": null, "内容": "ミキ薬局【5:薬局】京都府京都市伏見区淀池上町１３３番地" }, "geometry": { "type": "Point", "coordinates": [ 135.719579, 34.903767 ] } },
{ "type": "Feature", "properties": { "ID": 2652652000480.0, "正式名称": "淀薬局", "機関区分": 5, "都道府県コード": 26, "市区町村コード": 109, "所在地": "京都府京都市伏見区淀池上町１６０番地", "緯度": 34.904711, "経度": 135.719524, "url": "https://www.iryou.teikyouseido.mhlw.go.jp/znk-web/juminkanja/S2430/initialize?prefCd=26&kikanCd=2652000480&kikanKbn=5", "url2": null, "内容": "淀薬局【5:薬局】京都府京都市伏見区淀池上町１６０番地" }, "geometry": { "type": "Point", "coordinates": [ 135.719524, 34.904711 ] } },
{ "type": "Feature", "properties": { "ID": 2652652000482.0, "正式名称": "和光堂薬局", "機関区分": 5, "都道府県コード": 26, "市区町村コード": 109, "所在地": "京都府京都市伏見区淀本町２２４－３", "緯度": 34.907072, "経度": 135.718301, "url": "https://www.iryou.teikyouseido.mhlw.go.jp/znk-web/juminkanja/S2430/initialize?prefCd=26&kikanCd=2652000482&kikanKbn=5", "url2": null, "内容": "和光堂薬局【5:薬局】京都府京都市伏見区淀本町２２４－３" }, "geometry": { "type": "Point", "coordinates": [ 135.718301, 34.907072 ] } },
{ "type": "Feature", "properties": { "ID": 2652652000483.0, "正式名称": "サカタ薬局", "機関区分": 5, "都道府県コード": 26, "市区町村コード": 109, "所在地": "京都府京都市伏見区風呂屋町２５１番地", "緯度": 34.934098, "経度": 135.759547, "url": "https://www.iryou.teikyouseido.mhlw.go.jp/znk-web/juminkanja/S2430/initialize?prefCd=26&kikanCd=2652000483&kikanKbn=5", "url2": null, "内容": "サカタ薬局【5:薬局】京都府京都市伏見区風呂屋町２５１番地" }, "geometry": { "type": "Point", "coordinates": [ 135.759547, 34.934098 ] } },
{ "type": "Feature", "properties": { "ID": 2652652000484.0, "正式名称": "有限会社つちえ薬局", "機関区分": 5, "都道府県コード": 26, "市区町村コード": 101, "所在地": "京都府京都市北区衣笠天神森町３５番地の１", "緯度": 35.035892, "経度": 135.732572, "url": "https://www.iryou.teikyouseido.mhlw.go.jp/znk-web/juminkanja/S2430/initialize?prefCd=26&kikanCd=2652000484&kikanKbn=5", "url2": null, "内容": "有限会社つちえ薬局【5:薬局】京都府京都市北区衣笠天神森町３５番地の１" }, "geometry": { "type": "Point", "coordinates": [ 135.732572, 35.035892 ] } },
{ "type": "Feature", "properties": { "ID": 2652652000485.0, "正式名称": "オーツカ薬局", "機関区分": 5, "都道府県コード": 26, "市区町村コード": 101, "所在地": "京都府京都市北区烏丸通鞍馬口上る上御霊上江町２３２の１", "緯度": 35.037976, "経度": 135.759459, "url": "https://www.iryou.teikyouseido.mhlw.go.jp/znk-web/juminkanja/S2430/initialize?prefCd=26&kikanCd=2652000485&kikanKbn=5", "url2": "http://otsuka-ph.com/", "内容": "オーツカ薬局【5:薬局】京都府京都市北区烏丸通鞍馬口上る上御霊上江町２３２の１" }, "geometry": { "type": "Point", "coordinates": [ 135.759459, 35.037976 ] } },
{ "type": "Feature", "properties": { "ID": 2652652000486.0, "正式名称": "加茂川ゆう薬局", "機関区分": 5, "都道府県コード": 26, "市区町村コード": 101, "所在地": "京都府京都市北区紫竹下ノ岸町２１番地ノ１　リバーベル堀川１階", "緯度": 35.053391, "経度": 135.751625, "url": "https://www.iryou.teikyouseido.mhlw.go.jp/znk-web/juminkanja/S2430/initialize?prefCd=26&kikanCd=2652000486&kikanKbn=5", "url2": "http://www.uno-upd.co.jp/", "内容": "加茂川ゆう薬局【5:薬局】京都府京都市北区紫竹下ノ岸町２１番地ノ１　リバーベル堀川１階" }, "geometry": { "type": "Point", "coordinates": [ 135.751625, 35.053391 ] } },
{ "type": "Feature", "properties": { "ID": 2652652000487.0, "正式名称": "京都プラザ薬局", "機関区分": 5, "都道府県コード": 26, "市区町村コード": 101, "所在地": "京都府京都市北区紫竹下ノ岸町６－１", "緯度": 35.052641, "経度": 135.751236, "url": "https://www.iryou.teikyouseido.mhlw.go.jp/znk-web/juminkanja/S2430/initialize?prefCd=26&kikanCd=2652000487&kikanKbn=5", "url2": null, "内容": "京都プラザ薬局【5:薬局】京都府京都市北区紫竹下ノ岸町６－１" }, "geometry": { "type": "Point", "coordinates": [ 135.751236, 35.052641 ] } },
{ "type": "Feature", "properties": { "ID": 2652652000489.0, "正式名称": "アイセイ薬局上堀川店", "機関区分": 5, "都道府県コード": 26, "市区町村コード": 101, "所在地": "京都府京都市北区紫竹下芝本町２３　　エクセル北山１階", "緯度": 35.049696, "経度": 135.749653, "url": "https://www.iryou.teikyouseido.mhlw.go.jp/znk-web/juminkanja/S2430/initialize?prefCd=26&kikanCd=2652000489&kikanKbn=5", "url2": "http://www.aisei.co.jp/", "内容": "アイセイ薬局上堀川店【5:薬局】京都府京都市北区紫竹下芝本町２３　　エクセル北山１階" }, "geometry": { "type": "Point", "coordinates": [ 135.749653, 35.049696 ] } },
{ "type": "Feature", "properties": { "ID": 2652652000490.0, "正式名称": "みやこ薬局紫竹店", "機関区分": 5, "都道府県コード": 26, "市区町村コード": 101, "所在地": "京都府京都市北区紫竹牛若町３０番地３", "緯度": 35.048197, "経度": 135.745265, "url": "https://www.iryou.teikyouseido.mhlw.go.jp/znk-web/juminkanja/S2430/initialize?prefCd=26&kikanCd=2652000490&kikanKbn=5", "url2": "https://www.miyako-ph.co.jp/", "内容": "みやこ薬局紫竹店【5:薬局】京都府京都市北区紫竹牛若町３０番地３" }, "geometry": { "type": "Point", "coordinates": [ 135.745265, 35.048197 ] } },
{ "type": "Feature", "properties": { "ID": 2652652000492.0, "正式名称": "シチク　薬局", "機関区分": 5, "都道府県コード": 26, "市区町村コード": 101, "所在地": "京都府京都市北区紫竹西南町６６", "緯度": 35.047169, "経度": 135.745709, "url": "https://www.iryou.teikyouseido.mhlw.go.jp/znk-web/juminkanja/S2430/initialize?prefCd=26&kikanCd=2652000492&kikanKbn=5", "url2": null, "内容": "シチク　薬局【5:薬局】京都府京都市北区紫竹西南町６６" }, "geometry": { "type": "Point", "coordinates": [ 135.745709, 35.047169 ] } },
{ "type": "Feature", "properties": { "ID": 2652652000494.0, "正式名称": "みやこ薬局北山店", "機関区分": 5, "都道府県コード": 26, "市区町村コード": 101, "所在地": "京都府京都市北区紫竹東栗栖町４９番地　ルミエール北山１Ｆ", "緯度": 35.049141, "経度": 135.745376, "url": "https://www.iryou.teikyouseido.mhlw.go.jp/znk-web/juminkanja/S2430/initialize?prefCd=26&kikanCd=2652000494&kikanKbn=5", "url2": "https://www.miyako-ph.co.jp/", "内容": "みやこ薬局北山店【5:薬局】京都府京都市北区紫竹東栗栖町４９番地　ルミエール北山１Ｆ" }, "geometry": { "type": "Point", "coordinates": [ 135.745376, 35.049141 ] } },
{ "type": "Feature", "properties": { "ID": 2652652000495.0, "正式名称": "紫野調剤薬局", "機関区分": 5, "都道府県コード": 26, "市区町村コード": 101, "所在地": "京都府京都市北区紫野雲林院町１１番地", "緯度": 35.039642, "経度": 135.748682, "url": "https://www.iryou.teikyouseido.mhlw.go.jp/znk-web/juminkanja/S2430/initialize?prefCd=26&kikanCd=2652000495&kikanKbn=5", "url2": null, "内容": "紫野調剤薬局【5:薬局】京都府京都市北区紫野雲林院町１１番地" }, "geometry": { "type": "Point", "coordinates": [ 135.748682, 35.039642 ] } },
{ "type": "Feature", "properties": { "ID": 2652652000498.0, "正式名称": "さわやか薬局紫野", "機関区分": 5, "都道府県コード": 26, "市区町村コード": 101, "所在地": "京都府京都市北区紫野下御輿町６番地２ガルテン　１階", "緯度": 35.040753, "経度": 135.739432, "url": "https://www.iryou.teikyouseido.mhlw.go.jp/znk-web/juminkanja/S2430/initialize?prefCd=26&kikanCd=2652000498&kikanKbn=5", "url2": null, "内容": "さわやか薬局紫野【5:薬局】京都府京都市北区紫野下御輿町６番地２ガルテン　１階" }, "geometry": { "type": "Point", "coordinates": [ 135.739432, 35.040753 ] } },
{ "type": "Feature", "properties": { "ID": 2652652000501.0, "正式名称": "みつばち薬局　紫野店", "機関区分": 5, "都道府県コード": 26, "市区町村コード": 101, "所在地": "京都府京都市北区紫野西野町６５－７", "緯度": 35.04092, "経度": 135.742376, "url": "https://www.iryou.teikyouseido.mhlw.go.jp/znk-web/juminkanja/S2430/initialize?prefCd=26&kikanCd=2652000501&kikanKbn=5", "url2": "http://www.kyoto-compha.or.jp/", "内容": "みつばち薬局　紫野店【5:薬局】京都府京都市北区紫野西野町６５－７" }, "geometry": { "type": "Point", "coordinates": [ 135.742376, 35.04092 ] } },
{ "type": "Feature", "properties": { "ID": 2652652000502.0, "正式名称": "紫野ゆう薬局", "機関区分": 5, "都道府県コード": 26, "市区町村コード": 101, "所在地": "京都府京都市北区紫野西藤ノ森町１２番地３１", "緯度": 35.038114, "経度": 135.745265, "url": "https://www.iryou.teikyouseido.mhlw.go.jp/znk-web/juminkanja/S2430/initialize?prefCd=26&kikanCd=2652000502&kikanKbn=5", "url2": "http://uno-upd.co.jp/", "内容": "紫野ゆう薬局【5:薬局】京都府京都市北区紫野西藤ノ森町１２番地３１" }, "geometry": { "type": "Point", "coordinates": [ 135.745265, 35.038114 ] } },
{ "type": "Feature", "properties": { "ID": 2652652000504.0, "正式名称": "タクミ薬局", "機関区分": 5, "都道府県コード": 26, "市区町村コード": 101, "所在地": "京都府京都市北区紫野泉堂町２４", "緯度": 35.048335, "経度": 135.740848, "url": "https://www.iryou.teikyouseido.mhlw.go.jp/znk-web/juminkanja/S2430/initialize?prefCd=26&kikanCd=2652000504&kikanKbn=5", "url2": "http://lilysring.com", "内容": "タクミ薬局【5:薬局】京都府京都市北区紫野泉堂町２４" }, "geometry": { "type": "Point", "coordinates": [ 135.740848, 35.048335 ] } },
{ "type": "Feature", "properties": { "ID": 2652652000505.0, "正式名称": "大徳寺ゆう薬局", "機関区分": 5, "都道府県コード": 26, "市区町村コード": 101, "所在地": "京都府京都市北区紫野上築山町２番地３北大路ｃｏｕｒｔ１階", "緯度": 35.040503, "経度": 135.746404, "url": "https://www.iryou.teikyouseido.mhlw.go.jp/znk-web/juminkanja/S2430/initialize?prefCd=26&kikanCd=2652000505&kikanKbn=5", "url2": "https://www.uno-upd.co.jp/store/area/91/", "内容": "大徳寺ゆう薬局【5:薬局】京都府京都市北区紫野上築山町２番地３北大路ｃｏｕｒｔ１階" }, "geometry": { "type": "Point", "coordinates": [ 135.746404, 35.040503 ] } },
{ "type": "Feature", "properties": { "ID": 2652652000508.0, "正式名称": "紫明オーツカ薬局", "機関区分": 5, "都道府県コード": 26, "市区町村コード": 101, "所在地": "京都府京都市北区小山下総町２９－１６　ラ　メゾンクラマグチ１階", "緯度": 35.039309, "経度": 135.759514, "url": "https://www.iryou.teikyouseido.mhlw.go.jp/znk-web/juminkanja/S2430/initialize?prefCd=26&kikanCd=2652000508&kikanKbn=5", "url2": "https://www.matsukiyococokara-online.com/map?kid=20002705", "内容": "紫明オーツカ薬局【5:薬局】京都府京都市北区小山下総町２９－１６　ラ　メゾンクラマグチ１階" }, "geometry": { "type": "Point", "coordinates": [ 135.759514, 35.039309 ] } },
{ "type": "Feature", "properties": { "ID": 2652652000509.0, "正式名称": "ファーマシィ薬局鞍馬口", "機関区分": 5, "都道府県コード": 26, "市区町村コード": 101, "所在地": "京都府京都市北区小山下総町２９番地１１", "緯度": 35.039054, "経度": 135.759078, "url": "https://www.iryou.teikyouseido.mhlw.go.jp/znk-web/juminkanja/S2430/initialize?prefCd=26&kikanCd=2652000509&kikanKbn=5", "url2": "http://www.pharmacy-net.co.jp/", "内容": "ファーマシィ薬局鞍馬口【5:薬局】京都府京都市北区小山下総町２９番地１１" }, "geometry": { "type": "Point", "coordinates": [ 135.759078, 35.039054 ] } },
{ "type": "Feature", "properties": { "ID": 2652652000510.0, "正式名称": "ヒラタ薬局", "機関区分": 5, "都道府県コード": 26, "市区町村コード": 101, "所在地": "京都府京都市北区小山初音町３６", "緯度": 35.047169, "経度": 135.754736, "url": "https://www.iryou.teikyouseido.mhlw.go.jp/znk-web/juminkanja/S2430/initialize?prefCd=26&kikanCd=2652000510&kikanKbn=5", "url2": null, "内容": "ヒラタ薬局【5:薬局】京都府京都市北区小山初音町３６" }, "geometry": { "type": "Point", "coordinates": [ 135.754736, 35.047169 ] } },
{ "type": "Feature", "properties": { "ID": 2652652000511.0, "正式名称": "有限会社三ツ星薬局", "機関区分": 5, "都道府県コード": 26, "市区町村コード": 101, "所在地": "京都府京都市北区小山初音町６１番地", "緯度": 35.04603, "経度": 135.754764, "url": "https://www.iryou.teikyouseido.mhlw.go.jp/znk-web/juminkanja/S2430/initialize?prefCd=26&kikanCd=2652000511&kikanKbn=5", "url2": "http://kanpou-mitsuboshi.com", "内容": "有限会社三ツ星薬局【5:薬局】京都府京都市北区小山初音町６１番地" }, "geometry": { "type": "Point", "coordinates": [ 135.754764, 35.04603 ] } },
{ "type": "Feature", "properties": { "ID": 2652652000512.0, "正式名称": "アピス薬局鞍馬口店", "機関区分": 5, "都道府県コード": 26, "市区町村コード": 101, "所在地": "京都府京都市北区小山中溝町１５番１１　Ｃｏｔｏ　Ｇｌａｎｃｅ紫明通１階", "緯度": 35.039003, "経度": 135.756459, "url": "https://www.iryou.teikyouseido.mhlw.go.jp/znk-web/juminkanja/S2430/initialize?prefCd=26&kikanCd=2652000512&kikanKbn=5", "url2": "http://www.apis.co.jp/", "内容": "アピス薬局鞍馬口店【5:薬局】京都府京都市北区小山中溝町１５番１１　Ｃｏｔｏ　Ｇｌａｎｃｅ紫明通１階" }, "geometry": { "type": "Point", "coordinates": [ 135.756459, 35.039003 ] } },
{ "type": "Feature", "properties": { "ID": 2652652000513.0, "正式名称": "あかり薬局", "機関区分": 5, "都道府県コード": 26, "市区町村コード": 101, "所在地": "京都府京都市北区小山南上総町７４番１", "緯度": 35.040836, "経度": 135.759153, "url": "https://www.iryou.teikyouseido.mhlw.go.jp/znk-web/juminkanja/S2430/initialize?prefCd=26&kikanCd=2652000513&kikanKbn=5", "url2": null, "内容": "あかり薬局【5:薬局】京都府京都市北区小山南上総町７４番１" }, "geometry": { "type": "Point", "coordinates": [ 135.759153, 35.040836 ] } },
{ "type": "Feature", "properties": { "ID": 2652652000516.0, "正式名称": "キタオオジゆう薬局", "機関区分": 5, "都道府県コード": 26, "市区町村コード": 101, "所在地": "京都府京都市北区小山北上総町４", "緯度": 35.044142, "経度": 135.759042, "url": "https://www.iryou.teikyouseido.mhlw.go.jp/znk-web/juminkanja/S2430/initialize?prefCd=26&kikanCd=2652000516&kikanKbn=5", "url2": "http://www.uno-upd.co.jp/", "内容": "キタオオジゆう薬局【5:薬局】京都府京都市北区小山北上総町４" }, "geometry": { "type": "Point", "coordinates": [ 135.759042, 35.044142 ] } },
{ "type": "Feature", "properties": { "ID": 2652652000519.0, "正式名称": "ファルコ薬局　北山店", "機関区分": 5, "都道府県コード": 26, "市区町村コード": 101, "所在地": "京都府京都市北区上賀茂ケシ山１番地４６", "緯度": 35.059835, "経度": 135.769873, "url": "https://www.iryou.teikyouseido.mhlw.go.jp/znk-web/juminkanja/S2430/initialize?prefCd=26&kikanCd=2652000519&kikanKbn=5", "url2": "http://www.falco-pharm.co.jp/", "内容": "ファルコ薬局　北山店【5:薬局】京都府京都市北区上賀茂ケシ山１番地４６" }, "geometry": { "type": "Point", "coordinates": [ 135.769873, 35.059835 ] } },
{ "type": "Feature", "properties": { "ID": 2652652000520.0, "正式名称": "ココカラファイン薬局　北山店", "機関区分": 5, "都道府県コード": 26, "市区町村コード": 101, "所在地": "京都府京都市北区上賀茂岩ケ垣内町１００", "緯度": 35.052641, "経度": 135.766957, "url": "https://www.iryou.teikyouseido.mhlw.go.jp/znk-web/juminkanja/S2430/initialize?prefCd=26&kikanCd=2652000520&kikanKbn=5", "url2": "http://www.cocokarafine.co.jp", "内容": "ココカラファイン薬局　北山店【5:薬局】京都府京都市北区上賀茂岩ケ垣内町１００" }, "geometry": { "type": "Point", "coordinates": [ 135.766957, 35.052641 ] } },
{ "type": "Feature", "properties": { "ID": 2652652000523.0, "正式名称": "おおみやゆう薬局", "機関区分": 5, "都道府県コード": 26, "市区町村コード": 101, "所在地": "京都府京都市北区大宮東小野堀町１番地　エスカローナ玉田１階", "緯度": 35.05689, "経度": 135.744209, "url": "https://www.iryou.teikyouseido.mhlw.go.jp/znk-web/juminkanja/S2430/initialize?prefCd=26&kikanCd=2652000523&kikanKbn=5", "url2": "http://www.uno-upd.co.jp/", "内容": "おおみやゆう薬局【5:薬局】京都府京都市北区大宮東小野堀町１番地　エスカローナ玉田１階" }, "geometry": { "type": "Point", "coordinates": [ 135.744209, 35.05689 ] } },
{ "type": "Feature", "properties": { "ID": 2652652000525.0, "正式名称": "オーツカ西賀茂薬局", "機関区分": 5, "都道府県コード": 26, "市区町村コード": 101, "所在地": "京都府京都市北区大宮東総門口町３８", "緯度": 35.057112, "経度": 135.747153, "url": "https://www.iryou.teikyouseido.mhlw.go.jp/znk-web/juminkanja/S2430/initialize?prefCd=26&kikanCd=2652000525&kikanKbn=5", "url2": null, "内容": "オーツカ西賀茂薬局【5:薬局】京都府京都市北区大宮東総門口町３８" }, "geometry": { "type": "Point", "coordinates": [ 135.747153, 35.057112 ] } },
{ "type": "Feature", "properties": { "ID": 2652652000526.0, "正式名称": "吉田薬局　大宮店", "機関区分": 5, "都道府県コード": 26, "市区町村コード": 101, "所在地": "京都府京都市北区大宮南椿原町４８－３", "緯度": 35.054668, "経度": 135.748431, "url": "https://www.iryou.teikyouseido.mhlw.go.jp/znk-web/juminkanja/S2430/initialize?prefCd=26&kikanCd=2652000526&kikanKbn=5", "url2": "http://www.yoshida-drug.jp/", "内容": "吉田薬局　大宮店【5:薬局】京都府京都市北区大宮南椿原町４８－３" }, "geometry": { "type": "Point", "coordinates": [ 135.748431, 35.054668 ] } },
{ "type": "Feature", "properties": { "ID": 2652652000527.0, "正式名称": "にしがもゆう薬局", "機関区分": 5, "都道府県コード": 26, "市区町村コード": 101, "所在地": "京都府京都市北区大宮南田尻町５８", "緯度": 35.057168, "経度": 135.748403, "url": "https://www.iryou.teikyouseido.mhlw.go.jp/znk-web/juminkanja/S2430/initialize?prefCd=26&kikanCd=2652000527&kikanKbn=5", "url2": "https://www.uno-upd.co.jp/store/kitaku/3622/", "内容": "にしがもゆう薬局【5:薬局】京都府京都市北区大宮南田尻町５８" }, "geometry": { "type": "Point", "coordinates": [ 135.748403, 35.057168 ] } },
{ "type": "Feature", "properties": { "ID": 2652652000530.0, "正式名称": "株式会社こぐま薬局", "機関区分": 5, "都道府県コード": 26, "市区町村コード": 101, "所在地": "京都府京都市北区小山下総町１７番１２", "緯度": 35.039364, "経度": 135.760514, "url": "https://www.iryou.teikyouseido.mhlw.go.jp/znk-web/juminkanja/S2430/initialize?prefCd=26&kikanCd=2652000530&kikanKbn=5", "url2": null, "内容": "株式会社こぐま薬局【5:薬局】京都府京都市北区小山下総町１７番１２" }, "geometry": { "type": "Point", "coordinates": [ 135.760514, 35.039364 ] } },
{ "type": "Feature", "properties": { "ID": 2652652000531.0, "正式名称": "阪神調剤薬局きぬがさ店", "機関区分": 5, "都道府県コード": 26, "市区町村コード": 101, "所在地": "京都府京都市北区平野上八丁柳町４２－２", "緯度": 35.03217, "経度": 135.730156, "url": "https://www.iryou.teikyouseido.mhlw.go.jp/znk-web/juminkanja/S2430/initialize?prefCd=26&kikanCd=2652000531&kikanKbn=5", "url2": "https://www.sugi-net.jp/stores/005063", "内容": "阪神調剤薬局きぬがさ店【5:薬局】京都府京都市北区平野上八丁柳町４２－２" }, "geometry": { "type": "Point", "coordinates": [ 135.730156, 35.03217 ] } },
{ "type": "Feature", "properties": { "ID": 2652652000534.0, "正式名称": "株式会社マルナカ薬局", "機関区分": 5, "都道府県コード": 26, "市区町村コード": 208, "所在地": "京都府向日市寺戸町梅ノ木１０－９", "緯度": 34.952206, "経度": 135.704689, "url": "https://www.iryou.teikyouseido.mhlw.go.jp/znk-web/juminkanja/S2430/initialize?prefCd=26&kikanCd=2652000534&kikanKbn=5", "url2": "https://www.e-classa.net/marunaka-yakkyoku/", "内容": "株式会社マルナカ薬局【5:薬局】京都府向日市寺戸町梅ノ木１０－９" }, "geometry": { "type": "Point", "coordinates": [ 135.704689, 34.952206 ] } },
{ "type": "Feature", "properties": { "ID": 2652652000535.0, "正式名称": "伊原薬局", "機関区分": 5, "都道府県コード": 26, "市区町村コード": 208, "所在地": "京都府向日市寺戸町大牧１－１９２", "緯度": 34.951595, "経度": 135.693468, "url": "https://www.iryou.teikyouseido.mhlw.go.jp/znk-web/juminkanja/S2430/initialize?prefCd=26&kikanCd=2652000535&kikanKbn=5", "url2": null, "内容": "伊原薬局【5:薬局】京都府向日市寺戸町大牧１－１９２" }, "geometry": { "type": "Point", "coordinates": [ 135.693468, 34.951595 ] } },
{ "type": "Feature", "properties": { "ID": 2652652000538.0, "正式名称": "マツノ薬局", "機関区分": 5, "都道府県コード": 26, "市区町村コード": 208, "所在地": "京都府向日市寺戸町久々相８－２　パレＨＳＰ１０４号", "緯度": 34.95465, "経度": 135.709217, "url": "https://www.iryou.teikyouseido.mhlw.go.jp/znk-web/juminkanja/S2430/initialize?prefCd=26&kikanCd=2652000538&kikanKbn=5", "url2": null, "内容": "マツノ薬局【5:薬局】京都府向日市寺戸町久々相８－２　パレＨＳＰ１０４号" }, "geometry": { "type": "Point", "coordinates": [ 135.709217, 34.95465 ] } },
{ "type": "Feature", "properties": { "ID": 2652652000539.0, "正式名称": "有限会社　三晃薬局", "機関区分": 5, "都道府県コード": 26, "市区町村コード": 208, "所在地": "京都府向日市上植野町南開４５－７", "緯度": 34.940541, "経度": 135.703551, "url": "https://www.iryou.teikyouseido.mhlw.go.jp/znk-web/juminkanja/S2430/initialize?prefCd=26&kikanCd=2652000539&kikanKbn=5", "url2": null, "内容": "有限会社　三晃薬局【5:薬局】京都府向日市上植野町南開４５－７" }, "geometry": { "type": "Point", "coordinates": [ 135.703551, 34.940541 ] } },
{ "type": "Feature", "properties": { "ID": 2652652000540.0, "正式名称": "かわかみ薬局　東向日店", "機関区分": 5, "都道府県コード": 26, "市区町村コード": 208, "所在地": "京都府向日市寺戸町初田２０番地の２　ＳＵ・ＢＡ・ＣＯ東向日１０１", "緯度": 34.952562, "経度": 135.703169, "url": "https://www.iryou.teikyouseido.mhlw.go.jp/znk-web/juminkanja/S2430/initialize?prefCd=26&kikanCd=2652000540&kikanKbn=5", "url2": "http://kpcorporation.co.jp", "内容": "かわかみ薬局　東向日店【5:薬局】京都府向日市寺戸町初田２０番地の２　ＳＵ・ＢＡ・ＣＯ東向日１０１" }, "geometry": { "type": "Point", "coordinates": [ 135.703169, 34.952562 ] } },
{ "type": "Feature", "properties": { "ID": 2652652000542.0, "正式名称": "乙訓調剤薬局向日町店", "機関区分": 5, "都道府県コード": 26, "市区町村コード": 208, "所在地": "京都府向日市寺戸町辰巳１３－２", "緯度": 34.950095, "経度": 135.700273, "url": "https://www.iryou.teikyouseido.mhlw.go.jp/znk-web/juminkanja/S2430/initialize?prefCd=26&kikanCd=2652000542&kikanKbn=5", "url2": "https://otokunipharm.jp/", "内容": "乙訓調剤薬局向日町店【5:薬局】京都府向日市寺戸町辰巳１３－２" }, "geometry": { "type": "Point", "coordinates": [ 135.700273, 34.950095 ] } },
{ "type": "Feature", "properties": { "ID": 2652652000546.0, "正式名称": "向日台薬局", "機関区分": 5, "都道府県コード": 26, "市区町村コード": 209, "所在地": "京都府長岡京市滝ノ町２丁目２７－１", "緯度": 34.944401, "経度": 135.695496, "url": "https://www.iryou.teikyouseido.mhlw.go.jp/znk-web/juminkanja/S2430/initialize?prefCd=26&kikanCd=2652000546&kikanKbn=5", "url2": null, "内容": "向日台薬局【5:薬局】京都府長岡京市滝ノ町２丁目２７－１" }, "geometry": { "type": "Point", "coordinates": [ 135.695496, 34.944401 ] } },
{ "type": "Feature", "properties": { "ID": 2652652000550.0, "正式名称": "梅ヶ丘薬局高台店", "機関区分": 5, "都道府県コード": 26, "市区町村コード": 209, "所在地": "京都府長岡京市金ケ原塚穴ノ前３－１パレス金ケ原一階Ａ", "緯度": 34.918765, "経度": 135.674249, "url": "https://www.iryou.teikyouseido.mhlw.go.jp/znk-web/juminkanja/S2430/initialize?prefCd=26&kikanCd=2652000550&kikanKbn=5", "url2": null, "内容": "梅ヶ丘薬局高台店【5:薬局】京都府長岡京市金ケ原塚穴ノ前３－１パレス金ケ原一階Ａ" }, "geometry": { "type": "Point", "coordinates": [ 135.674249, 34.918765 ] } },
{ "type": "Feature", "properties": { "ID": 2652652000555.0, "正式名称": "ファルコ薬局　一文橋店", "機関区分": 5, "都道府県コード": 26, "市区町村コード": 209, "所在地": "京都府長岡京市一文橋二丁目２４番２２号", "緯度": 34.933403, "経度": 135.700524, "url": "https://www.iryou.teikyouseido.mhlw.go.jp/znk-web/juminkanja/S2430/initialize?prefCd=26&kikanCd=2652000555&kikanKbn=5", "url2": "http://www.falco-pharm.co.jp/", "内容": "ファルコ薬局　一文橋店【5:薬局】京都府長岡京市一文橋二丁目２４番２２号" }, "geometry": { "type": "Point", "coordinates": [ 135.700524, 34.933403 ] } },
{ "type": "Feature", "properties": { "ID": 2652652000558.0, "正式名称": "石川調剤薬局", "機関区分": 5, "都道府県コード": 26, "市区町村コード": 209, "所在地": "京都府長岡京市開田４丁目１番５号田中ビル１階", "緯度": 34.923265, "経度": 135.691664, "url": "https://www.iryou.teikyouseido.mhlw.go.jp/znk-web/juminkanja/S2430/initialize?prefCd=26&kikanCd=2652000558&kikanKbn=5", "url2": "http://www.e-classa.net/ishikawatyouzai/", "内容": "石川調剤薬局【5:薬局】京都府長岡京市開田４丁目１番５号田中ビル１階" }, "geometry": { "type": "Point", "coordinates": [ 135.691664, 34.923265 ] } },
{ "type": "Feature", "properties": { "ID": 2652652000559.0, "正式名称": "長岡今里ケアーズ薬局", "機関区分": 5, "都道府県コード": 26, "市区町村コード": 209, "所在地": "京都府長岡京市今里", "緯度": 34.934541, "経度": 135.686997, "url": "https://www.iryou.teikyouseido.mhlw.go.jp/znk-web/juminkanja/S2430/initialize?prefCd=26&kikanCd=2652000559&kikanKbn=5", "url2": "https://caresdrug.com/store.html", "内容": "長岡今里ケアーズ薬局【5:薬局】京都府長岡京市今里" }, "geometry": { "type": "Point", "coordinates": [ 135.686997, 34.934541 ] } },
{ "type": "Feature", "properties": { "ID": 2652652000562.0, "正式名称": "調子薬局", "機関区分": 5, "都道府県コード": 26, "市区町村コード": 209, "所在地": "京都府長岡京市調子１丁目２３番１０号", "緯度": 34.911877, "経度": 135.692025, "url": "https://www.iryou.teikyouseido.mhlw.go.jp/znk-web/juminkanja/S2430/initialize?prefCd=26&kikanCd=2652000562&kikanKbn=5", "url2": null, "内容": "調子薬局【5:薬局】京都府長岡京市調子１丁目２３番１０号" }, "geometry": { "type": "Point", "coordinates": [ 135.692025, 34.911877 ] } },
{ "type": "Feature", "properties": { "ID": 2652652000563.0, "正式名称": "ほんべ薬局ファミール長岡京店", "機関区分": 5, "都道府県コード": 26, "市区町村コード": 209, "所在地": "京都府長岡京市開田２－９－１２", "緯度": 34.923765, "経度": 135.696941, "url": "https://www.iryou.teikyouseido.mhlw.go.jp/znk-web/juminkanja/S2430/initialize?prefCd=26&kikanCd=2652000563&kikanKbn=5", "url2": "https://www.matsukiyococokara-online.com/map?kid=20002541", "内容": "ほんべ薬局ファミール長岡京店【5:薬局】京都府長岡京市開田２－９－１２" }, "geometry": { "type": "Point", "coordinates": [ 135.696941, 34.923765 ] } },
{ "type": "Feature", "properties": { "ID": 2652652000565.0, "正式名称": "かわかみ調剤薬局", "機関区分": 5, "都道府県コード": 26, "市区町村コード": 209, "所在地": "京都府長岡京市今里西ノ口４－１８", "緯度": 34.934152, "経度": 135.686219, "url": "https://www.iryou.teikyouseido.mhlw.go.jp/znk-web/juminkanja/S2430/initialize?prefCd=26&kikanCd=2652000565&kikanKbn=5", "url2": "http://www.myph.jp/kawakami-phr/pc/index.html", "内容": "かわかみ調剤薬局【5:薬局】京都府長岡京市今里西ノ口４－１８" }, "geometry": { "type": "Point", "coordinates": [ 135.686219, 34.934152 ] } },
{ "type": "Feature", "properties": { "ID": 2652652000567.0, "正式名称": "梅ケ丘薬局", "機関区分": 5, "都道府県コード": 26, "市区町村コード": 209, "所在地": "京都府長岡京市下海印寺横山２－１", "緯度": 34.918959, "経度": 135.687776, "url": "https://www.iryou.teikyouseido.mhlw.go.jp/znk-web/juminkanja/S2430/initialize?prefCd=26&kikanCd=2652000567&kikanKbn=5", "url2": null, "内容": "梅ケ丘薬局【5:薬局】京都府長岡京市下海印寺横山２－１" }, "geometry": { "type": "Point", "coordinates": [ 135.687776, 34.918959 ] } },
{ "type": "Feature", "properties": { "ID": 2652652000571.0, "正式名称": "新町薬局", "機関区分": 5, "都道府県コード": 26, "市区町村コード": 204, "所在地": "京都府宇治市宇治壱番４番地", "緯度": 34.889742, "経度": 135.802128, "url": "https://www.iryou.teikyouseido.mhlw.go.jp/znk-web/juminkanja/S2430/initialize?prefCd=26&kikanCd=2652000571&kikanKbn=5", "url2": null, "内容": "新町薬局【5:薬局】京都府宇治市宇治壱番４番地" }, "geometry": { "type": "Point", "coordinates": [ 135.802128, 34.889742 ] } },
{ "type": "Feature", "properties": { "ID": 2652652000572.0, "正式名称": "西本薬局", "機関区分": 5, "都道府県コード": 26, "市区町村コード": 204, "所在地": "京都府宇治市南陵町１丁目１－３６８", "緯度": 34.885492, "経度": 135.78388, "url": "https://www.iryou.teikyouseido.mhlw.go.jp/znk-web/juminkanja/S2430/initialize?prefCd=26&kikanCd=2652000572&kikanKbn=5", "url2": null, "内容": "西本薬局【5:薬局】京都府宇治市南陵町１丁目１－３６８" }, "geometry": { "type": "Point", "coordinates": [ 135.78388, 34.885492 ] } },
{ "type": "Feature", "properties": { "ID": 2652652000579.0, "正式名称": "カナオカ薬局", "機関区分": 5, "都道府県コード": 26, "市区町村コード": 204, "所在地": "京都府宇治市小倉町南堀池８－７", "緯度": 34.890992, "経度": 135.774381, "url": "https://www.iryou.teikyouseido.mhlw.go.jp/znk-web/juminkanja/S2430/initialize?prefCd=26&kikanCd=2652000579&kikanKbn=5", "url2": null, "内容": "カナオカ薬局【5:薬局】京都府宇治市小倉町南堀池８－７" }, "geometry": { "type": "Point", "coordinates": [ 135.774381, 34.890992 ] } },
{ "type": "Feature", "properties": { "ID": 2652652000580.0, "正式名称": "びわ薬局", "機関区分": 5, "都道府県コード": 26, "市区町村コード": 204, "所在地": "京都府宇治市琵琶台１－１７－２", "緯度": 34.881771, "経度": 135.798824, "url": "https://www.iryou.teikyouseido.mhlw.go.jp/znk-web/juminkanja/S2430/initialize?prefCd=26&kikanCd=2652000580&kikanKbn=5", "url2": null, "内容": "びわ薬局【5:薬局】京都府宇治市琵琶台１－１７－２" }, "geometry": { "type": "Point", "coordinates": [ 135.798824, 34.881771 ] } },
{ "type": "Feature", "properties": { "ID": 2652652000581.0, "正式名称": "葵薬局", "機関区分": 5, "都道府県コード": 26, "市区町村コード": 204, "所在地": "京都府宇治市五ケ庄日皆田８－１５", "緯度": 34.90674, "経度": 135.803711, "url": "https://www.iryou.teikyouseido.mhlw.go.jp/znk-web/juminkanja/S2430/initialize?prefCd=26&kikanCd=2652000581&kikanKbn=5", "url2": null, "内容": "葵薬局【5:薬局】京都府宇治市五ケ庄日皆田８－１５" }, "geometry": { "type": "Point", "coordinates": [ 135.803711, 34.90674 ] } },
{ "type": "Feature", "properties": { "ID": 2652652000582.0, "正式名称": "おおくぼゆう薬局", "機関区分": 5, "都道府県コード": 26, "市区町村コード": 204, "所在地": "京都府宇治市広野町茶屋裏３", "緯度": 34.873355, "経度": 135.777742, "url": "https://www.iryou.teikyouseido.mhlw.go.jp/znk-web/juminkanja/S2430/initialize?prefCd=26&kikanCd=2652000582&kikanKbn=5", "url2": "http://www.uno-upd.co.jp", "内容": "おおくぼゆう薬局【5:薬局】京都府宇治市広野町茶屋裏３" }, "geometry": { "type": "Point", "coordinates": [ 135.777742, 34.873355 ] } },
{ "type": "Feature", "properties": { "ID": 2652652000584.0, "正式名称": "アサクラ薬局", "機関区分": 5, "都道府県コード": 26, "市区町村コード": 204, "所在地": "京都府宇治市大久保町北ノ山２４－１　　ホクユービル１Ｆ", "緯度": 34.873688, "経度": 135.773243, "url": "https://www.iryou.teikyouseido.mhlw.go.jp/znk-web/juminkanja/S2430/initialize?prefCd=26&kikanCd=2652000584&kikanKbn=5", "url2": "ap-medical.co.jp", "内容": "アサクラ薬局【5:薬局】京都府宇治市大久保町北ノ山２４－１　　ホクユービル１Ｆ" }, "geometry": { "type": "Point", "coordinates": [ 135.773243, 34.873688 ] } },
{ "type": "Feature", "properties": { "ID": 2652652000585.0, "正式名称": "エブリディ薬局", "機関区分": 5, "都道府県コード": 26, "市区町村コード": 204, "所在地": "京都府宇治市木幡内畑３４番地　ハイショップビル１階６号", "緯度": 34.925655, "経度": 135.795405, "url": "https://www.iryou.teikyouseido.mhlw.go.jp/znk-web/juminkanja/S2430/initialize?prefCd=26&kikanCd=2652000585&kikanKbn=5", "url2": "https://www.everyday1751.com", "内容": "エブリディ薬局【5:薬局】京都府宇治市木幡内畑３４番地　ハイショップビル１階６号" }, "geometry": { "type": "Point", "coordinates": [ 135.795405, 34.925655 ] } },
{ "type": "Feature", "properties": { "ID": 2652652000586.0, "正式名称": "アイン薬局　伊勢田店", "機関区分": 5, "都道府県コード": 26, "市区町村コード": 204, "所在地": "京都府宇治市伊勢田町南山５５番地第２上田ビル１階", "緯度": 34.881493, "経度": 135.779186, "url": "https://www.iryou.teikyouseido.mhlw.go.jp/znk-web/juminkanja/S2430/initialize?prefCd=26&kikanCd=2652000586&kikanKbn=5", "url2": null, "内容": "アイン薬局　伊勢田店【5:薬局】京都府宇治市伊勢田町南山５５番地第２上田ビル１階" }, "geometry": { "type": "Point", "coordinates": [ 135.779186, 34.881493 ] } },
{ "type": "Feature", "properties": { "ID": 2652652000592.0, "正式名称": "アイン薬局　宇治木幡店", "機関区分": 5, "都道府県コード": 26, "市区町村コード": 204, "所在地": "京都府宇治市木幡南端４０－２３", "緯度": 34.91785, "経度": 135.801405, "url": "https://www.iryou.teikyouseido.mhlw.go.jp/znk-web/juminkanja/S2430/initialize?prefCd=26&kikanCd=2652000592&kikanKbn=5", "url2": null, "内容": "アイン薬局　宇治木幡店【5:薬局】京都府宇治市木幡南端４０－２３" }, "geometry": { "type": "Point", "coordinates": [ 135.801405, 34.91785 ] } },
{ "type": "Feature", "properties": { "ID": 2652652000595.0, "正式名称": "アイン薬局　洛南店", "機関区分": 5, "都道府県コード": 26, "市区町村コード": 204, "所在地": "京都府宇治市五ヶ庄芝ノ東１２－２", "緯度": 34.916851, "経度": 135.805627, "url": "https://www.iryou.teikyouseido.mhlw.go.jp/znk-web/juminkanja/S2430/initialize?prefCd=26&kikanCd=2652000595&kikanKbn=5", "url2": "https://www.ainj.co.jp/", "内容": "アイン薬局　洛南店【5:薬局】京都府宇治市五ヶ庄芝ノ東１２－２" }, "geometry": { "type": "Point", "coordinates": [ 135.805627, 34.916851 ] } },
{ "type": "Feature", "properties": { "ID": 2652652000596.0, "正式名称": "アイン薬局　六地蔵店", "機関区分": 5, "都道府県コード": 26, "市区町村コード": 204, "所在地": "京都府宇治市六地蔵奈良町　２６－３", "緯度": 34.934626, "経度": 135.79671, "url": "https://www.iryou.teikyouseido.mhlw.go.jp/znk-web/juminkanja/S2430/initialize?prefCd=26&kikanCd=2652000596&kikanKbn=5", "url2": "https://www.ainj.co.jp/network/detail.html?pdid=436&TabModule556=0", "内容": "アイン薬局　六地蔵店【5:薬局】京都府宇治市六地蔵奈良町　２６－３" }, "geometry": { "type": "Point", "coordinates": [ 135.79671, 34.934626 ] } },
{ "type": "Feature", "properties": { "ID": 2652652000600.0, "正式名称": "やまもと調剤薬局", "機関区分": 5, "都道府県コード": 26, "市区町村コード": 204, "所在地": "京都府宇治市宇治山本２７－１７", "緯度": 34.89527, "経度": 135.811016, "url": "https://www.iryou.teikyouseido.mhlw.go.jp/znk-web/juminkanja/S2430/initialize?prefCd=26&kikanCd=2652000600&kikanKbn=5", "url2": "https://phstr.co.jp/store/619/", "内容": "やまもと調剤薬局【5:薬局】京都府宇治市宇治山本２７－１７" }, "geometry": { "type": "Point", "coordinates": [ 135.811016, 34.89527 ] } },
{ "type": "Feature", "properties": { "ID": 2652652000602.0, "正式名称": "健伸堂薬局", "機関区分": 5, "都道府県コード": 26, "市区町村コード": 204, "所在地": "京都府宇治市小倉町西畑２８－５", "緯度": 34.885715, "経度": 135.78163, "url": "https://www.iryou.teikyouseido.mhlw.go.jp/znk-web/juminkanja/S2430/initialize?prefCd=26&kikanCd=2652000602&kikanKbn=5", "url2": "http://www.kanpou.info", "内容": "健伸堂薬局【5:薬局】京都府宇治市小倉町西畑２８－５" }, "geometry": { "type": "Point", "coordinates": [ 135.78163, 34.885715 ] } },
{ "type": "Feature", "properties": { "ID": 2652652000603.0, "正式名称": "ホワイト薬局伊勢田店", "機関区分": 5, "都道府県コード": 26, "市区町村コード": 204, "所在地": "京都府宇治市伊勢田町中ノ田３７－１３２", "緯度": 34.886242, "経度": 135.769992, "url": "https://www.iryou.teikyouseido.mhlw.go.jp/znk-web/juminkanja/S2430/initialize?prefCd=26&kikanCd=2652000603&kikanKbn=5", "url2": null, "内容": "ホワイト薬局伊勢田店【5:薬局】京都府宇治市伊勢田町中ノ田３７－１３２" }, "geometry": { "type": "Point", "coordinates": [ 135.769992, 34.886242 ] } },
{ "type": "Feature", "properties": { "ID": 2652652000604.0, "正式名称": "まつなし薬局", "機関区分": 5, "都道府県コード": 26, "市区町村コード": 204, "所在地": "京都府宇治市五ケ庄折坂５６－１プレステージ黄檗１Ｆ", "緯度": 34.909324, "経度": 135.805683, "url": "https://www.iryou.teikyouseido.mhlw.go.jp/znk-web/juminkanja/S2430/initialize?prefCd=26&kikanCd=2652000604&kikanKbn=5", "url2": null, "内容": "まつなし薬局【5:薬局】京都府宇治市五ケ庄折坂５６－１プレステージ黄檗１Ｆ" }, "geometry": { "type": "Point", "coordinates": [ 135.805683, 34.909324 ] } },
{ "type": "Feature", "properties": { "ID": 2652652000611.0, "正式名称": "田中薬局", "機関区分": 5, "都道府県コード": 26, "市区町村コード": 207, "所在地": "京都府城陽市市辺柿木原４８番地の１", "緯度": 34.825777, "経度": 135.803354, "url": "https://www.iryou.teikyouseido.mhlw.go.jp/znk-web/juminkanja/S2430/initialize?prefCd=26&kikanCd=2652000611&kikanKbn=5", "url2": null, "内容": "田中薬局【5:薬局】京都府城陽市市辺柿木原４８番地の１" }, "geometry": { "type": "Point", "coordinates": [ 135.803354, 34.825777 ] } },
{ "type": "Feature", "properties": { "ID": 2652652000614.0, "正式名称": "久津川薬局", "機関区分": 5, "都道府県コード": 26, "市区町村コード": 207, "所在地": "京都府城陽市平川中道表１番地１１", "緯度": 34.864578, "経度": 135.771604, "url": "https://www.iryou.teikyouseido.mhlw.go.jp/znk-web/juminkanja/S2430/initialize?prefCd=26&kikanCd=2652000614&kikanKbn=5", "url2": "https://www.kutsukawa-yakkyoku.jp", "内容": "久津川薬局【5:薬局】京都府城陽市平川中道表１番地１１" }, "geometry": { "type": "Point", "coordinates": [ 135.771604, 34.864578 ] } },
{ "type": "Feature", "properties": { "ID": 2652652000615.0, "正式名称": "京寿薬局　寺田店", "機関区分": 5, "都道府県コード": 26, "市区町村コード": 207, "所在地": "京都府城陽市寺田樋尻１２－７４", "緯度": 34.852662, "経度": 135.771299, "url": "https://www.iryou.teikyouseido.mhlw.go.jp/znk-web/juminkanja/S2430/initialize?prefCd=26&kikanCd=2652000615&kikanKbn=5", "url2": "https://keijyu.com", "内容": "京寿薬局　寺田店【5:薬局】京都府城陽市寺田樋尻１２－７４" }, "geometry": { "type": "Point", "coordinates": [ 135.771299, 34.852662 ] } },
{ "type": "Feature", "properties": { "ID": 2652652000618.0, "正式名称": "クオール薬局城陽店", "機関区分": 5, "都道府県コード": 26, "市区町村コード": 207, "所在地": "京都府城陽市平川浜道裏４８番６", "緯度": 34.866688, "経度": 135.76155, "url": "https://www.iryou.teikyouseido.mhlw.go.jp/znk-web/juminkanja/S2430/initialize?prefCd=26&kikanCd=2652000618&kikanKbn=5", "url2": "http://www.qol-net.co.jp/pharmacy/map/detail.php?id=89", "内容": "クオール薬局城陽店【5:薬局】京都府城陽市平川浜道裏４８番６" }, "geometry": { "type": "Point", "coordinates": [ 135.76155, 34.866688 ] } },
{ "type": "Feature", "properties": { "ID": 2652652000620.0, "正式名称": "シンシン薬局", "機関区分": 5, "都道府県コード": 26, "市区町村コード": 322, "所在地": "京都府久世郡久御山町栄４丁目１ー８６", "緯度": 34.878215, "経度": 135.756327, "url": "https://www.iryou.teikyouseido.mhlw.go.jp/znk-web/juminkanja/S2430/initialize?prefCd=26&kikanCd=2652000620&kikanKbn=5", "url2": "http://www.e-classa.net/shinshin/", "内容": "シンシン薬局【5:薬局】京都府久世郡久御山町栄４丁目１ー８６" }, "geometry": { "type": "Point", "coordinates": [ 135.756327, 34.878215 ] } },
{ "type": "Feature", "properties": { "ID": 2652652000621.0, "正式名称": "さくら薬局　京都久御山店", "機関区分": 5, "都道府県コード": 26, "市区町村コード": 322, "所在地": "京都府久世郡久御山町坊ノ池坊村中５６番２", "緯度": 34.891324, "経度": 135.731606, "url": "https://www.iryou.teikyouseido.mhlw.go.jp/znk-web/juminkanja/S2430/initialize?prefCd=26&kikanCd=2652000621&kikanKbn=5", "url2": "https://www.kraft-net.co.jp/sakura/store/3237/", "内容": "さくら薬局　京都久御山店【5:薬局】京都府久世郡久御山町坊ノ池坊村中５６番２" }, "geometry": { "type": "Point", "coordinates": [ 135.731606, 34.891324 ] } },
{ "type": "Feature", "properties": { "ID": 2652652000623.0, "正式名称": "新朝日薬局", "機関区分": 5, "都道府県コード": 26, "市区町村コード": 210, "所在地": "京都府八幡市男山泉１８－１３", "緯度": 34.86141, "経度": 135.694583, "url": "https://www.iryou.teikyouseido.mhlw.go.jp/znk-web/juminkanja/S2430/initialize?prefCd=26&kikanCd=2652000623&kikanKbn=5", "url2": null, "内容": "新朝日薬局【5:薬局】京都府八幡市男山泉１８－１３" }, "geometry": { "type": "Point", "coordinates": [ 135.694583, 34.86141 ] } },
{ "type": "Feature", "properties": { "ID": 2652652000625.0, "正式名称": "石川薬局八幡店", "機関区分": 5, "都道府県コード": 26, "市区町村コード": 210, "所在地": "京都府八幡市八幡源氏垣外１－４ファミレＹＡＷＡＴＡ", "緯度": 34.879631, "経度": 135.705304, "url": "https://www.iryou.teikyouseido.mhlw.go.jp/znk-web/juminkanja/S2430/initialize?prefCd=26&kikanCd=2652000625&kikanKbn=5", "url2": null, "内容": "石川薬局八幡店【5:薬局】京都府八幡市八幡源氏垣外１－４ファミレＹＡＷＡＴＡ" }, "geometry": { "type": "Point", "coordinates": [ 135.705304, 34.879631 ] } },
{ "type": "Feature", "properties": { "ID": 2652652000629.0, "正式名称": "ながい薬局橋本本店", "機関区分": 5, "都道府県コード": 26, "市区町村コード": 210, "所在地": "京都府八幡市橋本向山１６－３２今村ビル１階", "緯度": 34.874436, "経度": 135.686778, "url": "https://www.iryou.teikyouseido.mhlw.go.jp/znk-web/juminkanja/S2430/initialize?prefCd=26&kikanCd=2652000629&kikanKbn=5", "url2": "http://www.e-classa.net/nagai-pha/", "内容": "ながい薬局橋本本店【5:薬局】京都府八幡市橋本向山１６－３２今村ビル１階" }, "geometry": { "type": "Point", "coordinates": [ 135.686778, 34.874436 ] } },
{ "type": "Feature", "properties": { "ID": 2652652000631.0, "正式名称": "八幡あい薬局", "機関区分": 5, "都道府県コード": 26, "市区町村コード": 210, "所在地": "京都府八幡市八幡山柴３４番４", "緯度": 34.881214, "経度": 135.703332, "url": "https://www.iryou.teikyouseido.mhlw.go.jp/znk-web/juminkanja/S2430/initialize?prefCd=26&kikanCd=2652000631&kikanKbn=5", "url2": null, "内容": "八幡あい薬局【5:薬局】京都府八幡市八幡山柴３４番４" }, "geometry": { "type": "Point", "coordinates": [ 135.703332, 34.881214 ] } },
{ "type": "Feature", "properties": { "ID": 2652652000633.0, "正式名称": "ながい薬局　金振店", "機関区分": 5, "都道府県コード": 26, "市区町村コード": 210, "所在地": "京都府八幡市男山金振２７－３", "緯度": 34.8543, "経度": 135.693195, "url": "https://www.iryou.teikyouseido.mhlw.go.jp/znk-web/juminkanja/S2430/initialize?prefCd=26&kikanCd=2652000633&kikanKbn=5", "url2": null, "内容": "ながい薬局　金振店【5:薬局】京都府八幡市男山金振２７－３" }, "geometry": { "type": "Point", "coordinates": [ 135.693195, 34.8543 ] } },
{ "type": "Feature", "properties": { "ID": 2652652000634.0, "正式名称": "宇治田原薬局", "機関区分": 5, "都道府県コード": 26, "市区町村コード": 344, "所在地": "京都府綴喜郡宇治田原町南亥子２５　トキジンビルⅡ　１０１号室", "緯度": 34.850497, "経度": 135.854431, "url": "https://www.iryou.teikyouseido.mhlw.go.jp/znk-web/juminkanja/S2430/initialize?prefCd=26&kikanCd=2652000634&kikanKbn=5", "url2": null, "内容": "宇治田原薬局【5:薬局】京都府綴喜郡宇治田原町南亥子２５　トキジンビルⅡ　１０１号室" }, "geometry": { "type": "Point", "coordinates": [ 135.854431, 34.850497 ] } },
{ "type": "Feature", "properties": { "ID": 2652652000638.0, "正式名称": "たなべゆう薬局", "機関区分": 5, "都道府県コード": 26, "市区町村コード": 211, "所在地": "京都府京田辺市河原神谷　８－１９", "緯度": 34.819666, "経度": 135.777717, "url": "https://www.iryou.teikyouseido.mhlw.go.jp/znk-web/juminkanja/S2430/initialize?prefCd=26&kikanCd=2652000638&kikanKbn=5", "url2": "http://www.uno-upd.co.jp", "内容": "たなべゆう薬局【5:薬局】京都府京田辺市河原神谷　８－１９" }, "geometry": { "type": "Point", "coordinates": [ 135.777717, 34.819666 ] } },
{ "type": "Feature", "properties": { "ID": 2652652000640.0, "正式名称": "山崎薬局", "機関区分": 5, "都道府県コード": 26, "市区町村コード": 211, "所在地": "京都府京田辺市草内中垣内１５番地の１", "緯度": 34.815654, "経度": 135.784883, "url": "https://www.iryou.teikyouseido.mhlw.go.jp/znk-web/juminkanja/S2430/initialize?prefCd=26&kikanCd=2652000640&kikanKbn=5", "url2": null, "内容": "山崎薬局【5:薬局】京都府京田辺市草内中垣内１５番地の１" }, "geometry": { "type": "Point", "coordinates": [ 135.784883, 34.815654 ] } },
{ "type": "Feature", "properties": { "ID": 2652652000641.0, "正式名称": "さくら薬局　京都長田店", "機関区分": 5, "都道府県コード": 26, "市区町村コード": 210, "所在地": "京都府八幡市八幡五反田３７－９五反田中央ビル１０２号室", "緯度": 34.871159, "経度": 135.706248, "url": "https://www.iryou.teikyouseido.mhlw.go.jp/znk-web/juminkanja/S2430/initialize?prefCd=26&kikanCd=2652000641&kikanKbn=5", "url2": "https://www.kraft-net.co.jp/sakura/store/3280/", "内容": "さくら薬局　京都長田店【5:薬局】京都府八幡市八幡五反田３７－９五反田中央ビル１０２号室" }, "geometry": { "type": "Point", "coordinates": [ 135.706248, 34.871159 ] } },
{ "type": "Feature", "properties": { "ID": 2652652000642.0, "正式名称": "さくら薬局　京都八幡店", "機関区分": 5, "都道府県コード": 26, "市区町村コード": 210, "所在地": "京都府八幡市川口別所　５８－１", "緯度": 34.875159, "経度": 135.717581, "url": "https://www.iryou.teikyouseido.mhlw.go.jp/znk-web/juminkanja/S2430/initialize?prefCd=26&kikanCd=2652000642&kikanKbn=5", "url2": "http://www.kraft-net.co.jp/sakura/store/3281/", "内容": "さくら薬局　京都八幡店【5:薬局】京都府八幡市川口別所　５８－１" }, "geometry": { "type": "Point", "coordinates": [ 135.717581, 34.875159 ] } },
{ "type": "Feature", "properties": { "ID": 2652652000643.0, "正式名称": "サンプラザ薬局八幡", "機関区分": 5, "都道府県コード": 26, "市区町村コード": 210, "所在地": "京都府八幡市男山泉１４－８　林第２ビル１階", "緯度": 34.86216, "経度": 135.693944, "url": "https://www.iryou.teikyouseido.mhlw.go.jp/znk-web/juminkanja/S2430/initialize?prefCd=26&kikanCd=2652000643&kikanKbn=5", "url2": "http://www.sun-plaza.co.jp", "内容": "サンプラザ薬局八幡【5:薬局】京都府八幡市男山泉１４－８　林第２ビル１階" }, "geometry": { "type": "Point", "coordinates": [ 135.693944, 34.86216 ] } },
{ "type": "Feature", "properties": { "ID": 2652652000645.0, "正式名称": "ツバサ薬局　京田辺店", "機関区分": 5, "都道府県コード": 26, "市区町村コード": 211, "所在地": "京都府京田辺市薪水取５４－５", "緯度": 34.828248, "経度": 135.756635, "url": "https://www.iryou.teikyouseido.mhlw.go.jp/znk-web/juminkanja/S2430/initialize?prefCd=26&kikanCd=2652000645&kikanKbn=5", "url2": "https://wingmd.com/stores/kyotanabe/", "内容": "ツバサ薬局　京田辺店【5:薬局】京都府京田辺市薪水取５４－５" }, "geometry": { "type": "Point", "coordinates": [ 135.756635, 34.828248 ] } },
{ "type": "Feature", "properties": { "ID": 2652652000646.0, "正式名称": "アイン薬局宇治田原町店", "機関区分": 5, "都道府県コード": 26, "市区町村コード": 344, "所在地": "京都府綴喜郡宇治田原町銘城台２８－１", "緯度": 34.846081, "経度": 135.843766, "url": "https://www.iryou.teikyouseido.mhlw.go.jp/znk-web/juminkanja/S2430/initialize?prefCd=26&kikanCd=2652000646&kikanKbn=5", "url2": "http://www.ainj.co.jp/", "内容": "アイン薬局宇治田原町店【5:薬局】京都府綴喜郡宇治田原町銘城台２８－１" }, "geometry": { "type": "Point", "coordinates": [ 135.843766, 34.846081 ] } },
{ "type": "Feature", "properties": { "ID": 2652652000647.0, "正式名称": "かのん薬局", "機関区分": 5, "都道府県コード": 26, "市区町村コード": 211, "所在地": "京都府京田辺市河原御影３０－１１７", "緯度": 34.821638, "経度": 135.773856, "url": "https://www.iryou.teikyouseido.mhlw.go.jp/znk-web/juminkanja/S2430/initialize?prefCd=26&kikanCd=2652000647&kikanKbn=5", "url2": null, "内容": "かのん薬局【5:薬局】京都府京田辺市河原御影３０－１１７" }, "geometry": { "type": "Point", "coordinates": [ 135.773856, 34.821638 ] } },
{ "type": "Feature", "properties": { "ID": 2652652000648.0, "正式名称": "駅前薬局松井山手店", "機関区分": 5, "都道府県コード": 26, "市区町村コード": 211, "所在地": "京都府京田辺市山手東１－２－３　丸若ビル１０１号", "緯度": 34.833469, "経度": 135.728443, "url": "https://www.iryou.teikyouseido.mhlw.go.jp/znk-web/juminkanja/S2430/initialize?prefCd=26&kikanCd=2652000648&kikanKbn=5", "url2": null, "内容": "駅前薬局松井山手店【5:薬局】京都府京田辺市山手東１－２－３　丸若ビル１０１号" }, "geometry": { "type": "Point", "coordinates": [ 135.728443, 34.833469 ] } },
{ "type": "Feature", "properties": { "ID": 2652652000650.0, "正式名称": "英薬局", "機関区分": 5, "都道府県コード": 26, "市区町村コード": 204, "所在地": "京都府宇治市五ケ庄折坂６３－２　ラポート折坂１Ｆ", "緯度": 34.909018, "経度": 135.803822, "url": "https://www.iryou.teikyouseido.mhlw.go.jp/znk-web/juminkanja/S2430/initialize?prefCd=26&kikanCd=2652000650&kikanKbn=5", "url2": "http://hanabusa-uji.jp", "内容": "英薬局【5:薬局】京都府宇治市五ケ庄折坂６３－２　ラポート折坂１Ｆ" }, "geometry": { "type": "Point", "coordinates": [ 135.803822, 34.909018 ] } },
{ "type": "Feature", "properties": { "ID": 2652652000652.0, "正式名称": "スギ薬局　伏見向島店", "機関区分": 5, "都道府県コード": 26, "市区町村コード": 109, "所在地": "京都府京都市伏見区向島四ツ谷池７番地１２", "緯度": 34.916156, "経度": 135.783046, "url": "https://www.iryou.teikyouseido.mhlw.go.jp/znk-web/juminkanja/S2430/initialize?prefCd=26&kikanCd=2652000652&kikanKbn=5", "url2": "https://www.sugi-net.jp/stores/002007", "内容": "スギ薬局　伏見向島店【5:薬局】京都府京都市伏見区向島四ツ谷池７番地１２" }, "geometry": { "type": "Point", "coordinates": [ 135.783046, 34.916156 ] } },
{ "type": "Feature", "properties": { "ID": 2652652000653.0, "正式名称": "京寿薬局　本店", "機関区分": 5, "都道府県コード": 26, "市区町村コード": 211, "所在地": "京都府京田辺市田辺中央六丁目３番地２マジェスティ・セントラルビル１Ｆ", "緯度": 34.821555, "経度": 135.772051, "url": "https://www.iryou.teikyouseido.mhlw.go.jp/znk-web/juminkanja/S2430/initialize?prefCd=26&kikanCd=2652000653&kikanKbn=5", "url2": "https://www.keijyu.com/", "内容": "京寿薬局　本店【5:薬局】京都府京田辺市田辺中央六丁目３番地２マジェスティ・セントラルビル１Ｆ" }, "geometry": { "type": "Point", "coordinates": [ 135.772051, 34.821555 ] } },
{ "type": "Feature", "properties": { "ID": 2652652000655.0, "正式名称": "サンプラザ薬局男山石城", "機関区分": 5, "都道府県コード": 26, "市区町村コード": 210, "所在地": "京都府八幡市男山石城４－１５　石城マンション１０６号", "緯度": 34.861049, "経度": 135.694778, "url": "https://www.iryou.teikyouseido.mhlw.go.jp/znk-web/juminkanja/S2430/initialize?prefCd=26&kikanCd=2652000655&kikanKbn=5", "url2": "http://www.sun-plaza.co.jp", "内容": "サンプラザ薬局男山石城【5:薬局】京都府八幡市男山石城４－１５　石城マンション１０６号" }, "geometry": { "type": "Point", "coordinates": [ 135.694778, 34.861049 ] } },
{ "type": "Feature", "properties": { "ID": 2652652000656.0, "正式名称": "ハート調剤薬局　本店", "機関区分": 5, "都道府県コード": 26, "市区町村コード": 204, "所在地": "京都府宇治市平尾台４－５－１７", "緯度": 34.924878, "経度": 135.812209, "url": "https://www.iryou.teikyouseido.mhlw.go.jp/znk-web/juminkanja/S2430/initialize?prefCd=26&kikanCd=2652000656&kikanKbn=5", "url2": null, "内容": "ハート調剤薬局　本店【5:薬局】京都府宇治市平尾台４－５－１７" }, "geometry": { "type": "Point", "coordinates": [ 135.812209, 34.924878 ] } },
{ "type": "Feature", "properties": { "ID": 2652652000660.0, "正式名称": "あんず薬局", "機関区分": 5, "都道府県コード": 26, "市区町村コード": 204, "所在地": "京都府宇治市小倉町南堀池９０－８０", "緯度": 34.893325, "経度": 135.778741, "url": "https://www.iryou.teikyouseido.mhlw.go.jp/znk-web/juminkanja/S2430/initialize?prefCd=26&kikanCd=2652000660&kikanKbn=5", "url2": null, "内容": "あんず薬局【5:薬局】京都府宇治市小倉町南堀池９０－８０" }, "geometry": { "type": "Point", "coordinates": [ 135.778741, 34.893325 ] } },
{ "type": "Feature", "properties": { "ID": 2652652000661.0, "正式名称": "長池薬局", "機関区分": 5, "都道府県コード": 26, "市区町村コード": 207, "所在地": "京都府城陽市長池北清水２４", "緯度": 34.841139, "経度": 135.790344, "url": "https://www.iryou.teikyouseido.mhlw.go.jp/znk-web/juminkanja/S2430/initialize?prefCd=26&kikanCd=2652000661&kikanKbn=5", "url2": null, "内容": "長池薬局【5:薬局】京都府城陽市長池北清水２４" }, "geometry": { "type": "Point", "coordinates": [ 135.790344, 34.841139 ] } },
{ "type": "Feature", "properties": { "ID": 2652652000662.0, "正式名称": "ダンチ・センター薬局", "機関区分": 5, "都道府県コード": 26, "市区町村コード": 210, "所在地": "京都府八幡市男山八望３－２　ファミール樟葉男山１階", "緯度": 34.862243, "経度": 135.696139, "url": "https://www.iryou.teikyouseido.mhlw.go.jp/znk-web/juminkanja/S2430/initialize?prefCd=26&kikanCd=2652000662&kikanKbn=5", "url2": "https://meron-net.shop/ds/danchi", "内容": "ダンチ・センター薬局【5:薬局】京都府八幡市男山八望３－２　ファミール樟葉男山１階" }, "geometry": { "type": "Point", "coordinates": [ 135.696139, 34.862243 ] } },
{ "type": "Feature", "properties": { "ID": 2652652000663.0, "正式名称": "ダンチ・センター薬局　市役所前店", "機関区分": 5, "都道府県コード": 26, "市区町村コード": 210, "所在地": "京都府八幡市八幡三本橋１８－１０", "緯度": 34.876631, "経度": 135.706387, "url": "https://www.iryou.teikyouseido.mhlw.go.jp/znk-web/juminkanja/S2430/initialize?prefCd=26&kikanCd=2652000663&kikanKbn=5", "url2": null, "内容": "ダンチ・センター薬局　市役所前店【5:薬局】京都府八幡市八幡三本橋１８－１０" }, "geometry": { "type": "Point", "coordinates": [ 135.706387, 34.876631 ] } },
{ "type": "Feature", "properties": { "ID": 2652652000664.0, "正式名称": "中央薬局", "機関区分": 5, "都道府県コード": 26, "市区町村コード": 204, "所在地": "京都府宇治市木幡南端７２番地１", "緯度": 34.917712, "経度": 135.801266, "url": "https://www.iryou.teikyouseido.mhlw.go.jp/znk-web/juminkanja/S2430/initialize?prefCd=26&kikanCd=2652000664&kikanKbn=5", "url2": null, "内容": "中央薬局【5:薬局】京都府宇治市木幡南端７２番地１" }, "geometry": { "type": "Point", "coordinates": [ 135.801266, 34.917712 ] } },
{ "type": "Feature", "properties": { "ID": 2652652000669.0, "正式名称": "なごみグリーン薬局", "機関区分": 5, "都道府県コード": 26, "市区町村コード": 210, "所在地": "京都府八幡市戸津奥谷５２－８", "緯度": 34.84869, "経度": 135.714443, "url": "https://www.iryou.teikyouseido.mhlw.go.jp/znk-web/juminkanja/S2430/initialize?prefCd=26&kikanCd=2652000669&kikanKbn=5", "url2": "https://www.bing.com/ck/a?!&&p=fe22e84cd194ecee9e4d4a5696d60d71e4608fecd17826c698c9b80dc38e3f72JmltdHM9MTc2NzY1NzYwMA&ptn=3&ver=2&hsh=4&fclid=01158219-8237-69fd-1201-8fae836b68e4&psq=%e3%81%aa%e3%81%94%e3%81%bf%e3%82%b0%e3%83%aa%e3%83%bc%e3%83%b3%e8%96%ac%e5%b1%80&u=a1aHR0cDovL25hZ29taS1ncmVlbi5jb20", "内容": "なごみグリーン薬局【5:薬局】京都府八幡市戸津奥谷５２－８" }, "geometry": { "type": "Point", "coordinates": [ 135.714443, 34.84869 ] } },
{ "type": "Feature", "properties": { "ID": 2652652000670.0, "正式名称": "ファルコ薬局　小倉店", "機関区分": 5, "都道府県コード": 26, "市区町村コード": 204, "所在地": "京都府宇治市小倉町西畑４０－４０", "緯度": 34.888936, "経度": 135.782963, "url": "https://www.iryou.teikyouseido.mhlw.go.jp/znk-web/juminkanja/S2430/initialize?prefCd=26&kikanCd=2652000670&kikanKbn=5", "url2": "http://www.falco-pharm.co.jp/", "内容": "ファルコ薬局　小倉店【5:薬局】京都府宇治市小倉町西畑４０－４０" }, "geometry": { "type": "Point", "coordinates": [ 135.782963, 34.888936 ] } },
{ "type": "Feature", "properties": { "ID": 2652652000673.0, "正式名称": "アイン薬局　宇治店", "機関区分": 5, "都道府県コード": 26, "市区町村コード": 204, "所在地": "京都府宇治市神明石塚５４－５１２", "緯度": 34.884881, "経度": 135.78563, "url": "https://www.iryou.teikyouseido.mhlw.go.jp/znk-web/juminkanja/S2430/initialize?prefCd=26&kikanCd=2652000673&kikanKbn=5", "url2": "http://www.ainj.co.jp/", "内容": "アイン薬局　宇治店【5:薬局】京都府宇治市神明石塚５４－５１２" }, "geometry": { "type": "Point", "coordinates": [ 135.78563, 34.884881 ] } },
{ "type": "Feature", "properties": { "ID": 2652652000674.0, "正式名称": "久御山かのん薬局", "機関区分": 5, "都道府県コード": 26, "市区町村コード": 322, "所在地": "京都府久世郡久御山町佐古内屋敷４５－１", "緯度": 34.87802, "経度": 135.751605, "url": "https://www.iryou.teikyouseido.mhlw.go.jp/znk-web/juminkanja/S2430/initialize?prefCd=26&kikanCd=2652000674&kikanKbn=5", "url2": null, "内容": "久御山かのん薬局【5:薬局】京都府久世郡久御山町佐古内屋敷４５－１" }, "geometry": { "type": "Point", "coordinates": [ 135.751605, 34.87802 ] } },
{ "type": "Feature", "properties": { "ID": 2652652000676.0, "正式名称": "ドクトル薬局", "機関区分": 5, "都道府県コード": 26, "市区町村コード": 204, "所在地": "京都府宇治市木幡南山畑３７番地２４", "緯度": 34.9221, "経度": 135.799683, "url": "https://www.iryou.teikyouseido.mhlw.go.jp/znk-web/juminkanja/S2430/initialize?prefCd=26&kikanCd=2652000676&kikanKbn=5", "url2": null, "内容": "ドクトル薬局【5:薬局】京都府宇治市木幡南山畑３７番地２４" }, "geometry": { "type": "Point", "coordinates": [ 135.799683, 34.9221 ] } },
{ "type": "Feature", "properties": { "ID": 2652652000677.0, "正式名称": "松田明聖堂薬局", "機関区分": 5, "都道府県コード": 26, "市区町村コード": 204, "所在地": "京都府宇治市木幡西浦５５－１", "緯度": 34.921156, "経度": 135.794797, "url": "https://www.iryou.teikyouseido.mhlw.go.jp/znk-web/juminkanja/S2430/initialize?prefCd=26&kikanCd=2652000677&kikanKbn=5", "url2": "matsuda-kanpou.com", "内容": "松田明聖堂薬局【5:薬局】京都府宇治市木幡西浦５５－１" }, "geometry": { "type": "Point", "coordinates": [ 135.794797, 34.921156 ] } },
{ "type": "Feature", "properties": { "ID": 2652652000679.0, "正式名称": "カイセイ薬局", "機関区分": 5, "都道府県コード": 26, "市区町村コード": 211, "所在地": "京都府京田辺市山手中央１－１２　ローソン松井山手駅前店内", "緯度": 34.832553, "経度": 135.727887, "url": "https://www.iryou.teikyouseido.mhlw.go.jp/znk-web/juminkanja/S2430/initialize?prefCd=26&kikanCd=2652000679&kikanKbn=5", "url2": "http://www.ikuseikai.org/", "内容": "カイセイ薬局【5:薬局】京都府京田辺市山手中央１－１２　ローソン松井山手駅前店内" }, "geometry": { "type": "Point", "coordinates": [ 135.727887, 34.832553 ] } },
{ "type": "Feature", "properties": { "ID": 2652652000680.0, "正式名称": "青葉堂薬局", "機関区分": 5, "都道府県コード": 26, "市区町村コード": 210, "所在地": "京都府八幡市八幡樋ノ口３－１６", "緯度": 34.888103, "経度": 135.719641, "url": "https://www.iryou.teikyouseido.mhlw.go.jp/znk-web/juminkanja/S2430/initialize?prefCd=26&kikanCd=2652000680&kikanKbn=5", "url2": "http://www.aobado.com", "内容": "青葉堂薬局【5:薬局】京都府八幡市八幡樋ノ口３－１６" }, "geometry": { "type": "Point", "coordinates": [ 135.719641, 34.888103 ] } },
{ "type": "Feature", "properties": { "ID": 2652652000681.0, "正式名称": "慈椿堂薬局", "機関区分": 5, "都道府県コード": 26, "市区町村コード": 207, "所在地": "京都府城陽市寺田尺後２６－１２", "緯度": 34.856773, "経度": 135.772188, "url": "https://www.iryou.teikyouseido.mhlw.go.jp/znk-web/juminkanja/S2430/initialize?prefCd=26&kikanCd=2652000681&kikanKbn=5", "url2": null, "内容": "慈椿堂薬局【5:薬局】京都府城陽市寺田尺後２６－１２" }, "geometry": { "type": "Point", "coordinates": [ 135.772188, 34.856773 ] } },
{ "type": "Feature", "properties": { "ID": 2652652000682.0, "正式名称": "フロンティア薬局　宇治駅前店", "機関区分": 5, "都道府県コード": 26, "市区町村コード": 204, "所在地": "京都府宇治市宇治戸ノ内４", "緯度": 34.891298, "経度": 135.800767, "url": "https://www.iryou.teikyouseido.mhlw.go.jp/znk-web/juminkanja/S2430/initialize?prefCd=26&kikanCd=2652000682&kikanKbn=5", "url2": null, "内容": "フロンティア薬局　宇治駅前店【5:薬局】京都府宇治市宇治戸ノ内４" }, "geometry": { "type": "Point", "coordinates": [ 135.800767, 34.891298 ] } },
{ "type": "Feature", "properties": { "ID": 2652652000683.0, "正式名称": "もみじ薬局", "機関区分": 5, "都道府県コード": 26, "市区町村コード": 204, "所在地": "京都府宇治市宇治里尻２２番地の２０", "緯度": 34.89202, "経度": 135.801795, "url": "https://www.iryou.teikyouseido.mhlw.go.jp/znk-web/juminkanja/S2430/initialize?prefCd=26&kikanCd=2652000683&kikanKbn=5", "url2": null, "内容": "もみじ薬局【5:薬局】京都府宇治市宇治里尻２２番地の２０" }, "geometry": { "type": "Point", "coordinates": [ 135.801795, 34.89202 ] } },
{ "type": "Feature", "properties": { "ID": 2652652000688.0, "正式名称": "春日薬局", "機関区分": 5, "都道府県コード": 26, "市区町村コード": 207, "所在地": "京都府城陽市富野西垣内３２", "緯度": 34.838636, "経度": 135.775661, "url": "https://www.iryou.teikyouseido.mhlw.go.jp/znk-web/juminkanja/S2430/initialize?prefCd=26&kikanCd=2652000688&kikanKbn=5", "url2": null, "内容": "春日薬局【5:薬局】京都府城陽市富野西垣内３２" }, "geometry": { "type": "Point", "coordinates": [ 135.775661, 34.838636 ] } },
{ "type": "Feature", "properties": { "ID": 2652652000690.0, "正式名称": "テイコクファミリー薬局　城陽店", "機関区分": 5, "都道府県コード": 26, "市区町村コード": 207, "所在地": "京都府城陽市枇杷庄鹿背田６２", "緯度": 34.839525, "経度": 135.773217, "url": "https://www.iryou.teikyouseido.mhlw.go.jp/znk-web/juminkanja/S2430/initialize?prefCd=26&kikanCd=2652000690&kikanKbn=5", "url2": "http://www.teikoku-drugstore.co.jp", "内容": "テイコクファミリー薬局　城陽店【5:薬局】京都府城陽市枇杷庄鹿背田６２" }, "geometry": { "type": "Point", "coordinates": [ 135.773217, 34.839525 ] } },
{ "type": "Feature", "properties": { "ID": 2652652000691.0, "正式名称": "ファルコ薬局　平川店", "機関区分": 5, "都道府県コード": 26, "市区町村コード": 207, "所在地": "京都府城陽市平川西六反３４番地ノ１", "緯度": 34.864911, "経度": 135.761744, "url": "https://www.iryou.teikyouseido.mhlw.go.jp/znk-web/juminkanja/S2430/initialize?prefCd=26&kikanCd=2652000691&kikanKbn=5", "url2": "http://www.falco-pharm.co.jp/", "内容": "ファルコ薬局　平川店【5:薬局】京都府城陽市平川西六反３４番地ノ１" }, "geometry": { "type": "Point", "coordinates": [ 135.761744, 34.864911 ] } },
{ "type": "Feature", "properties": { "ID": 2652652000692.0, "正式名称": "れもん薬局", "機関区分": 5, "都道府県コード": 26, "市区町村コード": 207, "所在地": "京都府城陽市寺田水度坂１５番地１７０", "緯度": 34.85469, "経度": 135.782076, "url": "https://www.iryou.teikyouseido.mhlw.go.jp/znk-web/juminkanja/S2430/initialize?prefCd=26&kikanCd=2652000692&kikanKbn=5", "url2": "http://www.e-classa.net/lemon-p/", "内容": "れもん薬局【5:薬局】京都府城陽市寺田水度坂１５番地１７０" }, "geometry": { "type": "Point", "coordinates": [ 135.782076, 34.85469 ] } },
{ "type": "Feature", "properties": { "ID": 2652652000693.0, "正式名称": "春日薬局　城陽駅前支店", "機関区分": 5, "都道府県コード": 26, "市区町村コード": 207, "所在地": "京都府城陽市寺田林ノ口２－２３　中塚ビル１Ｆ", "緯度": 34.855662, "経度": 135.781298, "url": "https://www.iryou.teikyouseido.mhlw.go.jp/znk-web/juminkanja/S2430/initialize?prefCd=26&kikanCd=2652000693&kikanKbn=5", "url2": null, "内容": "春日薬局　城陽駅前支店【5:薬局】京都府城陽市寺田林ノ口２－２３　中塚ビル１Ｆ" }, "geometry": { "type": "Point", "coordinates": [ 135.781298, 34.855662 ] } },
{ "type": "Feature", "properties": { "ID": 2652652000694.0, "正式名称": "ａｋ薬局男山店", "機関区分": 5, "都道府県コード": 26, "市区町村コード": 210, "所在地": "京都府八幡市男山長沢２３－１０", "緯度": 34.864438, "経度": 135.693528, "url": "https://www.iryou.teikyouseido.mhlw.go.jp/znk-web/juminkanja/S2430/initialize?prefCd=26&kikanCd=2652000694&kikanKbn=5", "url2": null, "内容": "ａｋ薬局男山店【5:薬局】京都府八幡市男山長沢２３－１０" }, "geometry": { "type": "Point", "coordinates": [ 135.693528, 34.864438 ] } },
{ "type": "Feature", "properties": { "ID": 2652652000695.0, "正式名称": "三和薬局", "機関区分": 5, "都道府県コード": 26, "市区町村コード": 211, "所在地": "京都府京田辺市田辺中央１丁目６番地３", "緯度": 34.82061, "経度": 135.77044, "url": "https://www.iryou.teikyouseido.mhlw.go.jp/znk-web/juminkanja/S2430/initialize?prefCd=26&kikanCd=2652000695&kikanKbn=5", "url2": "http://www.e-classa.net/sanwa-pharmacy/", "内容": "三和薬局【5:薬局】京都府京田辺市田辺中央１丁目６番地３" }, "geometry": { "type": "Point", "coordinates": [ 135.77044, 34.82061 ] } },
{ "type": "Feature", "properties": { "ID": 2652652000696.0, "正式名称": "六地蔵ゆう薬局", "機関区分": 5, "都道府県コード": 26, "市区町村コード": 204, "所在地": "京都府宇治市六地蔵町並４２番地町並ビル１階", "緯度": 34.932829, "経度": 135.798827, "url": "https://www.iryou.teikyouseido.mhlw.go.jp/znk-web/juminkanja/S2430/initialize?prefCd=26&kikanCd=2652000696&kikanKbn=5", "url2": "http://www.uno-upd.co.jp/", "内容": "六地蔵ゆう薬局【5:薬局】京都府宇治市六地蔵町並４２番地町並ビル１階" }, "geometry": { "type": "Point", "coordinates": [ 135.798827, 34.932829 ] } },
{ "type": "Feature", "properties": { "ID": 2652652000697.0, "正式名称": "京寿薬局　田辺西店", "機関区分": 5, "都道府県コード": 26, "市区町村コード": 211, "所在地": "京都府京田辺市田辺中央六丁目２番地４", "緯度": 34.821999, "経度": 135.772282, "url": "https://www.iryou.teikyouseido.mhlw.go.jp/znk-web/juminkanja/S2430/initialize?prefCd=26&kikanCd=2652000697&kikanKbn=5", "url2": "https://www.keijyu.com", "内容": "京寿薬局　田辺西店【5:薬局】京都府京田辺市田辺中央六丁目２番地４" }, "geometry": { "type": "Point", "coordinates": [ 135.772282, 34.821999 ] } },
{ "type": "Feature", "properties": { "ID": 2652652000699.0, "正式名称": "ミタニ薬局", "機関区分": 5, "都道府県コード": 26, "市区町村コード": 214, "所在地": "京都府木津川市山城町平尾南払戸１０５－２", "緯度": 34.774727, "経度": 135.814883, "url": "https://www.iryou.teikyouseido.mhlw.go.jp/znk-web/juminkanja/S2430/initialize?prefCd=26&kikanCd=2652000699&kikanKbn=5", "url2": "https://www.mitani-drug.com/", "内容": "ミタニ薬局【5:薬局】京都府木津川市山城町平尾南払戸１０５－２" }, "geometry": { "type": "Point", "coordinates": [ 135.814883, 34.774727 ] } },
{ "type": "Feature", "properties": { "ID": 2652652000702.0, "正式名称": "メイプル薬局　木津川台店", "機関区分": 5, "都道府県コード": 26, "市区町村コード": 214, "所在地": "京都府木津川市吐師宮ノ前１５－８", "緯度": 34.745024, "経度": 135.794101, "url": "https://www.iryou.teikyouseido.mhlw.go.jp/znk-web/juminkanja/S2430/initialize?prefCd=26&kikanCd=2652000702&kikanKbn=5", "url2": null, "内容": "メイプル薬局　木津川台店【5:薬局】京都府木津川市吐師宮ノ前１５－８" }, "geometry": { "type": "Point", "coordinates": [ 135.794101, 34.745024 ] } },
{ "type": "Feature", "properties": { "ID": 2652652000704.0, "正式名称": "株式会社すずらん薬局", "機関区分": 5, "都道府県コード": 26, "市区町村コード": 214, "所在地": "京都府木津川市相楽高下４２－９", "緯度": 34.736953, "経度": 135.804913, "url": "https://www.iryou.teikyouseido.mhlw.go.jp/znk-web/juminkanja/S2430/initialize?prefCd=26&kikanCd=2652000704&kikanKbn=5", "url2": "http://www.pharmacy-suzuran.com/", "内容": "株式会社すずらん薬局【5:薬局】京都府木津川市相楽高下４２－９" }, "geometry": { "type": "Point", "coordinates": [ 135.804913, 34.736953 ] } },
{ "type": "Feature", "properties": { "ID": 2652652000705.0, "正式名称": "はたけやま薬局", "機関区分": 5, "都道府県コード": 26, "市区町村コード": 214, "所在地": "京都府木津川市木津町西垣外３８－２", "緯度": 34.736564, "経度": 135.817301, "url": "https://www.iryou.teikyouseido.mhlw.go.jp/znk-web/juminkanja/S2430/initialize?prefCd=26&kikanCd=2652000705&kikanKbn=5", "url2": null, "内容": "はたけやま薬局【5:薬局】京都府木津川市木津町西垣外３８－２" }, "geometry": { "type": "Point", "coordinates": [ 135.817301, 34.736564 ] } },
{ "type": "Feature", "properties": { "ID": 2652652000706.0, "正式名称": "木津ケアーズ薬局", "機関区分": 5, "都道府県コード": 26, "市区町村コード": 214, "所在地": "京都府木津川市木津池田２０番地", "緯度": 34.735898, "経度": 135.822051, "url": "https://www.iryou.teikyouseido.mhlw.go.jp/znk-web/juminkanja/S2430/initialize?prefCd=26&kikanCd=2652000706&kikanKbn=5", "url2": "https://caresdrug.com/store.html", "内容": "木津ケアーズ薬局【5:薬局】京都府木津川市木津池田２０番地" }, "geometry": { "type": "Point", "coordinates": [ 135.822051, 34.735898 ] } },
{ "type": "Feature", "properties": { "ID": 2652652000708.0, "正式名称": "小西薬局", "機関区分": 5, "都道府県コード": 26, "市区町村コード": 214, "所在地": "京都府木津川市加茂町里中森６０", "緯度": 34.756535, "経度": 135.869629, "url": "https://www.iryou.teikyouseido.mhlw.go.jp/znk-web/juminkanja/S2430/initialize?prefCd=26&kikanCd=2652000708&kikanKbn=5", "url2": null, "内容": "小西薬局【5:薬局】京都府木津川市加茂町里中森６０" }, "geometry": { "type": "Point", "coordinates": [ 135.869629, 34.756535 ] } },
{ "type": "Feature", "properties": { "ID": 2652652000719.0, "正式名称": "サン薬局桜ヶ丘店", "機関区分": 5, "都道府県コード": 26, "市区町村コード": 366, "所在地": "京都府相楽郡精華町桜ヶ丘４－２４－１４", "緯度": 34.725759, "経度": 135.774277, "url": "https://www.iryou.teikyouseido.mhlw.go.jp/znk-web/juminkanja/S2430/initialize?prefCd=26&kikanCd=2652000719&kikanKbn=5", "url2": "http://kansaimedico.com/", "内容": "サン薬局桜ヶ丘店【5:薬局】京都府相楽郡精華町桜ヶ丘４－２４－１４" }, "geometry": { "type": "Point", "coordinates": [ 135.774277, 34.725759 ] } },
{ "type": "Feature", "properties": { "ID": 2652652000722.0, "正式名称": "ハート薬局", "機関区分": 5, "都道府県コード": 26, "市区町村コード": 214, "所在地": "京都府木津川市州見台五丁目２１番地８", "緯度": 34.717261, "経度": 135.834495, "url": "https://www.iryou.teikyouseido.mhlw.go.jp/znk-web/juminkanja/S2430/initialize?prefCd=26&kikanCd=2652000722&kikanKbn=5", "url2": null, "内容": "ハート薬局【5:薬局】京都府木津川市州見台五丁目２１番地８" }, "geometry": { "type": "Point", "coordinates": [ 135.834495, 34.717261 ] } },
{ "type": "Feature", "properties": { "ID": 2652652000723.0, "正式名称": "つばさ薬局", "機関区分": 5, "都道府県コード": 26, "市区町村コード": 214, "所在地": "京都府木津川市兜台７丁目１０－２", "緯度": 34.727482, "経度": 135.787443, "url": "https://www.iryou.teikyouseido.mhlw.go.jp/znk-web/juminkanja/S2430/initialize?prefCd=26&kikanCd=2652000723&kikanKbn=5", "url2": null, "内容": "つばさ薬局【5:薬局】京都府木津川市兜台７丁目１０－２" }, "geometry": { "type": "Point", "coordinates": [ 135.787443, 34.727482 ] } },
{ "type": "Feature", "properties": { "ID": 2652652000724.0, "正式名称": "スズキ薬局　精華台店", "機関区分": 5, "都道府県コード": 26, "市区町村コード": 366, "所在地": "京都府相楽郡精華町精華台９－２－４　アピタタウン南館２Ｆ", "緯度": 34.746646, "経度": 135.770777, "url": "https://www.iryou.teikyouseido.mhlw.go.jp/znk-web/juminkanja/S2430/initialize?prefCd=26&kikanCd=2652000724&kikanKbn=5", "url2": "http://www.suzukiph.co.jp/", "内容": "スズキ薬局　精華台店【5:薬局】京都府相楽郡精華町精華台９－２－４　アピタタウン南館２Ｆ" }, "geometry": { "type": "Point", "coordinates": [ 135.770777, 34.746646 ] } },
{ "type": "Feature", "properties": { "ID": 2652652000729.0, "正式名称": "サン薬局木津店", "機関区分": 5, "都道府県コード": 26, "市区町村コード": 214, "所在地": "京都府木津川市木津駅前１丁目１９番地", "緯度": 34.73612, "経度": 135.822995, "url": "https://www.iryou.teikyouseido.mhlw.go.jp/znk-web/juminkanja/S2430/initialize?prefCd=26&kikanCd=2652000729&kikanKbn=5", "url2": "http://kansaimedico.com/", "内容": "サン薬局木津店【5:薬局】京都府木津川市木津駅前１丁目１９番地" }, "geometry": { "type": "Point", "coordinates": [ 135.822995, 34.73612 ] } },
{ "type": "Feature", "properties": { "ID": 2652652000732.0, "正式名称": "寿屋薬局", "機関区分": 5, "都道府県コード": 26, "市区町村コード": 206, "所在地": "京都府亀岡市横町１３番地", "緯度": 35.009642, "経度": 135.583558, "url": "https://www.iryou.teikyouseido.mhlw.go.jp/znk-web/juminkanja/S2430/initialize?prefCd=26&kikanCd=2652000732&kikanKbn=5", "url2": "http://www.kotobukiya-yakkyoku.com", "内容": "寿屋薬局【5:薬局】京都府亀岡市横町１３番地" }, "geometry": { "type": "Point", "coordinates": [ 135.583558, 35.009642 ] } },
{ "type": "Feature", "properties": { "ID": 2652652000733.0, "正式名称": "モチヅキ薬局", "機関区分": 5, "都道府県コード": 26, "市区町村コード": 206, "所在地": "京都府亀岡市新町１８", "緯度": 35.009948, "経度": 135.580364, "url": "https://www.iryou.teikyouseido.mhlw.go.jp/znk-web/juminkanja/S2430/initialize?prefCd=26&kikanCd=2652000733&kikanKbn=5", "url2": null, "内容": "モチヅキ薬局【5:薬局】京都府亀岡市新町１８" }, "geometry": { "type": "Point", "coordinates": [ 135.580364, 35.009948 ] } },
{ "type": "Feature", "properties": { "ID": 2652652000738.0, "正式名称": "池田薬局", "機関区分": 5, "都道府県コード": 26, "市区町村コード": 206, "所在地": "京都府亀岡市千代川町小川２丁目１１４－１マツモト千代川店内", "緯度": 35.045943, "経度": 135.546976, "url": "https://www.iryou.teikyouseido.mhlw.go.jp/znk-web/juminkanja/S2430/initialize?prefCd=26&kikanCd=2652000738&kikanKbn=5", "url2": null, "内容": "池田薬局【5:薬局】京都府亀岡市千代川町小川２丁目１１４－１マツモト千代川店内" }, "geometry": { "type": "Point", "coordinates": [ 135.546976, 35.045943 ] } },
{ "type": "Feature", "properties": { "ID": 2652652000740.0, "正式名称": "株式会社ひまわり薬局亀岡店", "機関区分": 5, "都道府県コード": 26, "市区町村コード": 206, "所在地": "京都府亀岡市篠町広田１丁目３２番－１２", "緯度": 35.00331, "経度": 135.595751, "url": "https://www.iryou.teikyouseido.mhlw.go.jp/znk-web/juminkanja/S2430/initialize?prefCd=26&kikanCd=2652000740&kikanKbn=5", "url2": "https://himawariph.web.fc2.com/index.html", "内容": "株式会社ひまわり薬局亀岡店【5:薬局】京都府亀岡市篠町広田１丁目３２番－１２" }, "geometry": { "type": "Point", "coordinates": [ 135.595751, 35.00331 ] } },
{ "type": "Feature", "properties": { "ID": 2652652000742.0, "正式名称": "ちよかわ薬局", "機関区分": 5, "都道府県コード": 26, "市区町村コード": 206, "所在地": "京都府亀岡市千代川町千原１－３４－４", "緯度": 35.048583, "経度": 135.544982, "url": "https://www.iryou.teikyouseido.mhlw.go.jp/znk-web/juminkanja/S2430/initialize?prefCd=26&kikanCd=2652000742&kikanKbn=5", "url2": null, "内容": "ちよかわ薬局【5:薬局】京都府亀岡市千代川町千原１－３４－４" }, "geometry": { "type": "Point", "coordinates": [ 135.544982, 35.048583 ] } },
{ "type": "Feature", "properties": { "ID": 2652652000743.0, "正式名称": "すずらん薬局広田店", "機関区分": 5, "都道府県コード": 26, "市区町村コード": 206, "所在地": "京都府亀岡市篠町広田２丁目３８－１", "緯度": 34.99856, "経度": 135.595002, "url": "https://www.iryou.teikyouseido.mhlw.go.jp/znk-web/juminkanja/S2430/initialize?prefCd=26&kikanCd=2652000743&kikanKbn=5", "url2": null, "内容": "すずらん薬局広田店【5:薬局】京都府亀岡市篠町広田２丁目３８－１" }, "geometry": { "type": "Point", "coordinates": [ 135.595002, 34.99856 ] } },
{ "type": "Feature", "properties": { "ID": 2652652000745.0, "正式名称": "アイン薬局亀岡店", "機関区分": 5, "都道府県コード": 26, "市区町村コード": 206, "所在地": "京都府亀岡市篠町篠下北裏３８－１", "緯度": 35.007337, "経度": 135.603862, "url": "https://www.iryou.teikyouseido.mhlw.go.jp/znk-web/juminkanja/S2430/initialize?prefCd=26&kikanCd=2652000745&kikanKbn=5", "url2": "http://www.ainj.co.jp/", "内容": "アイン薬局亀岡店【5:薬局】京都府亀岡市篠町篠下北裏３８－１" }, "geometry": { "type": "Point", "coordinates": [ 135.603862, 35.007337 ] } },
{ "type": "Feature", "properties": { "ID": 2652652000747.0, "正式名称": "あい薬局　千代川店", "機関区分": 5, "都道府県コード": 26, "市区町村コード": 206, "所在地": "京都府亀岡市千代川町小林前田１４３", "緯度": 35.039166, "経度": 135.54992, "url": "https://www.iryou.teikyouseido.mhlw.go.jp/znk-web/juminkanja/S2430/initialize?prefCd=26&kikanCd=2652000747&kikanKbn=5", "url2": "https://www.d-yutaka.co.jp/shop/15014.html", "内容": "あい薬局　千代川店【5:薬局】京都府亀岡市千代川町小林前田１４３" }, "geometry": { "type": "Point", "coordinates": [ 135.54992, 35.039166 ] } },
{ "type": "Feature", "properties": { "ID": 2652652000748.0, "正式名称": "スギ薬局　馬堀店", "機関区分": 5, "都道府県コード": 26, "市区町村コード": 206, "所在地": "京都府亀岡市篠町馬堀伊賀ノ辻８－５", "緯度": 35.006087, "経度": 135.60189, "url": "https://www.iryou.teikyouseido.mhlw.go.jp/znk-web/juminkanja/S2430/initialize?prefCd=26&kikanCd=2652000748&kikanKbn=5", "url2": "http://www.drug-sugi.co.jp/", "内容": "スギ薬局　馬堀店【5:薬局】京都府亀岡市篠町馬堀伊賀ノ辻８－５" }, "geometry": { "type": "Point", "coordinates": [ 135.60189, 35.006087 ] } },
{ "type": "Feature", "properties": { "ID": 2652652000751.0, "正式名称": "竹中薬局", "機関区分": 5, "都道府県コード": 26, "市区町村コード": 213, "所在地": "京都府南丹市園部町上本町１０", "緯度": 35.110469, "経度": 135.471137, "url": "https://www.iryou.teikyouseido.mhlw.go.jp/znk-web/juminkanja/S2430/initialize?prefCd=26&kikanCd=2652000751&kikanKbn=5", "url2": null, "内容": "竹中薬局【5:薬局】京都府南丹市園部町上本町１０" }, "geometry": { "type": "Point", "coordinates": [ 135.471137, 35.110469 ] } },
{ "type": "Feature", "properties": { "ID": 2652652000752.0, "正式名称": "まつみ薬局", "機関区分": 5, "都道府県コード": 26, "市区町村コード": 213, "所在地": "京都府南丹市園部町本町１２０番地", "緯度": 35.110407, "経度": 135.473618, "url": "https://www.iryou.teikyouseido.mhlw.go.jp/znk-web/juminkanja/S2430/initialize?prefCd=26&kikanCd=2652000752&kikanKbn=5", "url2": "http://www.matsumi-drug.com/", "内容": "まつみ薬局【5:薬局】京都府南丹市園部町本町１２０番地" }, "geometry": { "type": "Point", "coordinates": [ 135.473618, 35.110407 ] } },
{ "type": "Feature", "properties": { "ID": 2652652000753.0, "正式名称": "八木ゆう薬局", "機関区分": 5, "都道府県コード": 26, "市区町村コード": 213, "所在地": "京都府南丹市八木町八木上野２４番地の３", "緯度": 35.070718, "経度": 135.531504, "url": "https://www.iryou.teikyouseido.mhlw.go.jp/znk-web/juminkanja/S2430/initialize?prefCd=26&kikanCd=2652000753&kikanKbn=5", "url2": "http://www.uno-upd.co.jp/", "内容": "八木ゆう薬局【5:薬局】京都府南丹市八木町八木上野２４番地の３" }, "geometry": { "type": "Point", "coordinates": [ 135.531504, 35.070718 ] } },
{ "type": "Feature", "properties": { "ID": 2652652000754.0, "正式名称": "タンバヤ薬局", "機関区分": 5, "都道府県コード": 26, "市区町村コード": 213, "所在地": "京都府南丹市八木町八木杉ノ前３２番地５", "緯度": 35.070515, "経度": 135.533387, "url": "https://www.iryou.teikyouseido.mhlw.go.jp/znk-web/juminkanja/S2430/initialize?prefCd=26&kikanCd=2652000754&kikanKbn=5", "url2": null, "内容": "タンバヤ薬局【5:薬局】京都府南丹市八木町八木杉ノ前３２番地５" }, "geometry": { "type": "Point", "coordinates": [ 135.533387, 35.070515 ] } },
{ "type": "Feature", "properties": { "ID": 2652652000755.0, "正式名称": "フロンティア薬局八木店", "機関区分": 5, "都道府県コード": 26, "市区町村コード": 213, "所在地": "京都府南丹市八木町八木上野２５の５", "緯度": 35.07094, "経度": 135.531365, "url": "https://www.iryou.teikyouseido.mhlw.go.jp/znk-web/juminkanja/S2430/initialize?prefCd=26&kikanCd=2652000755&kikanKbn=5", "url2": "https://www.frontier-ph.com/", "内容": "フロンティア薬局八木店【5:薬局】京都府南丹市八木町八木上野２５の５" }, "geometry": { "type": "Point", "coordinates": [ 135.531365, 35.07094 ] } },
{ "type": "Feature", "properties": { "ID": 2652652000757.0, "正式名称": "日本調剤　船井薬局", "機関区分": 5, "都道府県コード": 26, "市区町村コード": 213, "所在地": "京都府南丹市八木町八木東久保１６", "緯度": 35.071218, "経度": 135.531559, "url": "https://www.iryou.teikyouseido.mhlw.go.jp/znk-web/juminkanja/S2430/initialize?prefCd=26&kikanCd=2652000757&kikanKbn=5", "url2": "http://www.nicho.co.jp/tenpo/hunai/", "内容": "日本調剤　船井薬局【5:薬局】京都府南丹市八木町八木東久保１６" }, "geometry": { "type": "Point", "coordinates": [ 135.531559, 35.071218 ] } },
{ "type": "Feature", "properties": { "ID": 2652652000758.0, "正式名称": "藤坂薬局", "機関区分": 5, "都道府県コード": 26, "市区町村コード": 407, "所在地": "京都府船井郡京丹波町須知新町５９", "緯度": 35.153458, "経度": 135.426009, "url": "https://www.iryou.teikyouseido.mhlw.go.jp/znk-web/juminkanja/S2430/initialize?prefCd=26&kikanCd=2652000758&kikanKbn=5", "url2": null, "内容": "藤坂薬局【5:薬局】京都府船井郡京丹波町須知新町５９" }, "geometry": { "type": "Point", "coordinates": [ 135.426009, 35.153458 ] } },
{ "type": "Feature", "properties": { "ID": 2652652000759.0, "正式名称": "あい薬局　馬堀店", "機関区分": 5, "都道府県コード": 26, "市区町村コード": 206, "所在地": "京都府亀岡市篠町見晴５丁目２０－１", "緯度": 35.007893, "経度": 135.604056, "url": "https://www.iryou.teikyouseido.mhlw.go.jp/znk-web/juminkanja/S2430/initialize?prefCd=26&kikanCd=2652000759&kikanKbn=5", "url2": "https://www.d-yutaka.co.jp/shop/15012.html", "内容": "あい薬局　馬堀店【5:薬局】京都府亀岡市篠町見晴５丁目２０－１" }, "geometry": { "type": "Point", "coordinates": [ 135.604056, 35.007893 ] } },
{ "type": "Feature", "properties": { "ID": 2652652000760.0, "正式名称": "阪中薬局", "機関区分": 5, "都道府県コード": 26, "市区町村コード": 213, "所在地": "京都府南丹市美山町和泉蛭子２０－１", "緯度": 35.275113, "経度": 135.550159, "url": "https://www.iryou.teikyouseido.mhlw.go.jp/znk-web/juminkanja/S2430/initialize?prefCd=26&kikanCd=2652000760&kikanKbn=5", "url2": null, "内容": "阪中薬局【5:薬局】京都府南丹市美山町和泉蛭子２０－１" }, "geometry": { "type": "Point", "coordinates": [ 135.550159, 35.275113 ] } },
{ "type": "Feature", "properties": { "ID": 2652652000762.0, "正式名称": "あおい調剤薬局", "機関区分": 5, "都道府県コード": 26, "市区町村コード": 213, "所在地": "京都府南丹市八木町八木鹿草３６番地", "緯度": 35.071746, "経度": 135.534781, "url": "https://www.iryou.teikyouseido.mhlw.go.jp/znk-web/juminkanja/S2430/initialize?prefCd=26&kikanCd=2652000762&kikanKbn=5", "url2": null, "内容": "あおい調剤薬局【5:薬局】京都府南丹市八木町八木鹿草３６番地" }, "geometry": { "type": "Point", "coordinates": [ 135.534781, 35.071746 ] } },
{ "type": "Feature", "properties": { "ID": 2652652000763.0, "正式名称": "平塚薬局　園部", "機関区分": 5, "都道府県コード": 26, "市区町村コード": 213, "所在地": "京都府南丹市園部町横田３号１５１－２", "緯度": 35.108519, "経度": 135.462591, "url": "https://www.iryou.teikyouseido.mhlw.go.jp/znk-web/juminkanja/S2430/initialize?prefCd=26&kikanCd=2652000763&kikanKbn=5", "url2": "https://www.e-classa.net/hiratsuka", "内容": "平塚薬局　園部【5:薬局】京都府南丹市園部町横田３号１５１－２" }, "geometry": { "type": "Point", "coordinates": [ 135.462591, 35.108519 ] } },
{ "type": "Feature", "properties": { "ID": 2652652000768.0, "正式名称": "大村薬局", "機関区分": 5, "都道府県コード": 26, "市区町村コード": 201, "所在地": "京都府福知山市土師宮町２丁目１７６番地", "緯度": 35.292077, "経度": 135.143554, "url": "https://www.iryou.teikyouseido.mhlw.go.jp/znk-web/juminkanja/S2430/initialize?prefCd=26&kikanCd=2652000768&kikanKbn=5", "url2": null, "内容": "大村薬局【5:薬局】京都府福知山市土師宮町２丁目１７６番地" }, "geometry": { "type": "Point", "coordinates": [ 135.143554, 35.292077 ] } },
{ "type": "Feature", "properties": { "ID": 2652652000769.0, "正式名称": "中川薬品株式会社　中川薬局", "機関区分": 5, "都道府県コード": 26, "市区町村コード": 201, "所在地": "京都府福知山市字西長２５番地", "緯度": 35.300964, "経度": 135.126749, "url": "https://www.iryou.teikyouseido.mhlw.go.jp/znk-web/juminkanja/S2430/initialize?prefCd=26&kikanCd=2652000769&kikanKbn=5", "url2": null, "内容": "中川薬品株式会社　中川薬局【5:薬局】京都府福知山市字西長２５番地" }, "geometry": { "type": "Point", "coordinates": [ 135.126749, 35.300964 ] } },
{ "type": "Feature", "properties": { "ID": 2652652000770.0, "正式名称": "ハエヌキ薬局", "機関区分": 5, "都道府県コード": 26, "市区町村コード": 201, "所在地": "京都府福知山市かしの木台３－３８－８", "緯度": 35.321406, "経度": 135.101389, "url": "https://www.iryou.teikyouseido.mhlw.go.jp/znk-web/juminkanja/S2430/initialize?prefCd=26&kikanCd=2652000770&kikanKbn=5", "url2": null, "内容": "ハエヌキ薬局【5:薬局】京都府福知山市かしの木台３－３８－８" }, "geometry": { "type": "Point", "coordinates": [ 135.101389, 35.321406 ] } },
{ "type": "Feature", "properties": { "ID": 2652652000772.0, "正式名称": "豊富薬局", "機関区分": 5, "都道府県コード": 26, "市区町村コード": 201, "所在地": "京都府福知山市新庄１００－２", "緯度": 35.303214, "経度": 135.099084, "url": "https://www.iryou.teikyouseido.mhlw.go.jp/znk-web/juminkanja/S2430/initialize?prefCd=26&kikanCd=2652000772&kikanKbn=5", "url2": null, "内容": "豊富薬局【5:薬局】京都府福知山市新庄１００－２" }, "geometry": { "type": "Point", "coordinates": [ 135.099084, 35.303214 ] } },
{ "type": "Feature", "properties": { "ID": 2652652000775.0, "正式名称": "黄治湯薬品", "機関区分": 5, "都道府県コード": 26, "市区町村コード": 201, "所在地": "京都府福知山市土師宮町２丁目１８２番地", "緯度": 35.292688, "経度": 135.141915, "url": "https://www.iryou.teikyouseido.mhlw.go.jp/znk-web/juminkanja/S2430/initialize?prefCd=26&kikanCd=2652000775&kikanKbn=5", "url2": "https://www.kigusuri.com/shop/oujitou/", "内容": "黄治湯薬品【5:薬局】京都府福知山市土師宮町２丁目１８２番地" }, "geometry": { "type": "Point", "coordinates": [ 135.141915, 35.292688 ] } },
{ "type": "Feature", "properties": { "ID": 2652652000780.0, "正式名称": "日本調剤　福知山薬局", "機関区分": 5, "都道府県コード": 26, "市区町村コード": 201, "所在地": "京都府福知山市篠尾新町３－１１６－１", "緯度": 35.302797, "経度": 135.111806, "url": "https://www.iryou.teikyouseido.mhlw.go.jp/znk-web/juminkanja/S2430/initialize?prefCd=26&kikanCd=2652000780&kikanKbn=5", "url2": "http://www.nicho.co.jp/tenpo/hukutiyama/", "内容": "日本調剤　福知山薬局【5:薬局】京都府福知山市篠尾新町３－１１６－１" }, "geometry": { "type": "Point", "coordinates": [ 135.111806, 35.302797 ] } },
{ "type": "Feature", "properties": { "ID": 2652652000781.0, "正式名称": "ふくちやまゆう薬局", "機関区分": 5, "都道府県コード": 26, "市区町村コード": 201, "所在地": "京都府福知山市篠尾新町３－１１５", "緯度": 35.302746, "経度": 135.111622, "url": "https://www.iryou.teikyouseido.mhlw.go.jp/znk-web/juminkanja/S2430/initialize?prefCd=26&kikanCd=2652000781&kikanKbn=5", "url2": "http://www.uno-upd.co.jp/", "内容": "ふくちやまゆう薬局【5:薬局】京都府福知山市篠尾新町３－１１５" }, "geometry": { "type": "Point", "coordinates": [ 135.111622, 35.302746 ] } },
{ "type": "Feature", "properties": { "ID": 2652652000782.0, "正式名称": "やくの薬局", "機関区分": 5, "都道府県コード": 26, "市区町村コード": 201, "所在地": "京都府福知山市夜久野町直見６２６７－２", "緯度": 35.351595, "経度": 134.949039, "url": "https://www.iryou.teikyouseido.mhlw.go.jp/znk-web/juminkanja/S2430/initialize?prefCd=26&kikanCd=2652000782&kikanKbn=5", "url2": null, "内容": "やくの薬局【5:薬局】京都府福知山市夜久野町直見６２６７－２" }, "geometry": { "type": "Point", "coordinates": [ 134.949039, 35.351595 ] } },
{ "type": "Feature", "properties": { "ID": 2652652000783.0, "正式名称": "えぐち薬局", "機関区分": 5, "都道府県コード": 26, "市区町村コード": 201, "所在地": "京都府福知山市篠尾９３０－４", "緯度": 35.296048, "経度": 135.107779, "url": "https://www.iryou.teikyouseido.mhlw.go.jp/znk-web/juminkanja/S2430/initialize?prefCd=26&kikanCd=2652000783&kikanKbn=5", "url2": null, "内容": "えぐち薬局【5:薬局】京都府福知山市篠尾９３０－４" }, "geometry": { "type": "Point", "coordinates": [ 135.107779, 35.296048 ] } },
{ "type": "Feature", "properties": { "ID": 2652652000792.0, "正式名称": "モリモト薬局", "機関区分": 5, "都道府県コード": 26, "市区町村コード": 203, "所在地": "京都府綾部市西町一丁目４７番地", "緯度": 35.298772, "経度": 135.256794, "url": "https://www.iryou.teikyouseido.mhlw.go.jp/znk-web/juminkanja/S2430/initialize?prefCd=26&kikanCd=2652000792&kikanKbn=5", "url2": "https://www5f.biglobe.ne.jp/~m-yakkyoku/", "内容": "モリモト薬局【5:薬局】京都府綾部市西町一丁目４７番地" }, "geometry": { "type": "Point", "coordinates": [ 135.256794, 35.298772 ] } },
{ "type": "Feature", "properties": { "ID": 2652652000793.0, "正式名称": "モリモト薬局Ｒｉｖｉ店", "機関区分": 5, "都道府県コード": 26, "市区町村コード": 203, "所在地": "京都府綾部市青野町西ノ後４３　由良ビル１階", "緯度": 35.30305, "経度": 135.257738, "url": "https://www.iryou.teikyouseido.mhlw.go.jp/znk-web/juminkanja/S2430/initialize?prefCd=26&kikanCd=2652000793&kikanKbn=5", "url2": "http://www5f.biglobe.ne.jp/~m-yakkyoku/", "内容": "モリモト薬局Ｒｉｖｉ店【5:薬局】京都府綾部市青野町西ノ後４３　由良ビル１階" }, "geometry": { "type": "Point", "coordinates": [ 135.257738, 35.30305 ] } },
{ "type": "Feature", "properties": { "ID": 2652652000798.0, "正式名称": "遠坂実アスパ薬局", "機関区分": 5, "都道府県コード": 26, "市区町村コード": 203, "所在地": "京都府綾部市綾中町　花ノ木３０　アスパ内１階", "緯度": 35.302411, "経度": 135.25771, "url": "https://www.iryou.teikyouseido.mhlw.go.jp/znk-web/juminkanja/S2430/initialize?prefCd=26&kikanCd=2652000798&kikanKbn=5", "url2": "https://www.kusurinomadoguchi.com/kyouto/s1000076186#detail-infomation", "内容": "遠坂実アスパ薬局【5:薬局】京都府綾部市綾中町　花ノ木３０　アスパ内１階" }, "geometry": { "type": "Point", "coordinates": [ 135.25771, 35.302411 ] } },
{ "type": "Feature", "properties": { "ID": 2652652000801.0, "正式名称": "赤尾漢方薬局", "機関区分": 5, "都道府県コード": 26, "市区町村コード": 203, "所在地": "京都府綾部市本町２－３", "緯度": 35.297578, "経度": 135.25946, "url": "https://www.iryou.teikyouseido.mhlw.go.jp/znk-web/juminkanja/S2430/initialize?prefCd=26&kikanCd=2652000801&kikanKbn=5", "url2": "http://akaokanpou.com", "内容": "赤尾漢方薬局【5:薬局】京都府綾部市本町２－３" }, "geometry": { "type": "Point", "coordinates": [ 135.25946, 35.297578 ] } },
{ "type": "Feature", "properties": { "ID": 2652652000803.0, "正式名称": "いさづ薬局", "機関区分": 5, "都道府県コード": 26, "市区町村コード": 202, "所在地": "京都府舞鶴市字伊佐津５４番地１", "緯度": 35.440758, "経度": 135.333448, "url": "https://www.iryou.teikyouseido.mhlw.go.jp/znk-web/juminkanja/S2430/initialize?prefCd=26&kikanCd=2652000803&kikanKbn=5", "url2": null, "内容": "いさづ薬局【5:薬局】京都府舞鶴市字伊佐津５４番地１" }, "geometry": { "type": "Point", "coordinates": [ 135.333448, 35.440758 ] } },
{ "type": "Feature", "properties": { "ID": 2652652000805.0, "正式名称": "クオール薬局しじょう店", "機関区分": 5, "都道府県コード": 26, "市区町村コード": 202, "所在地": "京都府舞鶴市浜１１５０", "緯度": 35.470342, "経度": 135.394578, "url": "https://www.iryou.teikyouseido.mhlw.go.jp/znk-web/juminkanja/S2430/initialize?prefCd=26&kikanCd=2652000805&kikanKbn=5", "url2": null, "内容": "クオール薬局しじょう店【5:薬局】京都府舞鶴市浜１１５０" }, "geometry": { "type": "Point", "coordinates": [ 135.394578, 35.470342 ] } },
{ "type": "Feature", "properties": { "ID": 2652652000814.0, "正式名称": "中町薬局", "機関区分": 5, "都道府県コード": 26, "市区町村コード": 202, "所在地": "京都府舞鶴市溝尻中町８番地の１０", "緯度": 35.470257, "経度": 135.403135, "url": "https://www.iryou.teikyouseido.mhlw.go.jp/znk-web/juminkanja/S2430/initialize?prefCd=26&kikanCd=2652000814&kikanKbn=5", "url2": null, "内容": "中町薬局【5:薬局】京都府舞鶴市溝尻中町８番地の１０" }, "geometry": { "type": "Point", "coordinates": [ 135.403135, 35.470257 ] } },
{ "type": "Feature", "properties": { "ID": 2652652000819.0, "正式名称": "佐々木薬局", "機関区分": 5, "都道府県コード": 26, "市区町村コード": 202, "所在地": "京都府舞鶴市大字溝尻小字浜田１５０－３５", "緯度": 35.477145, "経度": 135.398802, "url": "https://www.iryou.teikyouseido.mhlw.go.jp/znk-web/juminkanja/S2430/initialize?prefCd=26&kikanCd=2652000819&kikanKbn=5", "url2": null, "内容": "佐々木薬局【5:薬局】京都府舞鶴市大字溝尻小字浜田１５０－３５" }, "geometry": { "type": "Point", "coordinates": [ 135.398802, 35.477145 ] } },
{ "type": "Feature", "properties": { "ID": 2652652000820.0, "正式名称": "佐々木薬局　森店", "機関区分": 5, "都道府県コード": 26, "市区町村コード": 202, "所在地": "京都府舞鶴市倉梯町３０－２", "緯度": 35.462952, "経度": 135.39508, "url": "https://www.iryou.teikyouseido.mhlw.go.jp/znk-web/juminkanja/S2430/initialize?prefCd=26&kikanCd=2652000820&kikanKbn=5", "url2": null, "内容": "佐々木薬局　森店【5:薬局】京都府舞鶴市倉梯町３０－２" }, "geometry": { "type": "Point", "coordinates": [ 135.39508, 35.462952 ] } },
{ "type": "Feature", "properties": { "ID": 2652652000822.0, "正式名称": "マナイ薬局", "機関区分": 5, "都道府県コード": 26, "市区町村コード": 202, "所在地": "京都府舞鶴市引土２９０－１", "緯度": 35.443564, "経度": 135.327865, "url": "https://www.iryou.teikyouseido.mhlw.go.jp/znk-web/juminkanja/S2430/initialize?prefCd=26&kikanCd=2652000822&kikanKbn=5", "url2": null, "内容": "マナイ薬局【5:薬局】京都府舞鶴市引土２９０－１" }, "geometry": { "type": "Point", "coordinates": [ 135.327865, 35.443564 ] } },
{ "type": "Feature", "properties": { "ID": 2652652000824.0, "正式名称": "まいづる薬局", "機関区分": 5, "都道府県コード": 26, "市区町村コード": 202, "所在地": "京都府舞鶴市桃山町１４－６", "緯度": 35.46884, "経度": 135.39083, "url": "https://www.iryou.teikyouseido.mhlw.go.jp/znk-web/juminkanja/S2430/initialize?prefCd=26&kikanCd=2652000824&kikanKbn=5", "url2": "https://www.karugamo.net/shop/kyoto/maizuru/", "内容": "まいづる薬局【5:薬局】京都府舞鶴市桃山町１４－６" }, "geometry": { "type": "Point", "coordinates": [ 135.39083, 35.46884 ] } },
{ "type": "Feature", "properties": { "ID": 2652652000825.0, "正式名称": "まいづる薬局　国立前", "機関区分": 5, "都道府県コード": 26, "市区町村コード": 202, "所在地": "京都府舞鶴市倉梯町２７－１", "緯度": 35.463729, "経度": 135.397247, "url": "https://www.iryou.teikyouseido.mhlw.go.jp/znk-web/juminkanja/S2430/initialize?prefCd=26&kikanCd=2652000825&kikanKbn=5", "url2": "https://www.karugamo.net/shop/kyoto/maizuru-kokuritsumae/", "内容": "まいづる薬局　国立前【5:薬局】京都府舞鶴市倉梯町２７－１" }, "geometry": { "type": "Point", "coordinates": [ 135.397247, 35.463729 ] } },
{ "type": "Feature", "properties": { "ID": 2652652000828.0, "正式名称": "有限会社　小町屋京田薬局", "機関区分": 5, "都道府県コード": 26, "市区町村コード": 202, "所在地": "京都府舞鶴市字京田小字大角１８番地－１", "緯度": 35.426427, "経度": 135.327504, "url": "https://www.iryou.teikyouseido.mhlw.go.jp/znk-web/juminkanja/S2430/initialize?prefCd=26&kikanCd=2652000828&kikanKbn=5", "url2": "http://komachiya.life.coocan.jp/", "内容": "有限会社　小町屋京田薬局【5:薬局】京都府舞鶴市字京田小字大角１８番地－１" }, "geometry": { "type": "Point", "coordinates": [ 135.327504, 35.426427 ] } },
{ "type": "Feature", "properties": { "ID": 2652652000832.0, "正式名称": "本河中央薬局", "機関区分": 5, "都道府県コード": 26, "市区町村コード": 202, "所在地": "京都府舞鶴市字浜７５６番地", "緯度": 35.471978, "経度": 135.393302, "url": "https://www.iryou.teikyouseido.mhlw.go.jp/znk-web/juminkanja/S2430/initialize?prefCd=26&kikanCd=2652000832&kikanKbn=5", "url2": null, "内容": "本河中央薬局【5:薬局】京都府舞鶴市字浜７５６番地" }, "geometry": { "type": "Point", "coordinates": [ 135.393302, 35.471978 ] } },
{ "type": "Feature", "properties": { "ID": 2652652000833.0, "正式名称": "わかば薬局", "機関区分": 5, "都道府県コード": 26, "市区町村コード": 202, "所在地": "京都府舞鶴市字寺内２１", "緯度": 35.450813, "経度": 135.325337, "url": "https://www.iryou.teikyouseido.mhlw.go.jp/znk-web/juminkanja/S2430/initialize?prefCd=26&kikanCd=2652000833&kikanKbn=5", "url2": null, "内容": "わかば薬局【5:薬局】京都府舞鶴市字寺内２１" }, "geometry": { "type": "Point", "coordinates": [ 135.325337, 35.450813 ] } },
{ "type": "Feature", "properties": { "ID": 2652652000835.0, "正式名称": "株式会社みのり薬局", "機関区分": 5, "都道府県コード": 26, "市区町村コード": 202, "所在地": "京都府舞鶴市下安久９７８ー７", "緯度": 35.450868, "経度": 135.330586, "url": "https://www.iryou.teikyouseido.mhlw.go.jp/znk-web/juminkanja/S2430/initialize?prefCd=26&kikanCd=2652000835&kikanKbn=5", "url2": null, "内容": "株式会社みのり薬局【5:薬局】京都府舞鶴市下安久９７８ー７" }, "geometry": { "type": "Point", "coordinates": [ 135.330586, 35.450868 ] } },
{ "type": "Feature", "properties": { "ID": 2652652000838.0, "正式名称": "八島堂薬局南浜店", "機関区分": 5, "都道府県コード": 26, "市区町村コード": 202, "所在地": "京都府舞鶴市森町１５－５", "緯度": 35.467062, "経度": 135.39483, "url": "https://www.iryou.teikyouseido.mhlw.go.jp/znk-web/juminkanja/S2430/initialize?prefCd=26&kikanCd=2652000838&kikanKbn=5", "url2": "https://yashimadou.com", "内容": "八島堂薬局南浜店【5:薬局】京都府舞鶴市森町１５－５" }, "geometry": { "type": "Point", "coordinates": [ 135.39483, 35.467062 ] } },
{ "type": "Feature", "properties": { "ID": 2652652000839.0, "正式名称": "あべ薬局　二条店", "機関区分": 5, "都道府県コード": 26, "市区町村コード": 202, "所在地": "京都府舞鶴市字浜１１２５番地", "緯度": 35.469935, "経度": 135.393388, "url": "https://www.iryou.teikyouseido.mhlw.go.jp/znk-web/juminkanja/S2430/initialize?prefCd=26&kikanCd=2652000839&kikanKbn=5", "url2": null, "内容": "あべ薬局　二条店【5:薬局】京都府舞鶴市字浜１１２５番地" }, "geometry": { "type": "Point", "coordinates": [ 135.393388, 35.469935 ] } },
{ "type": "Feature", "properties": { "ID": 2652652000841.0, "正式名称": "あい薬局", "機関区分": 5, "都道府県コード": 26, "市区町村コード": 202, "所在地": "京都府舞鶴市浜８０１", "緯度": 35.472284, "経度": 135.396163, "url": "https://www.iryou.teikyouseido.mhlw.go.jp/znk-web/juminkanja/S2430/initialize?prefCd=26&kikanCd=2652000841&kikanKbn=5", "url2": null, "内容": "あい薬局【5:薬局】京都府舞鶴市浜８０１" }, "geometry": { "type": "Point", "coordinates": [ 135.396163, 35.472284 ] } },
{ "type": "Feature", "properties": { "ID": 2652652000847.0, "正式名称": "廣瀬　薬局", "機関区分": 5, "都道府県コード": 26, "市区町村コード": 212, "所在地": "京都府京丹後市峰山町泉２", "緯度": 35.622568, "経度": 135.059379, "url": "https://www.iryou.teikyouseido.mhlw.go.jp/znk-web/juminkanja/S2430/initialize?prefCd=26&kikanCd=2652000847&kikanKbn=5", "url2": null, "内容": "廣瀬　薬局【5:薬局】京都府京丹後市峰山町泉２" }, "geometry": { "type": "Point", "coordinates": [ 135.059379, 35.622568 ] } },
{ "type": "Feature", "properties": { "ID": 2652652000853.0, "正式名称": "ミドリ薬局", "機関区分": 5, "都道府県コード": 26, "市区町村コード": 212, "所在地": "京都府京丹後市峰山町呉服２１", "緯度": 35.625123, "経度": 135.057656, "url": "https://www.iryou.teikyouseido.mhlw.go.jp/znk-web/juminkanja/S2430/initialize?prefCd=26&kikanCd=2652000853&kikanKbn=5", "url2": null, "内容": "ミドリ薬局【5:薬局】京都府京丹後市峰山町呉服２１" }, "geometry": { "type": "Point", "coordinates": [ 135.057656, 35.625123 ] } },
{ "type": "Feature", "properties": { "ID": 2652652000855.0, "正式名称": "ゴダイ薬局　久美浜店", "機関区分": 5, "都道府県コード": 26, "市区町村コード": 212, "所在地": "京都府京丹後市久美浜町２６２", "緯度": 35.602234, "経度": 134.899532, "url": "https://www.iryou.teikyouseido.mhlw.go.jp/znk-web/juminkanja/S2430/initialize?prefCd=26&kikanCd=2652000855&kikanKbn=5", "url2": "http://www.godai.net/", "内容": "ゴダイ薬局　久美浜店【5:薬局】京都府京丹後市久美浜町２６２" }, "geometry": { "type": "Point", "coordinates": [ 134.899532, 35.602234 ] } },
{ "type": "Feature", "properties": { "ID": 2652652000856.0, "正式名称": "日本調剤久美浜薬局", "機関区分": 5, "都道府県コード": 26, "市区町村コード": 212, "所在地": "京都府京丹後市久美浜町栃谷今森２０５０", "緯度": 35.599317, "経度": 134.902198, "url": "https://www.iryou.teikyouseido.mhlw.go.jp/znk-web/juminkanja/S2430/initialize?prefCd=26&kikanCd=2652000856&kikanKbn=5", "url2": "http://www.nicho.co.jp/tenpo/kumiha.html", "内容": "日本調剤久美浜薬局【5:薬局】京都府京丹後市久美浜町栃谷今森２０５０" }, "geometry": { "type": "Point", "coordinates": [ 134.902198, 35.599317 ] } },
{ "type": "Feature", "properties": { "ID": 2652652000860.0, "正式名称": "清香堂漢方薬局", "機関区分": 5, "都道府県コード": 26, "市区町村コード": 205, "所在地": "京都府宮津市新浜３０１３番地", "緯度": 35.537385, "経度": 135.193844, "url": "https://www.iryou.teikyouseido.mhlw.go.jp/znk-web/juminkanja/S2430/initialize?prefCd=26&kikanCd=2652000860&kikanKbn=5", "url2": null, "内容": "清香堂漢方薬局【5:薬局】京都府宮津市新浜３０１３番地" }, "geometry": { "type": "Point", "coordinates": [ 135.193844, 35.537385 ] } },
{ "type": "Feature", "properties": { "ID": 2652652000861.0, "正式名称": "和弘堂薬膳薬局", "機関区分": 5, "都道府県コード": 26, "市区町村コード": 465, "所在地": "京都府与謝郡与謝野町字幾地１９３０", "緯度": 35.531272, "経度": 135.084242, "url": "https://www.iryou.teikyouseido.mhlw.go.jp/znk-web/juminkanja/S2430/initialize?prefCd=26&kikanCd=2652000861&kikanKbn=5", "url2": null, "内容": "和弘堂薬膳薬局【5:薬局】京都府与謝郡与謝野町字幾地１９３０" }, "geometry": { "type": "Point", "coordinates": [ 135.084242, 35.531272 ] } },
{ "type": "Feature", "properties": { "ID": 2652652000862.0, "正式名称": "大西薬局", "機関区分": 5, "都道府県コード": 26, "市区町村コード": 465, "所在地": "京都府与謝郡与謝野町四辻７３９－１", "緯度": 35.529745, "経度": 135.099963, "url": "https://www.iryou.teikyouseido.mhlw.go.jp/znk-web/juminkanja/S2430/initialize?prefCd=26&kikanCd=2652000862&kikanKbn=5", "url2": "https://oonishi0024.jimdofree.com/", "内容": "大西薬局【5:薬局】京都府与謝郡与謝野町四辻７３９－１" }, "geometry": { "type": "Point", "coordinates": [ 135.099963, 35.529745 ] } },
{ "type": "Feature", "properties": { "ID": 2652652000863.0, "正式名称": "アピス薬局岩滝店", "機関区分": 5, "都道府県コード": 26, "市区町村コード": 465, "所在地": "京都府与謝郡与謝野町字男山４７４－２", "緯度": 35.568936, "経度": 135.164678, "url": "https://www.iryou.teikyouseido.mhlw.go.jp/znk-web/juminkanja/S2430/initialize?prefCd=26&kikanCd=2652000863&kikanKbn=5", "url2": "http://www.apis.co.jp", "内容": "アピス薬局岩滝店【5:薬局】京都府与謝郡与謝野町字男山４７４－２" }, "geometry": { "type": "Point", "coordinates": [ 135.164678, 35.568936 ] } },
{ "type": "Feature", "properties": { "ID": 2652652000866.0, "正式名称": "小西薬局", "機関区分": 5, "都道府県コード": 26, "市区町村コード": 465, "所在地": "京都府与謝郡与謝野町字四辻４７", "緯度": 35.529245, "経度": 135.098074, "url": "https://www.iryou.teikyouseido.mhlw.go.jp/znk-web/juminkanja/S2430/initialize?prefCd=26&kikanCd=2652000866&kikanKbn=5", "url2": "http://konishiyakkyoku.web.fc2.com/", "内容": "小西薬局【5:薬局】京都府与謝郡与謝野町字四辻４７" }, "geometry": { "type": "Point", "coordinates": [ 135.098074, 35.529245 ] } },
{ "type": "Feature", "properties": { "ID": 2652652000868.0, "正式名称": "フタバ調剤薬局", "機関区分": 5, "都道府県コード": 26, "市区町村コード": 205, "所在地": "京都府宮津市鶴賀２０６９－２", "緯度": 35.534996, "経度": 135.198399, "url": "https://www.iryou.teikyouseido.mhlw.go.jp/znk-web/juminkanja/S2430/initialize?prefCd=26&kikanCd=2652000868&kikanKbn=5", "url2": "http://www.tmro.jp/", "内容": "フタバ調剤薬局【5:薬局】京都府宮津市鶴賀２０６９－２" }, "geometry": { "type": "Point", "coordinates": [ 135.198399, 35.534996 ] } },
{ "type": "Feature", "properties": { "ID": 2652652000872.0, "正式名称": "フタバ調剤薬局京街道", "機関区分": 5, "都道府県コード": 26, "市区町村コード": 205, "所在地": "京都府宮津市京街道２１１", "緯度": 35.532635, "経度": 135.192566, "url": "https://www.iryou.teikyouseido.mhlw.go.jp/znk-web/juminkanja/S2430/initialize?prefCd=26&kikanCd=2652000872&kikanKbn=5", "url2": "http://www.tmro.jp/", "内容": "フタバ調剤薬局京街道【5:薬局】京都府宮津市京街道２１１" }, "geometry": { "type": "Point", "coordinates": [ 135.192566, 35.532635 ] } },
{ "type": "Feature", "properties": { "ID": 2652652000874.0, "正式名称": "日本調剤　京大前薬局", "機関区分": 5, "都道府県コード": 26, "市区町村コード": 103, "所在地": "京都府京都市左京区聖護院川原町２８", "緯度": 35.018256, "経度": 135.777208, "url": "https://www.iryou.teikyouseido.mhlw.go.jp/znk-web/juminkanja/S2430/initialize?prefCd=26&kikanCd=2652000874&kikanKbn=5", "url2": "https://www.nicho.co.jp/tenpo/kyodaimae/", "内容": "日本調剤　京大前薬局【5:薬局】京都府京都市左京区聖護院川原町２８" }, "geometry": { "type": "Point", "coordinates": [ 135.777208, 35.018256 ] } },
{ "type": "Feature", "properties": { "ID": 2652652000875.0, "正式名称": "アポロ薬局　嵯峨店", "機関区分": 5, "都道府県コード": 26, "市区町村コード": 108, "所在地": "京都府京都市右京区嵯峨中通町３６－１３　ロイヤルコート嵯峨１０５号", "緯度": 35.014477, "経度": 135.687577, "url": "https://www.iryou.teikyouseido.mhlw.go.jp/znk-web/juminkanja/S2430/initialize?prefCd=26&kikanCd=2652000875&kikanKbn=5", "url2": null, "内容": "アポロ薬局　嵯峨店【5:薬局】京都府京都市右京区嵯峨中通町３６－１３　ロイヤルコート嵯峨１０５号" }, "geometry": { "type": "Point", "coordinates": [ 135.687577, 35.014477 ] } },
{ "type": "Feature", "properties": { "ID": 2652652000876.0, "正式名称": "今宮ゆう薬局", "機関区分": 5, "都道府県コード": 26, "市区町村コード": 101, "所在地": "京都府京都市北区紫竹西高縄町３４番地　シチクハイネス１階", "緯度": 35.046475, "経度": 135.748431, "url": "https://www.iryou.teikyouseido.mhlw.go.jp/znk-web/juminkanja/S2430/initialize?prefCd=26&kikanCd=2652000876&kikanKbn=5", "url2": "https://www.uno-upd.co.jp/store/kitaku/145/", "内容": "今宮ゆう薬局【5:薬局】京都府京都市北区紫竹西高縄町３４番地　シチクハイネス１階" }, "geometry": { "type": "Point", "coordinates": [ 135.748431, 35.046475 ] } },
{ "type": "Feature", "properties": { "ID": 2652652000877.0, "正式名称": "宇多野薬局", "機関区分": 5, "都道府県コード": 26, "市区町村コード": 108, "所在地": "京都府京都市右京区宇多野福王子町１７", "緯度": 35.028615, "経度": 135.708769, "url": "https://www.iryou.teikyouseido.mhlw.go.jp/znk-web/juminkanja/S2430/initialize?prefCd=26&kikanCd=2652000877&kikanKbn=5", "url2": null, "内容": "宇多野薬局【5:薬局】京都府京都市右京区宇多野福王子町１７" }, "geometry": { "type": "Point", "coordinates": [ 135.708769, 35.028615 ] } },
{ "type": "Feature", "properties": { "ID": 2652652000880.0, "正式名称": "めぐみ薬局", "機関区分": 5, "都道府県コード": 26, "市区町村コード": 108, "所在地": "京都府京都市右京区西院高山寺町１１－１", "緯度": 35.002951, "経度": 135.732157, "url": "https://www.iryou.teikyouseido.mhlw.go.jp/znk-web/juminkanja/S2430/initialize?prefCd=26&kikanCd=2652000880&kikanKbn=5", "url2": "http://www.marinegroup.jp/", "内容": "めぐみ薬局【5:薬局】京都府京都市右京区西院高山寺町１１－１" }, "geometry": { "type": "Point", "coordinates": [ 135.732157, 35.002951 ] } },
{ "type": "Feature", "properties": { "ID": 2652652000883.0, "正式名称": "ニューロン薬局　向島店", "機関区分": 5, "都道府県コード": 26, "市区町村コード": 109, "所在地": "京都府京都市伏見区向島本丸町１９－５", "緯度": 34.923127, "経度": 135.771879, "url": "https://www.iryou.teikyouseido.mhlw.go.jp/znk-web/juminkanja/S2430/initialize?prefCd=26&kikanCd=2652000883&kikanKbn=5", "url2": "http://www.neuron-net.com", "内容": "ニューロン薬局　向島店【5:薬局】京都府京都市伏見区向島本丸町１９－５" }, "geometry": { "type": "Point", "coordinates": [ 135.771879, 34.923127 ] } },
{ "type": "Feature", "properties": { "ID": 2652652000884.0, "正式名称": "翔薬局御所南店", "機関区分": 5, "都道府県コード": 26, "市区町村コード": 104, "所在地": "京都府京都市中京区御幸町通二条下ル山本町４３７－３　坂部御幸町ビル１Ｆ", "緯度": 35.013256, "経度": 135.766209, "url": "https://www.iryou.teikyouseido.mhlw.go.jp/znk-web/juminkanja/S2430/initialize?prefCd=26&kikanCd=2652000884&kikanKbn=5", "url2": "http://kakeru-ph.jp", "内容": "翔薬局御所南店【5:薬局】京都府京都市中京区御幸町通二条下ル山本町４３７－３　坂部御幸町ビル１Ｆ" }, "geometry": { "type": "Point", "coordinates": [ 135.766209, 35.013256 ] } },
{ "type": "Feature", "properties": { "ID": 2652652000885.0, "正式名称": "アイセイ薬局千本今出川店", "機関区分": 5, "都道府県コード": 26, "市区町村コード": 102, "所在地": "京都府京都市上京区今出川通千本西入南上善寺町１６５番", "緯度": 35.029476, "経度": 135.741794, "url": "https://www.iryou.teikyouseido.mhlw.go.jp/znk-web/juminkanja/S2430/initialize?prefCd=26&kikanCd=2652000885&kikanKbn=5", "url2": "http://www.aisei.co.jp", "内容": "アイセイ薬局千本今出川店【5:薬局】京都府京都市上京区今出川通千本西入南上善寺町１６５番" }, "geometry": { "type": "Point", "coordinates": [ 135.741794, 35.029476 ] } },
{ "type": "Feature", "properties": { "ID": 2652652000886.0, "正式名称": "あけぼの薬局桂店", "機関区分": 5, "都道府県コード": 26, "市区町村コード": 111, "所在地": "京都府京都市西京区下津林東大般若町３６番　ロイヤルアバカス１Ｆ", "緯度": 34.976343, "経度": 135.71341, "url": "https://www.iryou.teikyouseido.mhlw.go.jp/znk-web/juminkanja/S2430/initialize?prefCd=26&kikanCd=2652000886&kikanKbn=5", "url2": "http://www.akebono.co.jp/", "内容": "あけぼの薬局桂店【5:薬局】京都府京都市西京区下津林東大般若町３６番　ロイヤルアバカス１Ｆ" }, "geometry": { "type": "Point", "coordinates": [ 135.71341, 34.976343 ] } },
{ "type": "Feature", "properties": { "ID": 2652652000887.0, "正式名称": "若草調剤薬局", "機関区分": 5, "都道府県コード": 26, "市区町村コード": 101, "所在地": "京都府京都市北区大宮玄琢南町２番地１２", "緯度": 35.052224, "経度": 135.73896, "url": "https://www.iryou.teikyouseido.mhlw.go.jp/znk-web/juminkanja/S2430/initialize?prefCd=26&kikanCd=2652000887&kikanKbn=5", "url2": "https://www.marinegroup.jp/detail/%e8%8b%a5%e8%8d%89%e8%aa%bf%e5%89%a4%e8%96%ac%e5%b1%80", "内容": "若草調剤薬局【5:薬局】京都府京都市北区大宮玄琢南町２番地１２" }, "geometry": { "type": "Point", "coordinates": [ 135.73896, 35.052224 ] } },
{ "type": "Feature", "properties": { "ID": 2652652000888.0, "正式名称": "クオール薬局二条城北店", "機関区分": 5, "都道府県コード": 26, "市区町村コード": 102, "所在地": "京都府京都市上京区丸太町通中務町４８６－１Ｆ", "緯度": 35.018422, "経度": 135.745183, "url": "https://www.iryou.teikyouseido.mhlw.go.jp/znk-web/juminkanja/S2430/initialize?prefCd=26&kikanCd=2652000888&kikanKbn=5", "url2": "http://www.qol-net.co.jp", "内容": "クオール薬局二条城北店【5:薬局】京都府京都市上京区丸太町通中務町４８６－１Ｆ" }, "geometry": { "type": "Point", "coordinates": [ 135.745183, 35.018422 ] } },
{ "type": "Feature", "properties": { "ID": 2652652000889.0, "正式名称": "すみれ薬局久我東店", "機関区分": 5, "都道府県コード": 26, "市区町村コード": 109, "所在地": "京都府京都市伏見区久我東町１－４", "緯度": 34.940125, "経度": 135.732937, "url": "https://www.iryou.teikyouseido.mhlw.go.jp/znk-web/juminkanja/S2430/initialize?prefCd=26&kikanCd=2652000889&kikanKbn=5", "url2": null, "内容": "すみれ薬局久我東店【5:薬局】京都府京都市伏見区久我東町１－４" }, "geometry": { "type": "Point", "coordinates": [ 135.732937, 34.940125 ] } },
{ "type": "Feature", "properties": { "ID": 2652652000892.0, "正式名称": "ナカノ薬局　大塚店", "機関区分": 5, "都道府県コード": 26, "市区町村コード": 110, "所在地": "京都府京都市山科区大塚森町１５", "緯度": 34.980566, "経度": 135.823511, "url": "https://www.iryou.teikyouseido.mhlw.go.jp/znk-web/juminkanja/S2430/initialize?prefCd=26&kikanCd=2652000892&kikanKbn=5", "url2": "http://www11.ocn.ne.jp/~nakanoph/", "内容": "ナカノ薬局　大塚店【5:薬局】京都府京都市山科区大塚森町１５" }, "geometry": { "type": "Point", "coordinates": [ 135.823511, 34.980566 ] } },
{ "type": "Feature", "properties": { "ID": 2652652000901.0, "正式名称": "モモ調剤薬局", "機関区分": 5, "都道府県コード": 26, "市区町村コード": 109, "所在地": "京都府京都市伏見区京橋町３０５", "緯度": 34.931098, "経度": 135.758963, "url": "https://www.iryou.teikyouseido.mhlw.go.jp/znk-web/juminkanja/S2430/initialize?prefCd=26&kikanCd=2652000901&kikanKbn=5", "url2": "http://imedicks.jp", "内容": "モモ調剤薬局【5:薬局】京都府京都市伏見区京橋町３０５" }, "geometry": { "type": "Point", "coordinates": [ 135.758963, 34.931098 ] } },
{ "type": "Feature", "properties": { "ID": 2652652000902.0, "正式名称": "在宅支援薬局おとくに", "機関区分": 5, "都道府県コード": 26, "市区町村コード": 208, "所在地": "京都府向日市上植野町南開４９－４", "緯度": 34.940818, "経度": 135.702995, "url": "https://www.iryou.teikyouseido.mhlw.go.jp/znk-web/juminkanja/S2430/initialize?prefCd=26&kikanCd=2652000902&kikanKbn=5", "url2": "https://otokunipharm.jp/", "内容": "在宅支援薬局おとくに【5:薬局】京都府向日市上植野町南開４９－４" }, "geometry": { "type": "Point", "coordinates": [ 135.702995, 34.940818 ] } },
{ "type": "Feature", "properties": { "ID": 2652652000905.0, "正式名称": "フロンティア薬局　木津駅前店", "機関区分": 5, "都道府県コード": 26, "市区町村コード": 214, "所在地": "京都府木津川市木津駅前１丁目２４番地", "緯度": 34.736481, "経度": 135.823856, "url": "https://www.iryou.teikyouseido.mhlw.go.jp/znk-web/juminkanja/S2430/initialize?prefCd=26&kikanCd=2652000905&kikanKbn=5", "url2": "http://www.frontier-ph.com/", "内容": "フロンティア薬局　木津駅前店【5:薬局】京都府木津川市木津駅前１丁目２４番地" }, "geometry": { "type": "Point", "coordinates": [ 135.823856, 34.736481 ] } },
{ "type": "Feature", "properties": { "ID": 2652652000908.0, "正式名称": "キリン堂薬局祝園駅店", "機関区分": 5, "都道府県コード": 26, "市区町村コード": 366, "所在地": "京都府相楽郡精華町祝園西１丁目９番地４６", "緯度": 34.760367, "経度": 135.790802, "url": "https://www.iryou.teikyouseido.mhlw.go.jp/znk-web/juminkanja/S2430/initialize?prefCd=26&kikanCd=2652000908&kikanKbn=5", "url2": "http://www.kirindo.co.jp/", "内容": "キリン堂薬局祝園駅店【5:薬局】京都府相楽郡精華町祝園西１丁目９番地４６" }, "geometry": { "type": "Point", "coordinates": [ 135.790802, 34.760367 ] } },
{ "type": "Feature", "properties": { "ID": 2652652000909.0, "正式名称": "なのはな薬局", "機関区分": 5, "都道府県コード": 26, "市区町村コード": 107, "所在地": "京都府京都市南区久世高田町３５－３２", "緯度": 34.964399, "経度": 135.7053, "url": "https://www.iryou.teikyouseido.mhlw.go.jp/znk-web/juminkanja/S2430/initialize?prefCd=26&kikanCd=2652000909&kikanKbn=5", "url2": null, "内容": "なのはな薬局【5:薬局】京都府京都市南区久世高田町３５－３２" }, "geometry": { "type": "Point", "coordinates": [ 135.7053, 34.964399 ] } },
{ "type": "Feature", "properties": { "ID": 2652652000910.0, "正式名称": "のぞみ薬局", "機関区分": 5, "都道府県コード": 26, "市区町村コード": 101, "所在地": "京都府京都市北区紫野上御所田町４５", "緯度": 35.042253, "経度": 135.751903, "url": "https://www.iryou.teikyouseido.mhlw.go.jp/znk-web/juminkanja/S2430/initialize?prefCd=26&kikanCd=2652000910&kikanKbn=5", "url2": "https://www.stu-nozomi.jp/", "内容": "のぞみ薬局【5:薬局】京都府京都市北区紫野上御所田町４５" }, "geometry": { "type": "Point", "coordinates": [ 135.751903, 35.042253 ] } },
{ "type": "Feature", "properties": { "ID": 2652652000917.0, "正式名称": "調剤薬局ハーブ", "機関区分": 5, "都道府県コード": 26, "市区町村コード": 101, "所在地": "京都府京都市北区紫野西御所田町３０　明治館１階", "緯度": 35.040947, "経度": 135.750765, "url": "https://www.iryou.teikyouseido.mhlw.go.jp/znk-web/juminkanja/S2430/initialize?prefCd=26&kikanCd=2652000917&kikanKbn=5", "url2": "https://www.marinegroup.jp/", "内容": "調剤薬局ハーブ【5:薬局】京都府京都市北区紫野西御所田町３０　明治館１階" }, "geometry": { "type": "Point", "coordinates": [ 135.750765, 35.040947 ] } },
{ "type": "Feature", "properties": { "ID": 2652652000918.0, "正式名称": "室町ゆう薬局", "機関区分": 5, "都道府県コード": 26, "市区町村コード": 106, "所在地": "京都府京都市下京区室町通綾小路下る白楽天町５０２番地　室町綾小路白楽天町ビル１階", "緯度": 35.002285, "経度": 135.758099, "url": "https://www.iryou.teikyouseido.mhlw.go.jp/znk-web/juminkanja/S2430/initialize?prefCd=26&kikanCd=2652000918&kikanKbn=5", "url2": "https://www.uno-upd.co.jp/store/shimogyoku/3624/", "内容": "室町ゆう薬局【5:薬局】京都府京都市下京区室町通綾小路下る白楽天町５０２番地　室町綾小路白楽天町ビル１階" }, "geometry": { "type": "Point", "coordinates": [ 135.758099, 35.002285 ] } },
{ "type": "Feature", "properties": { "ID": 2652652000919.0, "正式名称": "薬局ホワイトはうす", "機関区分": 5, "都道府県コード": 26, "市区町村コード": 204, "所在地": "京都府宇治市大久保町大竹４６番地の１０", "緯度": 34.869216, "経度": 135.776548, "url": "https://www.iryou.teikyouseido.mhlw.go.jp/znk-web/juminkanja/S2430/initialize?prefCd=26&kikanCd=2652000919&kikanKbn=5", "url2": null, "内容": "薬局ホワイトはうす【5:薬局】京都府宇治市大久保町大竹４６番地の１０" }, "geometry": { "type": "Point", "coordinates": [ 135.776548, 34.869216 ] } },
{ "type": "Feature", "properties": { "ID": 2652652000920.0, "正式名称": "ファルコ薬局　三条店", "機関区分": 5, "都道府県コード": 26, "市区町村コード": 105, "所在地": "京都府京都市東山区大橋町９４番地　三条鈴木ビル１階", "緯度": 35.00909, "経度": 135.773653, "url": "https://www.iryou.teikyouseido.mhlw.go.jp/znk-web/juminkanja/S2430/initialize?prefCd=26&kikanCd=2652000920&kikanKbn=5", "url2": "http://www.falco-pharm.co.jp/", "内容": "ファルコ薬局　三条店【5:薬局】京都府京都市東山区大橋町９４番地　三条鈴木ビル１階" }, "geometry": { "type": "Point", "coordinates": [ 135.773653, 35.00909 ] } },
{ "type": "Feature", "properties": { "ID": 2652652000922.0, "正式名称": "ハート調剤薬局　五ケ庄戸ノ内店", "機関区分": 5, "都道府県コード": 26, "市区町村コード": 204, "所在地": "京都府宇治市五ケ庄戸ノ内７－２３", "緯度": 34.9044, "経度": 135.79977, "url": "https://www.iryou.teikyouseido.mhlw.go.jp/znk-web/juminkanja/S2430/initialize?prefCd=26&kikanCd=2652000922&kikanKbn=5", "url2": null, "内容": "ハート調剤薬局　五ケ庄戸ノ内店【5:薬局】京都府宇治市五ケ庄戸ノ内７－２３" }, "geometry": { "type": "Point", "coordinates": [ 135.79977, 34.9044 ] } },
{ "type": "Feature", "properties": { "ID": 2652652000923.0, "正式名称": "一乗寺ゆう薬局", "機関区分": 5, "都道府県コード": 26, "市区町村コード": 103, "所在地": "京都府京都市左京区一乗寺宮ノ東町３７番地", "緯度": 35.044864, "経度": 135.791206, "url": "https://www.iryou.teikyouseido.mhlw.go.jp/znk-web/juminkanja/S2430/initialize?prefCd=26&kikanCd=2652000923&kikanKbn=5", "url2": "http://www.uno-upd.co.jp/", "内容": "一乗寺ゆう薬局【5:薬局】京都府京都市左京区一乗寺宮ノ東町３７番地" }, "geometry": { "type": "Point", "coordinates": [ 135.791206, 35.044864 ] } },
{ "type": "Feature", "properties": { "ID": 2652652000924.0, "正式名称": "京北ゆう薬局", "機関区分": 5, "都道府県コード": 26, "市区町村コード": 108, "所在地": "京都府京都市右京区京北田貫町ヤタ田１番地", "緯度": 35.197095, "経度": 135.635378, "url": "https://www.iryou.teikyouseido.mhlw.go.jp/znk-web/juminkanja/S2430/initialize?prefCd=26&kikanCd=2652000924&kikanKbn=5", "url2": "http://www.uno-upd.co.jp/", "内容": "京北ゆう薬局【5:薬局】京都府京都市右京区京北田貫町ヤタ田１番地" }, "geometry": { "type": "Point", "coordinates": [ 135.635378, 35.197095 ] } },
{ "type": "Feature", "properties": { "ID": 2652652000927.0, "正式名称": "ほんべ薬局　長岡京駅前店", "機関区分": 5, "都道府県コード": 26, "市区町村コード": 209, "所在地": "京都府長岡京市神足２－２－１　平和堂フレンドマート１階", "緯度": 34.92307, "経度": 135.699024, "url": "https://www.iryou.teikyouseido.mhlw.go.jp/znk-web/juminkanja/S2430/initialize?prefCd=26&kikanCd=2652000927&kikanKbn=5", "url2": "https://www.matsukiyococokara.com", "内容": "ほんべ薬局　長岡京駅前店【5:薬局】京都府長岡京市神足２－２－１　平和堂フレンドマート１階" }, "geometry": { "type": "Point", "coordinates": [ 135.699024, 34.92307 ] } },
{ "type": "Feature", "properties": { "ID": 2652652000928.0, "正式名称": "ローズタウン薬局", "機関区分": 5, "都道府県コード": 26, "市区町村コード": 101, "所在地": "京都府京都市北区上賀茂蝉ヶ垣内町４６番地１　シーズン・トダ１階", "緯度": 35.055835, "経度": 135.759569, "url": "https://www.iryou.teikyouseido.mhlw.go.jp/znk-web/juminkanja/S2430/initialize?prefCd=26&kikanCd=2652000928&kikanKbn=5", "url2": null, "内容": "ローズタウン薬局【5:薬局】京都府京都市北区上賀茂蝉ヶ垣内町４６番地１　シーズン・トダ１階" }, "geometry": { "type": "Point", "coordinates": [ 135.759569, 35.055835 ] } },
{ "type": "Feature", "properties": { "ID": 2652652000930.0, "正式名称": "クオール薬局下鴨店", "機関区分": 5, "都道府県コード": 26, "市区町村コード": 103, "所在地": "京都府京都市左京区下鴨本町１４番地　ヤマモトビル１階", "緯度": 35.044197, "経度": 135.771596, "url": "https://www.iryou.teikyouseido.mhlw.go.jp/znk-web/juminkanja/S2430/initialize?prefCd=26&kikanCd=2652000930&kikanKbn=5", "url2": "https://www.qol-net.co.jp/pharmacy/map/detail.php?id=341", "内容": "クオール薬局下鴨店【5:薬局】京都府京都市左京区下鴨本町１４番地　ヤマモトビル１階" }, "geometry": { "type": "Point", "coordinates": [ 135.771596, 35.044197 ] } },
{ "type": "Feature", "properties": { "ID": 2652652000931.0, "正式名称": "スギ薬局　京都市役所前調剤店", "機関区分": 5, "都道府県コード": 26, "市区町村コード": 104, "所在地": "京都府京都市中京区河原町通二条下る二丁目下丸屋町４０４番地２　タケウチビル１階", "緯度": 35.01059, "経度": 135.768737, "url": "https://www.iryou.teikyouseido.mhlw.go.jp/znk-web/juminkanja/S2430/initialize?prefCd=26&kikanCd=2652000931&kikanKbn=5", "url2": "http://www.drug-sugi.co.jp/", "内容": "スギ薬局　京都市役所前調剤店【5:薬局】京都府京都市中京区河原町通二条下る二丁目下丸屋町４０４番地２　タケウチビル１階" }, "geometry": { "type": "Point", "coordinates": [ 135.768737, 35.01059 ] } },
{ "type": "Feature", "properties": { "ID": 2652652000932.0, "正式名称": "スギ薬局　山ノ内店", "機関区分": 5, "都道府県コード": 26, "市区町村コード": 108, "所在地": "京都府京都市右京区山ノ内赤山町１５番地", "緯度": 35.004951, "経度": 135.725268, "url": "https://www.iryou.teikyouseido.mhlw.go.jp/znk-web/juminkanja/S2430/initialize?prefCd=26&kikanCd=2652000932&kikanKbn=5", "url2": "http://www.drug-sugi.co.jp/", "内容": "スギ薬局　山ノ内店【5:薬局】京都府京都市右京区山ノ内赤山町１５番地" }, "geometry": { "type": "Point", "coordinates": [ 135.725268, 35.004951 ] } },
{ "type": "Feature", "properties": { "ID": 2652652000933.0, "正式名称": "平塚薬局　高野", "機関区分": 5, "都道府県コード": 26, "市区町村コード": 103, "所在地": "京都府京都市左京区一乗寺地蔵本町４４－１　ベルロードタカノ１Ｆ", "緯度": 35.040781, "経度": 135.784679, "url": "https://www.iryou.teikyouseido.mhlw.go.jp/znk-web/juminkanja/S2430/initialize?prefCd=26&kikanCd=2652000933&kikanKbn=5", "url2": "https://www.e-classa.net/hiratsuka", "内容": "平塚薬局　高野【5:薬局】京都府京都市左京区一乗寺地蔵本町４４－１　ベルロードタカノ１Ｆ" }, "geometry": { "type": "Point", "coordinates": [ 135.784679, 35.040781 ] } },
{ "type": "Feature", "properties": { "ID": 2652652000934.0, "正式名称": "丹後大宮ゆう薬局", "機関区分": 5, "都道府県コード": 26, "市区町村コード": 212, "所在地": "京都府京丹後市大宮町周枳小字モトレ１８０５番", "緯度": 35.586155, "経度": 135.095238, "url": "https://www.iryou.teikyouseido.mhlw.go.jp/znk-web/juminkanja/S2430/initialize?prefCd=26&kikanCd=2652000934&kikanKbn=5", "url2": "https://www.uno-upd.co.jp/store/kyotango/203/", "内容": "丹後大宮ゆう薬局【5:薬局】京都府京丹後市大宮町周枳小字モトレ１８０５番" }, "geometry": { "type": "Point", "coordinates": [ 135.095238, 35.586155 ] } },
{ "type": "Feature", "properties": { "ID": 2652652000937.0, "正式名称": "ユニスマイル薬局　寺山店", "機関区分": 5, "都道府県コード": 26, "市区町村コード": 204, "所在地": "京都府宇治市広野町寺山１０５－４", "緯度": 34.869577, "経度": 135.781992, "url": "https://www.iryou.teikyouseido.mhlw.go.jp/znk-web/juminkanja/S2430/initialize?prefCd=26&kikanCd=2652000937&kikanKbn=5", "url2": null, "内容": "ユニスマイル薬局　寺山店【5:薬局】京都府宇治市広野町寺山１０５－４" }, "geometry": { "type": "Point", "coordinates": [ 135.781992, 34.869577 ] } },
{ "type": "Feature", "properties": { "ID": 2652652000938.0, "正式名称": "ダリヤ桂薬局", "機関区分": 5, "都道府県コード": 26, "市区町村コード": 111, "所在地": "京都府京都市西京区上桂前田町３４－２", "緯度": 34.987647, "経度": 135.700577, "url": "https://www.iryou.teikyouseido.mhlw.go.jp/znk-web/juminkanja/S2430/initialize?prefCd=26&kikanCd=2652000938&kikanKbn=5", "url2": "www.withs.co.jp/profile/", "内容": "ダリヤ桂薬局【5:薬局】京都府京都市西京区上桂前田町３４－２" }, "geometry": { "type": "Point", "coordinates": [ 135.700577, 34.987647 ] } },
{ "type": "Feature", "properties": { "ID": 2652652000941.0, "正式名称": "竹の台調剤薬局", "機関区分": 5, "都道府県コード": 26, "市区町村コード": 209, "所在地": "京都府長岡京市開田４丁目４－１０", "緯度": 34.920626, "経度": 135.691442, "url": "https://www.iryou.teikyouseido.mhlw.go.jp/znk-web/juminkanja/S2430/initialize?prefCd=26&kikanCd=2652000941&kikanKbn=5", "url2": "http//www.myph.jp/otokunipharm/", "内容": "竹の台調剤薬局【5:薬局】京都府長岡京市開田４丁目４－１０" }, "geometry": { "type": "Point", "coordinates": [ 135.691442, 34.920626 ] } },
{ "type": "Feature", "properties": { "ID": 2652652000943.0, "正式名称": "ノーブル調剤薬局", "機関区分": 5, "都道府県コード": 26, "市区町村コード": 109, "所在地": "京都府京都市伏見区東浜南町６７０　カーサ東浜１ＦＢ号", "緯度": 34.927571, "経度": 135.758103, "url": "https://www.iryou.teikyouseido.mhlw.go.jp/znk-web/juminkanja/S2430/initialize?prefCd=26&kikanCd=2652000943&kikanKbn=5", "url2": "http://marinegroup.jp/store.html", "内容": "ノーブル調剤薬局【5:薬局】京都府京都市伏見区東浜南町６７０　カーサ東浜１ＦＢ号" }, "geometry": { "type": "Point", "coordinates": [ 135.758103, 34.927571 ] } },
{ "type": "Feature", "properties": { "ID": 2652652000944.0, "正式名称": "ユタカ薬局宇治木幡南", "機関区分": 5, "都道府県コード": 26, "市区町村コード": 204, "所在地": "京都府宇治市木幡南端９番", "緯度": 34.919406, "経度": 135.799822, "url": "https://www.iryou.teikyouseido.mhlw.go.jp/znk-web/juminkanja/S2430/initialize?prefCd=26&kikanCd=2652000944&kikanKbn=5", "url2": "https://www.d-yutaka.co.jp/shop/214.html", "内容": "ユタカ薬局宇治木幡南【5:薬局】京都府宇治市木幡南端９番" }, "geometry": { "type": "Point", "coordinates": [ 135.799822, 34.919406 ] } },
{ "type": "Feature", "properties": { "ID": 2652652000945.0, "正式名称": "レインボー薬局　欽明台", "機関区分": 5, "都道府県コード": 26, "市区町村コード": 210, "所在地": "京都府八幡市欽明台中央１番６", "緯度": 34.839802, "経度": 135.717916, "url": "https://www.iryou.teikyouseido.mhlw.go.jp/znk-web/juminkanja/S2430/initialize?prefCd=26&kikanCd=2652000945&kikanKbn=5", "url2": null, "内容": "レインボー薬局　欽明台【5:薬局】京都府八幡市欽明台中央１番６" }, "geometry": { "type": "Point", "coordinates": [ 135.717916, 34.839802 ] } },
{ "type": "Feature", "properties": { "ID": 2652652000947.0, "正式名称": "スギ薬局　西大路店", "機関区分": 5, "都道府県コード": 26, "市区町村コード": 106, "所在地": "京都府京都市下京区七条御所ノ内本町９３番地", "緯度": 34.984814, "経度": 135.732797, "url": "https://www.iryou.teikyouseido.mhlw.go.jp/znk-web/juminkanja/S2430/initialize?prefCd=26&kikanCd=2652000947&kikanKbn=5", "url2": "http://www.drug-sugi.co.jp/", "内容": "スギ薬局　西大路店【5:薬局】京都府京都市下京区七条御所ノ内本町９３番地" }, "geometry": { "type": "Point", "coordinates": [ 135.732797, 34.984814 ] } },
{ "type": "Feature", "properties": { "ID": 2652652000948.0, "正式名称": "ふたば薬局　向日店", "機関区分": 5, "都道府県コード": 26, "市区町村コード": 208, "所在地": "京都府向日市寺戸町向畑５３番地５３", "緯度": 34.953456, "経度": 135.701356, "url": "https://www.iryou.teikyouseido.mhlw.go.jp/znk-web/juminkanja/S2430/initialize?prefCd=26&kikanCd=2652000948&kikanKbn=5", "url2": "https://www.pharmarise.com/company/store/store.php?store_id=607", "内容": "ふたば薬局　向日店【5:薬局】京都府向日市寺戸町向畑５３番地５３" }, "geometry": { "type": "Point", "coordinates": [ 135.701356, 34.953456 ] } },
{ "type": "Feature", "properties": { "ID": 2652652000949.0, "正式名称": "みやづスマイル薬局", "機関区分": 5, "都道府県コード": 26, "市区町村コード": 205, "所在地": "京都府宮津市字惣４１７番地６", "緯度": 35.531774, "経度": 135.201593, "url": "https://www.iryou.teikyouseido.mhlw.go.jp/znk-web/juminkanja/S2430/initialize?prefCd=26&kikanCd=2652000949&kikanKbn=5", "url2": "https://miyazu-smile.com/", "内容": "みやづスマイル薬局【5:薬局】京都府宮津市字惣４１７番地６" }, "geometry": { "type": "Point", "coordinates": [ 135.201593, 35.531774 ] } },
{ "type": "Feature", "properties": { "ID": 2652652000950.0, "正式名称": "クオール薬局北白川店", "機関区分": 5, "都道府県コード": 26, "市区町村コード": 103, "所在地": "京都府京都市左京区北白川大堂町１－２", "緯度": 35.03331, "経度": 135.791401, "url": "https://www.iryou.teikyouseido.mhlw.go.jp/znk-web/juminkanja/S2430/initialize?prefCd=26&kikanCd=2652000950&kikanKbn=5", "url2": "https://www.qol-net.co.jp/", "内容": "クオール薬局北白川店【5:薬局】京都府京都市左京区北白川大堂町１－２" }, "geometry": { "type": "Point", "coordinates": [ 135.791401, 35.03331 ] } },
{ "type": "Feature", "properties": { "ID": 2652652000951.0, "正式名称": "スギ薬局　小栗栖店", "機関区分": 5, "都道府県コード": 26, "市区町村コード": 109, "所在地": "京都府京都市伏見区小栗栖森本町５番地３", "緯度": 34.944848, "経度": 135.802181, "url": "https://www.iryou.teikyouseido.mhlw.go.jp/znk-web/juminkanja/S2430/initialize?prefCd=26&kikanCd=2652000951&kikanKbn=5", "url2": "http://www.drug-sugi.co.jp/", "内容": "スギ薬局　小栗栖店【5:薬局】京都府京都市伏見区小栗栖森本町５番地３" }, "geometry": { "type": "Point", "coordinates": [ 135.802181, 34.944848 ] } },
{ "type": "Feature", "properties": { "ID": 2652652000952.0, "正式名称": "調剤薬局なぎつじ", "機関区分": 5, "都道府県コード": 26, "市区町村コード": 110, "所在地": "京都府京都市山科区椥辻東潰９番地　東英ビル１０２号", "緯度": 34.97165, "経度": 135.813374, "url": "https://www.iryou.teikyouseido.mhlw.go.jp/znk-web/juminkanja/S2430/initialize?prefCd=26&kikanCd=2652000952&kikanKbn=5", "url2": "https://www.marinegroup.jp/detail/%E8%AA%BF%E5%89%A4%E8%96%AC%E5%B1%80%E3%81%AA%E3%81%8E%E3%81%A4%E3%81%98/", "内容": "調剤薬局なぎつじ【5:薬局】京都府京都市山科区椥辻東潰９番地　東英ビル１０２号" }, "geometry": { "type": "Point", "coordinates": [ 135.813374, 34.97165 ] } },
{ "type": "Feature", "properties": { "ID": 2652652000954.0, "正式名称": "ファルコ薬局　梅津店", "機関区分": 5, "都道府県コード": 26, "市区町村コード": 108, "所在地": "京都府京都市右京区梅津中倉町２６番地１３", "緯度": 35.002395, "経度": 135.693716, "url": "https://www.iryou.teikyouseido.mhlw.go.jp/znk-web/juminkanja/S2430/initialize?prefCd=26&kikanCd=2652000954&kikanKbn=5", "url2": "http://www.falco-pharm.co.jp/", "内容": "ファルコ薬局　梅津店【5:薬局】京都府京都市右京区梅津中倉町２６番地１３" }, "geometry": { "type": "Point", "coordinates": [ 135.693716, 35.002395 ] } },
{ "type": "Feature", "properties": { "ID": 2652652000956.0, "正式名称": "ライフォート洛西薬局", "機関区分": 5, "都道府県コード": 26, "市区町村コード": 111, "所在地": "京都府京都市西京区大枝中山町７－１１６", "緯度": 34.969204, "経度": 135.675885, "url": "https://www.iryou.teikyouseido.mhlw.go.jp/znk-web/juminkanja/S2430/initialize?prefCd=26&kikanCd=2652000956&kikanKbn=5", "url2": "http://www.cocokarafine.co.jp", "内容": "ライフォート洛西薬局【5:薬局】京都府京都市西京区大枝中山町７－１１６" }, "geometry": { "type": "Point", "coordinates": [ 135.675885, 34.969204 ] } },
{ "type": "Feature", "properties": { "ID": 2652652000957.0, "正式名称": "かつら川島ゆう薬局", "機関区分": 5, "都道府県コード": 26, "市区町村コード": 111, "所在地": "京都府京都市西京区川島尻堀町３３番８", "緯度": 34.977703, "経度": 135.698216, "url": "https://www.iryou.teikyouseido.mhlw.go.jp/znk-web/juminkanja/S2430/initialize?prefCd=26&kikanCd=2652000957&kikanKbn=5", "url2": "http://www.uno-upd.co.jp", "内容": "かつら川島ゆう薬局【5:薬局】京都府京都市西京区川島尻堀町３３番８" }, "geometry": { "type": "Point", "coordinates": [ 135.698216, 34.977703 ] } },
{ "type": "Feature", "properties": { "ID": 2652652000958.0, "正式名称": "ユタカ薬局　宝ヶ池", "機関区分": 5, "都道府県コード": 26, "市区町村コード": 103, "所在地": "京都府京都市左京区岩倉北桑原町１４", "緯度": 35.068306, "経度": 135.78215, "url": "https://www.iryou.teikyouseido.mhlw.go.jp/znk-web/juminkanja/S2430/initialize?prefCd=26&kikanCd=2652000958&kikanKbn=5", "url2": "http://www.d-yutaka.co.jp/shop/210.html", "内容": "ユタカ薬局　宝ヶ池【5:薬局】京都府京都市左京区岩倉北桑原町１４" }, "geometry": { "type": "Point", "coordinates": [ 135.78215, 35.068306 ] } },
{ "type": "Feature", "properties": { "ID": 2652652000959.0, "正式名称": "スギ薬局　八幡男山店", "機関区分": 5, "都道府県コード": 26, "市区町村コード": 210, "所在地": "京都府八幡市八幡中ノ山１９４番地１", "緯度": 34.855161, "経度": 135.698972, "url": "https://www.iryou.teikyouseido.mhlw.go.jp/znk-web/juminkanja/S2430/initialize?prefCd=26&kikanCd=2652000959&kikanKbn=5", "url2": "https://www.sugi-net.jp/tenpo/detail/511.html", "内容": "スギ薬局　八幡男山店【5:薬局】京都府八幡市八幡中ノ山１９４番地１" }, "geometry": { "type": "Point", "coordinates": [ 135.698972, 34.855161 ] } },
{ "type": "Feature", "properties": { "ID": 2652652000961.0, "正式名称": "ふたば薬局　滝ノ町店", "機関区分": 5, "都道府県コード": 26, "市区町村コード": 209, "所在地": "京都府長岡京市滝ノ町１－１５－１１", "緯度": 34.941374, "経度": 135.697746, "url": "https://www.iryou.teikyouseido.mhlw.go.jp/znk-web/juminkanja/S2430/initialize?prefCd=26&kikanCd=2652000961&kikanKbn=5", "url2": "https://www.pharmarise.com/company/store/store.php?store_id=608", "内容": "ふたば薬局　滝ノ町店【5:薬局】京都府長岡京市滝ノ町１－１５－１１" }, "geometry": { "type": "Point", "coordinates": [ 135.697746, 34.941374 ] } },
{ "type": "Feature", "properties": { "ID": 2652652000963.0, "正式名称": "あゆみ薬局　丹波橋店", "機関区分": 5, "都道府県コード": 26, "市区町村コード": 109, "所在地": "京都府京都市伏見区京町南８－１０１－１　小山ビル１階", "緯度": 34.94007, "経度": 135.764907, "url": "https://www.iryou.teikyouseido.mhlw.go.jp/znk-web/juminkanja/S2430/initialize?prefCd=26&kikanCd=2652000963&kikanKbn=5", "url2": "https://ayumi-pharmacy.shopinfo.jp/pages/3362395/gallery", "内容": "あゆみ薬局　丹波橋店【5:薬局】京都府京都市伏見区京町南８－１０１－１　小山ビル１階" }, "geometry": { "type": "Point", "coordinates": [ 135.764907, 34.94007 ] } },
{ "type": "Feature", "properties": { "ID": 2652652000965.0, "正式名称": "モリタ薬局　北店", "機関区分": 5, "都道府県コード": 26, "市区町村コード": 204, "所在地": "京都府宇治市羽拍子町３６－１　クレアール１Ｆ", "緯度": 34.882993, "経度": 135.780075, "url": "https://www.iryou.teikyouseido.mhlw.go.jp/znk-web/juminkanja/S2430/initialize?prefCd=26&kikanCd=2652000965&kikanKbn=5", "url2": null, "内容": "モリタ薬局　北店【5:薬局】京都府宇治市羽拍子町３６－１　クレアール１Ｆ" }, "geometry": { "type": "Point", "coordinates": [ 135.780075, 34.882993 ] } },
{ "type": "Feature", "properties": { "ID": 2652652000966.0, "正式名称": "吉川ゆう薬局", "機関区分": 5, "都道府県コード": 26, "市区町村コード": 206, "所在地": "京都府亀岡市吉川町吉田段ノ坪２４番地３", "緯度": 35.017085, "経度": 135.541866, "url": "https://www.iryou.teikyouseido.mhlw.go.jp/znk-web/juminkanja/S2430/initialize?prefCd=26&kikanCd=2652000966&kikanKbn=5", "url2": "http://www.uno-upd.co.jp", "内容": "吉川ゆう薬局【5:薬局】京都府亀岡市吉川町吉田段ノ坪２４番地３" }, "geometry": { "type": "Point", "coordinates": [ 135.541866, 35.017085 ] } },
{ "type": "Feature", "properties": { "ID": 2652652000968.0, "正式名称": "なの花薬局　男山店", "機関区分": 5, "都道府県コード": 26, "市区町村コード": 210, "所在地": "京都府八幡市男山泉１番地１　大黒ビル１Ｆ", "緯度": 34.864521, "経度": 135.694972, "url": "https://www.iryou.teikyouseido.mhlw.go.jp/znk-web/juminkanja/S2430/initialize?prefCd=26&kikanCd=2652000968&kikanKbn=5", "url2": "https://www.nanohana-ph.jp/", "内容": "なの花薬局　男山店【5:薬局】京都府八幡市男山泉１番地１　大黒ビル１Ｆ" }, "geometry": { "type": "Point", "coordinates": [ 135.694972, 34.864521 ] } },
{ "type": "Feature", "properties": { "ID": 2652652000970.0, "正式名称": "ユタカ薬局福知山厚中", "機関区分": 5, "都道府県コード": 26, "市区町村コード": 201, "所在地": "京都府福知山市厚中町１６６番地", "緯度": 35.306352, "経度": 135.112194, "url": "https://www.iryou.teikyouseido.mhlw.go.jp/znk-web/juminkanja/S2430/initialize?prefCd=26&kikanCd=2652000970&kikanKbn=5", "url2": "https://www.d-yutaka.co.jp/shop/229.html", "内容": "ユタカ薬局福知山厚中【5:薬局】京都府福知山市厚中町１６６番地" }, "geometry": { "type": "Point", "coordinates": [ 135.112194, 35.306352 ] } },
{ "type": "Feature", "properties": { "ID": 2652652000971.0, "正式名称": "平安調剤薬局", "機関区分": 5, "都道府県コード": 26, "市区町村コード": 103, "所在地": "京都府京都市左京区岡崎北御所町１１番９", "緯度": 35.017728, "経度": 135.784902, "url": "https://www.iryou.teikyouseido.mhlw.go.jp/znk-web/juminkanja/S2430/initialize?prefCd=26&kikanCd=2652000971&kikanKbn=5", "url2": "https://www.selenegroup.jp", "内容": "平安調剤薬局【5:薬局】京都府京都市左京区岡崎北御所町１１番９" }, "geometry": { "type": "Point", "coordinates": [ 135.784902, 35.017728 ] } },
{ "type": "Feature", "properties": { "ID": 2652652000973.0, "正式名称": "アイン薬局伏見店", "機関区分": 5, "都道府県コード": 26, "市区町村コード": 109, "所在地": "京都府京都市伏見区下鳥羽上三栖町１２８番地", "緯度": 34.933209, "経度": 135.746131, "url": "https://www.iryou.teikyouseido.mhlw.go.jp/znk-web/juminkanja/S2430/initialize?prefCd=26&kikanCd=2652000973&kikanKbn=5", "url2": "http://www.ainj.co.jp", "内容": "アイン薬局伏見店【5:薬局】京都府京都市伏見区下鳥羽上三栖町１２８番地" }, "geometry": { "type": "Point", "coordinates": [ 135.746131, 34.933209 ] } },
{ "type": "Feature", "properties": { "ID": 2652652000974.0, "正式名称": "クルミ薬局", "機関区分": 5, "都道府県コード": 26, "市区町村コード": 104, "所在地": "京都府京都市中京区西ノ京銅駝町７５番地１の２", "緯度": 35.011423, "経度": 135.735934, "url": "https://www.iryou.teikyouseido.mhlw.go.jp/znk-web/juminkanja/S2430/initialize?prefCd=26&kikanCd=2652000974&kikanKbn=5", "url2": "https://www.marinegroup.jp/detail/%e3%82%af%e3%83%ab%e3%83%9f%e8%96%ac%e5%b1%80", "内容": "クルミ薬局【5:薬局】京都府京都市中京区西ノ京銅駝町７５番地１の２" }, "geometry": { "type": "Point", "coordinates": [ 135.735934, 35.011423 ] } },
{ "type": "Feature", "properties": { "ID": 2652652000975.0, "正式名称": "薬局ダックス下京五条店", "機関区分": 5, "都道府県コード": 26, "市区町村コード": 106, "所在地": "京都府京都市下京区中堂寺北町７０", "緯度": 34.997313, "経度": 135.742267, "url": "https://www.iryou.teikyouseido.mhlw.go.jp/znk-web/juminkanja/S2430/initialize?prefCd=26&kikanCd=2652000975&kikanKbn=5", "url2": "https://store.welcia.co.jp/welcia/spot/detail?code=3866D", "内容": "薬局ダックス下京五条店【5:薬局】京都府京都市下京区中堂寺北町７０" }, "geometry": { "type": "Point", "coordinates": [ 135.742267, 34.997313 ] } },
{ "type": "Feature", "properties": { "ID": 2652652000976.0, "正式名称": "フェリス薬局", "機関区分": 5, "都道府県コード": 26, "市区町村コード": 211, "所在地": "京都府京田辺市山手東１丁目６－２ハチセンビル２号館１Ｆ", "緯度": 34.834164, "経度": 135.727304, "url": "https://www.iryou.teikyouseido.mhlw.go.jp/znk-web/juminkanja/S2430/initialize?prefCd=26&kikanCd=2652000976&kikanKbn=5", "url2": null, "内容": "フェリス薬局【5:薬局】京都府京田辺市山手東１丁目６－２ハチセンビル２号館１Ｆ" }, "geometry": { "type": "Point", "coordinates": [ 135.727304, 34.834164 ] } },
{ "type": "Feature", "properties": { "ID": 2652652000977.0, "正式名称": "亀岡薬局イオン亀岡店", "機関区分": 5, "都道府県コード": 26, "市区町村コード": 206, "所在地": "京都府亀岡市古世町西内坪１０１　イオン亀岡店１Ｆ", "緯度": 35.014975, "経度": 135.583863, "url": "https://www.iryou.teikyouseido.mhlw.go.jp/znk-web/juminkanja/S2430/initialize?prefCd=26&kikanCd=2652000977&kikanKbn=5", "url2": null, "内容": "亀岡薬局イオン亀岡店【5:薬局】京都府亀岡市古世町西内坪１０１　イオン亀岡店１Ｆ" }, "geometry": { "type": "Point", "coordinates": [ 135.583863, 35.014975 ] } },
{ "type": "Feature", "properties": { "ID": 2652652000980.0, "正式名称": "大山崎ゆう薬局", "機関区分": 5, "都道府県コード": 26, "市区町村コード": 303, "所在地": "京都府乙訓郡大山崎町大山崎堀尻１６－２", "緯度": 34.89885, "経度": 135.685554, "url": "https://www.iryou.teikyouseido.mhlw.go.jp/znk-web/juminkanja/S2430/initialize?prefCd=26&kikanCd=2652000980&kikanKbn=5", "url2": "https://www.uno-upd.co.jp/store/ooyamazakityou/226/", "内容": "大山崎ゆう薬局【5:薬局】京都府乙訓郡大山崎町大山崎堀尻１６－２" }, "geometry": { "type": "Point", "coordinates": [ 135.685554, 34.89885 ] } },
{ "type": "Feature", "properties": { "ID": 2652652000981.0, "正式名称": "さくら薬局　亀岡南つつじケ丘店", "機関区分": 5, "都道府県コード": 26, "市区町村コード": 206, "所在地": "京都府亀岡市南つつじケ丘大葉台２－４４－１１", "緯度": 34.995061, "経度": 135.585975, "url": "https://www.iryou.teikyouseido.mhlw.go.jp/znk-web/juminkanja/S2430/initialize?prefCd=26&kikanCd=2652000981&kikanKbn=5", "url2": "http://www.kraft-net.co.jp/search/4253/", "内容": "さくら薬局　亀岡南つつじケ丘店【5:薬局】京都府亀岡市南つつじケ丘大葉台２－４４－１１" }, "geometry": { "type": "Point", "coordinates": [ 135.585975, 34.995061 ] } },
{ "type": "Feature", "properties": { "ID": 2652652000987.0, "正式名称": "かわせみ調剤薬局", "機関区分": 5, "都道府県コード": 26, "市区町村コード": 204, "所在地": "京都府宇治市伊勢田町南山５２番地の７　伊勢田ロイヤルハイツ１階", "緯度": 34.881215, "経度": 135.77827, "url": "https://www.iryou.teikyouseido.mhlw.go.jp/znk-web/juminkanja/S2430/initialize?prefCd=26&kikanCd=2652000987&kikanKbn=5", "url2": null, "内容": "かわせみ調剤薬局【5:薬局】京都府宇治市伊勢田町南山５２番地の７　伊勢田ロイヤルハイツ１階" }, "geometry": { "type": "Point", "coordinates": [ 135.77827, 34.881215 ] } },
{ "type": "Feature", "properties": { "ID": 2652652000989.0, "正式名称": "久我ゆう薬局", "機関区分": 5, "都道府県コード": 26, "市区町村コード": 109, "所在地": "京都府京都市伏見区久我森の宮町２番地２７３", "緯度": 34.939847, "経度": 135.731271, "url": "https://www.iryou.teikyouseido.mhlw.go.jp/znk-web/juminkanja/S2430/initialize?prefCd=26&kikanCd=2652000989&kikanKbn=5", "url2": "https://www.uno-upd.co.jp/store/hushimiku/228/", "内容": "久我ゆう薬局【5:薬局】京都府京都市伏見区久我森の宮町２番地２７３" }, "geometry": { "type": "Point", "coordinates": [ 135.731271, 34.939847 ] } },
{ "type": "Feature", "properties": { "ID": 2652652000991.0, "正式名称": "クオール薬局　東むこう店", "機関区分": 5, "都道府県コード": 26, "市区町村コード": 208, "所在地": "京都府向日市寺戸町梅ノ木２－２", "緯度": 34.951401, "経度": 135.703523, "url": "https://www.iryou.teikyouseido.mhlw.go.jp/znk-web/juminkanja/S2430/initialize?prefCd=26&kikanCd=2652000991&kikanKbn=5", "url2": "http://www.qol-net.co.jp/map/detail.php?id=230", "内容": "クオール薬局　東むこう店【5:薬局】京都府向日市寺戸町梅ノ木２－２" }, "geometry": { "type": "Point", "coordinates": [ 135.703523, 34.951401 ] } },
{ "type": "Feature", "properties": { "ID": 2652652000992.0, "正式名称": "翔薬局おいけ店", "機関区分": 5, "都道府県コード": 26, "市区町村コード": 104, "所在地": "京都府京都市中京区麩屋町通御池上ル上白山町２６４－１　岩佐ビル１Ｆ", "緯度": 35.011645, "経度": 135.765515, "url": "https://www.iryou.teikyouseido.mhlw.go.jp/znk-web/juminkanja/S2430/initialize?prefCd=26&kikanCd=2652000992&kikanKbn=5", "url2": "htpp://kakeru-ph.jp", "内容": "翔薬局おいけ店【5:薬局】京都府京都市中京区麩屋町通御池上ル上白山町２６４－１　岩佐ビル１Ｆ" }, "geometry": { "type": "Point", "coordinates": [ 135.765515, 35.011645 ] } },
{ "type": "Feature", "properties": { "ID": 2652652000994.0, "正式名称": "修学院ゆう薬局", "機関区分": 5, "都道府県コード": 26, "市区町村コード": 103, "所在地": "京都府京都市左京区一乗寺里ノ前町５番地　マ・メゾン１－Ａ", "緯度": 35.043781, "経度": 135.78765, "url": "https://www.iryou.teikyouseido.mhlw.go.jp/znk-web/juminkanja/S2430/initialize?prefCd=26&kikanCd=2652000994&kikanKbn=5", "url2": "http://www.uno-upd.co.jp/", "内容": "修学院ゆう薬局【5:薬局】京都府京都市左京区一乗寺里ノ前町５番地　マ・メゾン１－Ａ" }, "geometry": { "type": "Point", "coordinates": [ 135.78765, 35.043781 ] } },
{ "type": "Feature", "properties": { "ID": 2652652000996.0, "正式名称": "翔薬局御幸町店", "機関区分": 5, "都道府県コード": 26, "市区町村コード": 104, "所在地": "京都府京都市中京区御幸町通夷川下る達磨町５９０小池ビル１Ｆ", "緯度": 35.014728, "経度": 135.766376, "url": "https://www.iryou.teikyouseido.mhlw.go.jp/znk-web/juminkanja/S2430/initialize?prefCd=26&kikanCd=2652000996&kikanKbn=5", "url2": "http://kakeru-ph.jp", "内容": "翔薬局御幸町店【5:薬局】京都府京都市中京区御幸町通夷川下る達磨町５９０小池ビル１Ｆ" }, "geometry": { "type": "Point", "coordinates": [ 135.766376, 35.014728 ] } },
{ "type": "Feature", "properties": { "ID": 2652652000999.0, "正式名称": "スギ薬局　山科椥辻店", "機関区分": 5, "都道府県コード": 26, "市区町村コード": 110, "所在地": "京都府京都市山科区椥辻西潰２０番地１阪急オアシス山科店内", "緯度": 34.971956, "経度": 135.811263, "url": "https://www.iryou.teikyouseido.mhlw.go.jp/znk-web/juminkanja/S2430/initialize?prefCd=26&kikanCd=2652000999&kikanKbn=5", "url2": "http://www.drug-sugi.co.jp/", "内容": "スギ薬局　山科椥辻店【5:薬局】京都府京都市山科区椥辻西潰２０番地１阪急オアシス山科店内" }, "geometry": { "type": "Point", "coordinates": [ 135.811263, 34.971956 ] } },
{ "type": "Feature", "properties": { "ID": 2652652001000.0, "正式名称": "アイン薬局　京都駅前店", "機関区分": 5, "都道府県コード": 26, "市区町村コード": 106, "所在地": "京都府京都市下京区塩小路通烏丸西入東塩小路町５７９－１", "緯度": 34.987703, "経度": 135.758489, "url": "https://www.iryou.teikyouseido.mhlw.go.jp/znk-web/juminkanja/S2430/initialize?prefCd=26&kikanCd=2652001000&kikanKbn=5", "url2": "https://www.ainj.co.jp", "内容": "アイン薬局　京都駅前店【5:薬局】京都府京都市下京区塩小路通烏丸西入東塩小路町５７９－１" }, "geometry": { "type": "Point", "coordinates": [ 135.758489, 34.987703 ] } },
{ "type": "Feature", "properties": { "ID": 2652652001001.0, "正式名称": "あい薬局　上桂店", "機関区分": 5, "都道府県コード": 26, "市区町村コード": 111, "所在地": "京都府京都市西京区上桂宮ノ後町３４－４", "緯度": 34.990563, "経度": 135.696077, "url": "https://www.iryou.teikyouseido.mhlw.go.jp/znk-web/juminkanja/S2430/initialize?prefCd=26&kikanCd=2652001001&kikanKbn=5", "url2": "https://www.d-yutaka.co.jp/shop/15015.html", "内容": "あい薬局　上桂店【5:薬局】京都府京都市西京区上桂宮ノ後町３４－４" }, "geometry": { "type": "Point", "coordinates": [ 135.696077, 34.990563 ] } },
{ "type": "Feature", "properties": { "ID": 2652652001003.0, "正式名称": "ひよこ薬局", "機関区分": 5, "都道府県コード": 26, "市区町村コード": 206, "所在地": "京都府亀岡市篠町見晴六丁目１６番１号", "緯度": 35.00771, "経度": 135.609638, "url": "https://www.iryou.teikyouseido.mhlw.go.jp/znk-web/juminkanja/S2430/initialize?prefCd=26&kikanCd=2652001003&kikanKbn=5", "url2": null, "内容": "ひよこ薬局【5:薬局】京都府亀岡市篠町見晴六丁目１６番１号" }, "geometry": { "type": "Point", "coordinates": [ 135.609638, 35.00771 ] } },
{ "type": "Feature", "properties": { "ID": 2652652001004.0, "正式名称": "牧ゆう薬局", "機関区分": 5, "都道府県コード": 26, "市区町村コード": 201, "所在地": "京都府福知山市字牧小字宮ヶ４９１番地", "緯度": 35.336432, "経度": 135.097444, "url": "https://www.iryou.teikyouseido.mhlw.go.jp/znk-web/juminkanja/S2430/initialize?prefCd=26&kikanCd=2652001004&kikanKbn=5", "url2": "https://www.uno-upd.co.jp/store/fukuchiyamashi/232/", "内容": "牧ゆう薬局【5:薬局】京都府福知山市字牧小字宮ヶ４９１番地" }, "geometry": { "type": "Point", "coordinates": [ 135.097444, 35.336432 ] } },
{ "type": "Feature", "properties": { "ID": 2652652001006.0, "正式名称": "さくら薬局京都祝園店", "機関区分": 5, "都道府県コード": 26, "市区町村コード": 366, "所在地": "京都府相楽郡精華町大字祝園小字砂子田６番地", "緯度": 34.759173, "経度": 135.793219, "url": "https://www.iryou.teikyouseido.mhlw.go.jp/znk-web/juminkanja/S2430/initialize?prefCd=26&kikanCd=2652001006&kikanKbn=5", "url2": "http://www.kraft-net.co.jp/sakura/store/3456/", "内容": "さくら薬局京都祝園店【5:薬局】京都府相楽郡精華町大字祝園小字砂子田６番地" }, "geometry": { "type": "Point", "coordinates": [ 135.793219, 34.759173 ] } },
{ "type": "Feature", "properties": { "ID": 2652652001007.0, "正式名称": "いずみ薬局　醍醐支店", "機関区分": 5, "都道府県コード": 26, "市区町村コード": 109, "所在地": "京都府京都市伏見区醍醐御霊ケ下町１－１３", "緯度": 34.949153, "経度": 135.813403, "url": "https://www.iryou.teikyouseido.mhlw.go.jp/znk-web/juminkanja/S2430/initialize?prefCd=26&kikanCd=2652001007&kikanKbn=5", "url2": "http://www.fureai-yakkyoku.jp/", "内容": "いずみ薬局　醍醐支店【5:薬局】京都府京都市伏見区醍醐御霊ケ下町１－１３" }, "geometry": { "type": "Point", "coordinates": [ 135.813403, 34.949153 ] } },
{ "type": "Feature", "properties": { "ID": 2652652001008.0, "正式名称": "東邦薬局　大宮くしげ店", "機関区分": 5, "都道府県コード": 26, "市区町村コード": 106, "所在地": "京都府京都市下京区中堂寺櫛笥町２３", "緯度": 34.996758, "経度": 135.747656, "url": "https://www.iryou.teikyouseido.mhlw.go.jp/znk-web/juminkanja/S2430/initialize?prefCd=26&kikanCd=2652001008&kikanKbn=5", "url2": null, "内容": "東邦薬局　大宮くしげ店【5:薬局】京都府京都市下京区中堂寺櫛笥町２３" }, "geometry": { "type": "Point", "coordinates": [ 135.747656, 34.996758 ] } },
{ "type": "Feature", "properties": { "ID": 2652652001009.0, "正式名称": "日本調剤　山科薬局", "機関区分": 5, "都道府県コード": 26, "市区町村コード": 110, "所在地": "京都府京都市山科区竹鼻竹ノ街道町２３　レーベン早川１　１階", "緯度": 34.989649, "経度": 135.817567, "url": "https://www.iryou.teikyouseido.mhlw.go.jp/znk-web/juminkanja/S2430/initialize?prefCd=26&kikanCd=2652001009&kikanKbn=5", "url2": "https://www.nicho.co.jp/tenpo/yamasina/", "内容": "日本調剤　山科薬局【5:薬局】京都府京都市山科区竹鼻竹ノ街道町２３　レーベン早川１　１階" }, "geometry": { "type": "Point", "coordinates": [ 135.817567, 34.989649 ] } },
{ "type": "Feature", "properties": { "ID": 2652652001010.0, "正式名称": "多賀調剤薬局", "機関区分": 5, "都道府県コード": 26, "市区町村コード": 343, "所在地": "京都府綴喜郡井手町大字多賀小字内垣内４番地", "緯度": 34.819083, "経度": 135.807076, "url": "https://www.iryou.teikyouseido.mhlw.go.jp/znk-web/juminkanja/S2430/initialize?prefCd=26&kikanCd=2652001010&kikanKbn=5", "url2": null, "内容": "多賀調剤薬局【5:薬局】京都府綴喜郡井手町大字多賀小字内垣内４番地" }, "geometry": { "type": "Point", "coordinates": [ 135.807076, 34.819083 ] } },
{ "type": "Feature", "properties": { "ID": 2652652001011.0, "正式名称": "調剤薬局ガーラ", "機関区分": 5, "都道府県コード": 26, "市区町村コード": 111, "所在地": "京都府京都市西京区桂艮町１８番地の１１", "緯度": 34.984119, "経度": 135.699799, "url": "https://www.iryou.teikyouseido.mhlw.go.jp/znk-web/juminkanja/S2430/initialize?prefCd=26&kikanCd=2652001011&kikanKbn=5", "url2": "http://www.marinegroup.jp/store_html/kyouto_2.html", "内容": "調剤薬局ガーラ【5:薬局】京都府京都市西京区桂艮町１８番地の１１" }, "geometry": { "type": "Point", "coordinates": [ 135.699799, 34.984119 ] } },
{ "type": "Feature", "properties": { "ID": 2652652001012.0, "正式名称": "そうごう薬局　園部店", "機関区分": 5, "都道府県コード": 26, "市区町村コード": 213, "所在地": "京都府南丹市園部町美園町６－２７－２", "緯度": 35.109185, "経度": 135.473007, "url": "https://www.iryou.teikyouseido.mhlw.go.jp/znk-web/juminkanja/S2430/initialize?prefCd=26&kikanCd=2652001012&kikanKbn=5", "url2": "http://www.sogo-medical.co.jp/sogopharmacy/cgi-bin/area_index.html", "内容": "そうごう薬局　園部店【5:薬局】京都府南丹市園部町美園町６－２７－２" }, "geometry": { "type": "Point", "coordinates": [ 135.473007, 35.109185 ] } },
{ "type": "Feature", "properties": { "ID": 2652652001013.0, "正式名称": "かるがも薬局　四ノ宮店", "機関区分": 5, "都道府県コード": 26, "市区町村コード": 110, "所在地": "京都府京都市山科区竹鼻扇町１番地ＳＡＫＩＺＯ地扇町ビル１Ｆ", "緯度": 34.989491, "経度": 135.823868, "url": "https://www.iryou.teikyouseido.mhlw.go.jp/znk-web/juminkanja/S2430/initialize?prefCd=26&kikanCd=2652001013&kikanKbn=5", "url2": "https://www.karugamo.net/shop/yamashina/", "内容": "かるがも薬局　四ノ宮店【5:薬局】京都府京都市山科区竹鼻扇町１番地ＳＡＫＩＺＯ地扇町ビル１Ｆ" }, "geometry": { "type": "Point", "coordinates": [ 135.823868, 34.989491 ] } },
{ "type": "Feature", "properties": { "ID": 2652652001014.0, "正式名称": "クローバー薬局", "機関区分": 5, "都道府県コード": 26, "市区町村コード": 211, "所在地": "京都府京田辺市山手西２丁目２－２", "緯度": 34.832608, "経度": 135.722304, "url": "https://www.iryou.teikyouseido.mhlw.go.jp/znk-web/juminkanja/S2430/initialize?prefCd=26&kikanCd=2652001014&kikanKbn=5", "url2": "http://www.kyoto968.com", "内容": "クローバー薬局【5:薬局】京都府京田辺市山手西２丁目２－２" }, "geometry": { "type": "Point", "coordinates": [ 135.722304, 34.832608 ] } },
{ "type": "Feature", "properties": { "ID": 2652652001015.0, "正式名称": "アイセイ薬局烏丸御池店", "機関区分": 5, "都道府県コード": 26, "市区町村コード": 104, "所在地": "京都府京都市中京区東洞院通二条下る瓦之町３８７－４　シンフォニア御池１Ｆ", "緯度": 35.012617, "経度": 135.760904, "url": "https://www.iryou.teikyouseido.mhlw.go.jp/znk-web/juminkanja/S2430/initialize?prefCd=26&kikanCd=2652001015&kikanKbn=5", "url2": "https://www.aisei.co.jp/", "内容": "アイセイ薬局烏丸御池店【5:薬局】京都府京都市中京区東洞院通二条下る瓦之町３８７－４　シンフォニア御池１Ｆ" }, "geometry": { "type": "Point", "coordinates": [ 135.760904, 35.012617 ] } },
{ "type": "Feature", "properties": { "ID": 2652652001016.0, "正式名称": "マリーン　なのはな薬局", "機関区分": 5, "都道府県コード": 26, "市区町村コード": 204, "所在地": "京都府宇治市槇島町中川原１５７番地", "緯度": 34.905824, "経度": 135.786657, "url": "https://www.iryou.teikyouseido.mhlw.go.jp/znk-web/juminkanja/S2430/initialize?prefCd=26&kikanCd=2652001016&kikanKbn=5", "url2": null, "内容": "マリーン　なのはな薬局【5:薬局】京都府宇治市槇島町中川原１５７番地" }, "geometry": { "type": "Point", "coordinates": [ 135.786657, 34.905824 ] } },
{ "type": "Feature", "properties": { "ID": 2652652001018.0, "正式名称": "おうばくゆう薬局", "機関区分": 5, "都道府県コード": 26, "市区町村コード": 204, "所在地": "京都府宇治市五ヶ庄新開１１－２６", "緯度": 34.911934, "経度": 135.804516, "url": "https://www.iryou.teikyouseido.mhlw.go.jp/znk-web/juminkanja/S2430/initialize?prefCd=26&kikanCd=2652001018&kikanKbn=5", "url2": "http://www.uno-upd.co.jp/", "内容": "おうばくゆう薬局【5:薬局】京都府宇治市五ヶ庄新開１１－２６" }, "geometry": { "type": "Point", "coordinates": [ 135.804516, 34.911934 ] } },
{ "type": "Feature", "properties": { "ID": 2652652001021.0, "正式名称": "田辺まごころ薬局", "機関区分": 5, "都道府県コード": 26, "市区町村コード": 211, "所在地": "京都府京田辺市河原御影３０－２４　橋本テナント１Ｆ", "緯度": 34.820971, "経度": 135.774273, "url": "https://www.iryou.teikyouseido.mhlw.go.jp/znk-web/juminkanja/S2430/initialize?prefCd=26&kikanCd=2652001021&kikanKbn=5", "url2": null, "内容": "田辺まごころ薬局【5:薬局】京都府京田辺市河原御影３０－２４　橋本テナント１Ｆ" }, "geometry": { "type": "Point", "coordinates": [ 135.774273, 34.820971 ] } },
{ "type": "Feature", "properties": { "ID": 2652652001023.0, "正式名称": "アポロ薬局　吉祥院店", "機関区分": 5, "都道府県コード": 26, "市区町村コード": 107, "所在地": "京都府京都市南区吉祥院西ノ内町１８番地", "緯度": 34.972038, "経度": 135.732325, "url": "https://www.iryou.teikyouseido.mhlw.go.jp/znk-web/juminkanja/S2430/initialize?prefCd=26&kikanCd=2652001023&kikanKbn=5", "url2": null, "内容": "アポロ薬局　吉祥院店【5:薬局】京都府京都市南区吉祥院西ノ内町１８番地" }, "geometry": { "type": "Point", "coordinates": [ 135.732325, 34.972038 ] } },
{ "type": "Feature", "properties": { "ID": 2652652001024.0, "正式名称": "寺の内ゆう薬局", "機関区分": 5, "都道府県コード": 26, "市区町村コード": 102, "所在地": "京都府京都市上京区室町通寺ノ内上る下柳原南半町２４０番地１　カーナハイツ１階１Ｆ号室", "緯度": 35.033893, "経度": 135.758181, "url": "https://www.iryou.teikyouseido.mhlw.go.jp/znk-web/juminkanja/S2430/initialize?prefCd=26&kikanCd=2652001024&kikanKbn=5", "url2": "http://www.uno-upd.co.jp/", "内容": "寺の内ゆう薬局【5:薬局】京都府京都市上京区室町通寺ノ内上る下柳原南半町２４０番地１　カーナハイツ１階１Ｆ号室" }, "geometry": { "type": "Point", "coordinates": [ 135.758181, 35.033893 ] } },
{ "type": "Feature", "properties": { "ID": 2652652001025.0, "正式名称": "木幡ゆう薬局", "機関区分": 5, "都道府県コード": 26, "市区町村コード": 204, "所在地": "京都府宇治市木幡西浦３４番地", "緯度": 34.921628, "経度": 135.79585, "url": "https://www.iryou.teikyouseido.mhlw.go.jp/znk-web/juminkanja/S2430/initialize?prefCd=26&kikanCd=2652001025&kikanKbn=5", "url2": "https://www.uno-upd.co.jp/store/ujishi/236/", "内容": "木幡ゆう薬局【5:薬局】京都府宇治市木幡西浦３４番地" }, "geometry": { "type": "Point", "coordinates": [ 135.79585, 34.921628 ] } },
{ "type": "Feature", "properties": { "ID": 2652652001026.0, "正式名称": "ユタカ薬局千代川", "機関区分": 5, "都道府県コード": 26, "市区町村コード": 206, "所在地": "京都府亀岡市千代川町小川１丁目２番地６", "緯度": 35.050109, "経度": 135.542115, "url": "https://www.iryou.teikyouseido.mhlw.go.jp/znk-web/juminkanja/S2430/initialize?prefCd=26&kikanCd=2652001026&kikanKbn=5", "url2": "https://www.d-yutaka.co.jp/shop/227.html", "内容": "ユタカ薬局千代川【5:薬局】京都府亀岡市千代川町小川１丁目２番地６" }, "geometry": { "type": "Point", "coordinates": [ 135.542115, 35.050109 ] } },
{ "type": "Feature", "properties": { "ID": 2652652001027.0, "正式名称": "スギ薬局　寺町店", "機関区分": 5, "都道府県コード": 26, "市区町村コード": 104, "所在地": "京都府京都市中京区寺町通三条下る永楽町２３４番地ＳＫビル１階", "緯度": 35.007951, "経度": 135.766848, "url": "https://www.iryou.teikyouseido.mhlw.go.jp/znk-web/juminkanja/S2430/initialize?prefCd=26&kikanCd=2652001027&kikanKbn=5", "url2": "http://www.drug-sugi.co.jp", "内容": "スギ薬局　寺町店【5:薬局】京都府京都市中京区寺町通三条下る永楽町２３４番地ＳＫビル１階" }, "geometry": { "type": "Point", "coordinates": [ 135.766848, 35.007951 ] } },
{ "type": "Feature", "properties": { "ID": 2652652001029.0, "正式名称": "榎原ゆう薬局", "機関区分": 5, "都道府県コード": 26, "市区町村コード": 201, "所在地": "京都府福知山市字榎原小字惣ノ貝１３５８・１３５８－３", "緯度": 35.287131, "経度": 135.068532, "url": "https://www.iryou.teikyouseido.mhlw.go.jp/znk-web/juminkanja/S2430/initialize?prefCd=26&kikanCd=2652001029&kikanKbn=5", "url2": "https://www.uno-upd.co.jp/store/fukuchiyamashi/234/", "内容": "榎原ゆう薬局【5:薬局】京都府福知山市字榎原小字惣ノ貝１３５８・１３５８－３" }, "geometry": { "type": "Point", "coordinates": [ 135.068532, 35.287131 ] } },
{ "type": "Feature", "properties": { "ID": 2652652001030.0, "正式名称": "ファルコ薬局　烏丸御池店", "機関区分": 5, "都道府県コード": 26, "市区町村コード": 104, "所在地": "京都府京都市中京区御所八幡町２３１番地　ＳＨＩＣＡＴＡ　ＱＵＡＴＯＲＺＥ　ＢＬＤＧ　１階", "緯度": 35.011118, "経度": 135.762904, "url": "https://www.iryou.teikyouseido.mhlw.go.jp/znk-web/juminkanja/S2430/initialize?prefCd=26&kikanCd=2652001030&kikanKbn=5", "url2": "http://falco-pharm.co.jp/", "内容": "ファルコ薬局　烏丸御池店【5:薬局】京都府京都市中京区御所八幡町２３１番地　ＳＨＩＣＡＴＡ　ＱＵＡＴＯＲＺＥ　ＢＬＤＧ　１階" }, "geometry": { "type": "Point", "coordinates": [ 135.762904, 35.011118 ] } },
{ "type": "Feature", "properties": { "ID": 2652652001031.0, "正式名称": "イオン薬局高の原店", "機関区分": 5, "都道府県コード": 26, "市区町村コード": 214, "所在地": "京都府木津川市相楽台１丁目１番１　イオン高の原店２階", "緯度": 34.72601, "経度": 135.790887, "url": "https://www.iryou.teikyouseido.mhlw.go.jp/znk-web/juminkanja/S2430/initialize?prefCd=26&kikanCd=2652001031&kikanKbn=5", "url2": null, "内容": "イオン薬局高の原店【5:薬局】京都府木津川市相楽台１丁目１番１　イオン高の原店２階" }, "geometry": { "type": "Point", "coordinates": [ 135.790887, 34.72601 ] } },
{ "type": "Feature", "properties": { "ID": 2652652001032.0, "正式名称": "宇治ゆう薬局", "機関区分": 5, "都道府県コード": 26, "市区町村コード": 204, "所在地": "京都府宇治市六地蔵奈良町７４－１パデシオン六地蔵ミッドモール２Ｆ", "緯度": 34.933654, "経度": 135.796794, "url": "https://www.iryou.teikyouseido.mhlw.go.jp/znk-web/juminkanja/S2430/initialize?prefCd=26&kikanCd=2652001032&kikanKbn=5", "url2": "http://www.uno-upd.co.jp/", "内容": "宇治ゆう薬局【5:薬局】京都府宇治市六地蔵奈良町７４－１パデシオン六地蔵ミッドモール２Ｆ" }, "geometry": { "type": "Point", "coordinates": [ 135.796794, 34.933654 ] } },
{ "type": "Feature", "properties": { "ID": 2652652001034.0, "正式名称": "みやこ薬局マツヤスーパー店", "機関区分": 5, "都道府県コード": 26, "市区町村コード": 110, "所在地": "京都府京都市山科区竹鼻地蔵寺南町９番地１", "緯度": 34.987649, "経度": 135.813873, "url": "https://www.iryou.teikyouseido.mhlw.go.jp/znk-web/juminkanja/S2430/initialize?prefCd=26&kikanCd=2652001034&kikanKbn=5", "url2": "https://www.miyako-ph.co.jp/", "内容": "みやこ薬局マツヤスーパー店【5:薬局】京都府京都市山科区竹鼻地蔵寺南町９番地１" }, "geometry": { "type": "Point", "coordinates": [ 135.813873, 34.987649 ] } },
{ "type": "Feature", "properties": { "ID": 2652652001037.0, "正式名称": "薬局ダックス　宇治西大久保店", "機関区分": 5, "都道府県コード": 26, "市区町村コード": 204, "所在地": "京都府宇治市大久保町旦椋５０－２", "緯度": 34.87066, "経度": 135.763938, "url": "https://www.iryou.teikyouseido.mhlw.go.jp/znk-web/juminkanja/S2430/initialize?prefCd=26&kikanCd=2652001037&kikanKbn=5", "url2": null, "内容": "薬局ダックス　宇治西大久保店【5:薬局】京都府宇治市大久保町旦椋５０－２" }, "geometry": { "type": "Point", "coordinates": [ 135.763938, 34.87066 ] } },
{ "type": "Feature", "properties": { "ID": 2652652001039.0, "正式名称": "うさぎや薬局桜が丘店", "機関区分": 5, "都道府県コード": 26, "市区町村コード": 366, "所在地": "京都府相楽郡精華町桜が丘三―二―一　エスペローマ高の原ウエスト一番館", "緯度": 34.729342, "経度": 135.777832, "url": "https://www.iryou.teikyouseido.mhlw.go.jp/znk-web/juminkanja/S2430/initialize?prefCd=26&kikanCd=2652001039&kikanKbn=5", "url2": "http://www.e-classa.net/usagiya-sakuragaoka/", "内容": "うさぎや薬局桜が丘店【5:薬局】京都府相楽郡精華町桜が丘三―二―一　エスペローマ高の原ウエスト一番館" }, "geometry": { "type": "Point", "coordinates": [ 135.777832, 34.729342 ] } },
{ "type": "Feature", "properties": { "ID": 2652652001040.0, "正式名称": "よつば薬局", "機関区分": 5, "都道府県コード": 26, "市区町村コード": 103, "所在地": "京都府京都市左京区一乗寺里ノ西町１１番地　アミティエ一乗寺１階", "緯度": 35.044475, "経度": 135.787761, "url": "https://www.iryou.teikyouseido.mhlw.go.jp/znk-web/juminkanja/S2430/initialize?prefCd=26&kikanCd=2652001040&kikanKbn=5", "url2": "http://www.marinegroup.jp/", "内容": "よつば薬局【5:薬局】京都府京都市左京区一乗寺里ノ西町１１番地　アミティエ一乗寺１階" }, "geometry": { "type": "Point", "coordinates": [ 135.787761, 35.044475 ] } },
{ "type": "Feature", "properties": { "ID": 2652652001041.0, "正式名称": "ツバサ薬局　おうばく駅前店", "機関区分": 5, "都道府県コード": 26, "市区町村コード": 204, "所在地": "京都府宇治市五ケ庄新開１１", "緯度": 34.912407, "経度": 135.804016, "url": "https://www.iryou.teikyouseido.mhlw.go.jp/znk-web/juminkanja/S2430/initialize?prefCd=26&kikanCd=2652001041&kikanKbn=5", "url2": "https://wingmd.com/stores/oubakuekimae/", "内容": "ツバサ薬局　おうばく駅前店【5:薬局】京都府宇治市五ケ庄新開１１" }, "geometry": { "type": "Point", "coordinates": [ 135.804016, 34.912407 ] } },
{ "type": "Feature", "properties": { "ID": 2652652001043.0, "正式名称": "こじか薬局", "機関区分": 5, "都道府県コード": 26, "市区町村コード": 101, "所在地": "京都府京都市北区紫野下門前町１番地", "緯度": 35.041308, "経度": 135.748487, "url": "https://www.iryou.teikyouseido.mhlw.go.jp/znk-web/juminkanja/S2430/initialize?prefCd=26&kikanCd=2652001043&kikanKbn=5", "url2": null, "内容": "こじか薬局【5:薬局】京都府京都市北区紫野下門前町１番地" }, "geometry": { "type": "Point", "coordinates": [ 135.748487, 35.041308 ] } },
{ "type": "Feature", "properties": { "ID": 2652652001045.0, "正式名称": "スギ薬局　アルプラザ醍醐店", "機関区分": 5, "都道府県コード": 26, "市区町村コード": 109, "所在地": "京都府京都市伏見区醍醐高畑町一番地３７　アルプラザ醍醐２階", "緯度": 34.951541, "経度": 135.811264, "url": "https://www.iryou.teikyouseido.mhlw.go.jp/znk-web/juminkanja/S2430/initialize?prefCd=26&kikanCd=2652001045&kikanKbn=5", "url2": "https://www.drug-sugi.co.jp/", "内容": "スギ薬局　アルプラザ醍醐店【5:薬局】京都府京都市伏見区醍醐高畑町一番地３７　アルプラザ醍醐２階" }, "geometry": { "type": "Point", "coordinates": [ 135.811264, 34.951541 ] } },
{ "type": "Feature", "properties": { "ID": 2652652001046.0, "正式名称": "アイセイ薬局　松ヶ崎店", "機関区分": 5, "都道府県コード": 26, "市区町村コード": 103, "所在地": "京都府京都市左京区松ヶ崎井手ケ海道町１２－１　ハイツこだま１Ｆ", "緯度": 35.050752, "経度": 135.776345, "url": "https://www.iryou.teikyouseido.mhlw.go.jp/znk-web/juminkanja/S2430/initialize?prefCd=26&kikanCd=2652001046&kikanKbn=5", "url2": "www.aisei.co.jp", "内容": "アイセイ薬局　松ヶ崎店【5:薬局】京都府京都市左京区松ヶ崎井手ケ海道町１２－１　ハイツこだま１Ｆ" }, "geometry": { "type": "Point", "coordinates": [ 135.776345, 35.050752 ] } },
{ "type": "Feature", "properties": { "ID": 2652652001047.0, "正式名称": "松田調剤薬局", "機関区分": 5, "都道府県コード": 26, "市区町村コード": 204, "所在地": "京都府宇治市木幡北山畑１９－２８", "緯度": 34.924905, "経度": 135.800155, "url": "https://www.iryou.teikyouseido.mhlw.go.jp/znk-web/juminkanja/S2430/initialize?prefCd=26&kikanCd=2652001047&kikanKbn=5", "url2": null, "内容": "松田調剤薬局【5:薬局】京都府宇治市木幡北山畑１９－２８" }, "geometry": { "type": "Point", "coordinates": [ 135.800155, 34.924905 ] } },
{ "type": "Feature", "properties": { "ID": 2652652001048.0, "正式名称": "ささゆり薬局", "機関区分": 5, "都道府県コード": 26, "市区町村コード": 407, "所在地": "京都府船井郡京丹波町本庄木下５番地２", "緯度": 35.259978, "経度": 135.398831, "url": "https://www.iryou.teikyouseido.mhlw.go.jp/znk-web/juminkanja/S2430/initialize?prefCd=26&kikanCd=2652001048&kikanKbn=5", "url2": null, "内容": "ささゆり薬局【5:薬局】京都府船井郡京丹波町本庄木下５番地２" }, "geometry": { "type": "Point", "coordinates": [ 135.398831, 35.259978 ] } },
{ "type": "Feature", "properties": { "ID": 2652652001049.0, "正式名称": "ひさぎ調剤薬局", "機関区分": 5, "都道府県コード": 26, "市区町村コード": 109, "所在地": "京都府京都市伏見区桃山町山ノ下２３番地１１", "緯度": 34.938931, "経度": 135.794793, "url": "https://www.iryou.teikyouseido.mhlw.go.jp/znk-web/juminkanja/S2430/initialize?prefCd=26&kikanCd=2652001049&kikanKbn=5", "url2": "https://selenegroup.jp/", "内容": "ひさぎ調剤薬局【5:薬局】京都府京都市伏見区桃山町山ノ下２３番地１１" }, "geometry": { "type": "Point", "coordinates": [ 135.794793, 34.938931 ] } },
{ "type": "Feature", "properties": { "ID": 2652652001050.0, "正式名称": "阪神調剤薬局　舞鶴店", "機関区分": 5, "都道府県コード": 26, "市区町村コード": 202, "所在地": "京都府舞鶴市倉谷１５６９－２", "緯度": 35.446619, "経度": 135.337586, "url": "https://www.iryou.teikyouseido.mhlw.go.jp/znk-web/juminkanja/S2430/initialize?prefCd=26&kikanCd=2652001050&kikanKbn=5", "url2": "https://www.sugi-net.jp/stores/005065", "内容": "阪神調剤薬局　舞鶴店【5:薬局】京都府舞鶴市倉谷１５６９－２" }, "geometry": { "type": "Point", "coordinates": [ 135.337586, 35.446619 ] } },
{ "type": "Feature", "properties": { "ID": 2652652001051.0, "正式名称": "爽やか薬局", "機関区分": 5, "都道府県コード": 26, "市区町村コード": 366, "所在地": "京都府相楽郡精華町精華台二丁目１０番１３", "緯度": 34.749951, "経度": 135.785359, "url": "https://www.iryou.teikyouseido.mhlw.go.jp/znk-web/juminkanja/S2430/initialize?prefCd=26&kikanCd=2652001051&kikanKbn=5", "url2": null, "内容": "爽やか薬局【5:薬局】京都府相楽郡精華町精華台二丁目１０番１３" }, "geometry": { "type": "Point", "coordinates": [ 135.785359, 34.749951 ] } },
{ "type": "Feature", "properties": { "ID": 2652652001052.0, "正式名称": "アイン薬局　桂御所店", "機関区分": 5, "都道府県コード": 26, "市区町村コード": 111, "所在地": "京都府京都市西京区桂御所町１番地　　Ｍビル１Ｆ", "緯度": 34.987647, "経度": 135.700938, "url": "https://www.iryou.teikyouseido.mhlw.go.jp/znk-web/juminkanja/S2430/initialize?prefCd=26&kikanCd=2652001052&kikanKbn=5", "url2": "https://www.ainj.co.jp/network/detail.html?pdid=1637", "内容": "アイン薬局　桂御所店【5:薬局】京都府京都市西京区桂御所町１番地　　Ｍビル１Ｆ" }, "geometry": { "type": "Point", "coordinates": [ 135.700938, 34.987647 ] } },
{ "type": "Feature", "properties": { "ID": 2652652001053.0, "正式名称": "ファルコ薬局　四条烏丸店", "機関区分": 5, "都道府県コード": 26, "市区町村コード": 104, "所在地": "京都府京都市中京区烏丸通蛸薬師下る手洗水町６５２番地親友会烏丸ビル１Ｆ", "緯度": 35.00559, "経度": 135.759877, "url": "https://www.iryou.teikyouseido.mhlw.go.jp/znk-web/juminkanja/S2430/initialize?prefCd=26&kikanCd=2652001053&kikanKbn=5", "url2": "http://www.falco-pharm.co.jp/", "内容": "ファルコ薬局　四条烏丸店【5:薬局】京都府京都市中京区烏丸通蛸薬師下る手洗水町６５２番地親友会烏丸ビル１Ｆ" }, "geometry": { "type": "Point", "coordinates": [ 135.759877, 35.00559 ] } },
{ "type": "Feature", "properties": { "ID": 2652652001054.0, "正式名称": "調剤薬局みおつくし", "機関区分": 5, "都道府県コード": 26, "市区町村コード": 105, "所在地": "京都府京都市東山区古門前通大和大路東入二丁目三吉町３４５番５－１Ｆ", "緯度": 35.007063, "経度": 135.774959, "url": "https://www.iryou.teikyouseido.mhlw.go.jp/znk-web/juminkanja/S2430/initialize?prefCd=26&kikanCd=2652001054&kikanKbn=5", "url2": "https://www.selenegroup.jp/", "内容": "調剤薬局みおつくし【5:薬局】京都府京都市東山区古門前通大和大路東入二丁目三吉町３４５番５－１Ｆ" }, "geometry": { "type": "Point", "coordinates": [ 135.774959, 35.007063 ] } },
{ "type": "Feature", "properties": { "ID": 2652652001056.0, "正式名称": "すずらん薬局　馬堀店", "機関区分": 5, "都道府県コード": 26, "市区町村コード": 206, "所在地": "京都府亀岡市篠町馬堀駅前２丁目２０１番８号", "緯度": 35.010281, "経度": 135.602889, "url": "https://www.iryou.teikyouseido.mhlw.go.jp/znk-web/juminkanja/S2430/initialize?prefCd=26&kikanCd=2652001056&kikanKbn=5", "url2": "http://suzuranph.co.jp/umahori.html", "内容": "すずらん薬局　馬堀店【5:薬局】京都府亀岡市篠町馬堀駅前２丁目２０１番８号" }, "geometry": { "type": "Point", "coordinates": [ 135.602889, 35.010281 ] } },
{ "type": "Feature", "properties": { "ID": 2652652001057.0, "正式名称": "つわぶき調剤薬局", "機関区分": 5, "都道府県コード": 26, "市区町村コード": 206, "所在地": "京都府亀岡市北町５７番１５号カワモト北町ビル１Ｆ", "緯度": 35.014531, "経度": 135.577641, "url": "https://www.iryou.teikyouseido.mhlw.go.jp/znk-web/juminkanja/S2430/initialize?prefCd=26&kikanCd=2652001057&kikanKbn=5", "url2": "https://www.marinegroup.jp/detail/%E3%81%A4%E3%82%8F%E3%81%B6%E3%81%8D%E8%AA%BF%E5%89%A4%E8%96%AC%E5%B1%80/", "内容": "つわぶき調剤薬局【5:薬局】京都府亀岡市北町５７番１５号カワモト北町ビル１Ｆ" }, "geometry": { "type": "Point", "coordinates": [ 135.577641, 35.014531 ] } },
{ "type": "Feature", "properties": { "ID": 2652652001061.0, "正式名称": "あたご薬局", "機関区分": 5, "都道府県コード": 26, "市区町村コード": 108, "所在地": "京都府京都市右京区嵯峨広沢南野町２６－２　ＣあんどＣ嵯峨１階", "緯度": 35.020837, "経度": 135.691659, "url": "https://www.iryou.teikyouseido.mhlw.go.jp/znk-web/juminkanja/S2430/initialize?prefCd=26&kikanCd=2652001061&kikanKbn=5", "url2": null, "内容": "あたご薬局【5:薬局】京都府京都市右京区嵯峨広沢南野町２６－２　ＣあんどＣ嵯峨１階" }, "geometry": { "type": "Point", "coordinates": [ 135.691659, 35.020837 ] } },
{ "type": "Feature", "properties": { "ID": 2652652001062.0, "正式名称": "あい薬局　樫原店", "機関区分": 5, "都道府県コード": 26, "市区町村コード": 111, "所在地": "京都府京都市西京区樫原井戸１９－１", "緯度": 34.96976, "経度": 135.694967, "url": "https://www.iryou.teikyouseido.mhlw.go.jp/znk-web/juminkanja/S2430/initialize?prefCd=26&kikanCd=2652001062&kikanKbn=5", "url2": "https://www.d-yutaka.co.jp/shop/15020.html", "内容": "あい薬局　樫原店【5:薬局】京都府京都市西京区樫原井戸１９－１" }, "geometry": { "type": "Point", "coordinates": [ 135.694967, 34.96976 ] } },
{ "type": "Feature", "properties": { "ID": 2652652001064.0, "正式名称": "コストコホールセール八幡倉庫店薬局", "機関区分": 5, "都道府県コード": 26, "市区町村コード": 210, "所在地": "京都府八幡市欽明台北５番地", "緯度": 34.842857, "経度": 135.713471, "url": "https://www.iryou.teikyouseido.mhlw.go.jp/znk-web/juminkanja/S2430/initialize?prefCd=26&kikanCd=2652001064&kikanKbn=5", "url2": "https://www.costco.co.jp/store-finder/Kyoto%20Yawata", "内容": "コストコホールセール八幡倉庫店薬局【5:薬局】京都府八幡市欽明台北５番地" }, "geometry": { "type": "Point", "coordinates": [ 135.713471, 34.842857 ] } },
{ "type": "Feature", "properties": { "ID": 2652652001065.0, "正式名称": "佐々木薬局　西舞鶴店", "機関区分": 5, "都道府県コード": 26, "市区町村コード": 202, "所在地": "京都府舞鶴市伊佐津２００番地の１７", "緯度": 35.439275, "経度": 135.331547, "url": "https://www.iryou.teikyouseido.mhlw.go.jp/znk-web/juminkanja/S2430/initialize?prefCd=26&kikanCd=2652001065&kikanKbn=5", "url2": null, "内容": "佐々木薬局　西舞鶴店【5:薬局】京都府舞鶴市伊佐津２００番地の１７" }, "geometry": { "type": "Point", "coordinates": [ 135.331547, 35.439275 ] } },
{ "type": "Feature", "properties": { "ID": 2652652001066.0, "正式名称": "阪神調剤薬局　京大病院前店", "機関区分": 5, "都道府県コード": 26, "市区町村コード": 103, "所在地": "京都府京都市左京区聖護院川原町２８番地　１階", "緯度": 35.018256, "経度": 135.777208, "url": "https://www.iryou.teikyouseido.mhlw.go.jp/znk-web/juminkanja/S2430/initialize?prefCd=26&kikanCd=2652001066&kikanKbn=5", "url2": "https://iandh.mapion.co.jp/b/iandh/info/10026007/", "内容": "阪神調剤薬局　京大病院前店【5:薬局】京都府京都市左京区聖護院川原町２８番地　１階" }, "geometry": { "type": "Point", "coordinates": [ 135.777208, 35.018256 ] } },
{ "type": "Feature", "properties": { "ID": 2652652001067.0, "正式名称": "スギ薬局　二条店", "機関区分": 5, "都道府県コード": 26, "市区町村コード": 104, "所在地": "京都府京都市中京区西ノ京小堀町１番地４", "緯度": 35.014256, "経度": 135.742405, "url": "https://www.iryou.teikyouseido.mhlw.go.jp/znk-web/juminkanja/S2430/initialize?prefCd=26&kikanCd=2652001067&kikanKbn=5", "url2": "https://www.drug-sugi.co.jp/", "内容": "スギ薬局　二条店【5:薬局】京都府京都市中京区西ノ京小堀町１番地４" }, "geometry": { "type": "Point", "coordinates": [ 135.742405, 35.014256 ] } },
{ "type": "Feature", "properties": { "ID": 2652652001068.0, "正式名称": "ファルコ薬局　北白川店", "機関区分": 5, "都道府県コード": 26, "市区町村コード": 103, "所在地": "京都府京都市左京区一乗寺築田町１００番地３", "緯度": 35.039004, "経度": 135.79115, "url": "https://www.iryou.teikyouseido.mhlw.go.jp/znk-web/juminkanja/S2430/initialize?prefCd=26&kikanCd=2652001068&kikanKbn=5", "url2": "http://www.falco-pharm.co.jp/", "内容": "ファルコ薬局　北白川店【5:薬局】京都府京都市左京区一乗寺築田町１００番地３" }, "geometry": { "type": "Point", "coordinates": [ 135.79115, 35.039004 ] } },
{ "type": "Feature", "properties": { "ID": 2652652001069.0, "正式名称": "みずほゆう薬局", "機関区分": 5, "都道府県コード": 26, "市区町村コード": 407, "所在地": "京都府船井郡京丹波町和田大下２０番地１", "緯度": 35.179954, "経度": 135.375067, "url": "https://www.iryou.teikyouseido.mhlw.go.jp/znk-web/juminkanja/S2430/initialize?prefCd=26&kikanCd=2652001069&kikanKbn=5", "url2": "https://www.uno-upd.co.jp/store/kyoutanbatyou/461/", "内容": "みずほゆう薬局【5:薬局】京都府船井郡京丹波町和田大下２０番地１" }, "geometry": { "type": "Point", "coordinates": [ 135.375067, 35.179954 ] } },
{ "type": "Feature", "properties": { "ID": 2652652001070.0, "正式名称": "わかくさ薬局　京都本店", "機関区分": 5, "都道府県コード": 26, "市区町村コード": 106, "所在地": "京都府京都市下京区烏丸通七条下る東塩小路町７３５－１　京阪京都ビル１Ｆ", "緯度": 34.988759, "経度": 135.760072, "url": "https://www.iryou.teikyouseido.mhlw.go.jp/znk-web/juminkanja/S2430/initialize?prefCd=26&kikanCd=2652001070&kikanKbn=5", "url2": "http://www.wakakusa-ph.co.jp", "内容": "わかくさ薬局　京都本店【5:薬局】京都府京都市下京区烏丸通七条下る東塩小路町７３５－１　京阪京都ビル１Ｆ" }, "geometry": { "type": "Point", "coordinates": [ 135.760072, 34.988759 ] } },
{ "type": "Feature", "properties": { "ID": 2652652001071.0, "正式名称": "みやこ薬局　大宮店", "機関区分": 5, "都道府県コード": 26, "市区町村コード": 101, "所在地": "京都府京都市北区大宮南箱ノ井町２０番地２", "緯度": 35.052974, "経度": 135.740932, "url": "https://www.iryou.teikyouseido.mhlw.go.jp/znk-web/juminkanja/S2430/initialize?prefCd=26&kikanCd=2652001071&kikanKbn=5", "url2": "https://www.miyako-ph.co.jp/", "内容": "みやこ薬局　大宮店【5:薬局】京都府京都市北区大宮南箱ノ井町２０番地２" }, "geometry": { "type": "Point", "coordinates": [ 135.740932, 35.052974 ] } },
{ "type": "Feature", "properties": { "ID": 2652652001073.0, "正式名称": "スマイル薬局池須店", "機関区分": 5, "都道府県コード": 26, "市区町村コード": 104, "所在地": "京都府京都市中京区西洞院六角下る池須町４０８－３", "緯度": 35.006923, "経度": 135.755294, "url": "https://www.iryou.teikyouseido.mhlw.go.jp/znk-web/juminkanja/S2430/initialize?prefCd=26&kikanCd=2652001073&kikanKbn=5", "url2": "https://shimatany.co.jp/", "内容": "スマイル薬局池須店【5:薬局】京都府京都市中京区西洞院六角下る池須町４０８－３" }, "geometry": { "type": "Point", "coordinates": [ 135.755294, 35.006923 ] } },
{ "type": "Feature", "properties": { "ID": 2652652001081.0, "正式名称": "四条烏丸調剤薬局", "機関区分": 5, "都道府県コード": 26, "市区町村コード": 106, "所在地": "京都府京都市下京区四条通室町東入函谷鉾町８５番地１", "緯度": 35.003896, "経度": 135.758432, "url": "https://www.iryou.teikyouseido.mhlw.go.jp/znk-web/juminkanja/S2430/initialize?prefCd=26&kikanCd=2652001081&kikanKbn=5", "url2": "https://www.marinegroup.jp/detail/%e5%9b%9b%e6%9d%a1%e7%83%8f%e4%b8%b8%e8%aa%bf%e5%89%a4%e8%96%ac%e5%b1%80/", "内容": "四条烏丸調剤薬局【5:薬局】京都府京都市下京区四条通室町東入函谷鉾町８５番地１" }, "geometry": { "type": "Point", "coordinates": [ 135.758432, 35.003896 ] } },
{ "type": "Feature", "properties": { "ID": 2652652001083.0, "正式名称": "イオン薬局久御山店", "機関区分": 5, "都道府県コード": 26, "市区町村コード": 322, "所在地": "京都府久世郡久御山町森南大内１５６－１　イオン久御山店１階", "緯度": 34.893241, "経度": 135.746633, "url": "https://www.iryou.teikyouseido.mhlw.go.jp/znk-web/juminkanja/S2430/initialize?prefCd=26&kikanCd=2652001083&kikanKbn=5", "url2": null, "内容": "イオン薬局久御山店【5:薬局】京都府久世郡久御山町森南大内１５６－１　イオン久御山店１階" }, "geometry": { "type": "Point", "coordinates": [ 135.746633, 34.893241 ] } },
{ "type": "Feature", "properties": { "ID": 2652652001086.0, "正式名称": "アイン薬局宇治小倉店", "機関区分": 5, "都道府県コード": 26, "市区町村コード": 204, "所在地": "京都府宇治市小倉町神楽田１０－９", "緯度": 34.893714, "経度": 135.782297, "url": "https://www.iryou.teikyouseido.mhlw.go.jp/znk-web/juminkanja/S2430/initialize?prefCd=26&kikanCd=2652001086&kikanKbn=5", "url2": null, "内容": "アイン薬局宇治小倉店【5:薬局】京都府宇治市小倉町神楽田１０－９" }, "geometry": { "type": "Point", "coordinates": [ 135.782297, 34.893714 ] } },
{ "type": "Feature", "properties": { "ID": 2652652001087.0, "正式名称": "オレンジ薬局　醍醐店", "機関区分": 5, "都道府県コード": 26, "市区町村コード": 109, "所在地": "京都府京都市伏見区醍醐南里町２６番地３", "緯度": 34.946348, "経度": 135.814569, "url": "https://www.iryou.teikyouseido.mhlw.go.jp/znk-web/juminkanja/S2430/initialize?prefCd=26&kikanCd=2652001087&kikanKbn=5", "url2": "http://genkiorange.com/", "内容": "オレンジ薬局　醍醐店【5:薬局】京都府京都市伏見区醍醐南里町２６番地３" }, "geometry": { "type": "Point", "coordinates": [ 135.814569, 34.946348 ] } },
{ "type": "Feature", "properties": { "ID": 2652652001089.0, "正式名称": "アクア薬局", "機関区分": 5, "都道府県コード": 26, "市区町村コード": 108, "所在地": "京都府京都市右京区嵯峨広沢御所ノ内町３７番２５", "緯度": 35.020643, "経度": 135.688104, "url": "https://www.iryou.teikyouseido.mhlw.go.jp/znk-web/juminkanja/S2430/initialize?prefCd=26&kikanCd=2652001089&kikanKbn=5", "url2": null, "内容": "アクア薬局【5:薬局】京都府京都市右京区嵯峨広沢御所ノ内町３７番２５" }, "geometry": { "type": "Point", "coordinates": [ 135.688104, 35.020643 ] } },
{ "type": "Feature", "properties": { "ID": 2652652001094.0, "正式名称": "キリン堂薬局　醍醐店", "機関区分": 5, "都道府県コード": 26, "市区町村コード": 109, "所在地": "京都府京都市伏見区醍醐和泉町４６－１", "緯度": 34.948697, "経度": 135.815156, "url": "https://www.iryou.teikyouseido.mhlw.go.jp/znk-web/juminkanja/S2430/initialize?prefCd=26&kikanCd=2652001094&kikanKbn=5", "url2": "https://www.kirindo-shop.com/manage/shop/DG0295.html", "内容": "キリン堂薬局　醍醐店【5:薬局】京都府京都市伏見区醍醐和泉町４６－１" }, "geometry": { "type": "Point", "coordinates": [ 135.815156, 34.948697 ] } },
{ "type": "Feature", "properties": { "ID": 2652652001103.0, "正式名称": "らいふ薬局深草店", "機関区分": 5, "都道府県コード": 26, "市区町村コード": 109, "所在地": "京都府京都市伏見区深草新門丈町１４８", "緯度": 34.950374, "経度": 135.761712, "url": "https://www.iryou.teikyouseido.mhlw.go.jp/znk-web/juminkanja/S2430/initialize?prefCd=26&kikanCd=2652001103&kikanKbn=5", "url2": "https://www.qol-net.co.jp/", "内容": "らいふ薬局深草店【5:薬局】京都府京都市伏見区深草新門丈町１４８" }, "geometry": { "type": "Point", "coordinates": [ 135.761712, 34.950374 ] } },
{ "type": "Feature", "properties": { "ID": 2652652001105.0, "正式名称": "株式会社アキタ薬局", "機関区分": 5, "都道府県コード": 26, "市区町村コード": 201, "所在地": "京都府福知山市字天田２８９番地の１", "緯度": 35.291186, "経度": 135.12674, "url": "https://www.iryou.teikyouseido.mhlw.go.jp/znk-web/juminkanja/S2430/initialize?prefCd=26&kikanCd=2652001105&kikanKbn=5", "url2": null, "内容": "株式会社アキタ薬局【5:薬局】京都府福知山市字天田２８９番地の１" }, "geometry": { "type": "Point", "coordinates": [ 135.12674, 35.291186 ] } },
{ "type": "Feature", "properties": { "ID": 2652652001106.0, "正式名称": "アキタ薬局　駅南店", "機関区分": 5, "都道府県コード": 26, "市区町村コード": 201, "所在地": "京都府福知山市駅南町１丁目２７８", "緯度": 35.295104, "経度": 135.119611, "url": "https://www.iryou.teikyouseido.mhlw.go.jp/znk-web/juminkanja/S2430/initialize?prefCd=26&kikanCd=2652001106&kikanKbn=5", "url2": null, "内容": "アキタ薬局　駅南店【5:薬局】京都府福知山市駅南町１丁目２７８" }, "geometry": { "type": "Point", "coordinates": [ 135.119611, 35.295104 ] } },
{ "type": "Feature", "properties": { "ID": 2652652001108.0, "正式名称": "スマイル薬局　藤森店", "機関区分": 5, "都道府県コード": 26, "市区町村コード": 109, "所在地": "京都府京都市伏見区深草大亀谷大山町４２番地２号", "緯度": 34.94618, "経度": 135.77835, "url": "https://www.iryou.teikyouseido.mhlw.go.jp/znk-web/juminkanja/S2430/initialize?prefCd=26&kikanCd=2652001108&kikanKbn=5", "url2": "https://shimatany.co.jp/", "内容": "スマイル薬局　藤森店【5:薬局】京都府京都市伏見区深草大亀谷大山町４２番地２号" }, "geometry": { "type": "Point", "coordinates": [ 135.77835, 34.94618 ] } },
{ "type": "Feature", "properties": { "ID": 2652652001109.0, "正式名称": "すばる薬局", "機関区分": 5, "都道府県コード": 26, "市区町村コード": 207, "所在地": "京都府城陽市枇杷庄鹿背田７２番地　トライアングルプラザ", "緯度": 34.840136, "経度": 135.773689, "url": "https://www.iryou.teikyouseido.mhlw.go.jp/znk-web/juminkanja/S2430/initialize?prefCd=26&kikanCd=2652001109&kikanKbn=5", "url2": "http://genkiorange.com", "内容": "すばる薬局【5:薬局】京都府城陽市枇杷庄鹿背田７２番地　トライアングルプラザ" }, "geometry": { "type": "Point", "coordinates": [ 135.773689, 34.840136 ] } },
{ "type": "Feature", "properties": { "ID": 2652652001110.0, "正式名称": "近畿調剤かどの三条薬局", "機関区分": 5, "都道府県コード": 26, "市区町村コード": 108, "所在地": "京都府京都市右京区山ノ内北ノ口町１９番地１　１階", "緯度": 35.008367, "経度": 135.719935, "url": "https://www.iryou.teikyouseido.mhlw.go.jp/znk-web/juminkanja/S2430/initialize?prefCd=26&kikanCd=2652001110&kikanKbn=5", "url2": "http://www.kinki-dp.co.jp", "内容": "近畿調剤かどの三条薬局【5:薬局】京都府京都市右京区山ノ内北ノ口町１９番地１　１階" }, "geometry": { "type": "Point", "coordinates": [ 135.719935, 35.008367 ] } },
{ "type": "Feature", "properties": { "ID": 2652652001111.0, "正式名称": "三晃薬局　ひがし店", "機関区分": 5, "都道府県コード": 26, "市区町村コード": 208, "所在地": "京都府向日市鶏冠井町沢ノ西１６番地の１０８", "緯度": 34.94021, "経度": 135.70777, "url": "https://www.iryou.teikyouseido.mhlw.go.jp/znk-web/juminkanja/S2430/initialize?prefCd=26&kikanCd=2652001111&kikanKbn=5", "url2": null, "内容": "三晃薬局　ひがし店【5:薬局】京都府向日市鶏冠井町沢ノ西１６番地の１０８" }, "geometry": { "type": "Point", "coordinates": [ 135.70777, 34.94021 ] } },
{ "type": "Feature", "properties": { "ID": 2652652001112.0, "正式名称": "スズキ調剤薬局　山科店", "機関区分": 5, "都道府県コード": 26, "市区町村コード": 110, "所在地": "京都府京都市山科区音羽役出町１－３０　山科ロイヤルビル１階", "緯度": 34.98526, "経度": 135.816928, "url": "https://www.iryou.teikyouseido.mhlw.go.jp/znk-web/juminkanja/S2430/initialize?prefCd=26&kikanCd=2652001112&kikanKbn=5", "url2": "http://www.suzukiph.co.jp", "内容": "スズキ調剤薬局　山科店【5:薬局】京都府京都市山科区音羽役出町１－３０　山科ロイヤルビル１階" }, "geometry": { "type": "Point", "coordinates": [ 135.816928, 34.98526 ] } },
{ "type": "Feature", "properties": { "ID": 2652652001113.0, "正式名称": "調剤薬局ルナ", "機関区分": 5, "都道府県コード": 26, "市区町村コード": 109, "所在地": "京都府京都市伏見区桃山町遠山６７番地３　ノースストリーム１階", "緯度": 34.934932, "経度": 135.791488, "url": "https://www.iryou.teikyouseido.mhlw.go.jp/znk-web/juminkanja/S2430/initialize?prefCd=26&kikanCd=2652001113&kikanKbn=5", "url2": "https://selenegroup.jp/", "内容": "調剤薬局ルナ【5:薬局】京都府京都市伏見区桃山町遠山６７番地３　ノースストリーム１階" }, "geometry": { "type": "Point", "coordinates": [ 135.791488, 34.934932 ] } },
{ "type": "Feature", "properties": { "ID": 2652652001118.0, "正式名称": "調剤薬局ウィズ", "機関区分": 5, "都道府県コード": 26, "市区町村コード": 102, "所在地": "京都府京都市上京区浄福寺通今出川下る竪亀屋町２５７番２", "緯度": 35.029393, "経度": 135.745349, "url": "https://www.iryou.teikyouseido.mhlw.go.jp/znk-web/juminkanja/S2430/initialize?prefCd=26&kikanCd=2652001118&kikanKbn=5", "url2": null, "内容": "調剤薬局ウィズ【5:薬局】京都府京都市上京区浄福寺通今出川下る竪亀屋町２５７番２" }, "geometry": { "type": "Point", "coordinates": [ 135.745349, 35.029393 ] } },
{ "type": "Feature", "properties": { "ID": 2652652001119.0, "正式名称": "すこやか薬局　東山店", "機関区分": 5, "都道府県コード": 26, "市区町村コード": 105, "所在地": "京都府京都市東山区今熊野宝蔵町５４番９", "緯度": 34.984259, "経度": 135.775099, "url": "https://www.iryou.teikyouseido.mhlw.go.jp/znk-web/juminkanja/S2430/initialize?prefCd=26&kikanCd=2652001119&kikanKbn=5", "url2": "https://www.sukoyaka-pharmacy.com/", "内容": "すこやか薬局　東山店【5:薬局】京都府京都市東山区今熊野宝蔵町５４番９" }, "geometry": { "type": "Point", "coordinates": [ 135.775099, 34.984259 ] } },
{ "type": "Feature", "properties": { "ID": 2652652001120.0, "正式名称": "藤坂薬局　国道店", "機関区分": 5, "都道府県コード": 26, "市区町村コード": 407, "所在地": "京都府船井郡京丹波町須知岡畑２０－１", "緯度": 35.152958, "経度": 135.426648, "url": "https://www.iryou.teikyouseido.mhlw.go.jp/znk-web/juminkanja/S2430/initialize?prefCd=26&kikanCd=2652001120&kikanKbn=5", "url2": null, "内容": "藤坂薬局　国道店【5:薬局】京都府船井郡京丹波町須知岡畑２０－１" }, "geometry": { "type": "Point", "coordinates": [ 135.426648, 35.152958 ] } },
{ "type": "Feature", "properties": { "ID": 2652652001123.0, "正式名称": "烏丸御池ゆう薬局", "機関区分": 5, "都道府県コード": 26, "市区町村コード": 104, "所在地": "京都府京都市中京区烏丸通姉小路下る場之町５９９番地　ＣＵＢＥ　ＯＩＫＥ　７階西号室", "緯度": 35.009312, "経度": 135.759321, "url": "https://www.iryou.teikyouseido.mhlw.go.jp/znk-web/juminkanja/S2430/initialize?prefCd=26&kikanCd=2652001123&kikanKbn=5", "url2": "http://www.uno-upd.co.jp/pc/top.html", "内容": "烏丸御池ゆう薬局【5:薬局】京都府京都市中京区烏丸通姉小路下る場之町５９９番地　ＣＵＢＥ　ＯＩＫＥ　７階西号室" }, "geometry": { "type": "Point", "coordinates": [ 135.759321, 35.009312 ] } },
{ "type": "Feature", "properties": { "ID": 2652652001124.0, "正式名称": "松井調剤薬局まつばら", "機関区分": 5, "都道府県コード": 26, "市区町村コード": 106, "所在地": "京都府京都市下京区西洞院通松原下ル永倉町５５５番５", "緯度": 34.998313, "経度": 135.755044, "url": "https://www.iryou.teikyouseido.mhlw.go.jp/znk-web/juminkanja/S2430/initialize?prefCd=26&kikanCd=2652001124&kikanKbn=5", "url2": "http://www.4193.co.jp/", "内容": "松井調剤薬局まつばら【5:薬局】京都府京都市下京区西洞院通松原下ル永倉町５５５番５" }, "geometry": { "type": "Point", "coordinates": [ 135.755044, 34.998313 ] } },
{ "type": "Feature", "properties": { "ID": 2652652001125.0, "正式名称": "イカリ調剤薬局　イカリドラッグ", "機関区分": 5, "都道府県コード": 26, "市区町村コード": 110, "所在地": "京都府京都市山科区竹鼻竹ノ街道町３３番１Ｆ", "緯度": 34.989649, "経度": 135.816845, "url": "https://www.iryou.teikyouseido.mhlw.go.jp/znk-web/juminkanja/S2430/initialize?prefCd=26&kikanCd=2652001125&kikanKbn=5", "url2": "https://selenegroup.jp", "内容": "イカリ調剤薬局　イカリドラッグ【5:薬局】京都府京都市山科区竹鼻竹ノ街道町３３番１Ｆ" }, "geometry": { "type": "Point", "coordinates": [ 135.816845, 34.989649 ] } },
{ "type": "Feature", "properties": { "ID": 2652652001131.0, "正式名称": "ふたば薬局　淀店", "機関区分": 5, "都道府県コード": 26, "市区町村コード": 109, "所在地": "京都府京都市伏見区淀下津町４３", "緯度": 34.903517, "経度": 135.720551, "url": "https://www.iryou.teikyouseido.mhlw.go.jp/znk-web/juminkanja/S2430/initialize?prefCd=26&kikanCd=2652001131&kikanKbn=5", "url2": null, "内容": "ふたば薬局　淀店【5:薬局】京都府京都市伏見区淀下津町４３" }, "geometry": { "type": "Point", "coordinates": [ 135.720551, 34.903517 ] } },
{ "type": "Feature", "properties": { "ID": 2652652001133.0, "正式名称": "山科シティ薬局　東野店", "機関区分": 5, "都道府県コード": 26, "市区町村コード": 110, "所在地": "京都府京都市山科区東野八代２－３", "緯度": 34.9784, "経度": 135.807624, "url": "https://www.iryou.teikyouseido.mhlw.go.jp/znk-web/juminkanja/S2430/initialize?prefCd=26&kikanCd=2652001133&kikanKbn=5", "url2": null, "内容": "山科シティ薬局　東野店【5:薬局】京都府京都市山科区東野八代２－３" }, "geometry": { "type": "Point", "coordinates": [ 135.807624, 34.9784 ] } },
{ "type": "Feature", "properties": { "ID": 2652652001134.0, "正式名称": "オリーブ薬局", "機関区分": 5, "都道府県コード": 26, "市区町村コード": 201, "所在地": "京都府福知山市駅前町２２１番２", "緯度": 35.29802, "経度": 135.120722, "url": "https://www.iryou.teikyouseido.mhlw.go.jp/znk-web/juminkanja/S2430/initialize?prefCd=26&kikanCd=2652001134&kikanKbn=5", "url2": "http://www.shine-group.co.jp/", "内容": "オリーブ薬局【5:薬局】京都府福知山市駅前町２２１番２" }, "geometry": { "type": "Point", "coordinates": [ 135.120722, 35.29802 ] } },
{ "type": "Feature", "properties": { "ID": 2652652001135.0, "正式名称": "きらら薬局", "機関区分": 5, "都道府県コード": 26, "市区町村コード": 109, "所在地": "京都府京都市伏見区淀本町１７３－３４", "緯度": 34.906378, "経度": 135.719051, "url": "https://www.iryou.teikyouseido.mhlw.go.jp/znk-web/juminkanja/S2430/initialize?prefCd=26&kikanCd=2652001135&kikanKbn=5", "url2": null, "内容": "きらら薬局【5:薬局】京都府京都市伏見区淀本町１７３－３４" }, "geometry": { "type": "Point", "coordinates": [ 135.719051, 34.906378 ] } },
{ "type": "Feature", "properties": { "ID": 2652652001136.0, "正式名称": "カイセイ薬局　松井ケ丘店", "機関区分": 5, "都道府県コード": 26, "市区町村コード": 211, "所在地": "京都府京田辺市松井ケ丘３丁目１番８号", "緯度": 34.831775, "経度": 135.729609, "url": "https://www.iryou.teikyouseido.mhlw.go.jp/znk-web/juminkanja/S2430/initialize?prefCd=26&kikanCd=2652001136&kikanKbn=5", "url2": null, "内容": "カイセイ薬局　松井ケ丘店【5:薬局】京都府京田辺市松井ケ丘３丁目１番８号" }, "geometry": { "type": "Point", "coordinates": [ 135.729609, 34.831775 ] } },
{ "type": "Feature", "properties": { "ID": 2652652001137.0, "正式名称": "みつばち薬局上賀茂店", "機関区分": 5, "都道府県コード": 26, "市区町村コード": 101, "所在地": "京都府京都市北区上賀茂藤ノ木町２２－１", "緯度": 35.057901, "経度": 135.755917, "url": "https://www.iryou.teikyouseido.mhlw.go.jp/znk-web/juminkanja/S2430/initialize?prefCd=26&kikanCd=2652001137&kikanKbn=5", "url2": "https://www.kyoto-compha.or.jp/pharmacy-info/kamigamo/", "内容": "みつばち薬局上賀茂店【5:薬局】京都府京都市北区上賀茂藤ノ木町２２－１" }, "geometry": { "type": "Point", "coordinates": [ 135.755917, 35.057901 ] } },
{ "type": "Feature", "properties": { "ID": 2652652001138.0, "正式名称": "ファルコ薬局　新町六角店", "機関区分": 5, "都道府県コード": 26, "市区町村コード": 104, "所在地": "京都府京都市中京区西六角町１１２", "緯度": 35.007423, "経度": 135.75621, "url": "https://www.iryou.teikyouseido.mhlw.go.jp/znk-web/juminkanja/S2430/initialize?prefCd=26&kikanCd=2652001138&kikanKbn=5", "url2": "http://www.falco-pharm.co.jp/", "内容": "ファルコ薬局　新町六角店【5:薬局】京都府京都市中京区西六角町１１２" }, "geometry": { "type": "Point", "coordinates": [ 135.75621, 35.007423 ] } },
{ "type": "Feature", "properties": { "ID": 2652652001139.0, "正式名称": "東野ゆう薬局", "機関区分": 5, "都道府県コード": 26, "市区町村コード": 110, "所在地": "京都府京都市山科区音羽野田町１５－３大栄ファーストビル１階", "緯度": 34.983399, "経度": 135.81704, "url": "https://www.iryou.teikyouseido.mhlw.go.jp/znk-web/juminkanja/S2430/initialize?prefCd=26&kikanCd=2652001139&kikanKbn=5", "url2": "https://www.uno-upd.co.jp/store/yamashinaku/1128/", "内容": "東野ゆう薬局【5:薬局】京都府京都市山科区音羽野田町１５－３大栄ファーストビル１階" }, "geometry": { "type": "Point", "coordinates": [ 135.81704, 34.983399 ] } },
{ "type": "Feature", "properties": { "ID": 2652652001140.0, "正式名称": "ふうり調剤薬局", "機関区分": 5, "都道府県コード": 26, "市区町村コード": 207, "所在地": "京都府城陽市平川山道２８番４", "緯度": 34.863856, "経度": 135.781492, "url": "https://www.iryou.teikyouseido.mhlw.go.jp/znk-web/juminkanja/S2430/initialize?prefCd=26&kikanCd=2652001140&kikanKbn=5", "url2": "https://www.marinegroup.jp/", "内容": "ふうり調剤薬局【5:薬局】京都府城陽市平川山道２８番４" }, "geometry": { "type": "Point", "coordinates": [ 135.781492, 34.863856 ] } },
{ "type": "Feature", "properties": { "ID": 2652652001141.0, "正式名称": "あさがお薬局", "機関区分": 5, "都道府県コード": 26, "市区町村コード": 214, "所在地": "京都府木津川市木津池田３０－９", "緯度": 34.735148, "経度": 135.82144, "url": "https://www.iryou.teikyouseido.mhlw.go.jp/znk-web/juminkanja/S2430/initialize?prefCd=26&kikanCd=2652001141&kikanKbn=5", "url2": "https://ggwh.jp/", "内容": "あさがお薬局【5:薬局】京都府木津川市木津池田３０－９" }, "geometry": { "type": "Point", "coordinates": [ 135.82144, 34.735148 ] } },
{ "type": "Feature", "properties": { "ID": 2652652001142.0, "正式名称": "南加茂台薬局", "機関区分": 5, "都道府県コード": 26, "市区町村コード": 214, "所在地": "京都府木津川市南加茂台９－１４－１", "緯度": 34.737621, "経度": 135.865964, "url": "https://www.iryou.teikyouseido.mhlw.go.jp/znk-web/juminkanja/S2430/initialize?prefCd=26&kikanCd=2652001142&kikanKbn=5", "url2": null, "内容": "南加茂台薬局【5:薬局】京都府木津川市南加茂台９－１４－１" }, "geometry": { "type": "Point", "coordinates": [ 135.865964, 34.737621 ] } },
{ "type": "Feature", "properties": { "ID": 2652652001143.0, "正式名称": "ユニスマイル薬局　亀岡店", "機関区分": 5, "都道府県コード": 26, "市区町村コード": 206, "所在地": "京都府亀岡市古世町３丁目２３番１号", "緯度": 35.006893, "経度": 135.589474, "url": "https://www.iryou.teikyouseido.mhlw.go.jp/znk-web/juminkanja/S2430/initialize?prefCd=26&kikanCd=2652001143&kikanKbn=5", "url2": "https://unismile.co.jp", "内容": "ユニスマイル薬局　亀岡店【5:薬局】京都府亀岡市古世町３丁目２３番１号" }, "geometry": { "type": "Point", "coordinates": [ 135.589474, 35.006893 ] } },
{ "type": "Feature", "properties": { "ID": 2652652001148.0, "正式名称": "くるみ調剤薬局", "機関区分": 5, "都道府県コード": 26, "市区町村コード": 108, "所在地": "京都府京都市右京区西院東今田町１４番地", "緯度": 35.007256, "経度": 135.731518, "url": "https://www.iryou.teikyouseido.mhlw.go.jp/znk-web/juminkanja/S2430/initialize?prefCd=26&kikanCd=2652001148&kikanKbn=5", "url2": "https://www.marinegroup.jp/detail/%E3%81%8F%E3%82%8B%E3%81%BF%E8%AA%BF%E5%89%A4%E8%96%AC%E5%B1%80/", "内容": "くるみ調剤薬局【5:薬局】京都府京都市右京区西院東今田町１４番地" }, "geometry": { "type": "Point", "coordinates": [ 135.731518, 35.007256 ] } },
{ "type": "Feature", "properties": { "ID": 2652652001149.0, "正式名称": "ユタカ薬局　在宅調剤センター京都", "機関区分": 5, "都道府県コード": 26, "市区町村コード": 109, "所在地": "京都府京都市伏見区竹田段川原町２３６　竹田駅前第一ビル２０２号室", "緯度": 34.958123, "経度": 135.75649, "url": "https://www.iryou.teikyouseido.mhlw.go.jp/znk-web/juminkanja/S2430/initialize?prefCd=26&kikanCd=2652001149&kikanKbn=5", "url2": "https://www.d-yutaka.co.jp/shop/271.html", "内容": "ユタカ薬局　在宅調剤センター京都【5:薬局】京都府京都市伏見区竹田段川原町２３６　竹田駅前第一ビル２０２号室" }, "geometry": { "type": "Point", "coordinates": [ 135.75649, 34.958123 ] } },
{ "type": "Feature", "properties": { "ID": 2652652001151.0, "正式名称": "ファルコ薬局　松尾橋店", "機関区分": 5, "都道府県コード": 26, "市区町村コード": 108, "所在地": "京都府京都市右京区梅津大縄場町６番４５号", "緯度": 35.001534, "経度": 135.691383, "url": "https://www.iryou.teikyouseido.mhlw.go.jp/znk-web/juminkanja/S2430/initialize?prefCd=26&kikanCd=2652001151&kikanKbn=5", "url2": "http://www.falco-pharm.co.jp/", "内容": "ファルコ薬局　松尾橋店【5:薬局】京都府京都市右京区梅津大縄場町６番４５号" }, "geometry": { "type": "Point", "coordinates": [ 135.691383, 35.001534 ] } },
{ "type": "Feature", "properties": { "ID": 2652652001152.0, "正式名称": "嵯峨野ゆう薬局", "機関区分": 5, "都道府県コード": 26, "市区町村コード": 108, "所在地": "京都府京都市右京区嵯峨野開町２９番３　ジャンベルビル１Ｆ", "緯度": 35.014366, "経度": 135.69727, "url": "https://www.iryou.teikyouseido.mhlw.go.jp/znk-web/juminkanja/S2430/initialize?prefCd=26&kikanCd=2652001152&kikanKbn=5", "url2": "http://www.uno-upd.co.jp", "内容": "嵯峨野ゆう薬局【5:薬局】京都府京都市右京区嵯峨野開町２９番３　ジャンベルビル１Ｆ" }, "geometry": { "type": "Point", "coordinates": [ 135.69727, 35.014366 ] } },
{ "type": "Feature", "properties": { "ID": 2652652001153.0, "正式名称": "上鳥羽薬局", "機関区分": 5, "都道府県コード": 26, "市区町村コード": 107, "所在地": "京都府京都市南区上鳥羽城ヶ前町２２９", "緯度": 34.964622, "経度": 135.744213, "url": "https://www.iryou.teikyouseido.mhlw.go.jp/znk-web/juminkanja/S2430/initialize?prefCd=26&kikanCd=2652001153&kikanKbn=5", "url2": null, "内容": "上鳥羽薬局【5:薬局】京都府京都市南区上鳥羽城ヶ前町２２９" }, "geometry": { "type": "Point", "coordinates": [ 135.744213, 34.964622 ] } },
{ "type": "Feature", "properties": { "ID": 2652652001154.0, "正式名称": "みなと薬局", "機関区分": 5, "都道府県コード": 26, "市区町村コード": 202, "所在地": "京都府舞鶴市字市場６２－１", "緯度": 35.476478, "経度": 135.402329, "url": "https://www.iryou.teikyouseido.mhlw.go.jp/znk-web/juminkanja/S2430/initialize?prefCd=26&kikanCd=2652001154&kikanKbn=5", "url2": null, "内容": "みなと薬局【5:薬局】京都府舞鶴市字市場６２－１" }, "geometry": { "type": "Point", "coordinates": [ 135.402329, 35.476478 ] } },
{ "type": "Feature", "properties": { "ID": 2652652001156.0, "正式名称": "カキノキ薬局　東一条店", "機関区分": 5, "都道府県コード": 26, "市区町村コード": 103, "所在地": "京都府京都市左京区吉田中阿達町３８番１", "緯度": 35.025338, "経度": 135.775986, "url": "https://www.iryou.teikyouseido.mhlw.go.jp/znk-web/juminkanja/S2430/initialize?prefCd=26&kikanCd=2652001156&kikanKbn=5", "url2": null, "内容": "カキノキ薬局　東一条店【5:薬局】京都府京都市左京区吉田中阿達町３８番１" }, "geometry": { "type": "Point", "coordinates": [ 135.775986, 35.025338 ] } },
{ "type": "Feature", "properties": { "ID": 2652652001157.0, "正式名称": "漢方柿ノ木薬局", "機関区分": 5, "都道府県コード": 26, "市区町村コード": 103, "所在地": "京都府京都市左京区吉田牛ノ宮町１９", "緯度": 35.025144, "経度": 135.776791, "url": "https://www.iryou.teikyouseido.mhlw.go.jp/znk-web/juminkanja/S2430/initialize?prefCd=26&kikanCd=2652001157&kikanKbn=5", "url2": null, "内容": "漢方柿ノ木薬局【5:薬局】京都府京都市左京区吉田牛ノ宮町１９" }, "geometry": { "type": "Point", "coordinates": [ 135.776791, 35.025144 ] } },
{ "type": "Feature", "properties": { "ID": 2652652001158.0, "正式名称": "幡枝ゆう薬局", "機関区分": 5, "都道府県コード": 26, "市区町村コード": 103, "所在地": "京都府京都市左京区岩倉北平岡町２６番地", "緯度": 35.068195, "経度": 135.777317, "url": "https://www.iryou.teikyouseido.mhlw.go.jp/znk-web/juminkanja/S2430/initialize?prefCd=26&kikanCd=2652001158&kikanKbn=5", "url2": "http://www.uno-upd.co.jp", "内容": "幡枝ゆう薬局【5:薬局】京都府京都市左京区岩倉北平岡町２６番地" }, "geometry": { "type": "Point", "coordinates": [ 135.777317, 35.068195 ] } },
{ "type": "Feature", "properties": { "ID": 2652652001159.0, "正式名称": "原田薬局", "機関区分": 5, "都道府県コード": 26, "市区町村コード": 109, "所在地": "京都府京都市伏見区淀下津町４－１", "緯度": 34.903656, "経度": 135.720385, "url": "https://www.iryou.teikyouseido.mhlw.go.jp/znk-web/juminkanja/S2430/initialize?prefCd=26&kikanCd=2652001159&kikanKbn=5", "url2": null, "内容": "原田薬局【5:薬局】京都府京都市伏見区淀下津町４－１" }, "geometry": { "type": "Point", "coordinates": [ 135.720385, 34.903656 ] } },
{ "type": "Feature", "properties": { "ID": 2652652001162.0, "正式名称": "原谷ゆう薬局", "機関区分": 5, "都道府県コード": 26, "市区町村コード": 101, "所在地": "京都府京都市北区大北山原谷乾町１９９－１", "緯度": 35.045974, "経度": 135.719045, "url": "https://www.iryou.teikyouseido.mhlw.go.jp/znk-web/juminkanja/S2430/initialize?prefCd=26&kikanCd=2652001162&kikanKbn=5", "url2": "https://www.uno-upd.co.jp/store/kitaku/1201/", "内容": "原谷ゆう薬局【5:薬局】京都府京都市北区大北山原谷乾町１９９－１" }, "geometry": { "type": "Point", "coordinates": [ 135.719045, 35.045974 ] } },
{ "type": "Feature", "properties": { "ID": 2652652001163.0, "正式名称": "近畿調剤平野神社前薬局", "機関区分": 5, "都道府県コード": 26, "市区町村コード": 101, "所在地": "京都府京都市北区平野八丁柳町６８番地１サニーハイム金閣寺１階", "緯度": 35.031559, "経度": 135.731239, "url": "https://www.iryou.teikyouseido.mhlw.go.jp/znk-web/juminkanja/S2430/initialize?prefCd=26&kikanCd=2652001163&kikanKbn=5", "url2": "http://www.kinki-dp.co.jp/shoplist/detail.php?seq=26", "内容": "近畿調剤平野神社前薬局【5:薬局】京都府京都市北区平野八丁柳町６８番地１サニーハイム金閣寺１階" }, "geometry": { "type": "Point", "coordinates": [ 135.731239, 35.031559 ] } },
{ "type": "Feature", "properties": { "ID": 2652652001164.0, "正式名称": "いい薬局　精華台店", "機関区分": 5, "都道府県コード": 26, "市区町村コード": 366, "所在地": "京都府相楽郡精華町精華台二丁目１７－１１", "緯度": 34.751257, "経度": 135.781498, "url": "https://www.iryou.teikyouseido.mhlw.go.jp/znk-web/juminkanja/S2430/initialize?prefCd=26&kikanCd=2652001164&kikanKbn=5", "url2": "https://www.e-bondh.jp/", "内容": "いい薬局　精華台店【5:薬局】京都府相楽郡精華町精華台二丁目１７－１１" }, "geometry": { "type": "Point", "coordinates": [ 135.781498, 34.751257 ] } },
{ "type": "Feature", "properties": { "ID": 2652652001165.0, "正式名称": "長池薬局　寺田店", "機関区分": 5, "都道府県コード": 26, "市区町村コード": 207, "所在地": "京都府城陽市寺田東ノ口４４番地１４", "緯度": 34.852218, "経度": 135.779021, "url": "https://www.iryou.teikyouseido.mhlw.go.jp/znk-web/juminkanja/S2430/initialize?prefCd=26&kikanCd=2652001165&kikanKbn=5", "url2": null, "内容": "長池薬局　寺田店【5:薬局】京都府城陽市寺田東ノ口４４番地１４" }, "geometry": { "type": "Point", "coordinates": [ 135.779021, 34.852218 ] } },
{ "type": "Feature", "properties": { "ID": 2652652001167.0, "正式名称": "薬局ダックス下京西七条店", "機関区分": 5, "都道府県コード": 26, "市区町村コード": 106, "所在地": "京都府京都市下京区西七条北月読町７０番地", "緯度": 34.989703, "経度": 135.729769, "url": "https://www.iryou.teikyouseido.mhlw.go.jp/znk-web/juminkanja/S2430/initialize?prefCd=26&kikanCd=2652001167&kikanKbn=5", "url2": "https://store.welcia.co.jp/welcia/spot/detail?code=3882D", "内容": "薬局ダックス下京西七条店【5:薬局】京都府京都市下京区西七条北月読町７０番地" }, "geometry": { "type": "Point", "coordinates": [ 135.729769, 34.989703 ] } },
{ "type": "Feature", "properties": { "ID": 2652652001168.0, "正式名称": "阪神調剤薬局　木津屋橋店", "機関区分": 5, "都道府県コード": 26, "市区町村コード": 106, "所在地": "京都府京都市下京区油小路通下魚ノ棚下る油小路町２７９番地", "緯度": 34.987564, "経度": 135.755433, "url": "https://www.iryou.teikyouseido.mhlw.go.jp/znk-web/juminkanja/S2430/initialize?prefCd=26&kikanCd=2652001168&kikanKbn=5", "url2": "http://www.hanshin-dp.co.jp/shop/info.php?id=195", "内容": "阪神調剤薬局　木津屋橋店【5:薬局】京都府京都市下京区油小路通下魚ノ棚下る油小路町２７９番地" }, "geometry": { "type": "Point", "coordinates": [ 135.755433, 34.987564 ] } },
{ "type": "Feature", "properties": { "ID": 2652652001169.0, "正式名称": "かおる薬局", "機関区分": 5, "都道府県コード": 26, "市区町村コード": 110, "所在地": "京都府京都市山科区東野北井ノ上町２番地の１", "緯度": 34.982816, "経度": 135.817012, "url": "https://www.iryou.teikyouseido.mhlw.go.jp/znk-web/juminkanja/S2430/initialize?prefCd=26&kikanCd=2652001169&kikanKbn=5", "url2": "https://www.marinegroup.jp/", "内容": "かおる薬局【5:薬局】京都府京都市山科区東野北井ノ上町２番地の１" }, "geometry": { "type": "Point", "coordinates": [ 135.817012, 34.982816 ] } },
{ "type": "Feature", "properties": { "ID": 2652652001171.0, "正式名称": "スギ薬局　上桂山田口店", "機関区分": 5, "都道府県コード": 26, "市区町村コード": 111, "所在地": "京都府京都市西京区松尾木ノ曽町４７番地３", "緯度": 34.990702, "経度": 135.693133, "url": "https://www.iryou.teikyouseido.mhlw.go.jp/znk-web/juminkanja/S2430/initialize?prefCd=26&kikanCd=2652001171&kikanKbn=5", "url2": "http://www.drug-sugi.co.jp/", "内容": "スギ薬局　上桂山田口店【5:薬局】京都府京都市西京区松尾木ノ曽町４７番地３" }, "geometry": { "type": "Point", "coordinates": [ 135.693133, 34.990702 ] } },
{ "type": "Feature", "properties": { "ID": 2652652001173.0, "正式名称": "キリン堂薬局　京大病院前店", "機関区分": 5, "都道府県コード": 26, "市区町村コード": 103, "所在地": "京都府京都市左京区聖護院川原町３０", "緯度": 35.018339, "経度": 135.777375, "url": "https://www.iryou.teikyouseido.mhlw.go.jp/znk-web/juminkanja/S2430/initialize?prefCd=26&kikanCd=2652001173&kikanKbn=5", "url2": "https://www.kirindo-shop.com/manage/shop/RX0565.html", "内容": "キリン堂薬局　京大病院前店【5:薬局】京都府京都市左京区聖護院川原町３０" }, "geometry": { "type": "Point", "coordinates": [ 135.777375, 35.018339 ] } },
{ "type": "Feature", "properties": { "ID": 2652652001174.0, "正式名称": "ひじり調剤薬局", "機関区分": 5, "都道府県コード": 26, "市区町村コード": 209, "所在地": "京都府長岡京市友岡４丁目２１番１３号１－４", "緯度": 34.912293, "経度": 135.688165, "url": "https://www.iryou.teikyouseido.mhlw.go.jp/znk-web/juminkanja/S2430/initialize?prefCd=26&kikanCd=2652001174&kikanKbn=5", "url2": "https://dtokunipharm.jp/shops", "内容": "ひじり調剤薬局【5:薬局】京都府長岡京市友岡４丁目２１番１３号１－４" }, "geometry": { "type": "Point", "coordinates": [ 135.688165, 34.912293 ] } },
{ "type": "Feature", "properties": { "ID": 2652652001175.0, "正式名称": "はつね調剤薬局", "機関区分": 5, "都道府県コード": 26, "市区町村コード": 207, "所在地": "京都府城陽市寺田今橋１１番８", "緯度": 34.852468, "経度": 135.765661, "url": "https://www.iryou.teikyouseido.mhlw.go.jp/znk-web/juminkanja/S2430/initialize?prefCd=26&kikanCd=2652001175&kikanKbn=5", "url2": "http://www.marinegroup.jp/top.html", "内容": "はつね調剤薬局【5:薬局】京都府城陽市寺田今橋１１番８" }, "geometry": { "type": "Point", "coordinates": [ 135.765661, 34.852468 ] } },
{ "type": "Feature", "properties": { "ID": 2652652001177.0, "正式名称": "大池坂ゆう薬局", "機関区分": 5, "都道府県コード": 26, "市区町村コード": 201, "所在地": "京都府福知山市大池坂町６９", "緯度": 35.295271, "経度": 135.162163, "url": "https://www.iryou.teikyouseido.mhlw.go.jp/znk-web/juminkanja/S2430/initialize?prefCd=26&kikanCd=2652001177&kikanKbn=5", "url2": "http://www.uno-upd.co.jp/", "内容": "大池坂ゆう薬局【5:薬局】京都府福知山市大池坂町６９" }, "geometry": { "type": "Point", "coordinates": [ 135.162163, 35.295271 ] } },
{ "type": "Feature", "properties": { "ID": 2652652001179.0, "正式名称": "亀岡薬局　クニッテル店", "機関区分": 5, "都道府県コード": 26, "市区町村コード": 206, "所在地": "京都府亀岡市古世町西内坪３０－６", "緯度": 35.014142, "経度": 135.58353, "url": "https://www.iryou.teikyouseido.mhlw.go.jp/znk-web/juminkanja/S2430/initialize?prefCd=26&kikanCd=2652001179&kikanKbn=5", "url2": null, "内容": "亀岡薬局　クニッテル店【5:薬局】京都府亀岡市古世町西内坪３０－６" }, "geometry": { "type": "Point", "coordinates": [ 135.58353, 35.014142 ] } },
{ "type": "Feature", "properties": { "ID": 2652652001180.0, "正式名称": "ユニスマイル薬局　馬場店", "機関区分": 5, "都道府県コード": 26, "市区町村コード": 209, "所在地": "京都府長岡京市馬場見場走り１７番地５", "緯度": 34.926959, "経度": 135.708051, "url": "https://www.iryou.teikyouseido.mhlw.go.jp/znk-web/juminkanja/S2430/initialize?prefCd=26&kikanCd=2652001180&kikanKbn=5", "url2": "https://unismile.co.jp/shop/baba/", "内容": "ユニスマイル薬局　馬場店【5:薬局】京都府長岡京市馬場見場走り１７番地５" }, "geometry": { "type": "Point", "coordinates": [ 135.708051, 34.926959 ] } },
{ "type": "Feature", "properties": { "ID": 2652652001181.0, "正式名称": "ココカラファイン薬局　アゼリア店", "機関区分": 5, "都道府県コード": 26, "市区町村コード": 209, "所在地": "京都府長岡京市長岡１－１－１０", "緯度": 34.926448, "経度": 135.692489, "url": "https://www.iryou.teikyouseido.mhlw.go.jp/znk-web/juminkanja/S2430/initialize?prefCd=26&kikanCd=2652001181&kikanKbn=5", "url2": null, "内容": "ココカラファイン薬局　アゼリア店【5:薬局】京都府長岡京市長岡１－１－１０" }, "geometry": { "type": "Point", "coordinates": [ 135.692489, 34.926448 ] } },
{ "type": "Feature", "properties": { "ID": 2652652001182.0, "正式名称": "阪神調剤薬局　丸太町店", "機関区分": 5, "都道府県コード": 26, "市区町村コード": 104, "所在地": "京都府京都市中京区聚楽廻西町１８２番地４", "緯度": 35.018589, "経度": 135.739406, "url": "https://www.iryou.teikyouseido.mhlw.go.jp/znk-web/juminkanja/S2430/initialize?prefCd=26&kikanCd=2652001182&kikanKbn=5", "url2": "http://www.hanshin-dp.co.jp/shop/info.php?id=199", "内容": "阪神調剤薬局　丸太町店【5:薬局】京都府京都市中京区聚楽廻西町１８２番地４" }, "geometry": { "type": "Point", "coordinates": [ 135.739406, 35.018589 ] } },
{ "type": "Feature", "properties": { "ID": 2652652001183.0, "正式名称": "上の山ゆう薬局", "機関区分": 5, "都道府県コード": 26, "市区町村コード": 204, "所在地": "京都府宇治市大久保町上ノ山５１－２８", "緯度": 34.870911, "経度": 135.77652, "url": "https://www.iryou.teikyouseido.mhlw.go.jp/znk-web/juminkanja/S2430/initialize?prefCd=26&kikanCd=2652001183&kikanKbn=5", "url2": "https://www.uno-upd.co.jp/store/uji/1247/", "内容": "上の山ゆう薬局【5:薬局】京都府宇治市大久保町上ノ山５１－２８" }, "geometry": { "type": "Point", "coordinates": [ 135.77652, 34.870911 ] } },
{ "type": "Feature", "properties": { "ID": 2652652001184.0, "正式名称": "やまぶき薬局", "機関区分": 5, "都道府県コード": 26, "市区町村コード": 204, "所在地": "京都府宇治市神明宮北３０番地４", "緯度": 34.878604, "経度": 135.788186, "url": "https://www.iryou.teikyouseido.mhlw.go.jp/znk-web/juminkanja/S2430/initialize?prefCd=26&kikanCd=2652001184&kikanKbn=5", "url2": "www.marinegroup.jp/", "内容": "やまぶき薬局【5:薬局】京都府宇治市神明宮北３０番地４" }, "geometry": { "type": "Point", "coordinates": [ 135.788186, 34.878604 ] } },
{ "type": "Feature", "properties": { "ID": 2652652001185.0, "正式名称": "調剤薬局薬手院", "機関区分": 5, "都道府県コード": 26, "市区町村コード": 109, "所在地": "京都府京都市伏見区下鳥羽南柳長町６－２", "緯度": 35.012645, "経度": 135.757154, "url": "https://www.iryou.teikyouseido.mhlw.go.jp/znk-web/juminkanja/S2430/initialize?prefCd=26&kikanCd=2652001185&kikanKbn=5", "url2": "https://www.marinegroup.jp/detail/%E8%AA%BF%E5%89%A4%E8%96%AC%E5%B1%80%E8%96%AC%E6%89%8B%E9%99%A2/", "内容": "調剤薬局薬手院【5:薬局】京都府京都市伏見区下鳥羽南柳長町６－２" }, "geometry": { "type": "Point", "coordinates": [ 135.757154, 35.012645 ] } },
{ "type": "Feature", "properties": { "ID": 2652652001186.0, "正式名称": "鳴滝調剤薬局", "機関区分": 5, "都道府県コード": 26, "市区町村コード": 108, "所在地": "京都府京都市右京区鳴滝嵯峨園町２２－１", "緯度": 35.023032, "経度": 135.706103, "url": "https://www.iryou.teikyouseido.mhlw.go.jp/znk-web/juminkanja/S2430/initialize?prefCd=26&kikanCd=2652001186&kikanKbn=5", "url2": "https://www.kawamoto-ph.com/", "内容": "鳴滝調剤薬局【5:薬局】京都府京都市右京区鳴滝嵯峨園町２２－１" }, "geometry": { "type": "Point", "coordinates": [ 135.706103, 35.023032 ] } },
{ "type": "Feature", "properties": { "ID": 2652652001187.0, "正式名称": "かめおかゆう薬局", "機関区分": 5, "都道府県コード": 26, "市区町村コード": 206, "所在地": "京都府亀岡市余部町清水１７", "緯度": 35.018197, "経度": 135.575975, "url": "https://www.iryou.teikyouseido.mhlw.go.jp/znk-web/juminkanja/S2430/initialize?prefCd=26&kikanCd=2652001187&kikanKbn=5", "url2": "http://www.uno-upd.co.jp", "内容": "かめおかゆう薬局【5:薬局】京都府亀岡市余部町清水１７" }, "geometry": { "type": "Point", "coordinates": [ 135.575975, 35.018197 ] } },
{ "type": "Feature", "properties": { "ID": 2652652001190.0, "正式名称": "物集女ゆう薬局", "機関区分": 5, "都道府県コード": 26, "市区町村コード": 208, "所在地": "京都府向日市物集女町池ノ裏２５番地３", "緯度": 34.967093, "経度": 135.694273, "url": "https://www.iryou.teikyouseido.mhlw.go.jp/znk-web/juminkanja/S2430/initialize?prefCd=26&kikanCd=2652001190&kikanKbn=5", "url2": "https://www.uno-upd.co.jp/store/mukoushi/1254/", "内容": "物集女ゆう薬局【5:薬局】京都府向日市物集女町池ノ裏２５番地３" }, "geometry": { "type": "Point", "coordinates": [ 135.694273, 34.967093 ] } },
{ "type": "Feature", "properties": { "ID": 2652652001191.0, "正式名称": "アイン薬局　太秦天神川店", "機関区分": 5, "都道府県コード": 26, "市区町村コード": 108, "所在地": "京都府京都市右京区太秦下刑部町１７０番地プレサンスロジェ太秦天神川駅前１階", "緯度": 35.011061, "経度": 135.714797, "url": "https://www.iryou.teikyouseido.mhlw.go.jp/znk-web/juminkanja/S2430/initialize?prefCd=26&kikanCd=2652001191&kikanKbn=5", "url2": "https://store.ainj.co.jp/detail/1100466/", "内容": "アイン薬局　太秦天神川店【5:薬局】京都府京都市右京区太秦下刑部町１７０番地プレサンスロジェ太秦天神川駅前１階" }, "geometry": { "type": "Point", "coordinates": [ 135.714797, 35.011061 ] } },
{ "type": "Feature", "properties": { "ID": 2652652001192.0, "正式名称": "千代川ゆう薬局", "機関区分": 5, "都道府県コード": 26, "市区町村コード": 206, "所在地": "京都府亀岡市千代川町高野林西ノ畑３番地８", "緯度": 35.044666, "経度": 135.546309, "url": "https://www.iryou.teikyouseido.mhlw.go.jp/znk-web/juminkanja/S2430/initialize?prefCd=26&kikanCd=2652001192&kikanKbn=5", "url2": "https://www.uno-upd.co.jp/store/kameokashi/1268/", "内容": "千代川ゆう薬局【5:薬局】京都府亀岡市千代川町高野林西ノ畑３番地８" }, "geometry": { "type": "Point", "coordinates": [ 135.546309, 35.044666 ] } },
{ "type": "Feature", "properties": { "ID": 2652652001193.0, "正式名称": "そのべゆう薬局", "機関区分": 5, "都道府県コード": 26, "市区町村コード": 213, "所在地": "京都府南丹市園部町宮町３８番地", "緯度": 35.109491, "経度": 135.471674, "url": "https://www.iryou.teikyouseido.mhlw.go.jp/znk-web/juminkanja/S2430/initialize?prefCd=26&kikanCd=2652001193&kikanKbn=5", "url2": "http://www.uno-upd.co.jp/", "内容": "そのべゆう薬局【5:薬局】京都府南丹市園部町宮町３８番地" }, "geometry": { "type": "Point", "coordinates": [ 135.471674, 35.109491 ] } },
{ "type": "Feature", "properties": { "ID": 2652652001195.0, "正式名称": "イオン薬局　京都洛南店", "機関区分": 5, "都道府県コード": 26, "市区町村コード": 107, "所在地": "京都府京都市南区吉祥院御池町３１番地　イオン京都洛南店１階", "緯度": 34.975482, "経度": 135.736463, "url": "https://www.iryou.teikyouseido.mhlw.go.jp/znk-web/juminkanja/S2430/initialize?prefCd=26&kikanCd=2652001195&kikanKbn=5", "url2": null, "内容": "イオン薬局　京都洛南店【5:薬局】京都府京都市南区吉祥院御池町３１番地　イオン京都洛南店１階" }, "geometry": { "type": "Point", "coordinates": [ 135.736463, 34.975482 ] } },
{ "type": "Feature", "properties": { "ID": 2652652001196.0, "正式名称": "しょうたろう薬局", "機関区分": 5, "都道府県コード": 26, "市区町村コード": 108, "所在地": "京都府京都市右京区嵯峨鳥居本仏餉田町２４番地１一階", "緯度": 35.025587, "経度": 135.669022, "url": "https://www.iryou.teikyouseido.mhlw.go.jp/znk-web/juminkanja/S2430/initialize?prefCd=26&kikanCd=2652001196&kikanKbn=5", "url2": "http://taropharma.jp/", "内容": "しょうたろう薬局【5:薬局】京都府京都市右京区嵯峨鳥居本仏餉田町２４番地１一階" }, "geometry": { "type": "Point", "coordinates": [ 135.669022, 35.025587 ] } },
{ "type": "Feature", "properties": { "ID": 2652652001197.0, "正式名称": "さくら薬局　京都宇治駅前店", "機関区分": 5, "都道府県コード": 26, "市区町村コード": 204, "所在地": "京都府宇治市宇治里尻３６－３９", "緯度": 34.891798, "経度": 135.801156, "url": "https://www.iryou.teikyouseido.mhlw.go.jp/znk-web/juminkanja/S2430/initialize?prefCd=26&kikanCd=2652001197&kikanKbn=5", "url2": "https://www.kraft-net.co.jp/sakura/store/3298/", "内容": "さくら薬局　京都宇治駅前店【5:薬局】京都府宇治市宇治里尻３６－３９" }, "geometry": { "type": "Point", "coordinates": [ 135.801156, 34.891798 ] } },
{ "type": "Feature", "properties": { "ID": 2652652001198.0, "正式名称": "プラザ薬局　洛西口店", "機関区分": 5, "都道府県コード": 26, "市区町村コード": 208, "所在地": "京都府向日市寺戸町八ノ坪１２２番地　洛西口クリニックビル１階", "緯度": 34.961483, "経度": 135.70505, "url": "https://www.iryou.teikyouseido.mhlw.go.jp/znk-web/juminkanja/S2430/initialize?prefCd=26&kikanCd=2652001198&kikanKbn=5", "url2": "http://www.plaza-pharmacy.co.jp/", "内容": "プラザ薬局　洛西口店【5:薬局】京都府向日市寺戸町八ノ坪１２２番地　洛西口クリニックビル１階" }, "geometry": { "type": "Point", "coordinates": [ 135.70505, 34.961483 ] } },
{ "type": "Feature", "properties": { "ID": 2652652001199.0, "正式名称": "しおじ通り薬局", "機関区分": 5, "都道府県コード": 26, "市区町村コード": 202, "所在地": "京都府舞鶴市字浜２００１－１", "緯度": 35.477895, "経度": 135.397135, "url": "https://www.iryou.teikyouseido.mhlw.go.jp/znk-web/juminkanja/S2430/initialize?prefCd=26&kikanCd=2652001199&kikanKbn=5", "url2": null, "内容": "しおじ通り薬局【5:薬局】京都府舞鶴市字浜２００１－１" }, "geometry": { "type": "Point", "coordinates": [ 135.397135, 35.477895 ] } },
{ "type": "Feature", "properties": { "ID": 2652652001204.0, "正式名称": "アイン薬局　四条烏丸店", "機関区分": 5, "都道府県コード": 26, "市区町村コード": 106, "所在地": "京都府京都市下京区烏丸通仏光寺上る二帖半敷町６５５番　産経京都烏丸ビル１階", "緯度": 35.001702, "経度": 135.759849, "url": "https://www.iryou.teikyouseido.mhlw.go.jp/znk-web/juminkanja/S2430/initialize?prefCd=26&kikanCd=2652001204&kikanKbn=5", "url2": "http://www.ainj.co.jp/", "内容": "アイン薬局　四条烏丸店【5:薬局】京都府京都市下京区烏丸通仏光寺上る二帖半敷町６５５番　産経京都烏丸ビル１階" }, "geometry": { "type": "Point", "coordinates": [ 135.759849, 35.001702 ] } },
{ "type": "Feature", "properties": { "ID": 2652652001206.0, "正式名称": "ウエルシア薬局相楽精華台店", "機関区分": 5, "都道府県コード": 26, "市区町村コード": 366, "所在地": "京都府相楽郡精華町精華台３－１２－３", "緯度": 34.748118, "経度": 135.781664, "url": "https://www.iryou.teikyouseido.mhlw.go.jp/znk-web/juminkanja/S2430/initialize?prefCd=26&kikanCd=2652001206&kikanKbn=5", "url2": "https://stores.welcia.co.jp/3101D", "内容": "ウエルシア薬局相楽精華台店【5:薬局】京都府相楽郡精華町精華台３－１２－３" }, "geometry": { "type": "Point", "coordinates": [ 135.781664, 34.748118 ] } },
{ "type": "Feature", "properties": { "ID": 2652652001207.0, "正式名称": "ならの木薬局　大原野店", "機関区分": 5, "都道府県コード": 26, "市区町村コード": 111, "所在地": "京都府京都市西京区大原野北春日町７９４番地", "緯度": 34.964204, "経度": 135.664386, "url": "https://www.iryou.teikyouseido.mhlw.go.jp/znk-web/juminkanja/S2430/initialize?prefCd=26&kikanCd=2652001207&kikanKbn=5", "url2": "http://www.naranokipharm.com/", "内容": "ならの木薬局　大原野店【5:薬局】京都府京都市西京区大原野北春日町７９４番地" }, "geometry": { "type": "Point", "coordinates": [ 135.664386, 34.964204 ] } },
{ "type": "Feature", "properties": { "ID": 2652652001208.0, "正式名称": "平塚薬局・桂", "機関区分": 5, "都道府県コード": 26, "市区町村コード": 111, "所在地": "京都府京都市西京区桂野里町４９番地８　ＤＡＩＳＨＩＮビル　１Ｆ", "緯度": 34.97987, "経度": 135.706077, "url": "https://www.iryou.teikyouseido.mhlw.go.jp/znk-web/juminkanja/S2430/initialize?prefCd=26&kikanCd=2652001208&kikanKbn=5", "url2": "https://www.e-classa.net/hiratsuka", "内容": "平塚薬局・桂【5:薬局】京都府京都市西京区桂野里町４９番地８　ＤＡＩＳＨＩＮビル　１Ｆ" }, "geometry": { "type": "Point", "coordinates": [ 135.706077, 34.97987 ] } },
{ "type": "Feature", "properties": { "ID": 2652652001214.0, "正式名称": "ウエルシア薬局　木津川州見台店", "機関区分": 5, "都道府県コード": 26, "市区町村コード": 214, "所在地": "京都府木津川市州見台８丁目４－１２", "緯度": 34.717428, "経度": 135.81708, "url": "https://www.iryou.teikyouseido.mhlw.go.jp/znk-web/juminkanja/S2430/initialize?prefCd=26&kikanCd=2652001214&kikanKbn=5", "url2": "https://store.welcia.co.jp/welcia/?FLTRbrand=5246824&FLTRbrand=5246825", "内容": "ウエルシア薬局　木津川州見台店【5:薬局】京都府木津川市州見台８丁目４－１２" }, "geometry": { "type": "Point", "coordinates": [ 135.81708, 34.717428 ] } },
{ "type": "Feature", "properties": { "ID": 2652652001216.0, "正式名称": "ほんべ薬局　今里店", "機関区分": 5, "都道府県コード": 26, "市区町村コード": 209, "所在地": "京都府長岡京市今里庄ノ渕３３－５", "緯度": 34.937596, "経度": 135.691913, "url": "https://www.iryou.teikyouseido.mhlw.go.jp/znk-web/juminkanja/S2430/initialize?prefCd=26&kikanCd=2652001216&kikanKbn=5", "url2": "https://futatsuka.co.jp/store/kyoto/honbeimazato/", "内容": "ほんべ薬局　今里店【5:薬局】京都府長岡京市今里庄ノ渕３３－５" }, "geometry": { "type": "Point", "coordinates": [ 135.691913, 34.937596 ] } },
{ "type": "Feature", "properties": { "ID": 2652652001217.0, "正式名称": "ユタカ薬局　三山木", "機関区分": 5, "都道府県コード": 26, "市区町村コード": 211, "所在地": "京都府京田辺市三山木中央７丁目１番地４", "緯度": 34.801168, "経度": 135.781579, "url": "https://www.iryou.teikyouseido.mhlw.go.jp/znk-web/juminkanja/S2430/initialize?prefCd=26&kikanCd=2652001217&kikanKbn=5", "url2": "https://www.d-yutaka.co.jp/shop/175.html", "内容": "ユタカ薬局　三山木【5:薬局】京都府京田辺市三山木中央７丁目１番地４" }, "geometry": { "type": "Point", "coordinates": [ 135.781579, 34.801168 ] } },
{ "type": "Feature", "properties": { "ID": 2652652001218.0, "正式名称": "うさぎや薬局", "機関区分": 5, "都道府県コード": 26, "市区町村コード": 366, "所在地": "京都府相楽郡精華町桜が丘三丁目２４番５", "緯度": 34.724926, "経度": 135.775972, "url": "https://www.iryou.teikyouseido.mhlw.go.jp/znk-web/juminkanja/S2430/initialize?prefCd=26&kikanCd=2652001218&kikanKbn=5", "url2": "e-classa.net/usagiya", "内容": "うさぎや薬局【5:薬局】京都府相楽郡精華町桜が丘三丁目２４番５" }, "geometry": { "type": "Point", "coordinates": [ 135.775972, 34.724926 ] } },
{ "type": "Feature", "properties": { "ID": 2652652001220.0, "正式名称": "アイランド薬局　山科東野店", "機関区分": 5, "都道府県コード": 26, "市区町村コード": 110, "所在地": "京都府京都市山科区東野八代６番１", "緯度": 34.977844, "経度": 135.807929, "url": "https://www.iryou.teikyouseido.mhlw.go.jp/znk-web/juminkanja/S2430/initialize?prefCd=26&kikanCd=2652001220&kikanKbn=5", "url2": "https://www.apocreat.co.jp/", "内容": "アイランド薬局　山科東野店【5:薬局】京都府京都市山科区東野八代６番１" }, "geometry": { "type": "Point", "coordinates": [ 135.807929, 34.977844 ] } },
{ "type": "Feature", "properties": { "ID": 2652652001224.0, "正式名称": "京都桂ハートフル薬局", "機関区分": 5, "都道府県コード": 26, "市区町村コード": 111, "所在地": "京都府京都市西京区樫原盆山５番地", "緯度": 34.975787, "経度": 135.687912, "url": "https://www.iryou.teikyouseido.mhlw.go.jp/znk-web/juminkanja/S2430/initialize?prefCd=26&kikanCd=2652001224&kikanKbn=5", "url2": null, "内容": "京都桂ハートフル薬局【5:薬局】京都府京都市西京区樫原盆山５番地" }, "geometry": { "type": "Point", "coordinates": [ 135.687912, 34.975787 ] } },
{ "type": "Feature", "properties": { "ID": 2652652001225.0, "正式名称": "ヘイワ薬局", "機関区分": 5, "都道府県コード": 26, "市区町村コード": 202, "所在地": "京都府舞鶴市字魚屋２９６番地", "緯度": 35.454174, "経度": 135.328031, "url": "https://www.iryou.teikyouseido.mhlw.go.jp/znk-web/juminkanja/S2430/initialize?prefCd=26&kikanCd=2652001225&kikanKbn=5", "url2": null, "内容": "ヘイワ薬局【5:薬局】京都府舞鶴市字魚屋２９６番地" }, "geometry": { "type": "Point", "coordinates": [ 135.328031, 35.454174 ] } },
{ "type": "Feature", "properties": { "ID": 2652652001226.0, "正式名称": "ゆう愛堂漢方薬局", "機関区分": 5, "都道府県コード": 26, "市区町村コード": 204, "所在地": "京都府宇治市広野町宮谷２２５", "緯度": 34.869883, "経度": 135.788631, "url": "https://www.iryou.teikyouseido.mhlw.go.jp/znk-web/juminkanja/S2430/initialize?prefCd=26&kikanCd=2652001226&kikanKbn=5", "url2": "https://yuuaidou-kanpou.com/", "内容": "ゆう愛堂漢方薬局【5:薬局】京都府宇治市広野町宮谷２２５" }, "geometry": { "type": "Point", "coordinates": [ 135.788631, 34.869883 ] } },
{ "type": "Feature", "properties": { "ID": 2652652001227.0, "正式名称": "山路薬局　山科店", "機関区分": 5, "都道府県コード": 26, "市区町村コード": 110, "所在地": "京都府京都市山科区上野御所ノ内町１０番地４", "緯度": 34.991537, "経度": 135.816261, "url": "https://www.iryou.teikyouseido.mhlw.go.jp/znk-web/juminkanja/S2430/initialize?prefCd=26&kikanCd=2652001227&kikanKbn=5", "url2": null, "内容": "山路薬局　山科店【5:薬局】京都府京都市山科区上野御所ノ内町１０番地４" }, "geometry": { "type": "Point", "coordinates": [ 135.816261, 34.991537 ] } },
{ "type": "Feature", "properties": { "ID": 2652652001228.0, "正式名称": "ジャパンファーマシー薬局大原野店", "機関区分": 5, "都道府県コード": 26, "市区町村コード": 111, "所在地": "京都府京都市西京区大原野上里鳥見町１４－９　１階", "緯度": 34.947595, "経度": 135.692329, "url": "https://www.iryou.teikyouseido.mhlw.go.jp/znk-web/juminkanja/S2430/initialize?prefCd=26&kikanCd=2652001228&kikanKbn=5", "url2": "https://jp-pharmacy.jp/", "内容": "ジャパンファーマシー薬局大原野店【5:薬局】京都府京都市西京区大原野上里鳥見町１４－９　１階" }, "geometry": { "type": "Point", "coordinates": [ 135.692329, 34.947595 ] } },
{ "type": "Feature", "properties": { "ID": 2652652001229.0, "正式名称": "すこやか薬局", "機関区分": 5, "都道府県コード": 26, "市区町村コード": 103, "所在地": "京都府京都市左京区田中飛鳥井町５２番地ノーブル百万遍１階", "緯度": 35.031754, "経度": 135.780152, "url": "https://www.iryou.teikyouseido.mhlw.go.jp/znk-web/juminkanja/S2430/initialize?prefCd=26&kikanCd=2652001229&kikanKbn=5", "url2": "https://sukoyaka-pharmacy.com/patient/pharmacy/pharmacy1/", "内容": "すこやか薬局【5:薬局】京都府京都市左京区田中飛鳥井町５２番地ノーブル百万遍１階" }, "geometry": { "type": "Point", "coordinates": [ 135.780152, 35.031754 ] } },
{ "type": "Feature", "properties": { "ID": 2652652001230.0, "正式名称": "ファルコ薬局　北山駅前店", "機関区分": 5, "都道府県コード": 26, "市区町村コード": 103, "所在地": "京都府京都市左京区下鴨狗子田町３番地４　１階", "緯度": 35.05128, "経度": 135.768457, "url": "https://www.iryou.teikyouseido.mhlw.go.jp/znk-web/juminkanja/S2430/initialize?prefCd=26&kikanCd=2652001230&kikanKbn=5", "url2": "http://www.falco-pharm.co.jp/", "内容": "ファルコ薬局　北山駅前店【5:薬局】京都府京都市左京区下鴨狗子田町３番地４　１階" }, "geometry": { "type": "Point", "coordinates": [ 135.768457, 35.05128 ] } },
{ "type": "Feature", "properties": { "ID": 2652652001231.0, "正式名称": "九条薬局", "機関区分": 5, "都道府県コード": 26, "市区町村コード": 107, "所在地": "京都府京都市南区唐橋羅城門町４１－８", "緯度": 34.978954, "経度": 135.741268, "url": "https://www.iryou.teikyouseido.mhlw.go.jp/znk-web/juminkanja/S2430/initialize?prefCd=26&kikanCd=2652001231&kikanKbn=5", "url2": null, "内容": "九条薬局【5:薬局】京都府京都市南区唐橋羅城門町４１－８" }, "geometry": { "type": "Point", "coordinates": [ 135.741268, 34.978954 ] } },
{ "type": "Feature", "properties": { "ID": 2652652001232.0, "正式名称": "あけぼの薬局　桂駅前店", "機関区分": 5, "都道府県コード": 26, "市区町村コード": 111, "所在地": "京都府京都市西京区川島有栖川町４４－１ゲレンクタケダＥ１", "緯度": 34.979009, "経度": 135.701299, "url": "https://www.iryou.teikyouseido.mhlw.go.jp/znk-web/juminkanja/S2430/initialize?prefCd=26&kikanCd=2652001232&kikanKbn=5", "url2": "https://www.ak-holdings.co.jp/stores/%e3%81%82%e3%81%91%e3%81%bc%e3%81%ae%e8%96%ac%e5%b1%80%e3%80%80%e6%a1%82%e9%a7%85%e5%89%8d%e5%ba%97/", "内容": "あけぼの薬局　桂駅前店【5:薬局】京都府京都市西京区川島有栖川町４４－１ゲレンクタケダＥ１" }, "geometry": { "type": "Point", "coordinates": [ 135.701299, 34.979009 ] } },
{ "type": "Feature", "properties": { "ID": 2652652001233.0, "正式名称": "ウエルシア薬局右京西院月双店", "機関区分": 5, "都道府県コード": 26, "市区町村コード": 108, "所在地": "京都府京都市右京区西院月双町２２", "緯度": 34.999479, "経度": 135.722408, "url": "https://www.iryou.teikyouseido.mhlw.go.jp/znk-web/juminkanja/S2430/initialize?prefCd=26&kikanCd=2652001233&kikanKbn=5", "url2": "http://as.chizumaru.com/welcia/detailMap?pageLimitCtrl=1&account=welcia&accmd=3&adr=26108&x=488588.355&y=126024.854&kkw002=1%2c2&bid=6650&pgret=1&lscl=9994&lrot=0", "内容": "ウエルシア薬局右京西院月双店【5:薬局】京都府京都市右京区西院月双町２２" }, "geometry": { "type": "Point", "coordinates": [ 135.722408, 34.999479 ] } },
{ "type": "Feature", "properties": { "ID": 2652652001237.0, "正式名称": "上賀茂薬局", "機関区分": 5, "都道府県コード": 26, "市区町村コード": 101, "所在地": "京都府京都市北区小山西玄以町２６番３", "緯度": 35.052002, "経度": 135.754319, "url": "https://www.iryou.teikyouseido.mhlw.go.jp/znk-web/juminkanja/S2430/initialize?prefCd=26&kikanCd=2652001237&kikanKbn=5", "url2": null, "内容": "上賀茂薬局【5:薬局】京都府京都市北区小山西玄以町２６番３" }, "geometry": { "type": "Point", "coordinates": [ 135.754319, 35.052002 ] } },
{ "type": "Feature", "properties": { "ID": 2652652001238.0, "正式名称": "薬局ダックス　イオンモール京都桂川店", "機関区分": 5, "都道府県コード": 26, "市区町村コード": 107, "所在地": "京都府京都市南区久世高田町３７６番地１　イオンモール京都桂川１階", "緯度": 34.963455, "経度": 135.707661, "url": "https://www.iryou.teikyouseido.mhlw.go.jp/znk-web/juminkanja/S2430/initialize?prefCd=26&kikanCd=2652001238&kikanKbn=5", "url2": null, "内容": "薬局ダックス　イオンモール京都桂川店【5:薬局】京都府京都市南区久世高田町３７６番地１　イオンモール京都桂川１階" }, "geometry": { "type": "Point", "coordinates": [ 135.707661, 34.963455 ] } },
{ "type": "Feature", "properties": { "ID": 2652652001239.0, "正式名称": "京寿薬局　三山木店", "機関区分": 5, "都道府県コード": 26, "市区町村コード": 211, "所在地": "京都府京田辺市三山木中央１丁目８番地４　サザンルネス三山木１Ｆ", "緯度": 34.79853, "経度": 135.78569, "url": "https://www.iryou.teikyouseido.mhlw.go.jp/znk-web/juminkanja/S2430/initialize?prefCd=26&kikanCd=2652001239&kikanKbn=5", "url2": "https://www.keijyu.com/", "内容": "京寿薬局　三山木店【5:薬局】京都府京田辺市三山木中央１丁目８番地４　サザンルネス三山木１Ｆ" }, "geometry": { "type": "Point", "coordinates": [ 135.78569, 34.79853 ] } },
{ "type": "Feature", "properties": { "ID": 2652652001241.0, "正式名称": "スギ薬局　長岡天神店", "機関区分": 5, "都道府県コード": 26, "市区町村コード": 209, "所在地": "京都府長岡京市天神一丁目１番５２号　田中興産ビル１階", "緯度": 34.926042, "経度": 135.692386, "url": "https://www.iryou.teikyouseido.mhlw.go.jp/znk-web/juminkanja/S2430/initialize?prefCd=26&kikanCd=2652001241&kikanKbn=5", "url2": "http://www.drug-sugi.co.jp/", "内容": "スギ薬局　長岡天神店【5:薬局】京都府長岡京市天神一丁目１番５２号　田中興産ビル１階" }, "geometry": { "type": "Point", "coordinates": [ 135.692386, 34.926042 ] } },
{ "type": "Feature", "properties": { "ID": 2652652001242.0, "正式名称": "ユタカ薬局東舞鶴駅前", "機関区分": 5, "都道府県コード": 26, "市区町村コード": 202, "所在地": "京都府舞鶴市南浜町２０番地９", "緯度": 35.46809, "経度": 135.395413, "url": "https://www.iryou.teikyouseido.mhlw.go.jp/znk-web/juminkanja/S2430/initialize?prefCd=26&kikanCd=2652001242&kikanKbn=5", "url2": "https://www.d-yutaka.co.jp/shop/221.html", "内容": "ユタカ薬局東舞鶴駅前【5:薬局】京都府舞鶴市南浜町２０番地９" }, "geometry": { "type": "Point", "coordinates": [ 135.395413, 35.46809 ] } },
{ "type": "Feature", "properties": { "ID": 2652652001243.0, "正式名称": "ユタカ薬局祝園", "機関区分": 5, "都道府県コード": 26, "市区町村コード": 366, "所在地": "京都府相楽郡精華町祝園西１丁目１－２", "緯度": 34.760534, "経度": 135.787413, "url": "https://www.iryou.teikyouseido.mhlw.go.jp/znk-web/juminkanja/S2430/initialize?prefCd=26&kikanCd=2652001243&kikanKbn=5", "url2": "https://www.d-yutaka.co.jp/shop/192.html", "内容": "ユタカ薬局祝園【5:薬局】京都府相楽郡精華町祝園西１丁目１－２" }, "geometry": { "type": "Point", "coordinates": [ 135.787413, 34.760534 ] } },
{ "type": "Feature", "properties": { "ID": 2652652001244.0, "正式名称": "えがおＤｅ薬局　長岡京店", "機関区分": 5, "都道府県コード": 26, "市区町村コード": 209, "所在地": "京都府長岡京市天神１丁目３番２８号", "緯度": 34.926209, "経度": 135.690303, "url": "https://www.iryou.teikyouseido.mhlw.go.jp/znk-web/juminkanja/S2430/initialize?prefCd=26&kikanCd=2652001244&kikanKbn=5", "url2": null, "内容": "えがおＤｅ薬局　長岡京店【5:薬局】京都府長岡京市天神１丁目３番２８号" }, "geometry": { "type": "Point", "coordinates": [ 135.690303, 34.926209 ] } },
{ "type": "Feature", "properties": { "ID": 2652652001245.0, "正式名称": "イオン薬局京都桂川店", "機関区分": 5, "都道府県コード": 26, "市区町村コード": 107, "所在地": "京都府京都市南区久世高田町３７６番１　イオン京都桂川店１階", "緯度": 34.963205, "経度": 135.707439, "url": "https://www.iryou.teikyouseido.mhlw.go.jp/znk-web/juminkanja/S2430/initialize?prefCd=26&kikanCd=2652001245&kikanKbn=5", "url2": null, "内容": "イオン薬局京都桂川店【5:薬局】京都府京都市南区久世高田町３７６番１　イオン京都桂川店１階" }, "geometry": { "type": "Point", "coordinates": [ 135.707439, 34.963205 ] } },
{ "type": "Feature", "properties": { "ID": 2652652001246.0, "正式名称": "みのり薬局下鴨", "機関区分": 5, "都道府県コード": 26, "市区町村コード": 103, "所在地": "京都府京都市左京区下鴨松ノ木町７６－３", "緯度": 35.041129, "経度": 135.771118, "url": "https://www.iryou.teikyouseido.mhlw.go.jp/znk-web/juminkanja/S2430/initialize?prefCd=26&kikanCd=2652001246&kikanKbn=5", "url2": "https://www.marinegroup.jp/", "内容": "みのり薬局下鴨【5:薬局】京都府京都市左京区下鴨松ノ木町７６－３" }, "geometry": { "type": "Point", "coordinates": [ 135.771118, 35.041129 ] } },
{ "type": "Feature", "properties": { "ID": 2652652001247.0, "正式名称": "大信薬局　烏丸丸太町", "機関区分": 5, "都道府県コード": 26, "市区町村コード": 104, "所在地": "京都府京都市中京区丸太町通烏丸西入常真横町１９６　深井ビル１Ｆ", "緯度": 35.0172, "経度": 135.759071, "url": "https://www.iryou.teikyouseido.mhlw.go.jp/znk-web/juminkanja/S2430/initialize?prefCd=26&kikanCd=2652001247&kikanKbn=5", "url2": "http://sunhulk.co.jp/", "内容": "大信薬局　烏丸丸太町【5:薬局】京都府京都市中京区丸太町通烏丸西入常真横町１９６　深井ビル１Ｆ" }, "geometry": { "type": "Point", "coordinates": [ 135.759071, 35.0172 ] } },
{ "type": "Feature", "properties": { "ID": 2652652001249.0, "正式名称": "にこにこ薬局", "機関区分": 5, "都道府県コード": 26, "市区町村コード": 202, "所在地": "京都府舞鶴市倉谷１５２９", "緯度": 35.446647, "経度": 135.339058, "url": "https://www.iryou.teikyouseido.mhlw.go.jp/znk-web/juminkanja/S2430/initialize?prefCd=26&kikanCd=2652001249&kikanKbn=5", "url2": null, "内容": "にこにこ薬局【5:薬局】京都府舞鶴市倉谷１５２９" }, "geometry": { "type": "Point", "coordinates": [ 135.339058, 35.446647 ] } },
{ "type": "Feature", "properties": { "ID": 2652652001250.0, "正式名称": "クオール薬局大江店", "機関区分": 5, "都道府県コード": 26, "市区町村コード": 201, "所在地": "京都府福知山市大江町河守１９４４", "緯度": 35.392399, "経度": 135.148493, "url": "https://www.iryou.teikyouseido.mhlw.go.jp/znk-web/juminkanja/S2430/initialize?prefCd=26&kikanCd=2652001250&kikanKbn=5", "url2": "https://www.qol-net.co.jp/pharmacy/map/detail.php?id=660", "内容": "クオール薬局大江店【5:薬局】京都府福知山市大江町河守１９４４" }, "geometry": { "type": "Point", "coordinates": [ 135.148493, 35.392399 ] } },
{ "type": "Feature", "properties": { "ID": 2652652001252.0, "正式名称": "そうごう薬局　西大路九条店", "機関区分": 5, "都道府県コード": 26, "市区町村コード": 107, "所在地": "京都府京都市南区唐橋堂ノ前町２３－１　洛南スクエアビル２Ｆ", "緯度": 34.978648, "経度": 135.737935, "url": "https://www.iryou.teikyouseido.mhlw.go.jp/znk-web/juminkanja/S2430/initialize?prefCd=26&kikanCd=2652001252&kikanKbn=5", "url2": "https://shop.sogo-pharmacy.jp/detail/577/", "内容": "そうごう薬局　西大路九条店【5:薬局】京都府京都市南区唐橋堂ノ前町２３－１　洛南スクエアビル２Ｆ" }, "geometry": { "type": "Point", "coordinates": [ 135.737935, 34.978648 ] } },
{ "type": "Feature", "properties": { "ID": 2652652001253.0, "正式名称": "いしだ調剤薬局", "機関区分": 5, "都道府県コード": 26, "市区町村コード": 204, "所在地": "京都府宇治市小倉町天王４０－１４　レジデンス小倉１０３", "緯度": 34.894242, "経度": 135.785907, "url": "https://www.iryou.teikyouseido.mhlw.go.jp/znk-web/juminkanja/S2430/initialize?prefCd=26&kikanCd=2652001253&kikanKbn=5", "url2": null, "内容": "いしだ調剤薬局【5:薬局】京都府宇治市小倉町天王４０－１４　レジデンス小倉１０３" }, "geometry": { "type": "Point", "coordinates": [ 135.785907, 34.894242 ] } },
{ "type": "Feature", "properties": { "ID": 2652652001254.0, "正式名称": "すず薬局　醍醐店", "機関区分": 5, "都道府県コード": 26, "市区町村コード": 110, "所在地": "京都府京都市山科区小野御霊町４３－１　１階", "緯度": 34.95818, "経度": 135.815041, "url": "https://www.iryou.teikyouseido.mhlw.go.jp/znk-web/juminkanja/S2430/initialize?prefCd=26&kikanCd=2652001254&kikanKbn=5", "url2": "http://www2.sano-ph.co.jp/suzu/index.html", "内容": "すず薬局　醍醐店【5:薬局】京都府京都市山科区小野御霊町４３－１　１階" }, "geometry": { "type": "Point", "coordinates": [ 135.815041, 34.95818 ] } },
{ "type": "Feature", "properties": { "ID": 2652652001257.0, "正式名称": "あおい薬局　宇治徳洲会病院前店", "機関区分": 5, "都道府県コード": 26, "市区町村コード": 204, "所在地": "京都府宇治市槇島町一ノ坪１４番地１", "緯度": 34.903546, "経度": 135.785018, "url": "https://www.iryou.teikyouseido.mhlw.go.jp/znk-web/juminkanja/S2430/initialize?prefCd=26&kikanCd=2652001257&kikanKbn=5", "url2": "http://kyoto-trustmedica.jp/", "内容": "あおい薬局　宇治徳洲会病院前店【5:薬局】京都府宇治市槇島町一ノ坪１４番地１" }, "geometry": { "type": "Point", "coordinates": [ 135.785018, 34.903546 ] } },
{ "type": "Feature", "properties": { "ID": 2652652001259.0, "正式名称": "明徳調剤薬局　九条河原町店", "機関区分": 5, "都道府県コード": 26, "市区町村コード": 107, "所在地": "京都府京都市南区東九条河西町２２番地", "緯度": 34.980121, "経度": 135.764655, "url": "https://www.iryou.teikyouseido.mhlw.go.jp/znk-web/juminkanja/S2430/initialize?prefCd=26&kikanCd=2652001259&kikanKbn=5", "url2": "https://ymg.ne.jp/", "内容": "明徳調剤薬局　九条河原町店【5:薬局】京都府京都市南区東九条河西町２２番地" }, "geometry": { "type": "Point", "coordinates": [ 135.764655, 34.980121 ] } },
{ "type": "Feature", "properties": { "ID": 2652652001260.0, "正式名称": "かえで薬局藤森店", "機関区分": 5, "都道府県コード": 26, "市区町村コード": 109, "所在地": "京都府京都市伏見区深草西伊達町８８－３１　１階", "緯度": 34.956374, "経度": 135.773156, "url": "https://www.iryou.teikyouseido.mhlw.go.jp/znk-web/juminkanja/S2430/initialize?prefCd=26&kikanCd=2652001260&kikanKbn=5", "url2": "https://www.karugamo.net/", "内容": "かえで薬局藤森店【5:薬局】京都府京都市伏見区深草西伊達町８８－３１　１階" }, "geometry": { "type": "Point", "coordinates": [ 135.773156, 34.956374 ] } },
{ "type": "Feature", "properties": { "ID": 2652652001261.0, "正式名称": "ユタカ調剤薬局宇治徳洲会病院前", "機関区分": 5, "都道府県コード": 26, "市区町村コード": 204, "所在地": "京都府宇治市槇島町一ノ坪４８－３", "緯度": 34.903102, "経度": 135.78499, "url": "https://www.iryou.teikyouseido.mhlw.go.jp/znk-web/juminkanja/S2430/initialize?prefCd=26&kikanCd=2652001261&kikanKbn=5", "url2": "https://www.d-yutaka.co.jp/shop/270.html", "内容": "ユタカ調剤薬局宇治徳洲会病院前【5:薬局】京都府宇治市槇島町一ノ坪４８－３" }, "geometry": { "type": "Point", "coordinates": [ 135.78499, 34.903102 ] } },
{ "type": "Feature", "properties": { "ID": 2652652001262.0, "正式名称": "サン薬局　木津東店", "機関区分": 5, "都道府県コード": 26, "市区町村コード": 214, "所在地": "京都府木津川市城山台７－４３－３", "緯度": 34.733926, "経度": 135.83255, "url": "https://www.iryou.teikyouseido.mhlw.go.jp/znk-web/juminkanja/S2430/initialize?prefCd=26&kikanCd=2652001262&kikanKbn=5", "url2": "http://kansaimedico.com/", "内容": "サン薬局　木津東店【5:薬局】京都府木津川市城山台７－４３－３" }, "geometry": { "type": "Point", "coordinates": [ 135.83255, 34.733926 ] } },
{ "type": "Feature", "properties": { "ID": 2652652001266.0, "正式名称": "つばき薬局", "機関区分": 5, "都道府県コード": 26, "市区町村コード": 210, "所在地": "京都府八幡市男山泉１９－１", "緯度": 34.86191, "経度": 135.694055, "url": "https://www.iryou.teikyouseido.mhlw.go.jp/znk-web/juminkanja/S2430/initialize?prefCd=26&kikanCd=2652001266&kikanKbn=5", "url2": "https://www.saera-ph.co.jp/shop/tsubaki/", "内容": "つばき薬局【5:薬局】京都府八幡市男山泉１９－１" }, "geometry": { "type": "Point", "coordinates": [ 135.694055, 34.86191 ] } },
{ "type": "Feature", "properties": { "ID": 2652652001267.0, "正式名称": "ユタカ薬局京田辺", "機関区分": 5, "都道府県コード": 26, "市区町村コード": 211, "所在地": "京都府京田辺市田辺中央三丁目４－１", "緯度": 34.818166, "経度": 135.771023, "url": "https://www.iryou.teikyouseido.mhlw.go.jp/znk-web/juminkanja/S2430/initialize?prefCd=26&kikanCd=2652001267&kikanKbn=5", "url2": null, "内容": "ユタカ薬局京田辺【5:薬局】京都府京田辺市田辺中央三丁目４－１" }, "geometry": { "type": "Point", "coordinates": [ 135.771023, 34.818166 ] } },
{ "type": "Feature", "properties": { "ID": 2652652001268.0, "正式名称": "久津川ゆう薬局", "機関区分": 5, "都道府県コード": 26, "市区町村コード": 207, "所在地": "京都府城陽市平川山道４６－２５－１", "緯度": 34.864411, "経度": 135.783659, "url": "https://www.iryou.teikyouseido.mhlw.go.jp/znk-web/juminkanja/S2430/initialize?prefCd=26&kikanCd=2652001268&kikanKbn=5", "url2": "http://www.uno-upd.co.jp", "内容": "久津川ゆう薬局【5:薬局】京都府城陽市平川山道４６－２５－１" }, "geometry": { "type": "Point", "coordinates": [ 135.783659, 34.864411 ] } },
{ "type": "Feature", "properties": { "ID": 2652652001269.0, "正式名称": "漢方心愛薬局", "機関区分": 5, "都道府県コード": 26, "市区町村コード": 208, "所在地": "京都府向日市寺戸町二枚田４－７８", "緯度": 34.951567, "経度": 135.705411, "url": "https://www.iryou.teikyouseido.mhlw.go.jp/znk-web/juminkanja/S2430/initialize?prefCd=26&kikanCd=2652001269&kikanKbn=5", "url2": "https://kanpo-shinai.jp/", "内容": "漢方心愛薬局【5:薬局】京都府向日市寺戸町二枚田４－７８" }, "geometry": { "type": "Point", "coordinates": [ 135.705411, 34.951567 ] } },
{ "type": "Feature", "properties": { "ID": 2652652001270.0, "正式名称": "小梅調剤薬局", "機関区分": 5, "都道府県コード": 26, "市区町村コード": 207, "所在地": "京都府城陽市寺田今堀１５２－４４", "緯度": 34.848829, "経度": 135.766911, "url": "https://www.iryou.teikyouseido.mhlw.go.jp/znk-web/juminkanja/S2430/initialize?prefCd=26&kikanCd=2652001270&kikanKbn=5", "url2": "https://www.marinegroup.jp/detail/%e5%b0%8f%e6%a2%85%e8%aa%bf%e5%89%a4%e8%96%ac%e5%b1%80/", "内容": "小梅調剤薬局【5:薬局】京都府城陽市寺田今堀１５２－４４" }, "geometry": { "type": "Point", "coordinates": [ 135.766911, 34.848829 ] } },
{ "type": "Feature", "properties": { "ID": 2652652001273.0, "正式名称": "みやづスマイル薬局　柳縄手店", "機関区分": 5, "都道府県コード": 26, "市区町村コード": 205, "所在地": "京都府宮津市字柳縄手３０６番地", "緯度": 35.532774, "経度": 135.193733, "url": "https://www.iryou.teikyouseido.mhlw.go.jp/znk-web/juminkanja/S2430/initialize?prefCd=26&kikanCd=2652001273&kikanKbn=5", "url2": "http://www.miyazu-smile.com", "内容": "みやづスマイル薬局　柳縄手店【5:薬局】京都府宮津市字柳縄手３０６番地" }, "geometry": { "type": "Point", "coordinates": [ 135.193733, 35.532774 ] } },
{ "type": "Feature", "properties": { "ID": 2652652001274.0, "正式名称": "クローバー薬局　東店", "機関区分": 5, "都道府県コード": 26, "市区町村コード": 211, "所在地": "京都府京田辺市山手西２丁目２－１０　日東センタービル１階", "緯度": 34.83233, "経度": 135.72286, "url": "https://www.iryou.teikyouseido.mhlw.go.jp/znk-web/juminkanja/S2430/initialize?prefCd=26&kikanCd=2652001274&kikanKbn=5", "url2": "http://www.kyoto968.com", "内容": "クローバー薬局　東店【5:薬局】京都府京田辺市山手西２丁目２－１０　日東センタービル１階" }, "geometry": { "type": "Point", "coordinates": [ 135.72286, 34.83233 ] } },
{ "type": "Feature", "properties": { "ID": 2652652001275.0, "正式名称": "ライス薬局", "機関区分": 5, "都道府県コード": 26, "市区町村コード": 366, "所在地": "京都府相楽郡精華町精華台４丁目２１番１６号　１０１", "緯度": 34.752229, "経度": 135.775498, "url": "https://www.iryou.teikyouseido.mhlw.go.jp/znk-web/juminkanja/S2430/initialize?prefCd=26&kikanCd=2652001275&kikanKbn=5", "url2": "http://riceyakkyoku.meron-net.jp", "内容": "ライス薬局【5:薬局】京都府相楽郡精華町精華台４丁目２１番１６号　１０１" }, "geometry": { "type": "Point", "coordinates": [ 135.775498, 34.752229 ] } },
{ "type": "Feature", "properties": { "ID": 2652652001276.0, "正式名称": "かや薬局", "機関区分": 5, "都道府県コード": 26, "市区町村コード": 465, "所在地": "京都府与謝郡与謝野町加悦小字大下４４２－１", "緯度": 35.503387, "経度": 135.094187, "url": "https://www.iryou.teikyouseido.mhlw.go.jp/znk-web/juminkanja/S2430/initialize?prefCd=26&kikanCd=2652001276&kikanKbn=5", "url2": null, "内容": "かや薬局【5:薬局】京都府与謝郡与謝野町加悦小字大下４４２－１" }, "geometry": { "type": "Point", "coordinates": [ 135.094187, 35.503387 ] } },
{ "type": "Feature", "properties": { "ID": 2652652001277.0, "正式名称": "境谷ゆう薬局", "機関区分": 5, "都道府県コード": 26, "市区町村コード": 111, "所在地": "京都府京都市西京区大原野東境谷町２丁目５番地７ＺＴＶ京都放送局１階", "緯度": 34.96376, "経度": 135.675552, "url": "https://www.iryou.teikyouseido.mhlw.go.jp/znk-web/juminkanja/S2430/initialize?prefCd=26&kikanCd=2652001277&kikanKbn=5", "url2": "http://www.uno-upd.co.jp/", "内容": "境谷ゆう薬局【5:薬局】京都府京都市西京区大原野東境谷町２丁目５番地７ＺＴＶ京都放送局１階" }, "geometry": { "type": "Point", "coordinates": [ 135.675552, 34.96376 ] } },
{ "type": "Feature", "properties": { "ID": 2652652001278.0, "正式名称": "ひかり薬局　京都宇治店", "機関区分": 5, "都道府県コード": 26, "市区町村コード": 204, "所在地": "京都府宇治市宇治半白１７－１", "緯度": 34.892158, "経度": 135.789574, "url": "https://www.iryou.teikyouseido.mhlw.go.jp/znk-web/juminkanja/S2430/initialize?prefCd=26&kikanCd=2652001278&kikanKbn=5", "url2": null, "内容": "ひかり薬局　京都宇治店【5:薬局】京都府宇治市宇治半白１７－１" }, "geometry": { "type": "Point", "coordinates": [ 135.789574, 34.892158 ] } },
{ "type": "Feature", "properties": { "ID": 2652652001279.0, "正式名称": "乙訓調剤薬局　長岡店", "機関区分": 5, "都道府県コード": 26, "市区町村コード": 209, "所在地": "京都府長岡京市開田４丁目８－５　若竹ビル１Ｆ", "緯度": 34.923459, "経度": 135.692497, "url": "https://www.iryou.teikyouseido.mhlw.go.jp/znk-web/juminkanja/S2430/initialize?prefCd=26&kikanCd=2652001279&kikanKbn=5", "url2": "http://otokunipharm.jp/", "内容": "乙訓調剤薬局　長岡店【5:薬局】京都府長岡京市開田４丁目８－５　若竹ビル１Ｆ" }, "geometry": { "type": "Point", "coordinates": [ 135.692497, 34.923459 ] } },
{ "type": "Feature", "properties": { "ID": 2652652001280.0, "正式名称": "平塚薬局　大原", "機関区分": 5, "都道府県コード": 26, "市区町村コード": 103, "所在地": "京都府京都市左京区大原上野町５６４－１", "緯度": 35.112985, "経度": 135.825673, "url": "https://www.iryou.teikyouseido.mhlw.go.jp/znk-web/juminkanja/S2430/initialize?prefCd=26&kikanCd=2652001280&kikanKbn=5", "url2": "https://www.e-classa.net/hiratsuka", "内容": "平塚薬局　大原【5:薬局】京都府京都市左京区大原上野町５６４－１" }, "geometry": { "type": "Point", "coordinates": [ 135.825673, 35.112985 ] } },
{ "type": "Feature", "properties": { "ID": 2652652001282.0, "正式名称": "つばき薬局　美濃山店", "機関区分": 5, "都道府県コード": 26, "市区町村コード": 210, "所在地": "京都府八幡市欽明台北４－１－１０１", "緯度": 34.841579, "経度": 135.716777, "url": "https://www.iryou.teikyouseido.mhlw.go.jp/znk-web/juminkanja/S2430/initialize?prefCd=26&kikanCd=2652001282&kikanKbn=5", "url2": "https://www.saera-ph.co.jp/shop/minoyama/", "内容": "つばき薬局　美濃山店【5:薬局】京都府八幡市欽明台北４－１－１０１" }, "geometry": { "type": "Point", "coordinates": [ 135.716777, 34.841579 ] } },
{ "type": "Feature", "properties": { "ID": 2652652001283.0, "正式名称": "薬局ダックス　上京堀川今出川店", "機関区分": 5, "都道府県コード": 26, "市区町村コード": 102, "所在地": "京都府京都市上京区堀川通今出川上ル北舟橋町８５４番地　プログレスふなはし１Ｆ", "緯度": 35.030726, "経度": 135.752237, "url": "https://www.iryou.teikyouseido.mhlw.go.jp/znk-web/juminkanja/S2430/initialize?prefCd=26&kikanCd=2652001283&kikanKbn=5", "url2": "https://store.welcia.co.jp/welcia/spot/detail?code=3854D", "内容": "薬局ダックス　上京堀川今出川店【5:薬局】京都府京都市上京区堀川通今出川上ル北舟橋町８５４番地　プログレスふなはし１Ｆ" }, "geometry": { "type": "Point", "coordinates": [ 135.752237, 35.030726 ] } },
{ "type": "Feature", "properties": { "ID": 2652652001284.0, "正式名称": "エムハート薬局　千本通店", "機関区分": 5, "都道府県コード": 26, "市区町村コード": 102, "所在地": "京都府京都市上京区千本通蘆山寺上る閻魔前町２４番地", "緯度": 35.035253, "経度": 135.741155, "url": "https://www.iryou.teikyouseido.mhlw.go.jp/znk-web/juminkanja/S2430/initialize?prefCd=26&kikanCd=2652001284&kikanKbn=5", "url2": "https://unismile.co.jp/shop/senbondori/", "内容": "エムハート薬局　千本通店【5:薬局】京都府京都市上京区千本通蘆山寺上る閻魔前町２４番地" }, "geometry": { "type": "Point", "coordinates": [ 135.741155, 35.035253 ] } },
{ "type": "Feature", "properties": { "ID": 2652652001286.0, "正式名称": "ココネ薬局", "機関区分": 5, "都道府県コード": 26, "市区町村コード": 108, "所在地": "京都府京都市右京区梅津北浦町２７番地１７", "緯度": 35.004312, "経度": 135.701576, "url": "https://www.iryou.teikyouseido.mhlw.go.jp/znk-web/juminkanja/S2430/initialize?prefCd=26&kikanCd=2652001286&kikanKbn=5", "url2": null, "内容": "ココネ薬局【5:薬局】京都府京都市右京区梅津北浦町２７番地１７" }, "geometry": { "type": "Point", "coordinates": [ 135.701576, 35.004312 ] } },
{ "type": "Feature", "properties": { "ID": 2652652001287.0, "正式名称": "なごみ薬局　西木津店", "機関区分": 5, "都道府県コード": 26, "市区町村コード": 214, "所在地": "京都府木津川市相楽川ノ尻８０－６", "緯度": 34.737175, "経度": 135.801886, "url": "https://www.iryou.teikyouseido.mhlw.go.jp/znk-web/juminkanja/S2430/initialize?prefCd=26&kikanCd=2652001287&kikanKbn=5", "url2": null, "内容": "なごみ薬局　西木津店【5:薬局】京都府木津川市相楽川ノ尻８０－６" }, "geometry": { "type": "Point", "coordinates": [ 135.801886, 34.737175 ] } },
{ "type": "Feature", "properties": { "ID": 2652652001288.0, "正式名称": "スギ薬局　梅津南広町店", "機関区分": 5, "都道府県コード": 26, "市区町村コード": 108, "所在地": "京都府京都市右京区梅津南広町９９番地１", "緯度": 35.000229, "経度": 135.712853, "url": "https://www.iryou.teikyouseido.mhlw.go.jp/znk-web/juminkanja/S2430/initialize?prefCd=26&kikanCd=2652001288&kikanKbn=5", "url2": "http://www.drug-sugi.co.jp/", "内容": "スギ薬局　梅津南広町店【5:薬局】京都府京都市右京区梅津南広町９９番地１" }, "geometry": { "type": "Point", "coordinates": [ 135.712853, 35.000229 ] } },
{ "type": "Feature", "properties": { "ID": 2652652001293.0, "正式名称": "なの花薬局　洛西口駅前店", "機関区分": 5, "都道府県コード": 26, "市区町村コード": 208, "所在地": "京都府向日市寺戸町七ノ坪１００", "緯度": 34.963316, "経度": 135.703633, "url": "https://www.iryou.teikyouseido.mhlw.go.jp/znk-web/juminkanja/S2430/initialize?prefCd=26&kikanCd=2652001293&kikanKbn=5", "url2": "https://www.nanohana-ph.jp/shop/kinki/kyoto/muko/rakusaiguchiekimae.php", "内容": "なの花薬局　洛西口駅前店【5:薬局】京都府向日市寺戸町七ノ坪１００" }, "geometry": { "type": "Point", "coordinates": [ 135.703633, 34.963316 ] } },
{ "type": "Feature", "properties": { "ID": 2652652001294.0, "正式名称": "きららみらい薬局（御所南店）", "機関区分": 5, "都道府県コード": 26, "市区町村コード": 104, "所在地": "京都府京都市中京区竹屋町通東洞院東入塀之内町６３０番地　御所南みらいメディカルビル１階", "緯度": 35.016311, "経度": 135.761432, "url": "https://www.iryou.teikyouseido.mhlw.go.jp/znk-web/juminkanja/S2430/initialize?prefCd=26&kikanCd=2652001294&kikanKbn=5", "url2": "https://www.jmirai.com", "内容": "きららみらい薬局（御所南店）【5:薬局】京都府京都市中京区竹屋町通東洞院東入塀之内町６３０番地　御所南みらいメディカルビル１階" }, "geometry": { "type": "Point", "coordinates": [ 135.761432, 35.016311 ] } },
{ "type": "Feature", "properties": { "ID": 2652652001296.0, "正式名称": "金太郎薬局丸太町店", "機関区分": 5, "都道府県コード": 26, "市区町村コード": 104, "所在地": "京都府京都市中京区高倉通り竹屋町上る坂本町６８６－２マルタカビル１Ｆ", "緯度": 35.017311, "経度": 135.762487, "url": "https://www.iryou.teikyouseido.mhlw.go.jp/znk-web/juminkanja/S2430/initialize?prefCd=26&kikanCd=2652001296&kikanKbn=5", "url2": "https://metal-pharmacy.com/", "内容": "金太郎薬局丸太町店【5:薬局】京都府京都市中京区高倉通り竹屋町上る坂本町６８６－２マルタカビル１Ｆ" }, "geometry": { "type": "Point", "coordinates": [ 135.762487, 35.017311 ] } },
{ "type": "Feature", "properties": { "ID": 2652652001297.0, "正式名称": "かわた薬局", "機関区分": 5, "都道府県コード": 26, "市区町村コード": 214, "所在地": "京都府木津川市山城町綺田鳥居４番１", "緯度": 34.790003, "経度": 135.810577, "url": "https://www.iryou.teikyouseido.mhlw.go.jp/znk-web/juminkanja/S2430/initialize?prefCd=26&kikanCd=2652001297&kikanKbn=5", "url2": null, "内容": "かわた薬局【5:薬局】京都府木津川市山城町綺田鳥居４番１" }, "geometry": { "type": "Point", "coordinates": [ 135.810577, 34.790003 ] } },
{ "type": "Feature", "properties": { "ID": 2652652001298.0, "正式名称": "倉梯ゆう薬局", "機関区分": 5, "都道府県コード": 26, "市区町村コード": 202, "所在地": "京都府舞鶴市倉梯町１７番１０", "緯度": 35.463868, "経度": 135.395358, "url": "https://www.iryou.teikyouseido.mhlw.go.jp/znk-web/juminkanja/S2430/initialize?prefCd=26&kikanCd=2652001298&kikanKbn=5", "url2": "http://www.uno-upd.co.jp/store/maidurushi/6501/", "内容": "倉梯ゆう薬局【5:薬局】京都府舞鶴市倉梯町１７番１０" }, "geometry": { "type": "Point", "coordinates": [ 135.395358, 35.463868 ] } },
{ "type": "Feature", "properties": { "ID": 2652652001299.0, "正式名称": "醍醐ゆう薬局", "機関区分": 5, "都道府県コード": 26, "市区町村コード": 204, "所在地": "京都府宇治市木幡畑山田１７番１", "緯度": 34.93496, "経度": 135.803765, "url": "https://www.iryou.teikyouseido.mhlw.go.jp/znk-web/juminkanja/S2430/initialize?prefCd=26&kikanCd=2652001299&kikanKbn=5", "url2": "https://www.uno-upd.co.jp/store/ujishi/6498/", "内容": "醍醐ゆう薬局【5:薬局】京都府宇治市木幡畑山田１７番１" }, "geometry": { "type": "Point", "coordinates": [ 135.803765, 34.93496 ] } },
{ "type": "Feature", "properties": { "ID": 2652652001300.0, "正式名称": "アノン調剤薬局　堀川丸太町", "機関区分": 5, "都道府県コード": 26, "市区町村コード": 102, "所在地": "京都府京都市上京区上堀川町１１３　ＡＲＭ　Ｆｉｒｓｔビル１階", "緯度": 35.018617, "経度": 135.751571, "url": "https://www.iryou.teikyouseido.mhlw.go.jp/znk-web/juminkanja/S2430/initialize?prefCd=26&kikanCd=2652001300&kikanKbn=5", "url2": "https://www.anon-ph.com/", "内容": "アノン調剤薬局　堀川丸太町【5:薬局】京都府京都市上京区上堀川町１１３　ＡＲＭ　Ｆｉｒｓｔビル１階" }, "geometry": { "type": "Point", "coordinates": [ 135.751571, 35.018617 ] } },
{ "type": "Feature", "properties": { "ID": 2652652001301.0, "正式名称": "三安ゆう薬局", "機関区分": 5, "都道府県コード": 26, "市区町村コード": 202, "所在地": "京都府舞鶴市行永東町２４番地の５", "緯度": 35.463757, "経度": 135.400719, "url": "https://www.iryou.teikyouseido.mhlw.go.jp/znk-web/juminkanja/S2430/initialize?prefCd=26&kikanCd=2652001301&kikanKbn=5", "url2": "https://www.uno-upd.co.jp/store/maidurushi/240/", "内容": "三安ゆう薬局【5:薬局】京都府舞鶴市行永東町２４番地の５" }, "geometry": { "type": "Point", "coordinates": [ 135.400719, 35.463757 ] } },
{ "type": "Feature", "properties": { "ID": 2652652001302.0, "正式名称": "浜ゆう薬局", "機関区分": 5, "都道府県コード": 26, "市区町村コード": 202, "所在地": "京都府舞鶴市浜７６１－２", "緯度": 35.471867, "経度": 135.39408, "url": "https://www.iryou.teikyouseido.mhlw.go.jp/znk-web/juminkanja/S2430/initialize?prefCd=26&kikanCd=2652001302&kikanKbn=5", "url2": "https://www.uno-upd.co.jp/store/maidurushi/5086/", "内容": "浜ゆう薬局【5:薬局】京都府舞鶴市浜７６１－２" }, "geometry": { "type": "Point", "coordinates": [ 135.39408, 35.471867 ] } },
{ "type": "Feature", "properties": { "ID": 2652652001303.0, "正式名称": "中舞鶴ゆう薬局", "機関区分": 5, "都道府県コード": 26, "市区町村コード": 202, "所在地": "京都府舞鶴市余部上小字余部上４３３番", "緯度": 35.470423, "経度": 135.36536, "url": "https://www.iryou.teikyouseido.mhlw.go.jp/znk-web/juminkanja/S2430/initialize?prefCd=26&kikanCd=2652001303&kikanKbn=5", "url2": "https://www.uno-upd.co.jp/store/maidurushi/1205/", "内容": "中舞鶴ゆう薬局【5:薬局】京都府舞鶴市余部上小字余部上４３３番" }, "geometry": { "type": "Point", "coordinates": [ 135.36536, 35.470423 ] } },
{ "type": "Feature", "properties": { "ID": 2652652001307.0, "正式名称": "金太郎薬局　伏見店", "機関区分": 5, "都道府県コード": 26, "市区町村コード": 109, "所在地": "京都府京都市伏見区越前町６０２－２", "緯度": 34.944541, "経度": 135.760379, "url": "https://www.iryou.teikyouseido.mhlw.go.jp/znk-web/juminkanja/S2430/initialize?prefCd=26&kikanCd=2652001307&kikanKbn=5", "url2": "https://metal-pharmacy.com/", "内容": "金太郎薬局　伏見店【5:薬局】京都府京都市伏見区越前町６０２－２" }, "geometry": { "type": "Point", "coordinates": [ 135.760379, 34.944541 ] } },
{ "type": "Feature", "properties": { "ID": 2652652001310.0, "正式名称": "東まち薬局", "機関区分": 5, "都道府県コード": 26, "市区町村コード": 109, "所在地": "京都府京都市伏見区東町２１２番地　ツインズスクエアスイート１階", "緯度": 34.935403, "経度": 135.759491, "url": "https://www.iryou.teikyouseido.mhlw.go.jp/znk-web/juminkanja/S2430/initialize?prefCd=26&kikanCd=2652001310&kikanKbn=5", "url2": null, "内容": "東まち薬局【5:薬局】京都府京都市伏見区東町２１２番地　ツインズスクエアスイート１階" }, "geometry": { "type": "Point", "coordinates": [ 135.759491, 34.935403 ] } },
{ "type": "Feature", "properties": { "ID": 2652652001311.0, "正式名称": "東野妙見ゆう薬局", "機関区分": 5, "都道府県コード": 26, "市区町村コード": 110, "所在地": "京都府京都市山科区東野百拍子町３４番地８", "緯度": 34.978011, "経度": 135.814818, "url": "https://www.iryou.teikyouseido.mhlw.go.jp/znk-web/juminkanja/S2430/initialize?prefCd=26&kikanCd=2652001311&kikanKbn=5", "url2": "https://www.uno-upd.co.jp/store/yamashinaku/6399/", "内容": "東野妙見ゆう薬局【5:薬局】京都府京都市山科区東野百拍子町３４番地８" }, "geometry": { "type": "Point", "coordinates": [ 135.814818, 34.978011 ] } },
{ "type": "Feature", "properties": { "ID": 2652652001312.0, "正式名称": "日吉ゆう薬局", "機関区分": 5, "都道府県コード": 26, "市区町村コード": 213, "所在地": "京都府南丹市日吉町保野田長通１６－３番", "緯度": 35.18015, "経度": 135.489752, "url": "https://www.iryou.teikyouseido.mhlw.go.jp/znk-web/juminkanja/S2430/initialize?prefCd=26&kikanCd=2652001312&kikanKbn=5", "url2": "http://www.uno-upd.co.jp/store/nantanshi/6623/", "内容": "日吉ゆう薬局【5:薬局】京都府南丹市日吉町保野田長通１６－３番" }, "geometry": { "type": "Point", "coordinates": [ 135.489752, 35.18015 ] } },
{ "type": "Feature", "properties": { "ID": 2652652001315.0, "正式名称": "スギ薬局　宇治徳洲会病院前店", "機関区分": 5, "都道府県コード": 26, "市区町村コード": 204, "所在地": "京都府宇治市槇島町一ノ坪４７番地の１", "緯度": 34.903379, "経度": 135.784602, "url": "https://www.iryou.teikyouseido.mhlw.go.jp/znk-web/juminkanja/S2430/initialize?prefCd=26&kikanCd=2652001315&kikanKbn=5", "url2": "http://www.drug-sugi.co.jp/", "内容": "スギ薬局　宇治徳洲会病院前店【5:薬局】京都府宇治市槇島町一ノ坪４７番地の１" }, "geometry": { "type": "Point", "coordinates": [ 135.784602, 34.903379 ] } },
{ "type": "Feature", "properties": { "ID": 2652652001317.0, "正式名称": "すず薬局　大宅店", "機関区分": 5, "都道府県コード": 26, "市区町村コード": 110, "所在地": "京都府京都市山科区大宅打明町３番地６", "緯度": 34.974428, "経度": 135.822456, "url": "https://www.iryou.teikyouseido.mhlw.go.jp/znk-web/juminkanja/S2430/initialize?prefCd=26&kikanCd=2652001317&kikanKbn=5", "url2": "http://www2.sano-ph.co.jp/suzu/index.html", "内容": "すず薬局　大宅店【5:薬局】京都府京都市山科区大宅打明町３番地６" }, "geometry": { "type": "Point", "coordinates": [ 135.822456, 34.974428 ] } },
{ "type": "Feature", "properties": { "ID": 2652652001319.0, "正式名称": "高の原ゆう薬局", "機関区分": 5, "都道府県コード": 26, "市区町村コード": 214, "所在地": "京都府木津川市相楽台二丁目２番１", "緯度": 34.72837, "経度": 135.790498, "url": "https://www.iryou.teikyouseido.mhlw.go.jp/znk-web/juminkanja/S2430/initialize?prefCd=26&kikanCd=2652001319&kikanKbn=5", "url2": "https://www.uno-upd.co.jp/", "内容": "高の原ゆう薬局【5:薬局】京都府木津川市相楽台二丁目２番１" }, "geometry": { "type": "Point", "coordinates": [ 135.790498, 34.72837 ] } },
{ "type": "Feature", "properties": { "ID": 2652652001320.0, "正式名称": "スギ薬局　宇治店", "機関区分": 5, "都道府県コード": 26, "市区町村コード": 204, "所在地": "京都府宇治市宇治弐番７８番地１", "緯度": 34.884437, "経度": 135.795907, "url": "https://www.iryou.teikyouseido.mhlw.go.jp/znk-web/juminkanja/S2430/initialize?prefCd=26&kikanCd=2652001320&kikanKbn=5", "url2": "http://sugi-net.jp/tenpo/detail/652.html", "内容": "スギ薬局　宇治店【5:薬局】京都府宇治市宇治弐番７８番地１" }, "geometry": { "type": "Point", "coordinates": [ 135.795907, 34.884437 ] } },
{ "type": "Feature", "properties": { "ID": 2652652001324.0, "正式名称": "ユタカ薬局西舞鶴伊佐津", "機関区分": 5, "都道府県コード": 26, "市区町村コード": 202, "所在地": "京都府舞鶴市字伊佐津小字大長瀬５５番地１", "緯度": 35.440481, "経度": 135.333559, "url": "https://www.iryou.teikyouseido.mhlw.go.jp/znk-web/juminkanja/S2430/initialize?prefCd=26&kikanCd=2652001324&kikanKbn=5", "url2": null, "内容": "ユタカ薬局西舞鶴伊佐津【5:薬局】京都府舞鶴市字伊佐津小字大長瀬５５番地１" }, "geometry": { "type": "Point", "coordinates": [ 135.333559, 35.440481 ] } },
{ "type": "Feature", "properties": { "ID": 2652652001325.0, "正式名称": "アイセイ薬局　長岡天神店", "機関区分": 5, "都道府県コード": 26, "市区町村コード": 209, "所在地": "京都府長岡京市開田四丁目８－６クリニックステーション長岡天神１Ｆ", "緯度": 34.923487, "経度": 135.692608, "url": "https://www.iryou.teikyouseido.mhlw.go.jp/znk-web/juminkanja/S2430/initialize?prefCd=26&kikanCd=2652001325&kikanKbn=5", "url2": null, "内容": "アイセイ薬局　長岡天神店【5:薬局】京都府長岡京市開田四丁目８－６クリニックステーション長岡天神１Ｆ" }, "geometry": { "type": "Point", "coordinates": [ 135.692608, 34.923487 ] } },
{ "type": "Feature", "properties": { "ID": 2652652001326.0, "正式名称": "きはら薬局", "機関区分": 5, "都道府県コード": 26, "市区町村コード": 211, "所在地": "京都府京田辺市三山木中央一丁目５番地２", "緯度": 34.798946, "経度": 135.785134, "url": "https://www.iryou.teikyouseido.mhlw.go.jp/znk-web/juminkanja/S2430/initialize?prefCd=26&kikanCd=2652001326&kikanKbn=5", "url2": "e-classa.net/okusuri-kihara", "内容": "きはら薬局【5:薬局】京都府京田辺市三山木中央一丁目５番地２" }, "geometry": { "type": "Point", "coordinates": [ 135.785134, 34.798946 ] } },
{ "type": "Feature", "properties": { "ID": 2652652001327.0, "正式名称": "いわくら駅前ゆう薬局", "機関区分": 5, "都道府県コード": 26, "市区町村コード": 103, "所在地": "京都府京都市左京区岩倉忠在地町８１９－１　ドルフ岩倉駅前医療モール１階", "緯度": 35.071534, "経度": 135.786671, "url": "https://www.iryou.teikyouseido.mhlw.go.jp/znk-web/juminkanja/S2430/initialize?prefCd=26&kikanCd=2652001327&kikanKbn=5", "url2": "https://www.uno-upd.co.jp/store/sakyoku/15519/", "内容": "いわくら駅前ゆう薬局【5:薬局】京都府京都市左京区岩倉忠在地町８１９－１　ドルフ岩倉駅前医療モール１階" }, "geometry": { "type": "Point", "coordinates": [ 135.786671, 35.071534 ] } },
{ "type": "Feature", "properties": { "ID": 2652652001329.0, "正式名称": "梅ヶ丘薬局　東向日店", "機関区分": 5, "都道府県コード": 26, "市区町村コード": 208, "所在地": "京都府向日市寺戸町渋川３－１０　豊嶋ハイツ１Ｆ", "緯度": 34.952234, "経度": 135.705384, "url": "https://www.iryou.teikyouseido.mhlw.go.jp/znk-web/juminkanja/S2430/initialize?prefCd=26&kikanCd=2652001329&kikanKbn=5", "url2": "https://therapeutic-pharmacy.com/", "内容": "梅ヶ丘薬局　東向日店【5:薬局】京都府向日市寺戸町渋川３－１０　豊嶋ハイツ１Ｆ" }, "geometry": { "type": "Point", "coordinates": [ 135.705384, 34.952234 ] } },
{ "type": "Feature", "properties": { "ID": 2652652001331.0, "正式名称": "アイセイ薬局　花住坂店", "機関区分": 5, "都道府県コード": 26, "市区町村コード": 211, "所在地": "京都府京田辺市花住坂１－６５－１４", "緯度": 34.829138, "経度": 135.736267, "url": "https://www.iryou.teikyouseido.mhlw.go.jp/znk-web/juminkanja/S2430/initialize?prefCd=26&kikanCd=2652001331&kikanKbn=5", "url2": "http://www.aisei.co.jp/user/about_us/store/list/tabid/188/pdid/289/Default.aspx", "内容": "アイセイ薬局　花住坂店【5:薬局】京都府京田辺市花住坂１－６５－１４" }, "geometry": { "type": "Point", "coordinates": [ 135.736267, 34.829138 ] } },
{ "type": "Feature", "properties": { "ID": 2652652001332.0, "正式名称": "アイン薬局　五条御前店", "機関区分": 5, "都道府県コード": 26, "市区町村コード": 106, "所在地": "京都府京都市下京区西七条東御前田町２０‐１　京都五条クリニック１Ｆ", "緯度": 34.995758, "経度": 135.734518, "url": "https://www.iryou.teikyouseido.mhlw.go.jp/znk-web/juminkanja/S2430/initialize?prefCd=26&kikanCd=2652001332&kikanKbn=5", "url2": "http://www.ainj.co.jp/network/", "内容": "アイン薬局　五条御前店【5:薬局】京都府京都市下京区西七条東御前田町２０‐１　京都五条クリニック１Ｆ" }, "geometry": { "type": "Point", "coordinates": [ 135.734518, 34.995758 ] } },
{ "type": "Feature", "properties": { "ID": 2652652001334.0, "正式名称": "明徳調剤薬局　宇治駅前店", "機関区分": 5, "都道府県コード": 26, "市区町村コード": 204, "所在地": "京都府宇治市宇治戸ノ内８４－１２", "緯度": 34.891159, "経度": 135.795379, "url": "https://www.iryou.teikyouseido.mhlw.go.jp/znk-web/juminkanja/S2430/initialize?prefCd=26&kikanCd=2652001334&kikanKbn=5", "url2": "http://www.ymg.ne.jp/top.php", "内容": "明徳調剤薬局　宇治駅前店【5:薬局】京都府宇治市宇治戸ノ内８４－１２" }, "geometry": { "type": "Point", "coordinates": [ 135.795379, 34.891159 ] } },
{ "type": "Feature", "properties": { "ID": 2652652001335.0, "正式名称": "日本調剤　与謝野薬局", "機関区分": 5, "都道府県コード": 26, "市区町村コード": 465, "所在地": "京都府与謝郡与謝野町字男山２６９番地の２", "緯度": 35.56927, "経度": 135.164622, "url": "https://www.iryou.teikyouseido.mhlw.go.jp/znk-web/juminkanja/S2430/initialize?prefCd=26&kikanCd=2652001335&kikanKbn=5", "url2": "http://www.nicho.co.jp/tenpo/yosano/", "内容": "日本調剤　与謝野薬局【5:薬局】京都府与謝郡与謝野町字男山２６９番地の２" }, "geometry": { "type": "Point", "coordinates": [ 135.164622, 35.56927 ] } },
{ "type": "Feature", "properties": { "ID": 2652652001336.0, "正式名称": "薬局ダックス京都御池店", "機関区分": 5, "都道府県コード": 26, "市区町村コード": 104, "所在地": "京都府京都市中京区御池通烏丸西入ル神明町６８番地", "緯度": 35.01059, "経度": 135.756293, "url": "https://www.iryou.teikyouseido.mhlw.go.jp/znk-web/juminkanja/S2430/initialize?prefCd=26&kikanCd=2652001336&kikanKbn=5", "url2": "https://store.welcia.co.jp/welcia/spot/detail?code=3867D", "内容": "薬局ダックス京都御池店【5:薬局】京都府京都市中京区御池通烏丸西入ル神明町６８番地" }, "geometry": { "type": "Point", "coordinates": [ 135.756293, 35.01059 ] } },
{ "type": "Feature", "properties": { "ID": 2652652001337.0, "正式名称": "ウエルシア薬局　福知山昭和新町店", "機関区分": 5, "都道府県コード": 26, "市区町村コード": 201, "所在地": "京都府福知山市昭和新町７３番地", "緯度": 35.304575, "経度": 135.116194, "url": "https://www.iryou.teikyouseido.mhlw.go.jp/znk-web/juminkanja/S2430/initialize?prefCd=26&kikanCd=2652001337&kikanKbn=5", "url2": "https://stores.welcia.co.jp/3111D", "内容": "ウエルシア薬局　福知山昭和新町店【5:薬局】京都府福知山市昭和新町７３番地" }, "geometry": { "type": "Point", "coordinates": [ 135.116194, 35.304575 ] } },
{ "type": "Feature", "properties": { "ID": 2652652001338.0, "正式名称": "あおい薬局　西賀茂店", "機関区分": 5, "都道府県コード": 26, "市区町村コード": 101, "所在地": "京都府京都市北区西賀茂水垣町３０番地１　ジャルディーノ水垣１Ｆ", "緯度": 35.062945, "経度": 135.744042, "url": "https://www.iryou.teikyouseido.mhlw.go.jp/znk-web/juminkanja/S2430/initialize?prefCd=26&kikanCd=2652001338&kikanKbn=5", "url2": "https://aoipharmacy.jp/c-nishigamo.html", "内容": "あおい薬局　西賀茂店【5:薬局】京都府京都市北区西賀茂水垣町３０番地１　ジャルディーノ水垣１Ｆ" }, "geometry": { "type": "Point", "coordinates": [ 135.744042, 35.062945 ] } },
{ "type": "Feature", "properties": { "ID": 2652652001339.0, "正式名称": "なぎさ薬局　六地蔵店", "機関区分": 5, "都道府県コード": 26, "市区町村コード": 204, "所在地": "京都府宇治市六地蔵町並１０番地", "緯度": 34.935654, "経度": 135.802626, "url": "https://www.iryou.teikyouseido.mhlw.go.jp/znk-web/juminkanja/S2430/initialize?prefCd=26&kikanCd=2652001339&kikanKbn=5", "url2": null, "内容": "なぎさ薬局　六地蔵店【5:薬局】京都府宇治市六地蔵町並１０番地" }, "geometry": { "type": "Point", "coordinates": [ 135.802626, 34.935654 ] } },
{ "type": "Feature", "properties": { "ID": 2652652001341.0, "正式名称": "薬局ダックス　下京烏丸店", "機関区分": 5, "都道府県コード": 26, "市区町村コード": 106, "所在地": "京都府京都市下京区烏丸通高辻上ル大政所町６８０－１　第八長谷ビル１階", "緯度": 35.001035, "経度": 135.759432, "url": "https://www.iryou.teikyouseido.mhlw.go.jp/znk-web/juminkanja/S2430/initialize?prefCd=26&kikanCd=2652001341&kikanKbn=5", "url2": "https://www.dacs-shimizu.jp/", "内容": "薬局ダックス　下京烏丸店【5:薬局】京都府京都市下京区烏丸通高辻上ル大政所町６８０－１　第八長谷ビル１階" }, "geometry": { "type": "Point", "coordinates": [ 135.759432, 35.001035 ] } },
{ "type": "Feature", "properties": { "ID": 2652652001343.0, "正式名称": "スギ薬局　四条河原町店", "機関区分": 5, "都道府県コード": 26, "市区町村コード": 104, "所在地": "京都府京都市中京区河原町通蛸薬師下る塩屋町３４３番地１", "緯度": 35.005063, "経度": 135.769015, "url": "https://www.iryou.teikyouseido.mhlw.go.jp/znk-web/juminkanja/S2430/initialize?prefCd=26&kikanCd=2652001343&kikanKbn=5", "url2": "http://www.drug-sugi.co.jp/", "内容": "スギ薬局　四条河原町店【5:薬局】京都府京都市中京区河原町通蛸薬師下る塩屋町３４３番地１" }, "geometry": { "type": "Point", "coordinates": [ 135.769015, 35.005063 ] } },
{ "type": "Feature", "properties": { "ID": 2652652001345.0, "正式名称": "乙訓まち薬局", "機関区分": 5, "都道府県コード": 26, "市区町村コード": 209, "所在地": "京都府長岡京市天神五丁目６番１８号　オークリッチながおか１０２", "緯度": 34.929514, "経度": 135.687997, "url": "https://www.iryou.teikyouseido.mhlw.go.jp/znk-web/juminkanja/S2430/initialize?prefCd=26&kikanCd=2652001345&kikanKbn=5", "url2": "http://www.mediasone.com", "内容": "乙訓まち薬局【5:薬局】京都府長岡京市天神五丁目６番１８号　オークリッチながおか１０２" }, "geometry": { "type": "Point", "coordinates": [ 135.687997, 34.929514 ] } },
{ "type": "Feature", "properties": { "ID": 2652652001347.0, "正式名称": "ひまわり調剤薬局", "機関区分": 5, "都道府県コード": 26, "市区町村コード": 207, "所在地": "京都府城陽市久世里ノ西１６４番地の３", "緯度": 34.861245, "経度": 135.768327, "url": "https://www.iryou.teikyouseido.mhlw.go.jp/znk-web/juminkanja/S2430/initialize?prefCd=26&kikanCd=2652001347&kikanKbn=5", "url2": null, "内容": "ひまわり調剤薬局【5:薬局】京都府城陽市久世里ノ西１６４番地の３" }, "geometry": { "type": "Point", "coordinates": [ 135.768327, 34.861245 ] } },
{ "type": "Feature", "properties": { "ID": 2652652001348.0, "正式名称": "薬局ダックス京都衣笠店", "機関区分": 5, "都道府県コード": 26, "市区町村コード": 101, "所在地": "京都府京都市北区衣笠天神森町２８－２", "緯度": 35.037059, "経度": 135.733044, "url": "https://www.iryou.teikyouseido.mhlw.go.jp/znk-web/juminkanja/S2430/initialize?prefCd=26&kikanCd=2652001348&kikanKbn=5", "url2": "https://www.dacs-shimizu.jp/", "内容": "薬局ダックス京都衣笠店【5:薬局】京都府京都市北区衣笠天神森町２８－２" }, "geometry": { "type": "Point", "coordinates": [ 135.733044, 35.037059 ] } },
{ "type": "Feature", "properties": { "ID": 2652652001349.0, "正式名称": "薬局ダックス京都北山店", "機関区分": 5, "都道府県コード": 26, "市区町村コード": 101, "所在地": "京都府京都市北区紫竹栗栖町３７", "緯度": 35.049419, "経度": 135.743765, "url": "https://www.iryou.teikyouseido.mhlw.go.jp/znk-web/juminkanja/S2430/initialize?prefCd=26&kikanCd=2652001349&kikanKbn=5", "url2": "https://store.welcia.co.jp/welcia/spot/detail?code=3878D", "内容": "薬局ダックス京都北山店【5:薬局】京都府京都市北区紫竹栗栖町３７" }, "geometry": { "type": "Point", "coordinates": [ 135.743765, 35.049419 ] } },
{ "type": "Feature", "properties": { "ID": 2652652001350.0, "正式名称": "ナズミ薬局", "機関区分": 5, "都道府県コード": 26, "市区町村コード": 110, "所在地": "京都府京都市山科区西野楳本町１２－６", "緯度": 34.987287, "経度": 135.803013, "url": "https://www.iryou.teikyouseido.mhlw.go.jp/znk-web/juminkanja/S2430/initialize?prefCd=26&kikanCd=2652001350&kikanKbn=5", "url2": null, "内容": "ナズミ薬局【5:薬局】京都府京都市山科区西野楳本町１２－６" }, "geometry": { "type": "Point", "coordinates": [ 135.803013, 34.987287 ] } },
{ "type": "Feature", "properties": { "ID": 2652652001351.0, "正式名称": "ユタカ薬局　向日森本", "機関区分": 5, "都道府県コード": 26, "市区町村コード": 208, "所在地": "京都府向日市森本町高田１１番地", "緯度": 34.94704, "経度": 135.716133, "url": "https://www.iryou.teikyouseido.mhlw.go.jp/znk-web/juminkanja/S2430/initialize?prefCd=26&kikanCd=2652001351&kikanKbn=5", "url2": "http://www.d-yutaka.co.jp/shop/162.html", "内容": "ユタカ薬局　向日森本【5:薬局】京都府向日市森本町高田１１番地" }, "geometry": { "type": "Point", "coordinates": [ 135.716133, 34.94704 ] } },
{ "type": "Feature", "properties": { "ID": 2652652001352.0, "正式名称": "薬局ダックス右京太秦店", "機関区分": 5, "都道府県コード": 26, "市区町村コード": 108, "所在地": "京都府京都市右京区常盤東ノ町６", "緯度": 35.01881, "経度": 135.710797, "url": "https://www.iryou.teikyouseido.mhlw.go.jp/znk-web/juminkanja/S2430/initialize?prefCd=26&kikanCd=2652001352&kikanKbn=5", "url2": "https://stores.welcia.co.jp/3852D", "内容": "薬局ダックス右京太秦店【5:薬局】京都府京都市右京区常盤東ノ町６" }, "geometry": { "type": "Point", "coordinates": [ 135.710797, 35.01881 ] } },
{ "type": "Feature", "properties": { "ID": 2652652001354.0, "正式名称": "きぬかけ薬局", "機関区分": 5, "都道府県コード": 26, "市区町村コード": 108, "所在地": "京都府京都市右京区龍安寺西ノ川町７番地５", "緯度": 35.027032, "経度": 135.719212, "url": "https://www.iryou.teikyouseido.mhlw.go.jp/znk-web/juminkanja/S2430/initialize?prefCd=26&kikanCd=2652001354&kikanKbn=5", "url2": null, "内容": "きぬかけ薬局【5:薬局】京都府京都市右京区龍安寺西ノ川町７番地５" }, "geometry": { "type": "Point", "coordinates": [ 135.719212, 35.027032 ] } },
{ "type": "Feature", "properties": { "ID": 2652652001355.0, "正式名称": "薬局ダックス南丹園部店", "機関区分": 5, "都道府県コード": 26, "市区町村コード": 213, "所在地": "京都府南丹市園部町内林町２－７６", "緯度": 35.116796, "経度": 135.475617, "url": "https://www.iryou.teikyouseido.mhlw.go.jp/znk-web/juminkanja/S2430/initialize?prefCd=26&kikanCd=2652001355&kikanKbn=5", "url2": "https://www.welcia-yakkyoku.co.jp/", "内容": "薬局ダックス南丹園部店【5:薬局】京都府南丹市園部町内林町２－７６" }, "geometry": { "type": "Point", "coordinates": [ 135.475617, 35.116796 ] } },
{ "type": "Feature", "properties": { "ID": 2652652001356.0, "正式名称": "スマイル薬局　墨染店", "機関区分": 5, "都道府県コード": 26, "市区町村コード": 109, "所在地": "京都府京都市伏見区墨染町６８８番地", "緯度": 34.947791, "経度": 135.769212, "url": "https://www.iryou.teikyouseido.mhlw.go.jp/znk-web/juminkanja/S2430/initialize?prefCd=26&kikanCd=2652001356&kikanKbn=5", "url2": "https://shimatany.co.jp/pharmacy_list/pharmacy09/", "内容": "スマイル薬局　墨染店【5:薬局】京都府京都市伏見区墨染町６８８番地" }, "geometry": { "type": "Point", "coordinates": [ 135.769212, 34.947791 ] } },
{ "type": "Feature", "properties": { "ID": 2652652001357.0, "正式名称": "乙訓調剤薬局　今里店", "機関区分": 5, "都道府県コード": 26, "市区町村コード": 209, "所在地": "京都府長岡京市今里三ノ坪４－１　コモド長岡京１Ｆ", "緯度": 34.935263, "経度": 135.695663, "url": "https://www.iryou.teikyouseido.mhlw.go.jp/znk-web/juminkanja/S2430/initialize?prefCd=26&kikanCd=2652001357&kikanKbn=5", "url2": "http://otokunipharm.jp/", "内容": "乙訓調剤薬局　今里店【5:薬局】京都府長岡京市今里三ノ坪４－１　コモド長岡京１Ｆ" }, "geometry": { "type": "Point", "coordinates": [ 135.695663, 34.935263 ] } },
{ "type": "Feature", "properties": { "ID": 2652652001358.0, "正式名称": "山口薬局活道ヶ丘店", "機関区分": 5, "都道府県コード": 26, "市区町村コード": 365, "所在地": "京都府相楽郡和束町白栖北半田２４", "緯度": 34.796559, "経度": 135.895292, "url": "https://www.iryou.teikyouseido.mhlw.go.jp/znk-web/juminkanja/S2430/initialize?prefCd=26&kikanCd=2652001358&kikanKbn=5", "url2": null, "内容": "山口薬局活道ヶ丘店【5:薬局】京都府相楽郡和束町白栖北半田２４" }, "geometry": { "type": "Point", "coordinates": [ 135.895292, 34.796559 ] } },
{ "type": "Feature", "properties": { "ID": 2652652001360.0, "正式名称": "西大路御池ゆう薬局", "機関区分": 5, "都道府県コード": 26, "市区町村コード": 104, "所在地": "京都府京都市中京区西ノ京東中合町１１番地", "緯度": 35.013311, "経度": 135.731629, "url": "https://www.iryou.teikyouseido.mhlw.go.jp/znk-web/juminkanja/S2430/initialize?prefCd=26&kikanCd=2652001360&kikanKbn=5", "url2": "https://www.uno-upd.co.jp/store/nakagyoku/15535/", "内容": "西大路御池ゆう薬局【5:薬局】京都府京都市中京区西ノ京東中合町１１番地" }, "geometry": { "type": "Point", "coordinates": [ 135.731629, 35.013311 ] } },
{ "type": "Feature", "properties": { "ID": 2652652001362.0, "正式名称": "千本丸太町ゆう薬局", "機関区分": 5, "都道府県コード": 26, "市区町村コード": 104, "所在地": "京都府京都市中京区聚楽廻西町１８２番地８", "緯度": 35.018561, "経度": 135.739711, "url": "https://www.iryou.teikyouseido.mhlw.go.jp/znk-web/juminkanja/S2430/initialize?prefCd=26&kikanCd=2652001362&kikanKbn=5", "url2": "http://www.uno-upd.co.jp/store/nakagyouku/16111/", "内容": "千本丸太町ゆう薬局【5:薬局】京都府京都市中京区聚楽廻西町１８２番地８" }, "geometry": { "type": "Point", "coordinates": [ 135.739711, 35.018561 ] } },
{ "type": "Feature", "properties": { "ID": 2652652001363.0, "正式名称": "薬局ダックス　伏見丹波橋店", "機関区分": 5, "都道府県コード": 26, "市区町村コード": 109, "所在地": "京都府京都市伏見区下板橋町６３０番地１２", "緯度": 34.939236, "経度": 135.761157, "url": "https://www.iryou.teikyouseido.mhlw.go.jp/znk-web/juminkanja/S2430/initialize?prefCd=26&kikanCd=2652001363&kikanKbn=5", "url2": "https://www.dacs-shimizu.jp/", "内容": "薬局ダックス　伏見丹波橋店【5:薬局】京都府京都市伏見区下板橋町６３０番地１２" }, "geometry": { "type": "Point", "coordinates": [ 135.761157, 34.939236 ] } },
{ "type": "Feature", "properties": { "ID": 2652652001364.0, "正式名称": "薬局ダックス　伏見桃山東店", "機関区分": 5, "都道府県コード": 26, "市区町村コード": 109, "所在地": "京都府京都市伏見区桃山町山ノ下１９－５", "緯度": 34.939903, "経度": 135.795321, "url": "https://www.iryou.teikyouseido.mhlw.go.jp/znk-web/juminkanja/S2430/initialize?prefCd=26&kikanCd=2652001364&kikanKbn=5", "url2": "https://www.dacs-shimizu.jp/", "内容": "薬局ダックス　伏見桃山東店【5:薬局】京都府京都市伏見区桃山町山ノ下１９－５" }, "geometry": { "type": "Point", "coordinates": [ 135.795321, 34.939903 ] } },
{ "type": "Feature", "properties": { "ID": 2652652001366.0, "正式名称": "かめちゃんの薬局", "機関区分": 5, "都道府県コード": 26, "市区町村コード": 102, "所在地": "京都府京都市上京区出町通桝形上ル後藤町１８９番地１　ラ・ポン・アオイ１階", "緯度": 35.031449, "経度": 135.769347, "url": "https://www.iryou.teikyouseido.mhlw.go.jp/znk-web/juminkanja/S2430/initialize?prefCd=26&kikanCd=2652001366&kikanKbn=5", "url2": null, "内容": "かめちゃんの薬局【5:薬局】京都府京都市上京区出町通桝形上ル後藤町１８９番地１　ラ・ポン・アオイ１階" }, "geometry": { "type": "Point", "coordinates": [ 135.769347, 35.031449 ] } },
{ "type": "Feature", "properties": { "ID": 2652652001367.0, "正式名称": "松井薬局　京都駅前店", "機関区分": 5, "都道府県コード": 26, "市区町村コード": 106, "所在地": "京都府京都市下京区東洞院通塩小路下る東塩小路町５４７番地２福隅ビル１階", "緯度": 34.98712, "経度": 135.761266, "url": "https://www.iryou.teikyouseido.mhlw.go.jp/znk-web/juminkanja/S2430/initialize?prefCd=26&kikanCd=2652001367&kikanKbn=5", "url2": "http://www.4193.co.jp/", "内容": "松井薬局　京都駅前店【5:薬局】京都府京都市下京区東洞院通塩小路下る東塩小路町５４７番地２福隅ビル１階" }, "geometry": { "type": "Point", "coordinates": [ 135.761266, 34.98712 ] } },
{ "type": "Feature", "properties": { "ID": 2652652001368.0, "正式名称": "御所南ゆう薬局", "機関区分": 5, "都道府県コード": 26, "市区町村コード": 104, "所在地": "京都府京都市中京区新椹木町通竹屋町上る西革堂町１８４番地オクムラビル１Ｆ", "緯度": 35.016006, "経度": 135.768598, "url": "https://www.iryou.teikyouseido.mhlw.go.jp/znk-web/juminkanja/S2430/initialize?prefCd=26&kikanCd=2652001368&kikanKbn=5", "url2": "https://www.uno-upd.co.jp/store/nakagyoku/1220/", "内容": "御所南ゆう薬局【5:薬局】京都府京都市中京区新椹木町通竹屋町上る西革堂町１８４番地オクムラビル１Ｆ" }, "geometry": { "type": "Point", "coordinates": [ 135.768598, 35.016006 ] } },
{ "type": "Feature", "properties": { "ID": 2652652001369.0, "正式名称": "あい薬局　上植野店", "機関区分": 5, "都道府県コード": 26, "市区町村コード": 208, "所在地": "京都府向日市上植野町落堀１４－５－２", "緯度": 34.931736, "経度": 135.709523, "url": "https://www.iryou.teikyouseido.mhlw.go.jp/znk-web/juminkanja/S2430/initialize?prefCd=26&kikanCd=2652001369&kikanKbn=5", "url2": "https://www.d-yutaka.co.jp/shop/15009.html", "内容": "あい薬局　上植野店【5:薬局】京都府向日市上植野町落堀１４－５－２" }, "geometry": { "type": "Point", "coordinates": [ 135.709523, 34.931736 ] } },
{ "type": "Feature", "properties": { "ID": 2652652001371.0, "正式名称": "あい薬局　長岡京店", "機関区分": 5, "都道府県コード": 26, "市区町村コード": 209, "所在地": "京都府長岡京市下海印寺横山４６－３", "緯度": 34.918682, "経度": 135.68422, "url": "https://www.iryou.teikyouseido.mhlw.go.jp/znk-web/juminkanja/S2430/initialize?prefCd=26&kikanCd=2652001371&kikanKbn=5", "url2": "https://www.d-yutaka.co.jp/shop/15011.html", "内容": "あい薬局　長岡京店【5:薬局】京都府長岡京市下海印寺横山４６－３" }, "geometry": { "type": "Point", "coordinates": [ 135.68422, 34.918682 ] } },
{ "type": "Feature", "properties": { "ID": 2652652001372.0, "正式名称": "あい薬局　洛西口店", "機関区分": 5, "都道府県コード": 26, "市区町村コード": 208, "所在地": "京都府向日市寺戸町七ノ坪１３９　ベアティ洛西口１階", "緯度": 34.9614, "経度": 135.703578, "url": "https://www.iryou.teikyouseido.mhlw.go.jp/znk-web/juminkanja/S2430/initialize?prefCd=26&kikanCd=2652001372&kikanKbn=5", "url2": "https://www.d-yutaka.co.jp/shop/15016.html", "内容": "あい薬局　洛西口店【5:薬局】京都府向日市寺戸町七ノ坪１３９　ベアティ洛西口１階" }, "geometry": { "type": "Point", "coordinates": [ 135.703578, 34.9614 ] } },
{ "type": "Feature", "properties": { "ID": 2652652001375.0, "正式名称": "あい薬局　宇治店", "機関区分": 5, "都道府県コード": 26, "市区町村コード": 204, "所在地": "京都府宇治市宇治戸ノ内　４－２２", "緯度": 34.891169, "経度": 135.800782, "url": "https://www.iryou.teikyouseido.mhlw.go.jp/znk-web/juminkanja/S2430/initialize?prefCd=26&kikanCd=2652001375&kikanKbn=5", "url2": null, "内容": "あい薬局　宇治店【5:薬局】京都府宇治市宇治戸ノ内　４－２２" }, "geometry": { "type": "Point", "coordinates": [ 135.800782, 34.891169 ] } },
{ "type": "Feature", "properties": { "ID": 2652652001376.0, "正式名称": "ウエルシア薬局　イオン高の原店", "機関区分": 5, "都道府県コード": 26, "市区町村コード": 214, "所在地": "京都府木津川市相楽台１丁目１番１イオン高の原ショッピングセンター２Ｆ", "緯度": 34.725093, "経度": 135.790804, "url": "https://www.iryou.teikyouseido.mhlw.go.jp/znk-web/juminkanja/S2430/initialize?prefCd=26&kikanCd=2652001376&kikanKbn=5", "url2": "https://store.welcia.co.jp/welcia/spot/detail?code=3549D", "内容": "ウエルシア薬局　イオン高の原店【5:薬局】京都府木津川市相楽台１丁目１番１イオン高の原ショッピングセンター２Ｆ" }, "geometry": { "type": "Point", "coordinates": [ 135.790804, 34.725093 ] } },
{ "type": "Feature", "properties": { "ID": 2652652001377.0, "正式名称": "あい薬局　桂店", "機関区分": 5, "都道府県コード": 26, "市区町村コード": 111, "所在地": "京都府京都市西京区川島尻堀町５７番地３", "緯度": 34.979509, "経度": 135.69855, "url": "https://www.iryou.teikyouseido.mhlw.go.jp/znk-web/juminkanja/S2430/initialize?prefCd=26&kikanCd=2652001377&kikanKbn=5", "url2": "https://www.d-yutaka.co.jp/shop/15019.html", "内容": "あい薬局　桂店【5:薬局】京都府京都市西京区川島尻堀町５７番地３" }, "geometry": { "type": "Point", "coordinates": [ 135.69855, 34.979509 ] } },
{ "type": "Feature", "properties": { "ID": 2652652001379.0, "正式名称": "仁丹堂薬局", "機関区分": 5, "都道府県コード": 26, "市区町村コード": 203, "所在地": "京都府綾部市相生町３０－６", "緯度": 35.30005, "経度": 135.255599, "url": "https://www.iryou.teikyouseido.mhlw.go.jp/znk-web/juminkanja/S2430/initialize?prefCd=26&kikanCd=2652001379&kikanKbn=5", "url2": null, "内容": "仁丹堂薬局【5:薬局】京都府綾部市相生町３０－６" }, "geometry": { "type": "Point", "coordinates": [ 135.255599, 35.30005 ] } },
{ "type": "Feature", "properties": { "ID": 2652652001380.0, "正式名称": "ウエルシア薬局　宇治伊勢田店", "機関区分": 5, "都道府県コード": 26, "市区町村コード": 204, "所在地": "京都府宇治市伊勢田町若林５７番地", "緯度": 34.88677, "経度": 135.775992, "url": "https://www.iryou.teikyouseido.mhlw.go.jp/znk-web/juminkanja/S2430/initialize?prefCd=26&kikanCd=2652001380&kikanKbn=5", "url2": "http://stores.welcia.co.jp/3105D", "内容": "ウエルシア薬局　宇治伊勢田店【5:薬局】京都府宇治市伊勢田町若林５７番地" }, "geometry": { "type": "Point", "coordinates": [ 135.775992, 34.88677 ] } },
{ "type": "Feature", "properties": { "ID": 2652652001382.0, "正式名称": "薬局ダックス　右京花屋町店", "機関区分": 5, "都道府県コード": 26, "市区町村コード": 108, "所在地": "京都府京都市右京区西京極町ノ坪町３", "緯度": 34.992119, "経度": 135.723103, "url": "https://www.iryou.teikyouseido.mhlw.go.jp/znk-web/juminkanja/S2430/initialize?prefCd=26&kikanCd=2652001382&kikanKbn=5", "url2": "http://www.dacs-shimizu.jp/", "内容": "薬局ダックス　右京花屋町店【5:薬局】京都府京都市右京区西京極町ノ坪町３" }, "geometry": { "type": "Point", "coordinates": [ 135.723103, 34.992119 ] } },
{ "type": "Feature", "properties": { "ID": 2652652001383.0, "正式名称": "こぐま薬局", "機関区分": 5, "都道府県コード": 26, "市区町村コード": 207, "所在地": "京都府城陽市寺田北山田３１－２９", "緯度": 34.857968, "経度": 135.78302, "url": "https://www.iryou.teikyouseido.mhlw.go.jp/znk-web/juminkanja/S2430/initialize?prefCd=26&kikanCd=2652001383&kikanKbn=5", "url2": null, "内容": "こぐま薬局【5:薬局】京都府城陽市寺田北山田３１－２９" }, "geometry": { "type": "Point", "coordinates": [ 135.78302, 34.857968 ] } },
{ "type": "Feature", "properties": { "ID": 2652652001384.0, "正式名称": "スカイ薬局", "機関区分": 5, "都道府県コード": 26, "市区町村コード": 104, "所在地": "京都府京都市中京区西ノ京南大炊御門町８　阪急オアシス円町店２Ｆ", "緯度": 35.019172, "経度": 135.728629, "url": "https://www.iryou.teikyouseido.mhlw.go.jp/znk-web/juminkanja/S2430/initialize?prefCd=26&kikanCd=2652001384&kikanKbn=5", "url2": null, "内容": "スカイ薬局【5:薬局】京都府京都市中京区西ノ京南大炊御門町８　阪急オアシス円町店２Ｆ" }, "geometry": { "type": "Point", "coordinates": [ 135.728629, 35.019172 ] } },
{ "type": "Feature", "properties": { "ID": 2652652001385.0, "正式名称": "クスリのアオキ　久世南薬局", "機関区分": 5, "都道府県コード": 26, "市区町村コード": 107, "所在地": "京都府京都市南区久世東土川町７８番地", "緯度": 34.946874, "経度": 135.717216, "url": "https://www.iryou.teikyouseido.mhlw.go.jp/znk-web/juminkanja/S2430/initialize?prefCd=26&kikanCd=2652001385&kikanKbn=5", "url2": "https://www.kusuri-aoki.co.jp/", "内容": "クスリのアオキ　久世南薬局【5:薬局】京都府京都市南区久世東土川町７８番地" }, "geometry": { "type": "Point", "coordinates": [ 135.717216, 34.946874 ] } },
{ "type": "Feature", "properties": { "ID": 2652652001388.0, "正式名称": "三山木ゆう薬局", "機関区分": 5, "都道府県コード": 26, "市区町村コード": 211, "所在地": "京都府京田辺市三山木中央４丁目２番地８", "緯度": 34.797891, "経度": 135.783912, "url": "https://www.iryou.teikyouseido.mhlw.go.jp/znk-web/juminkanja/S2430/initialize?prefCd=26&kikanCd=2652001388&kikanKbn=5", "url2": "http://www.uno-upd.co.jp/store/kyoutanabeshi/16563/", "内容": "三山木ゆう薬局【5:薬局】京都府京田辺市三山木中央４丁目２番地８" }, "geometry": { "type": "Point", "coordinates": [ 135.783912, 34.797891 ] } },
{ "type": "Feature", "properties": { "ID": 2652652001389.0, "正式名称": "ほうその駅前薬局", "機関区分": 5, "都道府県コード": 26, "市区町村コード": 366, "所在地": "京都府相楽郡精華町祝園西１－２４－３祝園駅西医療ビル１階１０２号", "緯度": 34.761034, "経度": 135.791246, "url": "https://www.iryou.teikyouseido.mhlw.go.jp/znk-web/juminkanja/S2430/initialize?prefCd=26&kikanCd=2652001389&kikanKbn=5", "url2": "https://housono.com/", "内容": "ほうその駅前薬局【5:薬局】京都府相楽郡精華町祝園西１－２４－３祝園駅西医療ビル１階１０２号" }, "geometry": { "type": "Point", "coordinates": [ 135.791246, 34.761034 ] } },
{ "type": "Feature", "properties": { "ID": 140.045968, "正式名称": "くにみ台薬局", "機関区分": 5, "都道府県コード": 26, "市区町村コード": 214, "所在地": "京都府木津川市州見台８－４－９", "緯度": 34.717344, "経度": 135.817496, "url": "https://www.iryou.teikyouseido.mhlw.go.jp/znk-web/juminkanja/S2430/initialize?prefCd=26&kikanCd=.045968&kikanKbn=5", "url2": "https;//kunimi.housono.com", "内容": "くにみ台薬局【5:薬局】京都府木津川市州見台８－４－９" }, "geometry": { "type": "Point", "coordinates": [ 135.817496, 34.717344 ] } },
{ "type": "Feature", "properties": { "ID": 2652652001391.0, "正式名称": "ココカラファイン薬局　イズミヤ八幡店", "機関区分": 5, "都道府県コード": 26, "市区町村コード": 210, "所在地": "京都府八幡市八幡一ノ坪２３－１　イズミヤ八幡店１階", "緯度": 34.86091, "経度": 135.712998, "url": "https://www.iryou.teikyouseido.mhlw.go.jp/znk-web/juminkanja/S2430/initialize?prefCd=26&kikanCd=2652001391&kikanKbn=5", "url2": null, "内容": "ココカラファイン薬局　イズミヤ八幡店【5:薬局】京都府八幡市八幡一ノ坪２３－１　イズミヤ八幡店１階" }, "geometry": { "type": "Point", "coordinates": [ 135.712998, 34.86091 ] } },
{ "type": "Feature", "properties": { "ID": 2652652001392.0, "正式名称": "七条ゆう薬局", "機関区分": 5, "都道府県コード": 26, "市区町村コード": 106, "所在地": "京都府京都市下京区西七条東八反田町３３番地　パデシオン京都七条ミッドパーク１階", "緯度": 34.991841, "経度": 135.738601, "url": "https://www.iryou.teikyouseido.mhlw.go.jp/znk-web/juminkanja/S2430/initialize?prefCd=26&kikanCd=2652001392&kikanKbn=5", "url2": "https://www.uno-upd.co.jp/", "内容": "七条ゆう薬局【5:薬局】京都府京都市下京区西七条東八反田町３３番地　パデシオン京都七条ミッドパーク１階" }, "geometry": { "type": "Point", "coordinates": [ 135.738601, 34.991841 ] } },
{ "type": "Feature", "properties": { "ID": 2652652001393.0, "正式名称": "モリタ薬局　小倉店", "機関区分": 5, "都道府県コード": 26, "市区町村コード": 204, "所在地": "京都府宇治市小倉町神楽田１６", "緯度": 34.894269, "経度": 135.783022, "url": "https://www.iryou.teikyouseido.mhlw.go.jp/znk-web/juminkanja/S2430/initialize?prefCd=26&kikanCd=2652001393&kikanKbn=5", "url2": null, "内容": "モリタ薬局　小倉店【5:薬局】京都府宇治市小倉町神楽田１６" }, "geometry": { "type": "Point", "coordinates": [ 135.783022, 34.894269 ] } },
{ "type": "Feature", "properties": { "ID": 2652652001394.0, "正式名称": "薬局ダックス城陽久津川店", "機関区分": 5, "都道府県コード": 26, "市区町村コード": 207, "所在地": "京都府城陽市平川横道８７－１", "緯度": 34.863856, "経度": 135.777632, "url": "https://www.iryou.teikyouseido.mhlw.go.jp/znk-web/juminkanja/S2430/initialize?prefCd=26&kikanCd=2652001394&kikanKbn=5", "url2": "https://www.dacs-shimizu.jp/", "内容": "薬局ダックス城陽久津川店【5:薬局】京都府城陽市平川横道８７－１" }, "geometry": { "type": "Point", "coordinates": [ 135.777632, 34.863856 ] } },
{ "type": "Feature", "properties": { "ID": 2652652001396.0, "正式名称": "サンドラッグ山科栗栖野薬局", "機関区分": 5, "都道府県コード": 26, "市区町村コード": 110, "所在地": "京都府京都市山科区栗栖野打越町３３", "緯度": 34.971317, "経度": 135.807041, "url": "https://www.iryou.teikyouseido.mhlw.go.jp/znk-web/juminkanja/S2430/initialize?prefCd=26&kikanCd=2652001396&kikanKbn=5", "url2": "https://sundrug-online.com/blogs/search-store/5907", "内容": "サンドラッグ山科栗栖野薬局【5:薬局】京都府京都市山科区栗栖野打越町３３" }, "geometry": { "type": "Point", "coordinates": [ 135.807041, 34.971317 ] } },
{ "type": "Feature", "properties": { "ID": 2652652001397.0, "正式名称": "乙訓調剤薬局神足店", "機関区分": 5, "都道府県コード": 26, "市区町村コード": 209, "所在地": "京都府長岡京市神足１丁目１０番１２号", "緯度": 34.923737, "経度": 135.699385, "url": "https://www.iryou.teikyouseido.mhlw.go.jp/znk-web/juminkanja/S2430/initialize?prefCd=26&kikanCd=2652001397&kikanKbn=5", "url2": "https://otokunipharm.jp/", "内容": "乙訓調剤薬局神足店【5:薬局】京都府長岡京市神足１丁目１０番１２号" }, "geometry": { "type": "Point", "coordinates": [ 135.699385, 34.923737 ] } },
{ "type": "Feature", "properties": { "ID": 2652652001398.0, "正式名称": "ユタカ薬局　槇島", "機関区分": 5, "都道府県コード": 26, "市区町村コード": 204, "所在地": "京都府宇治市槇島町本屋敷１２番地", "緯度": 34.913795, "経度": 135.778463, "url": "https://www.iryou.teikyouseido.mhlw.go.jp/znk-web/juminkanja/S2430/initialize?prefCd=26&kikanCd=2652001398&kikanKbn=5", "url2": null, "内容": "ユタカ薬局　槇島【5:薬局】京都府宇治市槇島町本屋敷１２番地" }, "geometry": { "type": "Point", "coordinates": [ 135.778463, 34.913795 ] } },
{ "type": "Feature", "properties": { "ID": 2652652001399.0, "正式名称": "ひだまり薬局木津川台店", "機関区分": 5, "都道府県コード": 26, "市区町村コード": 214, "所在地": "京都府木津川市木津川台７丁目１－４", "緯度": 34.74148, "経度": 135.78322, "url": "https://www.iryou.teikyouseido.mhlw.go.jp/znk-web/juminkanja/S2430/initialize?prefCd=26&kikanCd=2652001399&kikanKbn=5", "url2": null, "内容": "ひだまり薬局木津川台店【5:薬局】京都府木津川市木津川台７丁目１－４" }, "geometry": { "type": "Point", "coordinates": [ 135.78322, 34.74148 ] } },
{ "type": "Feature", "properties": { "ID": 2652652001403.0, "正式名称": "河辺ゆう薬局", "機関区分": 5, "都道府県コード": 26, "市区町村コード": 212, "所在地": "京都府京丹後市大宮町河辺小字柳ヶ坪２３８８－１", "緯度": 35.604376, "経度": 135.089516, "url": "https://www.iryou.teikyouseido.mhlw.go.jp/znk-web/juminkanja/S2430/initialize?prefCd=26&kikanCd=2652001403&kikanKbn=5", "url2": "http://www.uno-upd.co.jp/store/kyoutangoshi/16875/", "内容": "河辺ゆう薬局【5:薬局】京都府京丹後市大宮町河辺小字柳ヶ坪２３８８－１" }, "geometry": { "type": "Point", "coordinates": [ 135.089516, 35.604376 ] } },
{ "type": "Feature", "properties": { "ID": 2652652001404.0, "正式名称": "プラム薬局", "機関区分": 5, "都道府県コード": 26, "市区町村コード": 207, "所在地": "京都府城陽市寺田高田６５", "緯度": 34.854801, "経度": 135.777604, "url": "https://www.iryou.teikyouseido.mhlw.go.jp/znk-web/juminkanja/S2430/initialize?prefCd=26&kikanCd=2652001404&kikanKbn=5", "url2": null, "内容": "プラム薬局【5:薬局】京都府城陽市寺田高田６５" }, "geometry": { "type": "Point", "coordinates": [ 135.777604, 34.854801 ] } },
{ "type": "Feature", "properties": { "ID": 2652652001405.0, "正式名称": "ユニスマイル薬局　うずまさ店", "機関区分": 5, "都道府県コード": 26, "市区町村コード": 108, "所在地": "京都府京都市右京区太秦安井一町田町１４番地　京都市上下水道局太秦庁舎１階", "緯度": 35.011006, "経度": 135.718185, "url": "https://www.iryou.teikyouseido.mhlw.go.jp/znk-web/juminkanja/S2430/initialize?prefCd=26&kikanCd=2652001405&kikanKbn=5", "url2": null, "内容": "ユニスマイル薬局　うずまさ店【5:薬局】京都府京都市右京区太秦安井一町田町１４番地　京都市上下水道局太秦庁舎１階" }, "geometry": { "type": "Point", "coordinates": [ 135.718185, 35.011006 ] } },
{ "type": "Feature", "properties": { "ID": 2652652001406.0, "正式名称": "薬局ダックス西京洛西中央店", "機関区分": 5, "都道府県コード": 26, "市区町村コード": 111, "所在地": "京都府京都市西京区大枝東長町１番地２９６", "緯度": 34.965093, "経度": 135.679635, "url": "https://www.iryou.teikyouseido.mhlw.go.jp/znk-web/juminkanja/S2430/initialize?prefCd=26&kikanCd=2652001406&kikanKbn=5", "url2": "https://www.dacs-shimizu.jp/", "内容": "薬局ダックス西京洛西中央店【5:薬局】京都府京都市西京区大枝東長町１番地２９６" }, "geometry": { "type": "Point", "coordinates": [ 135.679635, 34.965093 ] } },
{ "type": "Feature", "properties": { "ID": 2652652001407.0, "正式名称": "下鴨中通ゆう薬局", "機関区分": 5, "都道府県コード": 26, "市区町村コード": 103, "所在地": "京都府京都市左京区下鴨西本町１８番地　Ｄｅｌｉｚｉａ　下鴨１階", "緯度": 35.044086, "経度": 135.767735, "url": "https://www.iryou.teikyouseido.mhlw.go.jp/znk-web/juminkanja/S2430/initialize?prefCd=26&kikanCd=2652001407&kikanKbn=5", "url2": "http://www.uno-upd.co.jp/store/sakyouku/16935/", "内容": "下鴨中通ゆう薬局【5:薬局】京都府京都市左京区下鴨西本町１８番地　Ｄｅｌｉｚｉａ　下鴨１階" }, "geometry": { "type": "Point", "coordinates": [ 135.767735, 35.044086 ] } },
{ "type": "Feature", "properties": { "ID": 2652652001408.0, "正式名称": "クスリのアオキ佐山薬局", "機関区分": 5, "都道府県コード": 26, "市区町村コード": 322, "所在地": "京都府久世郡久御山町佐山西ノ口１１７番地", "緯度": 34.874715, "経度": 135.748273, "url": "https://www.iryou.teikyouseido.mhlw.go.jp/znk-web/juminkanja/S2430/initialize?prefCd=26&kikanCd=2652001408&kikanKbn=5", "url2": "https://www.kusuri-aoki.co.jp/", "内容": "クスリのアオキ佐山薬局【5:薬局】京都府久世郡久御山町佐山西ノ口１１７番地" }, "geometry": { "type": "Point", "coordinates": [ 135.748273, 34.874715 ] } },
{ "type": "Feature", "properties": { "ID": 2652652001409.0, "正式名称": "クルミ薬局２号店", "機関区分": 5, "都道府県コード": 26, "市区町村コード": 104, "所在地": "京都府京都市中京区西ノ京船塚町１０番地１　Ｔｅｎｋｙｕビル２階", "緯度": 35.011895, "経度": 135.736351, "url": "https://www.iryou.teikyouseido.mhlw.go.jp/znk-web/juminkanja/S2430/initialize?prefCd=26&kikanCd=2652001409&kikanKbn=5", "url2": "https://www.marinegroup.jp/detail/%e3%82%af%e3%83%ab%e3%83%9f%e8%96%ac%e5%b1%80-2%e5%8f%b7%e5%ba%97", "内容": "クルミ薬局２号店【5:薬局】京都府京都市中京区西ノ京船塚町１０番地１　Ｔｅｎｋｙｕビル２階" }, "geometry": { "type": "Point", "coordinates": [ 135.736351, 35.011895 ] } },
{ "type": "Feature", "properties": { "ID": 2652652001410.0, "正式名称": "調剤薬局かりん", "機関区分": 5, "都道府県コード": 26, "市区町村コード": 104, "所在地": "京都府京都市中京区西ノ京南聖町１３番地２階", "緯度": 35.009812, "経度": 135.742933, "url": "https://www.iryou.teikyouseido.mhlw.go.jp/znk-web/juminkanja/S2430/initialize?prefCd=26&kikanCd=2652001410&kikanKbn=5", "url2": "https://www.marinegroup.jp/detail/%E8%AA%BF%E5%89%A4%E8%96%AC%E5%B1%80%E3%81%8B%E3%82%8A%E3%82%93/", "内容": "調剤薬局かりん【5:薬局】京都府京都市中京区西ノ京南聖町１３番地２階" }, "geometry": { "type": "Point", "coordinates": [ 135.742933, 35.009812 ] } },
{ "type": "Feature", "properties": { "ID": 2652652001411.0, "正式名称": "乙訓調剤薬局　大山崎店", "機関区分": 5, "都道府県コード": 26, "市区町村コード": 303, "所在地": "京都府乙訓郡大山崎町字円明寺小字若宮前１０－６２「ラブリー円明寺」内", "緯度": 34.910349, "経度": 135.687054, "url": "https://www.iryou.teikyouseido.mhlw.go.jp/znk-web/juminkanja/S2430/initialize?prefCd=26&kikanCd=2652001411&kikanKbn=5", "url2": "https://otokunipharm.jp/", "内容": "乙訓調剤薬局　大山崎店【5:薬局】京都府乙訓郡大山崎町字円明寺小字若宮前１０－６２「ラブリー円明寺」内" }, "geometry": { "type": "Point", "coordinates": [ 135.687054, 34.910349 ] } },
{ "type": "Feature", "properties": { "ID": 2652652001413.0, "正式名称": "わかくさ薬局　梅津店", "機関区分": 5, "都道府県コード": 26, "市区町村コード": 108, "所在地": "京都府京都市右京区梅津後藤町７番３４号　右京ＨＩＲＡＮＯビル北棟１階", "緯度": 35.003701, "経度": 135.702687, "url": "https://www.iryou.teikyouseido.mhlw.go.jp/znk-web/juminkanja/S2430/initialize?prefCd=26&kikanCd=2652001413&kikanKbn=5", "url2": "http://wakakusa-ph.co.jp/feature/umedu/", "内容": "わかくさ薬局　梅津店【5:薬局】京都府京都市右京区梅津後藤町７番３４号　右京ＨＩＲＡＮＯビル北棟１階" }, "geometry": { "type": "Point", "coordinates": [ 135.702687, 35.003701 ] } },
{ "type": "Feature", "properties": { "ID": 2652652001414.0, "正式名称": "まいづるゆう薬局", "機関区分": 5, "都道府県コード": 26, "市区町村コード": 202, "所在地": "京都府舞鶴市字竹屋小字竹屋町７９番１", "緯度": 35.449007, "経度": 135.32642, "url": "https://www.iryou.teikyouseido.mhlw.go.jp/znk-web/juminkanja/S2430/initialize?prefCd=26&kikanCd=2652001414&kikanKbn=5", "url2": "http://www.uno-upd.co.jp/store/maidurushi/205/", "内容": "まいづるゆう薬局【5:薬局】京都府舞鶴市字竹屋小字竹屋町７９番１" }, "geometry": { "type": "Point", "coordinates": [ 135.32642, 35.449007 ] } },
{ "type": "Feature", "properties": { "ID": 2652652001415.0, "正式名称": "アイセイ薬局　宇治大久保店", "機関区分": 5, "都道府県コード": 26, "市区町村コード": 204, "所在地": "京都府宇治市広野町西裏８７", "緯度": 34.874355, "経度": 135.778659, "url": "https://www.iryou.teikyouseido.mhlw.go.jp/znk-web/juminkanja/S2430/initialize?prefCd=26&kikanCd=2652001415&kikanKbn=5", "url2": "https://www.aisei.co.jp/", "内容": "アイセイ薬局　宇治大久保店【5:薬局】京都府宇治市広野町西裏８７" }, "geometry": { "type": "Point", "coordinates": [ 135.778659, 34.874355 ] } },
{ "type": "Feature", "properties": { "ID": 2652652001416.0, "正式名称": "稲荷ミント薬局", "機関区分": 5, "都道府県コード": 26, "市区町村コード": 109, "所在地": "京都府京都市伏見区深草祓川町２０", "緯度": 34.967872, "経度": 135.768628, "url": "https://www.iryou.teikyouseido.mhlw.go.jp/znk-web/juminkanja/S2430/initialize?prefCd=26&kikanCd=2652001416&kikanKbn=5", "url2": null, "内容": "稲荷ミント薬局【5:薬局】京都府京都市伏見区深草祓川町２０" }, "geometry": { "type": "Point", "coordinates": [ 135.768628, 34.967872 ] } },
{ "type": "Feature", "properties": { "ID": 2652652001418.0, "正式名称": "ウエルシア薬局伏見小栗栖店", "機関区分": 5, "都道府県コード": 26, "市区町村コード": 109, "所在地": "京都府京都市伏見区小栗栖森本町６番地１", "緯度": 34.94482, "経度": 135.801487, "url": "https://www.iryou.teikyouseido.mhlw.go.jp/znk-web/juminkanja/S2430/initialize?prefCd=26&kikanCd=2652001418&kikanKbn=5", "url2": "http://as.chizumaru.com/welcia/detailMap?account=welcia&accmd=1&arg=&adr=26109&c1=1&bid=6701&pgret=2", "内容": "ウエルシア薬局伏見小栗栖店【5:薬局】京都府京都市伏見区小栗栖森本町６番地１" }, "geometry": { "type": "Point", "coordinates": [ 135.801487, 34.94482 ] } },
{ "type": "Feature", "properties": { "ID": 2652652001420.0, "正式名称": "薬局ダックス京都紫野店", "機関区分": 5, "都道府県コード": 26, "市区町村コード": 101, "所在地": "京都府京都市北区紫野雲林院町３８番地", "緯度": 35.041003, "経度": 135.748931, "url": "https://www.iryou.teikyouseido.mhlw.go.jp/znk-web/juminkanja/S2430/initialize?prefCd=26&kikanCd=2652001420&kikanKbn=5", "url2": "https://store.welcia.co.jp/welcia/spot/detail?code=3888D", "内容": "薬局ダックス京都紫野店【5:薬局】京都府京都市北区紫野雲林院町３８番地" }, "geometry": { "type": "Point", "coordinates": [ 135.748931, 35.041003 ] } },
{ "type": "Feature", "properties": { "ID": 2652652001422.0, "正式名称": "薬局ダックス右京嵯峨店", "機関区分": 5, "都道府県コード": 26, "市区町村コード": 108, "所在地": "京都府京都市右京区嵯峨新宮町６番地３", "緯度": 35.02131, "経度": 135.687076, "url": "https://www.iryou.teikyouseido.mhlw.go.jp/znk-web/juminkanja/S2430/initialize?prefCd=26&kikanCd=2652001422&kikanKbn=5", "url2": "https://store.welcia.co.jp/welcia/spot/detail?code=3838D", "内容": "薬局ダックス右京嵯峨店【5:薬局】京都府京都市右京区嵯峨新宮町６番地３" }, "geometry": { "type": "Point", "coordinates": [ 135.687076, 35.02131 ] } },
{ "type": "Feature", "properties": { "ID": 2652652001423.0, "正式名称": "くるまざきゆう薬局", "機関区分": 5, "都道府県コード": 26, "市区町村コード": 108, "所在地": "京都府京都市右京区嵯峨明星町１７番地７", "緯度": 35.01431, "経度": 135.690299, "url": "https://www.iryou.teikyouseido.mhlw.go.jp/znk-web/juminkanja/S2430/initialize?prefCd=26&kikanCd=2652001423&kikanKbn=5", "url2": "https://www.uno-upd.co.jp/store/ukyo/16934/", "内容": "くるまざきゆう薬局【5:薬局】京都府京都市右京区嵯峨明星町１７番地７" }, "geometry": { "type": "Point", "coordinates": [ 135.690299, 35.01431 ] } },
{ "type": "Feature", "properties": { "ID": 2652652001424.0, "正式名称": "ここから薬局", "機関区分": 5, "都道府県コード": 26, "市区町村コード": 102, "所在地": "京都府京都市上京区中筋通大宮西入横大宮町１９２－１", "緯度": 35.029143, "経度": 135.747154, "url": "https://www.iryou.teikyouseido.mhlw.go.jp/znk-web/juminkanja/S2430/initialize?prefCd=26&kikanCd=2652001424&kikanKbn=5", "url2": "https://cococarapharmacy.hp.peraichi.com", "内容": "ここから薬局【5:薬局】京都府京都市上京区中筋通大宮西入横大宮町１９２－１" }, "geometry": { "type": "Point", "coordinates": [ 135.747154, 35.029143 ] } },
{ "type": "Feature", "properties": { "ID": 2652652001427.0, "正式名称": "さくら薬局　京都精華台店", "機関区分": 5, "都道府県コード": 26, "市区町村コード": 366, "所在地": "京都府相楽郡精華町精華台７丁目４番地１０", "緯度": 34.748868, "経度": 135.785414, "url": "https://www.iryou.teikyouseido.mhlw.go.jp/znk-web/juminkanja/S2430/initialize?prefCd=26&kikanCd=2652001427&kikanKbn=5", "url2": "https://www.kraft-net.co.jp/sakura/store/3393/", "内容": "さくら薬局　京都精華台店【5:薬局】京都府相楽郡精華町精華台７丁目４番地１０" }, "geometry": { "type": "Point", "coordinates": [ 135.785414, 34.748868 ] } },
{ "type": "Feature", "properties": { "ID": 2652652001429.0, "正式名称": "アイセイ薬局　第２烏丸御池店", "機関区分": 5, "都道府県コード": 26, "市区町村コード": 104, "所在地": "京都府京都市中京区鍵屋町４８１", "緯度": 35.01234, "経度": 135.760932, "url": "https://www.iryou.teikyouseido.mhlw.go.jp/znk-web/juminkanja/S2430/initialize?prefCd=26&kikanCd=2652001429&kikanKbn=5", "url2": "https://www.aisei.co.jp/", "内容": "アイセイ薬局　第２烏丸御池店【5:薬局】京都府京都市中京区鍵屋町４８１" }, "geometry": { "type": "Point", "coordinates": [ 135.760932, 35.01234 ] } },
{ "type": "Feature", "properties": { "ID": 2652652001430.0, "正式名称": "ファルコ薬局　西舞鶴店", "機関区分": 5, "都道府県コード": 26, "市区町村コード": 202, "所在地": "京都府舞鶴市倉谷１６０５番地", "緯度": 35.445314, "経度": 135.337919, "url": "https://www.iryou.teikyouseido.mhlw.go.jp/znk-web/juminkanja/S2430/initialize?prefCd=26&kikanCd=2652001430&kikanKbn=5", "url2": "http://www.falco-pharm.co.jp/", "内容": "ファルコ薬局　西舞鶴店【5:薬局】京都府舞鶴市倉谷１６０５番地" }, "geometry": { "type": "Point", "coordinates": [ 135.337919, 35.445314 ] } },
{ "type": "Feature", "properties": { "ID": 2652652001432.0, "正式名称": "阪神調剤薬局　東舞鶴店", "機関区分": 5, "都道府県コード": 26, "市区町村コード": 202, "所在地": "京都府舞鶴市浜１７２", "緯度": 35.475228, "経度": 135.394719, "url": "https://www.iryou.teikyouseido.mhlw.go.jp/znk-web/juminkanja/S2430/initialize?prefCd=26&kikanCd=2652001432&kikanKbn=5", "url2": "https://www.sugi-net.jp/stores/005068", "内容": "阪神調剤薬局　東舞鶴店【5:薬局】京都府舞鶴市浜１７２" }, "geometry": { "type": "Point", "coordinates": [ 135.394719, 35.475228 ] } },
{ "type": "Feature", "properties": { "ID": 2652652001434.0, "正式名称": "お城通りゆう薬局", "機関区分": 5, "都道府県コード": 26, "市区町村コード": 201, "所在地": "京都府福知山市字内記４８番地８", "緯度": 35.298056, "経度": 135.127382, "url": "https://www.iryou.teikyouseido.mhlw.go.jp/znk-web/juminkanja/S2430/initialize?prefCd=26&kikanCd=2652001434&kikanKbn=5", "url2": "https://www.uno-upd.co.jp/store/fukuchiyamashi/17662/", "内容": "お城通りゆう薬局【5:薬局】京都府福知山市字内記４８番地８" }, "geometry": { "type": "Point", "coordinates": [ 135.127382, 35.298056 ] } },
{ "type": "Feature", "properties": { "ID": 2652652001435.0, "正式名称": "レモン薬局　欽明台店", "機関区分": 5, "都道府県コード": 26, "市区町村コード": 210, "所在地": "京都府八幡市欽明台中央５５－７", "緯度": 34.834275, "経度": 135.719999, "url": "https://www.iryou.teikyouseido.mhlw.go.jp/znk-web/juminkanja/S2430/initialize?prefCd=26&kikanCd=2652001435&kikanKbn=5", "url2": null, "内容": "レモン薬局　欽明台店【5:薬局】京都府八幡市欽明台中央５５－７" }, "geometry": { "type": "Point", "coordinates": [ 135.719999, 34.834275 ] } },
{ "type": "Feature", "properties": { "ID": 2652652001437.0, "正式名称": "なでしこ薬局", "機関区分": 5, "都道府県コード": 26, "市区町村コード": 109, "所在地": "京都府京都市伏見区桃山町丹後５－６　ハイツすぎさ２番館１Ｆ", "緯度": 34.931821, "経度": 135.783406, "url": "https://www.iryou.teikyouseido.mhlw.go.jp/znk-web/juminkanja/S2430/initialize?prefCd=26&kikanCd=2652001437&kikanKbn=5", "url2": "nadeshiko-pharmacy.jp", "内容": "なでしこ薬局【5:薬局】京都府京都市伏見区桃山町丹後５－６　ハイツすぎさ２番館１Ｆ" }, "geometry": { "type": "Point", "coordinates": [ 135.783406, 34.931821 ] } },
{ "type": "Feature", "properties": { "ID": 2652652001438.0, "正式名称": "知恩院前ゆう薬局", "機関区分": 5, "都道府県コード": 26, "市区町村コード": 105, "所在地": "京都府京都市東山区三条通南三筋目西入進之町５８９－６", "緯度": 35.00834, "経度": 135.778125, "url": "https://www.iryou.teikyouseido.mhlw.go.jp/znk-web/juminkanja/S2430/initialize?prefCd=26&kikanCd=2652001438&kikanKbn=5", "url2": "https://www.uno-upd.co.jp/store/higashiyamaku/17595/", "内容": "知恩院前ゆう薬局【5:薬局】京都府京都市東山区三条通南三筋目西入進之町５８９－６" }, "geometry": { "type": "Point", "coordinates": [ 135.778125, 35.00834 ] } },
{ "type": "Feature", "properties": { "ID": 2652652001439.0, "正式名称": "初音ゆう薬局", "機関区分": 5, "都道府県コード": 26, "市区町村コード": 104, "所在地": "京都府京都市中京区姉小路通柳馬場西入木之下町２７４番地１０　サンハイム御池１階", "緯度": 35.009923, "経度": 135.762404, "url": "https://www.iryou.teikyouseido.mhlw.go.jp/znk-web/juminkanja/S2430/initialize?prefCd=26&kikanCd=2652001439&kikanKbn=5", "url2": "https://www.uno-upd.co.jp/store/nakagyoku/17666/", "内容": "初音ゆう薬局【5:薬局】京都府京都市中京区姉小路通柳馬場西入木之下町２７４番地１０　サンハイム御池１階" }, "geometry": { "type": "Point", "coordinates": [ 135.762404, 35.009923 ] } },
{ "type": "Feature", "properties": { "ID": 2652652001441.0, "正式名称": "クオール薬局あさひ店", "機関区分": 5, "都道府県コード": 26, "市区町村コード": 202, "所在地": "京都府舞鶴市字浜７８４", "緯度": 35.472117, "経度": 135.395497, "url": "https://www.iryou.teikyouseido.mhlw.go.jp/znk-web/juminkanja/S2430/initialize?prefCd=26&kikanCd=2652001441&kikanKbn=5", "url2": "http://www.qol-net.co.jp/", "内容": "クオール薬局あさひ店【5:薬局】京都府舞鶴市字浜７８４" }, "geometry": { "type": "Point", "coordinates": [ 135.395497, 35.472117 ] } },
{ "type": "Feature", "properties": { "ID": 2652652001442.0, "正式名称": "クオール薬局舞鶴矢之助店", "機関区分": 5, "都道府県コード": 26, "市区町村コード": 202, "所在地": "京都府舞鶴市矢之助町３２－９", "緯度": 35.471173, "経度": 135.402496, "url": "https://www.iryou.teikyouseido.mhlw.go.jp/znk-web/juminkanja/S2430/initialize?prefCd=26&kikanCd=2652001442&kikanKbn=5", "url2": "https://www.qol-net.co.jp/", "内容": "クオール薬局舞鶴矢之助店【5:薬局】京都府舞鶴市矢之助町３２－９" }, "geometry": { "type": "Point", "coordinates": [ 135.402496, 35.471173 ] } },
{ "type": "Feature", "properties": { "ID": 2652652001444.0, "正式名称": "ユタカ薬局　宇治小倉", "機関区分": 5, "都道府県コード": 26, "市区町村コード": 204, "所在地": "京都府宇治市小倉町春日森８６－２", "緯度": 34.898963, "経度": 135.782519, "url": "https://www.iryou.teikyouseido.mhlw.go.jp/znk-web/juminkanja/S2430/initialize?prefCd=26&kikanCd=2652001444&kikanKbn=5", "url2": null, "内容": "ユタカ薬局　宇治小倉【5:薬局】京都府宇治市小倉町春日森８６－２" }, "geometry": { "type": "Point", "coordinates": [ 135.782519, 34.898963 ] } },
{ "type": "Feature", "properties": { "ID": 2652652001445.0, "正式名称": "クオール薬局かや店", "機関区分": 5, "都道府県コード": 26, "市区町村コード": 465, "所在地": "京都府与謝郡与謝野町字算所３７２－１", "緯度": 35.511108, "経度": 135.095464, "url": "https://www.iryou.teikyouseido.mhlw.go.jp/znk-web/juminkanja/S2430/initialize?prefCd=26&kikanCd=2652001445&kikanKbn=5", "url2": "https://www.qol-net.co.jp/", "内容": "クオール薬局かや店【5:薬局】京都府与謝郡与謝野町字算所３７２－１" }, "geometry": { "type": "Point", "coordinates": [ 135.095464, 35.511108 ] } },
{ "type": "Feature", "properties": { "ID": 2652652001446.0, "正式名称": "クオール薬局与謝野町店", "機関区分": 5, "都道府県コード": 26, "市区町村コード": 465, "所在地": "京都府与謝郡与謝野町字石川５６０３－３", "緯度": 35.529662, "経度": 135.123294, "url": "https://www.iryou.teikyouseido.mhlw.go.jp/znk-web/juminkanja/S2430/initialize?prefCd=26&kikanCd=2652001446&kikanKbn=5", "url2": "https://store.qol-net.co.jp/detail/510/", "内容": "クオール薬局与謝野町店【5:薬局】京都府与謝郡与謝野町字石川５６０３－３" }, "geometry": { "type": "Point", "coordinates": [ 135.123294, 35.529662 ] } },
{ "type": "Feature", "properties": { "ID": 2652652001447.0, "正式名称": "ユタカ薬局　八幡軸", "機関区分": 5, "都道府県コード": 26, "市区町村コード": 210, "所在地": "京都府八幡市八幡軸３５－１", "緯度": 34.868021, "経度": 135.705249, "url": "https://www.iryou.teikyouseido.mhlw.go.jp/znk-web/juminkanja/S2430/initialize?prefCd=26&kikanCd=2652001447&kikanKbn=5", "url2": "https://www.d-yutaka.co.jp/shop/14997.html", "内容": "ユタカ薬局　八幡軸【5:薬局】京都府八幡市八幡軸３５－１" }, "geometry": { "type": "Point", "coordinates": [ 135.705249, 34.868021 ] } },
{ "type": "Feature", "properties": { "ID": 2652652001448.0, "正式名称": "ユタカ薬局伏見西浦", "機関区分": 5, "都道府県コード": 26, "市区町村コード": 109, "所在地": "京都府京都市伏見区深草西浦町５丁目４５－３", "緯度": 34.957457, "経度": 135.767073, "url": "https://www.iryou.teikyouseido.mhlw.go.jp/znk-web/juminkanja/S2430/initialize?prefCd=26&kikanCd=2652001448&kikanKbn=5", "url2": "https://www.d-yutaka.co.jp/shop/236.html", "内容": "ユタカ薬局伏見西浦【5:薬局】京都府京都市伏見区深草西浦町５丁目４５－３" }, "geometry": { "type": "Point", "coordinates": [ 135.767073, 34.957457 ] } },
{ "type": "Feature", "properties": { "ID": 2652652001450.0, "正式名称": "ポプリ薬局　きたの店", "機関区分": 5, "都道府県コード": 26, "市区町村コード": 102, "所在地": "京都府京都市上京区七本松通笹屋町上る元観音町４５６番地", "緯度": 35.028504, "経度": 135.739544, "url": "https://www.iryou.teikyouseido.mhlw.go.jp/znk-web/juminkanja/S2430/initialize?prefCd=26&kikanCd=2652001450&kikanKbn=5", "url2": "https://www.popuri-yakkyoku.com/", "内容": "ポプリ薬局　きたの店【5:薬局】京都府京都市上京区七本松通笹屋町上る元観音町４５６番地" }, "geometry": { "type": "Point", "coordinates": [ 135.739544, 35.028504 ] } },
{ "type": "Feature", "properties": { "ID": 2652652001451.0, "正式名称": "あじさい薬局", "機関区分": 5, "都道府県コード": 26, "市区町村コード": 111, "所在地": "京都府京都市西京区松室追上ゲ町２２番地１　ハイツエリーパート２‐１０１", "緯度": 34.998868, "経度": 135.687994, "url": "https://www.iryou.teikyouseido.mhlw.go.jp/znk-web/juminkanja/S2430/initialize?prefCd=26&kikanCd=2652001451&kikanKbn=5", "url2": null, "内容": "あじさい薬局【5:薬局】京都府京都市西京区松室追上ゲ町２２番地１　ハイツエリーパート２‐１０１" }, "geometry": { "type": "Point", "coordinates": [ 135.687994, 34.998868 ] } },
{ "type": "Feature", "properties": { "ID": 2652652001452.0, "正式名称": "ユタカ薬局　上桂", "機関区分": 5, "都道府県コード": 26, "市区町村コード": 111, "所在地": "京都府京都市西京区上桂北ノ口町５４番地", "緯度": 34.99409, "経度": 135.699882, "url": "https://www.iryou.teikyouseido.mhlw.go.jp/znk-web/juminkanja/S2430/initialize?prefCd=26&kikanCd=2652001452&kikanKbn=5", "url2": "https://www.d-yutaka.co.jp/shop/250.html", "内容": "ユタカ薬局　上桂【5:薬局】京都府京都市西京区上桂北ノ口町５４番地" }, "geometry": { "type": "Point", "coordinates": [ 135.699882, 34.99409 ] } },
{ "type": "Feature", "properties": { "ID": 2652652001453.0, "正式名称": "みやこ薬局桂店", "機関区分": 5, "都道府県コード": 26, "市区町村コード": 111, "所在地": "京都府京都市西京区川島東代町５３番地１", "緯度": 34.974204, "経度": 135.706521, "url": "https://www.iryou.teikyouseido.mhlw.go.jp/znk-web/juminkanja/S2430/initialize?prefCd=26&kikanCd=2652001453&kikanKbn=5", "url2": "https://www.miyako-ph.co.jp/", "内容": "みやこ薬局桂店【5:薬局】京都府京都市西京区川島東代町５３番地１" }, "geometry": { "type": "Point", "coordinates": [ 135.706521, 34.974204 ] } },
{ "type": "Feature", "properties": { "ID": 2652652001454.0, "正式名称": "やまぐち薬局", "機関区分": 5, "都道府県コード": 26, "市区町村コード": 101, "所在地": "京都府京都市北区鷹峯藤林町６ー４１７　ノースビレッジ１階", "緯度": 35.049696, "経度": 135.735377, "url": "https://www.iryou.teikyouseido.mhlw.go.jp/znk-web/juminkanja/S2430/initialize?prefCd=26&kikanCd=2652001454&kikanKbn=5", "url2": "http://www.ymgch41093.net", "内容": "やまぐち薬局【5:薬局】京都府京都市北区鷹峯藤林町６ー４１７　ノースビレッジ１階" }, "geometry": { "type": "Point", "coordinates": [ 135.735377, 35.049696 ] } },
{ "type": "Feature", "properties": { "ID": 2652652001455.0, "正式名称": "太子道ゆう薬局", "機関区分": 5, "都道府県コード": 26, "市区町村コード": 104, "所在地": "京都府京都市中京区西ノ京南上合町７２番地", "緯度": 35.015033, "経度": 135.732462, "url": "https://www.iryou.teikyouseido.mhlw.go.jp/znk-web/juminkanja/S2430/initialize?prefCd=26&kikanCd=2652001455&kikanKbn=5", "url2": "http://www.uno-upd.co.jp/store/nakagyoku/1287/", "内容": "太子道ゆう薬局【5:薬局】京都府京都市中京区西ノ京南上合町７２番地" }, "geometry": { "type": "Point", "coordinates": [ 135.732462, 35.015033 ] } },
{ "type": "Feature", "properties": { "ID": 2652652001456.0, "正式名称": "松井調剤薬局　やまのうち", "機関区分": 5, "都道府県コード": 26, "市区町村コード": 108, "所在地": "京都府京都市右京区山ノ内五反田町９番地１　１階", "緯度": 35.010811, "経度": 135.720685, "url": "https://www.iryou.teikyouseido.mhlw.go.jp/znk-web/juminkanja/S2430/initialize?prefCd=26&kikanCd=2652001456&kikanKbn=5", "url2": "http://www.4193.co.jp/", "内容": "松井調剤薬局　やまのうち【5:薬局】京都府京都市右京区山ノ内五反田町９番地１　１階" }, "geometry": { "type": "Point", "coordinates": [ 135.720685, 35.010811 ] } },
{ "type": "Feature", "properties": { "ID": 2652652001457.0, "正式名称": "ファーマライズ薬局　京都北野店", "機関区分": 5, "都道府県コード": 26, "市区町村コード": 102, "所在地": "京都府京都市上京区御前通今小路下ル馬喰町９１１－３９", "緯度": 35.027865, "経度": 135.736683, "url": "https://www.iryou.teikyouseido.mhlw.go.jp/znk-web/juminkanja/S2430/initialize?prefCd=26&kikanCd=2652001457&kikanKbn=5", "url2": null, "内容": "ファーマライズ薬局　京都北野店【5:薬局】京都府京都市上京区御前通今小路下ル馬喰町９１１－３９" }, "geometry": { "type": "Point", "coordinates": [ 135.736683, 35.027865 ] } },
{ "type": "Feature", "properties": { "ID": 2652652001459.0, "正式名称": "マリーンいずみ薬局", "機関区分": 5, "都道府県コード": 26, "市区町村コード": 109, "所在地": "京都府京都市伏見区深草藤森玄蕃町５７９番地１　米市ビル１ＦＢ", "緯度": 34.949208, "経度": 135.770378, "url": "https://www.iryou.teikyouseido.mhlw.go.jp/znk-web/juminkanja/S2430/initialize?prefCd=26&kikanCd=2652001459&kikanKbn=5", "url2": null, "内容": "マリーンいずみ薬局【5:薬局】京都府京都市伏見区深草藤森玄蕃町５７９番地１　米市ビル１ＦＢ" }, "geometry": { "type": "Point", "coordinates": [ 135.770378, 34.949208 ] } },
{ "type": "Feature", "properties": { "ID": 2652652001461.0, "正式名称": "調剤薬局　更紗", "機関区分": 5, "都道府県コード": 26, "市区町村コード": 110, "所在地": "京都府京都市山科区西野山中鳥井町７５番地１", "緯度": 34.971289, "経度": 135.800292, "url": "https://www.iryou.teikyouseido.mhlw.go.jp/znk-web/juminkanja/S2430/initialize?prefCd=26&kikanCd=2652001461&kikanKbn=5", "url2": "http://www.marinegroup.jp", "内容": "調剤薬局　更紗【5:薬局】京都府京都市山科区西野山中鳥井町７５番地１" }, "geometry": { "type": "Point", "coordinates": [ 135.800292, 34.971289 ] } },
{ "type": "Feature", "properties": { "ID": 2652652001463.0, "正式名称": "あゆみ薬局", "機関区分": 5, "都道府県コード": 26, "市区町村コード": 103, "所在地": "京都府京都市左京区浄土寺東田町１８番地", "緯度": 35.026366, "経度": 135.791845, "url": "https://www.iryou.teikyouseido.mhlw.go.jp/znk-web/juminkanja/S2430/initialize?prefCd=26&kikanCd=2652001463&kikanKbn=5", "url2": "https://www.marinegroup.jp/detail/", "内容": "あゆみ薬局【5:薬局】京都府京都市左京区浄土寺東田町１８番地" }, "geometry": { "type": "Point", "coordinates": [ 135.791845, 35.026366 ] } },
{ "type": "Feature", "properties": { "ID": 2652652001464.0, "正式名称": "フタバ調剤薬局マイン", "機関区分": 5, "都道府県コード": 26, "市区町村コード": 212, "所在地": "京都府京丹後市峰山町新町１６０１", "緯度": 35.608264, "経度": 135.082905, "url": "https://www.iryou.teikyouseido.mhlw.go.jp/znk-web/juminkanja/S2430/initialize?prefCd=26&kikanCd=2652001464&kikanKbn=5", "url2": null, "内容": "フタバ調剤薬局マイン【5:薬局】京都府京丹後市峰山町新町１６０１" }, "geometry": { "type": "Point", "coordinates": [ 135.082905, 35.608264 ] } },
{ "type": "Feature", "properties": { "ID": 2652652001465.0, "正式名称": "ユタカ薬局　聖護院", "機関区分": 5, "都道府県コード": 26, "市区町村コード": 103, "所在地": "京都府京都市左京区聖護院山王町１６番地４　コーポーサンプラザ１階", "緯度": 35.0177, "経度": 135.778819, "url": "https://www.iryou.teikyouseido.mhlw.go.jp/znk-web/juminkanja/S2430/initialize?prefCd=26&kikanCd=2652001465&kikanKbn=5", "url2": "https://www.d-yutaka.co.jp/shop/14420.html", "内容": "ユタカ薬局　聖護院【5:薬局】京都府京都市左京区聖護院山王町１６番地４　コーポーサンプラザ１階" }, "geometry": { "type": "Point", "coordinates": [ 135.778819, 35.0177 ] } },
{ "type": "Feature", "properties": { "ID": 2652652001467.0, "正式名称": "リペアス調剤薬局　山科西店", "機関区分": 5, "都道府県コード": 26, "市区町村コード": 110, "所在地": "京都府京都市山科区北花山中道町７８番地４　ＩＸＡＳ山科１Ｆ", "緯度": 34.985871, "経度": 135.80118, "url": "https://www.iryou.teikyouseido.mhlw.go.jp/znk-web/juminkanja/S2430/initialize?prefCd=26&kikanCd=2652001467&kikanKbn=5", "url2": "http://www.ph-mirai.com", "内容": "リペアス調剤薬局　山科西店【5:薬局】京都府京都市山科区北花山中道町７８番地４　ＩＸＡＳ山科１Ｆ" }, "geometry": { "type": "Point", "coordinates": [ 135.80118, 34.985871 ] } },
{ "type": "Feature", "properties": { "ID": 2652652001469.0, "正式名称": "りきゅう薬局　桂店", "機関区分": 5, "都道府県コード": 26, "市区町村コード": 111, "所在地": "京都府京都市西京区桂畑ケ田町２２９番地", "緯度": 34.993174, "経度": 135.704049, "url": "https://www.iryou.teikyouseido.mhlw.go.jp/znk-web/juminkanja/S2430/initialize?prefCd=26&kikanCd=2652001469&kikanKbn=5", "url2": "https://rikyu.co.jp/", "内容": "りきゅう薬局　桂店【5:薬局】京都府京都市西京区桂畑ケ田町２２９番地" }, "geometry": { "type": "Point", "coordinates": [ 135.704049, 34.993174 ] } },
{ "type": "Feature", "properties": { "ID": 2652652001471.0, "正式名称": "ツバサ薬局　八幡店", "機関区分": 5, "都道府県コード": 26, "市区町村コード": 210, "所在地": "京都府八幡市八幡三本橋１－９", "緯度": 34.878825, "経度": 135.705859, "url": "https://www.iryou.teikyouseido.mhlw.go.jp/znk-web/juminkanja/S2430/initialize?prefCd=26&kikanCd=2652001471&kikanKbn=5", "url2": "https://wingmd.com/store/s20.html#store", "内容": "ツバサ薬局　八幡店【5:薬局】京都府八幡市八幡三本橋１－９" }, "geometry": { "type": "Point", "coordinates": [ 135.705859, 34.878825 ] } },
{ "type": "Feature", "properties": { "ID": 2652652001472.0, "正式名称": "ツバサ薬局　桂駅前店", "機関区分": 5, "都道府県コード": 26, "市区町村コード": 111, "所在地": "京都府京都市西京区桂南巽町７７－１　エリア桂ビル１Ｆ", "緯度": 34.98087, "経度": 135.702327, "url": "https://www.iryou.teikyouseido.mhlw.go.jp/znk-web/juminkanja/S2430/initialize?prefCd=26&kikanCd=2652001472&kikanKbn=5", "url2": "https://wingmd.com/stores/katsuraekimae/", "内容": "ツバサ薬局　桂駅前店【5:薬局】京都府京都市西京区桂南巽町７７－１　エリア桂ビル１Ｆ" }, "geometry": { "type": "Point", "coordinates": [ 135.702327, 34.98087 ] } },
{ "type": "Feature", "properties": { "ID": 2652652001473.0, "正式名称": "ツバサ薬局　新田辺駅前店", "機関区分": 5, "都道府県コード": 26, "市区町村コード": 211, "所在地": "京都府京田辺市河原受田４５　プランドール京田辺１Ｃ", "緯度": 34.81961, "経度": 135.773523, "url": "https://www.iryou.teikyouseido.mhlw.go.jp/znk-web/juminkanja/S2430/initialize?prefCd=26&kikanCd=2652001473&kikanKbn=5", "url2": "https://wingmd.com/store/s12.html#store", "内容": "ツバサ薬局　新田辺駅前店【5:薬局】京都府京田辺市河原受田４５　プランドール京田辺１Ｃ" }, "geometry": { "type": "Point", "coordinates": [ 135.773523, 34.81961 ] } },
{ "type": "Feature", "properties": { "ID": 2652652001474.0, "正式名称": "長岡京ゆう薬局", "機関区分": 5, "都道府県コード": 26, "市区町村コード": 209, "所在地": "京都府長岡京市神足３丁目４－４　長岡京クリニックモール１Ｆ", "緯度": 34.921043, "経度": 135.697719, "url": "https://www.iryou.teikyouseido.mhlw.go.jp/znk-web/juminkanja/S2430/initialize?prefCd=26&kikanCd=2652001474&kikanKbn=5", "url2": "https://www.uno-upd.co.jp/", "内容": "長岡京ゆう薬局【5:薬局】京都府長岡京市神足３丁目４－４　長岡京クリニックモール１Ｆ" }, "geometry": { "type": "Point", "coordinates": [ 135.697719, 34.921043 ] } },
{ "type": "Feature", "properties": { "ID": 2652652001475.0, "正式名称": "福屋薬局", "機関区分": 5, "都道府県コード": 26, "市区町村コード": 102, "所在地": "京都府京都市上京区相国寺門前町６４７－１", "緯度": 35.034309, "経度": 135.75957, "url": "https://www.iryou.teikyouseido.mhlw.go.jp/znk-web/juminkanja/S2430/initialize?prefCd=26&kikanCd=2652001475&kikanKbn=5", "url2": "https://www.senji.com", "内容": "福屋薬局【5:薬局】京都府京都市上京区相国寺門前町６４７－１" }, "geometry": { "type": "Point", "coordinates": [ 135.75957, 35.034309 ] } },
{ "type": "Feature", "properties": { "ID": 2652652001476.0, "正式名称": "西大路薬局", "機関区分": 5, "都道府県コード": 26, "市区町村コード": 106, "所在地": "京都府京都市下京区西七条南衣田町５３番地１階", "緯度": 34.988675, "経度": 135.732185, "url": "https://www.iryou.teikyouseido.mhlw.go.jp/znk-web/juminkanja/S2430/initialize?prefCd=26&kikanCd=2652001476&kikanKbn=5", "url2": null, "内容": "西大路薬局【5:薬局】京都府京都市下京区西七条南衣田町５３番地１階" }, "geometry": { "type": "Point", "coordinates": [ 135.732185, 34.988675 ] } },
{ "type": "Feature", "properties": { "ID": 2652652001477.0, "正式名称": "ふかさか薬局", "機関区分": 5, "都道府県コード": 26, "市区町村コード": 108, "所在地": "京都府京都市右京区嵯峨中又町２８－６　グランツ錦１０１", "緯度": 35.017227, "経度": 135.689049, "url": "https://www.iryou.teikyouseido.mhlw.go.jp/znk-web/juminkanja/S2430/initialize?prefCd=26&kikanCd=2652001477&kikanKbn=5", "url2": null, "内容": "ふかさか薬局【5:薬局】京都府京都市右京区嵯峨中又町２８－６　グランツ錦１０１" }, "geometry": { "type": "Point", "coordinates": [ 135.689049, 35.017227 ] } },
{ "type": "Feature", "properties": { "ID": 2652652001478.0, "正式名称": "日本調剤　太秦薬局", "機関区分": 5, "都道府県コード": 26, "市区町村コード": 108, "所在地": "京都府京都市右京区太秦森ケ前町１８－１８　ヴィラ太秦１階", "緯度": 35.011145, "経度": 135.712717, "url": "https://www.iryou.teikyouseido.mhlw.go.jp/znk-web/juminkanja/S2430/initialize?prefCd=26&kikanCd=2652001478&kikanKbn=5", "url2": "https://www.nicho.co.jp/tenpo/uzumasa/", "内容": "日本調剤　太秦薬局【5:薬局】京都府京都市右京区太秦森ケ前町１８－１８　ヴィラ太秦１階" }, "geometry": { "type": "Point", "coordinates": [ 135.712717, 35.011145 ] } },
{ "type": "Feature", "properties": { "ID": 2652652001479.0, "正式名称": "アイン薬局　今宮小山店", "機関区分": 5, "都道府県コード": 26, "市区町村コード": 101, "所在地": "京都府京都市北区小山花ノ木町５７番地３", "緯度": 35.046364, "経度": 135.757319, "url": "https://www.iryou.teikyouseido.mhlw.go.jp/znk-web/juminkanja/S2430/initialize?prefCd=26&kikanCd=2652001479&kikanKbn=5", "url2": "https://store.ainj.co.jp/detail/1100823/", "内容": "アイン薬局　今宮小山店【5:薬局】京都府京都市北区小山花ノ木町５７番地３" }, "geometry": { "type": "Point", "coordinates": [ 135.757319, 35.046364 ] } },
{ "type": "Feature", "properties": { "ID": 2652652001480.0, "正式名称": "アイン薬局　御所南店", "機関区分": 5, "都道府県コード": 26, "市区町村コード": 104, "所在地": "京都府京都市中京区東洞院通二条上ル壺屋町５１６番地　安部ビル１階", "緯度": 35.014089, "経度": 135.760848, "url": "https://www.iryou.teikyouseido.mhlw.go.jp/znk-web/juminkanja/S2430/initialize?prefCd=26&kikanCd=2652001480&kikanKbn=5", "url2": "https://store.ainj.co.jp/detail/1100802/", "内容": "アイン薬局　御所南店【5:薬局】京都府京都市中京区東洞院通二条上ル壺屋町５１６番地　安部ビル１階" }, "geometry": { "type": "Point", "coordinates": [ 135.760848, 35.014089 ] } },
{ "type": "Feature", "properties": { "ID": 2652652001481.0, "正式名称": "アイン薬局　薬屋町店", "機関区分": 5, "都道府県コード": 26, "市区町村コード": 102, "所在地": "京都府京都市上京区一条通室町西入薬屋町４１７番地", "緯度": 35.026171, "経度": 135.757598, "url": "https://www.iryou.teikyouseido.mhlw.go.jp/znk-web/juminkanja/S2430/initialize?prefCd=26&kikanCd=2652001481&kikanKbn=5", "url2": "https://store.ainj.co.jp/detail/1100806/", "内容": "アイン薬局　薬屋町店【5:薬局】京都府京都市上京区一条通室町西入薬屋町４１７番地" }, "geometry": { "type": "Point", "coordinates": [ 135.757598, 35.026171 ] } },
{ "type": "Feature", "properties": { "ID": 2652652001482.0, "正式名称": "メディオ薬局　御所東店", "機関区分": 5, "都道府県コード": 26, "市区町村コード": 102, "所在地": "京都府京都市上京区今出川通寺町東入一真町９１　ユニティハイツ喜多１階", "緯度": 35.029338, "経度": 135.768625, "url": "https://www.iryou.teikyouseido.mhlw.go.jp/znk-web/juminkanja/S2430/initialize?prefCd=26&kikanCd=2652001482&kikanKbn=5", "url2": "https://store.ainj.co.jp/detail/1100821/", "内容": "メディオ薬局　御所東店【5:薬局】京都府京都市上京区今出川通寺町東入一真町９１　ユニティハイツ喜多１階" }, "geometry": { "type": "Point", "coordinates": [ 135.768625, 35.029338 ] } },
{ "type": "Feature", "properties": { "ID": 2652652001484.0, "正式名称": "ヒノヒカリ調剤薬局", "機関区分": 5, "都道府県コード": 26, "市区町村コード": 109, "所在地": "京都府京都市伏見区日野馬場出町９－２", "緯度": 34.936099, "経度": 135.81407, "url": "https://www.iryou.teikyouseido.mhlw.go.jp/znk-web/juminkanja/S2430/initialize?prefCd=26&kikanCd=2652001484&kikanKbn=5", "url2": null, "内容": "ヒノヒカリ調剤薬局【5:薬局】京都府京都市伏見区日野馬場出町９－２" }, "geometry": { "type": "Point", "coordinates": [ 135.81407, 34.936099 ] } },
{ "type": "Feature", "properties": { "ID": 2652652001485.0, "正式名称": "まるや薬局", "機関区分": 5, "都道府県コード": 26, "市区町村コード": 104, "所在地": "京都府京都市中京区高倉通三条下る丸屋町１６６番地２", "緯度": 35.007812, "経度": 135.762626, "url": "https://www.iryou.teikyouseido.mhlw.go.jp/znk-web/juminkanja/S2430/initialize?prefCd=26&kikanCd=2652001485&kikanKbn=5", "url2": null, "内容": "まるや薬局【5:薬局】京都府京都市中京区高倉通三条下る丸屋町１６６番地２" }, "geometry": { "type": "Point", "coordinates": [ 135.762626, 35.007812 ] } },
{ "type": "Feature", "properties": { "ID": 2652652001487.0, "正式名称": "クオール薬局京都五条店", "機関区分": 5, "都道府県コード": 26, "市区町村コード": 106, "所在地": "京都府京都市下京区五条通新町東入東錺屋町１７３　髙橋第６ビル１階", "緯度": 34.996591, "経度": 135.757238, "url": "https://www.iryou.teikyouseido.mhlw.go.jp/znk-web/juminkanja/S2430/initialize?prefCd=26&kikanCd=2652001487&kikanKbn=5", "url2": "https://store.qol-net.co.jp/detail/956/", "内容": "クオール薬局京都五条店【5:薬局】京都府京都市下京区五条通新町東入東錺屋町１７３　髙橋第６ビル１階" }, "geometry": { "type": "Point", "coordinates": [ 135.757238, 34.996591 ] } },
{ "type": "Feature", "properties": { "ID": 2652652001488.0, "正式名称": "ファーバル薬局", "機関区分": 5, "都道府県コード": 26, "市区町村コード": 111, "所在地": "京都府京都市西京区川島調子町４２－１　日章ビル１Ｆ", "緯度": 34.973398, "経度": 135.697189, "url": "https://www.iryou.teikyouseido.mhlw.go.jp/znk-web/juminkanja/S2430/initialize?prefCd=26&kikanCd=2652001488&kikanKbn=5", "url2": null, "内容": "ファーバル薬局【5:薬局】京都府京都市西京区川島調子町４２－１　日章ビル１Ｆ" }, "geometry": { "type": "Point", "coordinates": [ 135.697189, 34.973398 ] } },
{ "type": "Feature", "properties": { "ID": 2652652001489.0, "正式名称": "かわかみ薬局　大住ヶ丘店", "機関区分": 5, "都道府県コード": 26, "市区町村コード": 211, "所在地": "京都府京田辺市大住ケ丘４－６－７", "緯度": 34.82947, "経度": 135.744025, "url": "https://www.iryou.teikyouseido.mhlw.go.jp/znk-web/juminkanja/S2430/initialize?prefCd=26&kikanCd=2652001489&kikanKbn=5", "url2": null, "内容": "かわかみ薬局　大住ヶ丘店【5:薬局】京都府京田辺市大住ケ丘４－６－７" }, "geometry": { "type": "Point", "coordinates": [ 135.744025, 34.82947 ] } },
{ "type": "Feature", "properties": { "ID": 2652652001490.0, "正式名称": "あびら薬局", "機関区分": 5, "都道府県コード": 26, "市区町村コード": 102, "所在地": "京都府京都市上京区堀川通一条上る晴明町８１１", "緯度": 35.02731, "経度": 135.751682, "url": "https://www.iryou.teikyouseido.mhlw.go.jp/znk-web/juminkanja/S2430/initialize?prefCd=26&kikanCd=2652001490&kikanKbn=5", "url2": null, "内容": "あびら薬局【5:薬局】京都府京都市上京区堀川通一条上る晴明町８１１" }, "geometry": { "type": "Point", "coordinates": [ 135.751682, 35.02731 ] } },
{ "type": "Feature", "properties": { "ID": 2652652001492.0, "正式名称": "アイン薬局　淀店", "機関区分": 5, "都道府県コード": 26, "市区町村コード": 109, "所在地": "京都府京都市伏見区淀下津町２８１－３", "緯度": 34.904239, "経度": 135.715441, "url": "https://www.iryou.teikyouseido.mhlw.go.jp/znk-web/juminkanja/S2430/initialize?prefCd=26&kikanCd=2652001492&kikanKbn=5", "url2": "https://www.ainj.co.jp/", "内容": "アイン薬局　淀店【5:薬局】京都府京都市伏見区淀下津町２８１－３" }, "geometry": { "type": "Point", "coordinates": [ 135.715441, 34.904239 ] } },
{ "type": "Feature", "properties": { "ID": 2652652001493.0, "正式名称": "かるがも薬局　岩倉店", "機関区分": 5, "都道府県コード": 26, "市区町村コード": 103, "所在地": "京都府京都市左京区岩倉長谷町１２２８番地", "緯度": 35.081444, "経度": 135.788676, "url": "https://www.iryou.teikyouseido.mhlw.go.jp/znk-web/juminkanja/S2430/initialize?prefCd=26&kikanCd=2652001493&kikanKbn=5", "url2": "http://karugamo.net", "内容": "かるがも薬局　岩倉店【5:薬局】京都府京都市左京区岩倉長谷町１２２８番地" }, "geometry": { "type": "Point", "coordinates": [ 135.788676, 35.081444 ] } },
{ "type": "Feature", "properties": { "ID": 2652652001495.0, "正式名称": "薬局ダックス伏見肥後町店", "機関区分": 5, "都道府県コード": 26, "市区町村コード": 109, "所在地": "京都府京都市伏見区肥後町３６９", "緯度": 34.935764, "経度": 135.757936, "url": "https://www.iryou.teikyouseido.mhlw.go.jp/znk-web/juminkanja/S2430/initialize?prefCd=26&kikanCd=2652001495&kikanKbn=5", "url2": "https://www.dacs-shimizu.jp/", "内容": "薬局ダックス伏見肥後町店【5:薬局】京都府京都市伏見区肥後町３６９" }, "geometry": { "type": "Point", "coordinates": [ 135.757936, 34.935764 ] } },
{ "type": "Feature", "properties": { "ID": 2652652001496.0, "正式名称": "そうごう薬局　向島店", "機関区分": 5, "都道府県コード": 26, "市区町村コード": 109, "所在地": "京都府京都市伏見区向島丸町１６番地７", "緯度": 34.921516, "経度": 135.774518, "url": "https://www.iryou.teikyouseido.mhlw.go.jp/znk-web/juminkanja/S2430/initialize?prefCd=26&kikanCd=2652001496&kikanKbn=5", "url2": "https://www.sogo-medical.co.jp/sp/sogopharmacy/shop/view/776", "内容": "そうごう薬局　向島店【5:薬局】京都府京都市伏見区向島丸町１６番地７" }, "geometry": { "type": "Point", "coordinates": [ 135.774518, 34.921516 ] } },
{ "type": "Feature", "properties": { "ID": 2652652001497.0, "正式名称": "薬局ダックス京都二条店", "機関区分": 5, "都道府県コード": 26, "市区町村コード": 104, "所在地": "京都府京都市中京区西ノ京星池町２２１", "緯度": 35.012506, "経度": 135.7411, "url": "https://www.iryou.teikyouseido.mhlw.go.jp/znk-web/juminkanja/S2430/initialize?prefCd=26&kikanCd=2652001497&kikanKbn=5", "url2": "http://www.dacs-shimizu.jp/index.html", "内容": "薬局ダックス京都二条店【5:薬局】京都府京都市中京区西ノ京星池町２２１" }, "geometry": { "type": "Point", "coordinates": [ 135.7411, 35.012506 ] } },
{ "type": "Feature", "properties": { "ID": 2652652001498.0, "正式名称": "修学院薬局", "機関区分": 5, "都道府県コード": 26, "市区町村コード": 103, "所在地": "京都府京都市左京区山端壱町田町８番地３４シャルマン修学院１―Ａ", "緯度": 35.050187, "経度": 135.791836, "url": "https://www.iryou.teikyouseido.mhlw.go.jp/znk-web/juminkanja/S2430/initialize?prefCd=26&kikanCd=2652001498&kikanKbn=5", "url2": "http;//www.marinegroup.jp", "内容": "修学院薬局【5:薬局】京都府京都市左京区山端壱町田町８番地３４シャルマン修学院１―Ａ" }, "geometry": { "type": "Point", "coordinates": [ 135.791836, 35.050187 ] } },
{ "type": "Feature", "properties": { "ID": 2652652001499.0, "正式名称": "クスリのアオキ久世築山薬局", "機関区分": 5, "都道府県コード": 26, "市区町村コード": 107, "所在地": "京都府京都市南区久世築山町１０３番地１", "緯度": 34.953512, "経度": 135.727215, "url": "https://www.iryou.teikyouseido.mhlw.go.jp/znk-web/juminkanja/S2430/initialize?prefCd=26&kikanCd=2652001499&kikanKbn=5", "url2": "https://www.kusuri-aoki.co.jp/", "内容": "クスリのアオキ久世築山薬局【5:薬局】京都府京都市南区久世築山町１０３番地１" }, "geometry": { "type": "Point", "coordinates": [ 135.727215, 34.953512 ] } },
{ "type": "Feature", "properties": { "ID": 2652652001500.0, "正式名称": "あおば調剤薬局", "機関区分": 5, "都道府県コード": 26, "市区町村コード": 104, "所在地": "京都府京都市中京区竹屋町通室町東入亀屋町１４５ＡＭＡＲＥ１Ｆ", "緯度": 35.016145, "経度": 135.75846, "url": "https://www.iryou.teikyouseido.mhlw.go.jp/znk-web/juminkanja/S2430/initialize?prefCd=26&kikanCd=2652001500&kikanKbn=5", "url2": "https://selenegroup.jp/concept/", "内容": "あおば調剤薬局【5:薬局】京都府京都市中京区竹屋町通室町東入亀屋町１４５ＡＭＡＲＥ１Ｆ" }, "geometry": { "type": "Point", "coordinates": [ 135.75846, 35.016145 ] } },
{ "type": "Feature", "properties": { "ID": 2652652001502.0, "正式名称": "クスリのアオキ東舞鶴駅前薬局", "機関区分": 5, "都道府県コード": 26, "市区町村コード": 202, "所在地": "京都府舞鶴市森町１２番地", "緯度": 35.468062, "経度": 135.394413, "url": "https://www.iryou.teikyouseido.mhlw.go.jp/znk-web/juminkanja/S2430/initialize?prefCd=26&kikanCd=2652001502&kikanKbn=5", "url2": "https://www.kusuri-aoki.co.jp/", "内容": "クスリのアオキ東舞鶴駅前薬局【5:薬局】京都府舞鶴市森町１２番地" }, "geometry": { "type": "Point", "coordinates": [ 135.394413, 35.468062 ] } },
{ "type": "Feature", "properties": { "ID": 2652652001503.0, "正式名称": "かるがも薬局　宇治大久保店", "機関区分": 5, "都道府県コード": 26, "市区町村コード": 204, "所在地": "京都府宇治市広野町東裏７１－７", "緯度": 34.87516, "経度": 135.780436, "url": "https://www.iryou.teikyouseido.mhlw.go.jp/znk-web/juminkanja/S2430/initialize?prefCd=26&kikanCd=2652001503&kikanKbn=5", "url2": null, "内容": "かるがも薬局　宇治大久保店【5:薬局】京都府宇治市広野町東裏７１－７" }, "geometry": { "type": "Point", "coordinates": [ 135.780436, 34.87516 ] } },
{ "type": "Feature", "properties": { "ID": 2652652001505.0, "正式名称": "調剤薬局ツルハドラッグ伏見直違橋店", "機関区分": 5, "都道府県コード": 26, "市区町村コード": 109, "所在地": "京都府京都市伏見区直違橋北一丁目４６０－１", "緯度": 34.954068, "経度": 135.771545, "url": "https://www.iryou.teikyouseido.mhlw.go.jp/znk-web/juminkanja/S2430/initialize?prefCd=26&kikanCd=2652001505&kikanKbn=5", "url2": "https://shop.tsuruha-g.com/1614c", "内容": "調剤薬局ツルハドラッグ伏見直違橋店【5:薬局】京都府京都市伏見区直違橋北一丁目４６０－１" }, "geometry": { "type": "Point", "coordinates": [ 135.771545, 34.954068 ] } },
{ "type": "Feature", "properties": { "ID": 2652652001506.0, "正式名称": "ユタカ薬局亀岡中央", "機関区分": 5, "都道府県コード": 26, "市区町村コード": 206, "所在地": "京都府亀岡市古世町２丁目１３５番地", "緯度": 35.005476, "経度": 135.585141, "url": "https://www.iryou.teikyouseido.mhlw.go.jp/znk-web/juminkanja/S2430/initialize?prefCd=26&kikanCd=2652001506&kikanKbn=5", "url2": null, "内容": "ユタカ薬局亀岡中央【5:薬局】京都府亀岡市古世町２丁目１３５番地" }, "geometry": { "type": "Point", "coordinates": [ 135.585141, 35.005476 ] } },
{ "type": "Feature", "properties": { "ID": 2652652001509.0, "正式名称": "神足まち薬局", "機関区分": 5, "都道府県コード": 26, "市区町村コード": 209, "所在地": "京都府長岡京市神足１丁目３－２５", "緯度": 34.92457, "経度": 135.700524, "url": "https://www.iryou.teikyouseido.mhlw.go.jp/znk-web/juminkanja/S2430/initialize?prefCd=26&kikanCd=2652001509&kikanKbn=5", "url2": "https://www.mediasone.com", "内容": "神足まち薬局【5:薬局】京都府長岡京市神足１丁目３－２５" }, "geometry": { "type": "Point", "coordinates": [ 135.700524, 34.92457 ] } },
{ "type": "Feature", "properties": { "ID": 2652652001510.0, "正式名称": "キリン薬局京都店", "機関区分": 5, "都道府県コード": 26, "市区町村コード": 108, "所在地": "京都府京都市右京区太秦北路町８番地３", "緯度": 35.020532, "経度": 135.699659, "url": "https://www.iryou.teikyouseido.mhlw.go.jp/znk-web/juminkanja/S2430/initialize?prefCd=26&kikanCd=2652001510&kikanKbn=5", "url2": "htto://www.kirin-yakkyoku.jp/", "内容": "キリン薬局京都店【5:薬局】京都府京都市右京区太秦北路町８番地３" }, "geometry": { "type": "Point", "coordinates": [ 135.699659, 35.020532 ] } },
{ "type": "Feature", "properties": { "ID": 2652652001513.0, "正式名称": "しらゆり薬局", "機関区分": 5, "都道府県コード": 26, "市区町村コード": 103, "所在地": "京都府京都市左京区北白川上別当町２１番地ヴァンテアン北白川１階", "緯度": 35.032644, "経度": 135.793484, "url": "https://www.iryou.teikyouseido.mhlw.go.jp/znk-web/juminkanja/S2430/initialize?prefCd=26&kikanCd=2652001513&kikanKbn=5", "url2": "https://www.m-ikkou.co.jp/business/pharmacy/search/shop031.html", "内容": "しらゆり薬局【5:薬局】京都府京都市左京区北白川上別当町２１番地ヴァンテアン北白川１階" }, "geometry": { "type": "Point", "coordinates": [ 135.793484, 35.032644 ] } },
{ "type": "Feature", "properties": { "ID": 2652652001516.0, "正式名称": "フラワー薬局宇治東店", "機関区分": 5, "都道府県コード": 26, "市区町村コード": 204, "所在地": "京都府宇治市莵道荒槙１－５８", "緯度": 34.896631, "経度": 135.809933, "url": "https://www.iryou.teikyouseido.mhlw.go.jp/znk-web/juminkanja/S2430/initialize?prefCd=26&kikanCd=2652001516&kikanKbn=5", "url2": "https://www.m-ikkou.co.jp/business/pharmacy/search/shop106.html", "内容": "フラワー薬局宇治東店【5:薬局】京都府宇治市莵道荒槙１－５８" }, "geometry": { "type": "Point", "coordinates": [ 135.809933, 34.896631 ] } },
{ "type": "Feature", "properties": { "ID": 2652652001517.0, "正式名称": "フラワー薬局下鳥羽店", "機関区分": 5, "都道府県コード": 26, "市区町村コード": 109, "所在地": "京都府京都市伏見区下鳥羽上三栖町１３０番地", "緯度": 34.933403, "経度": 135.746326, "url": "https://www.iryou.teikyouseido.mhlw.go.jp/znk-web/juminkanja/S2430/initialize?prefCd=26&kikanCd=2652001517&kikanKbn=5", "url2": "https://www.m-ikkou.co.jp/business/pharmacy/search/shop073.html", "内容": "フラワー薬局下鳥羽店【5:薬局】京都府京都市伏見区下鳥羽上三栖町１３０番地" }, "geometry": { "type": "Point", "coordinates": [ 135.746326, 34.933403 ] } },
{ "type": "Feature", "properties": { "ID": 2652652001518.0, "正式名称": "フラワー薬局岩滝店", "機関区分": 5, "都道府県コード": 26, "市区町村コード": 465, "所在地": "京都府与謝郡与謝野町字男山２８５番", "緯度": 35.570325, "経度": 135.164345, "url": "https://www.iryou.teikyouseido.mhlw.go.jp/znk-web/juminkanja/S2430/initialize?prefCd=26&kikanCd=2652001518&kikanKbn=5", "url2": "https://www.m-ikkou.co.jp/business/pharmacy/search/shop042.html", "内容": "フラワー薬局岩滝店【5:薬局】京都府与謝郡与謝野町字男山２８５番" }, "geometry": { "type": "Point", "coordinates": [ 135.164345, 35.570325 ] } },
{ "type": "Feature", "properties": { "ID": 2652652001519.0, "正式名称": "フラワー薬局久御山店", "機関区分": 5, "都道府県コード": 26, "市区町村コード": 322, "所在地": "京都府久世郡久御山町佐山西ノ口１１６番地", "緯度": 34.87466, "経度": 135.74805, "url": "https://www.iryou.teikyouseido.mhlw.go.jp/znk-web/juminkanja/S2430/initialize?prefCd=26&kikanCd=2652001519&kikanKbn=5", "url2": "https://www.m-ikkou.co.jp/business/pharmacy/search/shop103.html", "内容": "フラワー薬局久御山店【5:薬局】京都府久世郡久御山町佐山西ノ口１１６番地" }, "geometry": { "type": "Point", "coordinates": [ 135.74805, 34.87466 ] } },
{ "type": "Feature", "properties": { "ID": 2652652001520.0, "正式名称": "フラワー薬局左京店", "機関区分": 5, "都道府県コード": 26, "市区町村コード": 103, "所在地": "京都府京都市左京区北白川山ノ元町６０番地２", "緯度": 35.032699, "経度": 135.79615, "url": "https://www.iryou.teikyouseido.mhlw.go.jp/znk-web/juminkanja/S2430/initialize?prefCd=26&kikanCd=2652001520&kikanKbn=5", "url2": "https://www.m-ikkou.co.jp/business/pharmacy/search/shop030.html", "内容": "フラワー薬局左京店【5:薬局】京都府京都市左京区北白川山ノ元町６０番地２" }, "geometry": { "type": "Point", "coordinates": [ 135.79615, 35.032699 ] } },
{ "type": "Feature", "properties": { "ID": 2652652001521.0, "正式名称": "フラワー薬局西陣店", "機関区分": 5, "都道府県コード": 26, "市区町村コード": 102, "所在地": "京都府京都市上京区五辻通七本松西入上る老松町１０３番地１２１　１階", "緯度": 35.033448, "経度": 135.738627, "url": "https://www.iryou.teikyouseido.mhlw.go.jp/znk-web/juminkanja/S2430/initialize?prefCd=26&kikanCd=2652001521&kikanKbn=5", "url2": "https://www.m-ikkou.co.jp/business/pharmacy/search/shop033.html", "内容": "フラワー薬局西陣店【5:薬局】京都府京都市上京区五辻通七本松西入上る老松町１０３番地１２１　１階" }, "geometry": { "type": "Point", "coordinates": [ 135.738627, 35.033448 ] } },
{ "type": "Feature", "properties": { "ID": 2652652001522.0, "正式名称": "フラワー薬局舞鶴店", "機関区分": 5, "都道府県コード": 26, "市区町村コード": 202, "所在地": "京都府舞鶴市字浜１０９６番地", "緯度": 35.469284, "経度": 135.392164, "url": "https://www.iryou.teikyouseido.mhlw.go.jp/znk-web/juminkanja/S2430/initialize?prefCd=26&kikanCd=2652001522&kikanKbn=5", "url2": "https://www.m-ikkou.co.jp/business/pharmacy/search/shop023.html", "内容": "フラワー薬局舞鶴店【5:薬局】京都府舞鶴市字浜１０９６番地" }, "geometry": { "type": "Point", "coordinates": [ 135.392164, 35.469284 ] } },
{ "type": "Feature", "properties": { "ID": 2652652001523.0, "正式名称": "フラワー薬局北ノ口店", "機関区分": 5, "都道府県コード": 26, "市区町村コード": 109, "所在地": "京都府京都市伏見区下鳥羽北ノ口町５５番地", "緯度": 34.940791, "経度": 135.747853, "url": "https://www.iryou.teikyouseido.mhlw.go.jp/znk-web/juminkanja/S2430/initialize?prefCd=26&kikanCd=2652001523&kikanKbn=5", "url2": "https://www.m-ikkou.co.jp/business/pharmacy/search/shop081.html", "内容": "フラワー薬局北ノ口店【5:薬局】京都府京都市伏見区下鳥羽北ノ口町５５番地" }, "geometry": { "type": "Point", "coordinates": [ 135.747853, 34.940791 ] } },
{ "type": "Feature", "properties": { "ID": 2652652001524.0, "正式名称": "新林ゆう薬局", "機関区分": 5, "都道府県コード": 26, "市区町村コード": 111, "所在地": "京都府京都市西京区大枝西新林町五丁目１番地３", "緯度": 34.968648, "経度": 135.667192, "url": "https://www.iryou.teikyouseido.mhlw.go.jp/znk-web/juminkanja/S2430/initialize?prefCd=26&kikanCd=2652001524&kikanKbn=5", "url2": "https://www.uno-upd.co.jp/store/nishikyouku/18492/", "内容": "新林ゆう薬局【5:薬局】京都府京都市西京区大枝西新林町五丁目１番地３" }, "geometry": { "type": "Point", "coordinates": [ 135.667192, 34.968648 ] } },
{ "type": "Feature", "properties": { "ID": 2652652001525.0, "正式名称": "大井ゆう薬局", "機関区分": 5, "都道府県コード": 26, "市区町村コード": 206, "所在地": "京都府亀岡市大井町小金岐北浦５３－１", "緯度": 35.041583, "経度": 135.543115, "url": "https://www.iryou.teikyouseido.mhlw.go.jp/znk-web/juminkanja/S2430/initialize?prefCd=26&kikanCd=2652001525&kikanKbn=5", "url2": "http://www.uno-upd.co.jp/store/kameokashi/18539/", "内容": "大井ゆう薬局【5:薬局】京都府亀岡市大井町小金岐北浦５３－１" }, "geometry": { "type": "Point", "coordinates": [ 135.543115, 35.041583 ] } },
{ "type": "Feature", "properties": { "ID": 2652652001526.0, "正式名称": "ユタカ薬局松井山手", "機関区分": 5, "都道府県コード": 26, "市区町村コード": 211, "所在地": "京都府京田辺市山手西２丁目１－２", "緯度": 34.833164, "経度": 135.721332, "url": "https://www.iryou.teikyouseido.mhlw.go.jp/znk-web/juminkanja/S2430/initialize?prefCd=26&kikanCd=2652001526&kikanKbn=5", "url2": null, "内容": "ユタカ薬局松井山手【5:薬局】京都府京田辺市山手西２丁目１－２" }, "geometry": { "type": "Point", "coordinates": [ 135.721332, 34.833164 ] } },
{ "type": "Feature", "properties": { "ID": 2652652001527.0, "正式名称": "クオール薬局太秦店", "機関区分": 5, "都道府県コード": 26, "市区町村コード": 108, "所在地": "京都府京都市右京区太秦棚森町１８－１", "緯度": 35.008783, "経度": 135.706353, "url": "https://www.iryou.teikyouseido.mhlw.go.jp/znk-web/juminkanja/S2430/initialize?prefCd=26&kikanCd=2652001527&kikanKbn=5", "url2": "https://www.qol-net.co.jp/pharmacy/map/detail.php?id=1007", "内容": "クオール薬局太秦店【5:薬局】京都府京都市右京区太秦棚森町１８－１" }, "geometry": { "type": "Point", "coordinates": [ 135.706353, 35.008783 ] } },
{ "type": "Feature", "properties": { "ID": 2652652001529.0, "正式名称": "四条東洞院ゆう薬局", "機関区分": 5, "都道府県コード": 26, "市区町村コード": 106, "所在地": "京都府京都市下京区東洞院通綾小路下る扇酒屋町２７５番地１　ＫＯＷＡ東洞院ビル１階", "緯度": 35.002396, "経度": 135.761016, "url": "https://www.iryou.teikyouseido.mhlw.go.jp/znk-web/juminkanja/S2430/initialize?prefCd=26&kikanCd=2652001529&kikanKbn=5", "url2": "https://www.uno-upd.co.jp/store/shimogyoku/19694/", "内容": "四条東洞院ゆう薬局【5:薬局】京都府京都市下京区東洞院通綾小路下る扇酒屋町２７５番地１　ＫＯＷＡ東洞院ビル１階" }, "geometry": { "type": "Point", "coordinates": [ 135.761016, 35.002396 ] } },
{ "type": "Feature", "properties": { "ID": 2652652001530.0, "正式名称": "スギ薬局　常盤店", "機関区分": 5, "都道府県コード": 26, "市区町村コード": 108, "所在地": "京都府京都市右京区常磐馬塚町１５番地１　１階", "緯度": 35.021254, "経度": 135.705353, "url": "https://www.iryou.teikyouseido.mhlw.go.jp/znk-web/juminkanja/S2430/initialize?prefCd=26&kikanCd=2652001530&kikanKbn=5", "url2": "http://www.drug-sugi.co.jp/", "内容": "スギ薬局　常盤店【5:薬局】京都府京都市右京区常磐馬塚町１５番地１　１階" }, "geometry": { "type": "Point", "coordinates": [ 135.705353, 35.021254 ] } },
{ "type": "Feature", "properties": { "ID": 2652652001531.0, "正式名称": "フォレストモール木津川調剤薬局", "機関区分": 5, "都道府県コード": 26, "市区町村コード": 214, "所在地": "京都府木津川市梅美台１－１－１", "緯度": 34.716373, "経度": 135.8358, "url": "https://www.iryou.teikyouseido.mhlw.go.jp/znk-web/juminkanja/S2430/initialize?prefCd=26&kikanCd=2652001531&kikanKbn=5", "url2": "https://sundrug-online.com/blogs/search-store/5950", "内容": "フォレストモール木津川調剤薬局【5:薬局】京都府木津川市梅美台１－１－１" }, "geometry": { "type": "Point", "coordinates": [ 135.8358, 34.716373 ] } },
{ "type": "Feature", "properties": { "ID": 2652652001532.0, "正式名称": "ふじのもり薬局", "機関区分": 5, "都道府県コード": 26, "市区町村コード": 109, "所在地": "京都府京都市伏見区深草枯木町４１－１　伏見井上ビル１Ｆ", "緯度": 34.954651, "経度": 135.772017, "url": "https://www.iryou.teikyouseido.mhlw.go.jp/znk-web/juminkanja/S2430/initialize?prefCd=26&kikanCd=2652001532&kikanKbn=5", "url2": null, "内容": "ふじのもり薬局【5:薬局】京都府京都市伏見区深草枯木町４１－１　伏見井上ビル１Ｆ" }, "geometry": { "type": "Point", "coordinates": [ 135.772017, 34.954651 ] } },
{ "type": "Feature", "properties": { "ID": 2652652001533.0, "正式名称": "スギ薬局　太秦店", "機関区分": 5, "都道府県コード": 26, "市区町村コード": 108, "所在地": "京都府京都市右京区太秦棚森町１０番地８", "緯度": 35.009089, "経度": 135.706159, "url": "https://www.iryou.teikyouseido.mhlw.go.jp/znk-web/juminkanja/S2430/initialize?prefCd=26&kikanCd=2652001533&kikanKbn=5", "url2": "http://www.drug-sugi.co.jp/", "内容": "スギ薬局　太秦店【5:薬局】京都府京都市右京区太秦棚森町１０番地８" }, "geometry": { "type": "Point", "coordinates": [ 135.706159, 35.009089 ] } },
{ "type": "Feature", "properties": { "ID": 2652652001534.0, "正式名称": "薬局ダックスイオンタウン山科椥辻店", "機関区分": 5, "都道府県コード": 26, "市区町村コード": 110, "所在地": "京都府京都市山科区椥辻草海道町１５番地１　イオンタウン山科椥辻２階", "緯度": 34.973928, "経度": 135.816096, "url": "https://www.iryou.teikyouseido.mhlw.go.jp/znk-web/juminkanja/S2430/initialize?prefCd=26&kikanCd=2652001534&kikanKbn=5", "url2": "https://store.welcia.co.jp/welcia/spot/detail?code=3893D", "内容": "薬局ダックスイオンタウン山科椥辻店【5:薬局】京都府京都市山科区椥辻草海道町１５番地１　イオンタウン山科椥辻２階" }, "geometry": { "type": "Point", "coordinates": [ 135.816096, 34.973928 ] } },
{ "type": "Feature", "properties": { "ID": 2652652001536.0, "正式名称": "とくだ薬局", "機関区分": 5, "都道府県コード": 26, "市区町村コード": 206, "所在地": "京都府亀岡市横町４１番地　アーバンライフ吉祥１０３号室", "緯度": 35.009392, "経度": 135.583336, "url": "https://www.iryou.teikyouseido.mhlw.go.jp/znk-web/juminkanja/S2430/initialize?prefCd=26&kikanCd=2652001536&kikanKbn=5", "url2": "https://www.rakudashouten.com", "内容": "とくだ薬局【5:薬局】京都府亀岡市横町４１番地　アーバンライフ吉祥１０３号室" }, "geometry": { "type": "Point", "coordinates": [ 135.583336, 35.009392 ] } },
{ "type": "Feature", "properties": { "ID": 2652652001537.0, "正式名称": "ファーマライズ薬局　東山七条店", "機関区分": 5, "都道府県コード": 26, "市区町村コード": 105, "所在地": "京都府京都市東山区東大路渋谷下る妙法院前側町４２７－５", "緯度": 34.991521, "経度": 135.77458, "url": "https://www.iryou.teikyouseido.mhlw.go.jp/znk-web/juminkanja/S2430/initialize?prefCd=26&kikanCd=2652001537&kikanKbn=5", "url2": "https://www.pharmaruse.com/.", "内容": "ファーマライズ薬局　東山七条店【5:薬局】京都府京都市東山区東大路渋谷下る妙法院前側町４２７－５" }, "geometry": { "type": "Point", "coordinates": [ 135.77458, 34.991521 ] } },
{ "type": "Feature", "properties": { "ID": 2652652001538.0, "正式名称": "セリーズ薬局", "機関区分": 5, "都道府県コード": 26, "市区町村コード": 105, "所在地": "京都府京都市東山区本町二丁目６１番地・１階", "緯度": 34.994592, "経度": 135.769682, "url": "https://www.iryou.teikyouseido.mhlw.go.jp/znk-web/juminkanja/S2430/initialize?prefCd=26&kikanCd=2652001538&kikanKbn=5", "url2": "https://www.kusurinomadoguchi.com/kyouto/s1000120743", "内容": "セリーズ薬局【5:薬局】京都府京都市東山区本町二丁目６１番地・１階" }, "geometry": { "type": "Point", "coordinates": [ 135.769682, 34.994592 ] } },
{ "type": "Feature", "properties": { "ID": 2652652001539.0, "正式名称": "富士薬局", "機関区分": 5, "都道府県コード": 26, "市区町村コード": 109, "所在地": "京都府京都市伏見区醍醐槇ノ内町１７番地１", "緯度": 34.945487, "経度": 135.816458, "url": "https://www.iryou.teikyouseido.mhlw.go.jp/znk-web/juminkanja/S2430/initialize?prefCd=26&kikanCd=2652001539&kikanKbn=5", "url2": "https://www.hinata.phm.co.jp/", "内容": "富士薬局【5:薬局】京都府京都市伏見区醍醐槇ノ内町１７番地１" }, "geometry": { "type": "Point", "coordinates": [ 135.816458, 34.945487 ] } },
{ "type": "Feature", "properties": { "ID": 2652652001540.0, "正式名称": "もみじ薬局", "機関区分": 5, "都道府県コード": 26, "市区町村コード": 107, "所在地": "京都府京都市南区吉祥院八反田町３２番地", "緯度": 34.973538, "経度": 135.741241, "url": "https://www.iryou.teikyouseido.mhlw.go.jp/znk-web/juminkanja/S2430/initialize?prefCd=26&kikanCd=2652001540&kikanKbn=5", "url2": null, "内容": "もみじ薬局【5:薬局】京都府京都市南区吉祥院八反田町３２番地" }, "geometry": { "type": "Point", "coordinates": [ 135.741241, 34.973538 ] } },
{ "type": "Feature", "properties": { "ID": 2652652001541.0, "正式名称": "ふくろう薬局", "機関区分": 5, "都道府県コード": 26, "市区町村コード": 109, "所在地": "京都府京都市伏見区竹田久保町９－３", "緯度": 34.963428, "経度": 135.76124, "url": "https://www.iryou.teikyouseido.mhlw.go.jp/znk-web/juminkanja/S2430/initialize?prefCd=26&kikanCd=2652001541&kikanKbn=5", "url2": null, "内容": "ふくろう薬局【5:薬局】京都府京都市伏見区竹田久保町９－３" }, "geometry": { "type": "Point", "coordinates": [ 135.76124, 34.963428 ] } },
{ "type": "Feature", "properties": { "ID": 2652652001542.0, "正式名称": "ふれあい薬局・白梅", "機関区分": 5, "都道府県コード": 26, "市区町村コード": 101, "所在地": "京都府京都市北区北野下白梅町７３番地３　白梅町Ｍ・Ｃビル３階", "緯度": 35.026921, "経度": 135.732461, "url": "https://www.iryou.teikyouseido.mhlw.go.jp/znk-web/juminkanja/S2430/initialize?prefCd=26&kikanCd=2652001542&kikanKbn=5", "url2": null, "内容": "ふれあい薬局・白梅【5:薬局】京都府京都市北区北野下白梅町７３番地３　白梅町Ｍ・Ｃビル３階" }, "geometry": { "type": "Point", "coordinates": [ 135.732461, 35.026921 ] } },
{ "type": "Feature", "properties": { "ID": 2652652001543.0, "正式名称": "ふれあい薬局・城南", "機関区分": 5, "都道府県コード": 26, "市区町村コード": 207, "所在地": "京都府城陽市平川横道８２－６", "緯度": 34.864161, "経度": 135.778048, "url": "https://www.iryou.teikyouseido.mhlw.go.jp/znk-web/juminkanja/S2430/initialize?prefCd=26&kikanCd=2652001543&kikanKbn=5", "url2": null, "内容": "ふれあい薬局・城南【5:薬局】京都府城陽市平川横道８２－６" }, "geometry": { "type": "Point", "coordinates": [ 135.778048, 34.864161 ] } },
{ "type": "Feature", "properties": { "ID": 2652652001544.0, "正式名称": "ふれあい薬局・山城", "機関区分": 5, "都道府県コード": 26, "市区町村コード": 214, "所在地": "京都府木津川市木津駅前一丁目２１番地", "緯度": 34.736342, "経度": 135.823495, "url": "https://www.iryou.teikyouseido.mhlw.go.jp/znk-web/juminkanja/S2430/initialize?prefCd=26&kikanCd=2652001544&kikanKbn=5", "url2": null, "内容": "ふれあい薬局・山城【5:薬局】京都府木津川市木津駅前一丁目２１番地" }, "geometry": { "type": "Point", "coordinates": [ 135.823495, 34.736342 ] } },
{ "type": "Feature", "properties": { "ID": 2652652001545.0, "正式名称": "ふれあい　かたおか薬局", "機関区分": 5, "都道府県コード": 26, "市区町村コード": 109, "所在地": "京都府京都市伏見区久我本町５番地３２", "緯度": 34.944791, "経度": 135.732604, "url": "https://www.iryou.teikyouseido.mhlw.go.jp/znk-web/juminkanja/S2430/initialize?prefCd=26&kikanCd=2652001545&kikanKbn=5", "url2": null, "内容": "ふれあい　かたおか薬局【5:薬局】京都府京都市伏見区久我本町５番地３２" }, "geometry": { "type": "Point", "coordinates": [ 135.732604, 34.944791 ] } },
{ "type": "Feature", "properties": { "ID": 2652652001546.0, "正式名称": "ふれあい薬局・北山", "機関区分": 5, "都道府県コード": 26, "市区町村コード": 103, "所在地": "京都府京都市左京区松ヶ崎雲路町１７番地３　グランドパレス松ヶ崎１階", "緯度": 35.051391, "経度": 135.784734, "url": "https://www.iryou.teikyouseido.mhlw.go.jp/znk-web/juminkanja/S2430/initialize?prefCd=26&kikanCd=2652001546&kikanKbn=5", "url2": "http://www.fureai-yakkyoku.jp/information_25.html", "内容": "ふれあい薬局・北山【5:薬局】京都府京都市左京区松ヶ崎雲路町１７番地３　グランドパレス松ヶ崎１階" }, "geometry": { "type": "Point", "coordinates": [ 135.784734, 35.051391 ] } },
{ "type": "Feature", "properties": { "ID": 2652652001548.0, "正式名称": "ふれあいマルキ薬局", "機関区分": 5, "都道府県コード": 26, "市区町村コード": 103, "所在地": "京都府京都市左京区聖護院東町１６番地１　リンズコート１階", "緯度": 35.018673, "経度": 135.78243, "url": "https://www.iryou.teikyouseido.mhlw.go.jp/znk-web/juminkanja/S2430/initialize?prefCd=26&kikanCd=2652001548&kikanKbn=5", "url2": "fureai-yakkyoku.jp", "内容": "ふれあいマルキ薬局【5:薬局】京都府京都市左京区聖護院東町１６番地１　リンズコート１階" }, "geometry": { "type": "Point", "coordinates": [ 135.78243, 35.018673 ] } },
{ "type": "Feature", "properties": { "ID": 2652652001551.0, "正式名称": "そうごう薬局　カナートモール伏見店", "機関区分": 5, "都道府県コード": 26, "市区町村コード": 109, "所在地": "京都府京都市伏見区出羽屋敷町２３番地６　カナートモール伏見２階", "緯度": 34.946847, "経度": 135.763379, "url": "https://www.iryou.teikyouseido.mhlw.go.jp/znk-web/juminkanja/S2430/initialize?prefCd=26&kikanCd=2652001551&kikanKbn=5", "url2": "https://www.sogo-medical.co.jp/sogopharmacy/shop/view/797", "内容": "そうごう薬局　カナートモール伏見店【5:薬局】京都府京都市伏見区出羽屋敷町２３番地６　カナートモール伏見２階" }, "geometry": { "type": "Point", "coordinates": [ 135.763379, 34.946847 ] } },
{ "type": "Feature", "properties": { "ID": 2652652001552.0, "正式名称": "ファン薬局　西陣店", "機関区分": 5, "都道府県コード": 26, "市区町村コード": 102, "所在地": "京都府京都市上京区五辻通六軒町西入溝前町１０３番地の１３", "緯度": 35.032726, "経度": 135.739016, "url": "https://www.iryou.teikyouseido.mhlw.go.jp/znk-web/juminkanja/S2430/initialize?prefCd=26&kikanCd=2652001552&kikanKbn=5", "url2": "http://www.fan-medical.com", "内容": "ファン薬局　西陣店【5:薬局】京都府京都市上京区五辻通六軒町西入溝前町１０３番地の１３" }, "geometry": { "type": "Point", "coordinates": [ 135.739016, 35.032726 ] } },
{ "type": "Feature", "properties": { "ID": 2652652001553.0, "正式名称": "ユタカ薬局太秦三条通", "機関区分": 5, "都道府県コード": 26, "市区町村コード": 108, "所在地": "京都府京都市右京区太秦堀ケ内町１番地１", "緯度": 35.014977, "経度": 135.701881, "url": "https://www.iryou.teikyouseido.mhlw.go.jp/znk-web/juminkanja/S2430/initialize?prefCd=26&kikanCd=2652001553&kikanKbn=5", "url2": "https://www.d-yutaka.co.jp/shop/17140.htm", "内容": "ユタカ薬局太秦三条通【5:薬局】京都府京都市右京区太秦堀ケ内町１番地１" }, "geometry": { "type": "Point", "coordinates": [ 135.701881, 35.014977 ] } },
{ "type": "Feature", "properties": { "ID": 2652652001554.0, "正式名称": "阪神調剤薬局　福知山店", "機関区分": 5, "都道府県コード": 26, "市区町村コード": 201, "所在地": "京都府福知山市駅南町一丁目２８３番地", "緯度": 35.294826, "経度": 135.119305, "url": "https://www.iryou.teikyouseido.mhlw.go.jp/znk-web/juminkanja/S2430/initialize?prefCd=26&kikanCd=2652001554&kikanKbn=5", "url2": "https://map.i-h-inc.co.jp/b/iandh/info/10026011/", "内容": "阪神調剤薬局　福知山店【5:薬局】京都府福知山市駅南町一丁目２８３番地" }, "geometry": { "type": "Point", "coordinates": [ 135.119305, 35.294826 ] } },
{ "type": "Feature", "properties": { "ID": 2652652001555.0, "正式名称": "阪神調剤薬局　末広ファーマシー店", "機関区分": 5, "都道府県コード": 26, "市区町村コード": 201, "所在地": "京都府福知山市末広町三丁目１番地の２", "緯度": 35.298353, "経度": 135.117222, "url": "https://www.iryou.teikyouseido.mhlw.go.jp/znk-web/juminkanja/S2430/initialize?prefCd=26&kikanCd=2652001555&kikanKbn=5", "url2": "https://map.i-h-inc.co.jp/b/iandh/info/10026012/", "内容": "阪神調剤薬局　末広ファーマシー店【5:薬局】京都府福知山市末広町三丁目１番地の２" }, "geometry": { "type": "Point", "coordinates": [ 135.117222, 35.298353 ] } },
{ "type": "Feature", "properties": { "ID": 2652652001556.0, "正式名称": "スギ薬局　西賀茂店", "機関区分": 5, "都道府県コード": 26, "市区町村コード": 101, "所在地": "京都府京都市北区西賀茂丸川町１６番地", "緯度": 35.059556, "経度": 135.744209, "url": "https://www.iryou.teikyouseido.mhlw.go.jp/znk-web/juminkanja/S2430/initialize?prefCd=26&kikanCd=2652001556&kikanKbn=5", "url2": "https://www.drug-sugi.co.jp/", "内容": "スギ薬局　西賀茂店【5:薬局】京都府京都市北区西賀茂丸川町１６番地" }, "geometry": { "type": "Point", "coordinates": [ 135.744209, 35.059556 ] } },
{ "type": "Feature", "properties": { "ID": 2652652001558.0, "正式名称": "薬局ダックス宇治小倉店", "機関区分": 5, "都道府県コード": 26, "市区町村コード": 204, "所在地": "京都府宇治市小倉町西浦９８番地", "緯度": 34.895825, "経度": 135.778797, "url": "https://www.iryou.teikyouseido.mhlw.go.jp/znk-web/juminkanja/S2430/initialize?prefCd=26&kikanCd=2652001558&kikanKbn=5", "url2": "https://www.dacs-shimizu.jp/", "内容": "薬局ダックス宇治小倉店【5:薬局】京都府宇治市小倉町西浦９８番地" }, "geometry": { "type": "Point", "coordinates": [ 135.778797, 34.895825 ] } },
{ "type": "Feature", "properties": { "ID": 2652652001559.0, "正式名称": "かるがも薬局　なぎつじ店", "機関区分": 5, "都道府県コード": 26, "市区町村コード": 110, "所在地": "京都府京都市山科区椥辻草海道町９番地５", "緯度": 34.973156, "経度": 135.81575, "url": "https://www.iryou.teikyouseido.mhlw.go.jp/znk-web/juminkanja/S2430/initialize?prefCd=26&kikanCd=2652001559&kikanKbn=5", "url2": "https://www.karugamo.net", "内容": "かるがも薬局　なぎつじ店【5:薬局】京都府京都市山科区椥辻草海道町９番地５" }, "geometry": { "type": "Point", "coordinates": [ 135.81575, 34.973156 ] } },
{ "type": "Feature", "properties": { "ID": 2652652001560.0, "正式名称": "松井薬局　城陽店", "機関区分": 5, "都道府県コード": 26, "市区町村コード": 207, "所在地": "京都府城陽市平川車塚１－２", "緯度": 34.864106, "経度": 135.778326, "url": "https://www.iryou.teikyouseido.mhlw.go.jp/znk-web/juminkanja/S2430/initialize?prefCd=26&kikanCd=2652001560&kikanKbn=5", "url2": "http://www.4193.co.jp/", "内容": "松井薬局　城陽店【5:薬局】京都府城陽市平川車塚１－２" }, "geometry": { "type": "Point", "coordinates": [ 135.778326, 34.864106 ] } },
{ "type": "Feature", "properties": { "ID": 2652652001563.0, "正式名称": "すず薬局　寺戸町店", "機関区分": 5, "都道府県コード": 26, "市区町村コード": 208, "所在地": "京都府向日市寺戸町永田１１番地３９", "緯度": 34.957511, "経度": 135.701634, "url": "https://www.iryou.teikyouseido.mhlw.go.jp/znk-web/juminkanja/S2430/initialize?prefCd=26&kikanCd=2652001563&kikanKbn=5", "url2": "http://www2.sano-ph.co.jp/suzu/index.html", "内容": "すず薬局　寺戸町店【5:薬局】京都府向日市寺戸町永田１１番地３９" }, "geometry": { "type": "Point", "coordinates": [ 135.701634, 34.957511 ] } },
{ "type": "Feature", "properties": { "ID": 2652652001564.0, "正式名称": "ひまわり薬局", "機関区分": 5, "都道府県コード": 26, "市区町村コード": 109, "所在地": "京都府京都市伏見区深草直違橋４丁目３７６－１", "緯度": 34.956873, "経度": 135.770961, "url": "https://www.iryou.teikyouseido.mhlw.go.jp/znk-web/juminkanja/S2430/initialize?prefCd=26&kikanCd=2652001564&kikanKbn=5", "url2": "http://www.shine-group.co.jp/", "内容": "ひまわり薬局【5:薬局】京都府京都市伏見区深草直違橋４丁目３７６－１" }, "geometry": { "type": "Point", "coordinates": [ 135.770961, 34.956873 ] } },
{ "type": "Feature", "properties": { "ID": 2652652001565.0, "正式名称": "スギ薬局　北山店", "機関区分": 5, "都道府県コード": 26, "市区町村コード": 103, "所在地": "京都府京都市左京区松ヶ崎今海道町４番地１", "緯度": 35.051891, "経度": 135.774762, "url": "https://www.iryou.teikyouseido.mhlw.go.jp/znk-web/juminkanja/S2430/initialize?prefCd=26&kikanCd=2652001565&kikanKbn=5", "url2": "http://www.drug-sugi.co.jp/", "内容": "スギ薬局　北山店【5:薬局】京都府京都市左京区松ヶ崎今海道町４番地１" }, "geometry": { "type": "Point", "coordinates": [ 135.774762, 35.051891 ] } },
{ "type": "Feature", "properties": { "ID": 2652652001566.0, "正式名称": "さくら薬局　福知山店", "機関区分": 5, "都道府県コード": 26, "市区町村コード": 201, "所在地": "京都府福知山市字天田１００－４", "緯度": 35.30252, "経度": 135.118972, "url": "https://www.iryou.teikyouseido.mhlw.go.jp/znk-web/juminkanja/S2430/initialize?prefCd=26&kikanCd=2652001566&kikanKbn=5", "url2": null, "内容": "さくら薬局　福知山店【5:薬局】京都府福知山市字天田１００－４" }, "geometry": { "type": "Point", "coordinates": [ 135.118972, 35.30252 ] } },
{ "type": "Feature", "properties": { "ID": 2652652001567.0, "正式名称": "乙訓調剤薬局　花山店", "機関区分": 5, "都道府県コード": 26, "市区町村コード": 209, "所在地": "京都府長岡京市花山３－１－２", "緯度": 34.918932, "経度": 135.688942, "url": "https://www.iryou.teikyouseido.mhlw.go.jp/znk-web/juminkanja/S2430/initialize?prefCd=26&kikanCd=2652001567&kikanKbn=5", "url2": "http://otokunipharm.jp/", "内容": "乙訓調剤薬局　花山店【5:薬局】京都府長岡京市花山３－１－２" }, "geometry": { "type": "Point", "coordinates": [ 135.688942, 34.918932 ] } },
{ "type": "Feature", "properties": { "ID": 2652652001568.0, "正式名称": "丹波口調剤薬局", "機関区分": 5, "都道府県コード": 26, "市区町村コード": 106, "所在地": "京都府京都市下京区中堂寺坊城町３１番地２シンフォニーリサーチパークＥａｓｔ１０１号", "緯度": 34.996508, "経度": 135.743906, "url": "https://www.iryou.teikyouseido.mhlw.go.jp/znk-web/juminkanja/S2430/initialize?prefCd=26&kikanCd=2652001568&kikanKbn=5", "url2": "https://sites.google.com/view/tanbaguchityouzaiyakkyoku", "内容": "丹波口調剤薬局【5:薬局】京都府京都市下京区中堂寺坊城町３１番地２シンフォニーリサーチパークＥａｓｔ１０１号" }, "geometry": { "type": "Point", "coordinates": [ 135.743906, 34.996508 ] } },
{ "type": "Feature", "properties": { "ID": 2652652001569.0, "正式名称": "クスリのアオキ大山崎薬局", "機関区分": 5, "都道府県コード": 26, "市区町村コード": 303, "所在地": "京都府乙訓郡大山崎町字大山崎小字斗加坪８番地", "緯度": 34.900489, "経度": 135.689915, "url": "https://www.iryou.teikyouseido.mhlw.go.jp/znk-web/juminkanja/S2430/initialize?prefCd=26&kikanCd=2652001569&kikanKbn=5", "url2": "https://www.kusuri-aoki.co.jp/", "内容": "クスリのアオキ大山崎薬局【5:薬局】京都府乙訓郡大山崎町字大山崎小字斗加坪８番地" }, "geometry": { "type": "Point", "coordinates": [ 135.689915, 34.900489 ] } },
{ "type": "Feature", "properties": { "ID": 2652652001570.0, "正式名称": "薬局ダックス城陽寺田店", "機関区分": 5, "都道府県コード": 26, "市区町村コード": 207, "所在地": "京都府城陽市寺田垣内後４１番地１７", "緯度": 34.856079, "経度": 135.778271, "url": "https://www.iryou.teikyouseido.mhlw.go.jp/znk-web/juminkanja/S2430/initialize?prefCd=26&kikanCd=2652001570&kikanKbn=5", "url2": "http://www.dacs-shimizu.jp/", "内容": "薬局ダックス城陽寺田店【5:薬局】京都府城陽市寺田垣内後４１番地１７" }, "geometry": { "type": "Point", "coordinates": [ 135.778271, 34.856079 ] } },
{ "type": "Feature", "properties": { "ID": 2652652001571.0, "正式名称": "スギ薬局　御陵店", "機関区分": 5, "都道府県コード": 26, "市区町村コード": 110, "所在地": "京都府京都市山科区御陵鴨戸町１番地１", "緯度": 34.995203, "経度": 135.803235, "url": "https://www.iryou.teikyouseido.mhlw.go.jp/znk-web/juminkanja/S2430/initialize?prefCd=26&kikanCd=2652001571&kikanKbn=5", "url2": "https://www.drug-sugi.co.jp/", "内容": "スギ薬局　御陵店【5:薬局】京都府京都市山科区御陵鴨戸町１番地１" }, "geometry": { "type": "Point", "coordinates": [ 135.803235, 34.995203 ] } },
{ "type": "Feature", "properties": { "ID": 2652652001572.0, "正式名称": "ふれあい薬局・千本", "機関区分": 5, "都道府県コード": 26, "市区町村コード": 102, "所在地": "京都府京都市上京区千本通一条上る泰童片原町６６２番地１階", "緯度": 35.026893, "経度": 135.742266, "url": "https://www.iryou.teikyouseido.mhlw.go.jp/znk-web/juminkanja/S2430/initialize?prefCd=26&kikanCd=2652001572&kikanKbn=5", "url2": "http://www.fureai-yakkyoku.jp", "内容": "ふれあい薬局・千本【5:薬局】京都府京都市上京区千本通一条上る泰童片原町６６２番地１階" }, "geometry": { "type": "Point", "coordinates": [ 135.742266, 35.026893 ] } },
{ "type": "Feature", "properties": { "ID": 2652652001574.0, "正式名称": "あざらし薬局", "機関区分": 5, "都道府県コード": 26, "市区町村コード": 102, "所在地": "京都府京都市上京区元誓願寺通大宮東入寺今町５２６番地１階", "緯度": 35.028477, "経度": 135.749265, "url": "https://www.iryou.teikyouseido.mhlw.go.jp/znk-web/juminkanja/S2430/initialize?prefCd=26&kikanCd=2652001574&kikanKbn=5", "url2": "https://www.animals24.jp/azarashi_index/", "内容": "あざらし薬局【5:薬局】京都府京都市上京区元誓願寺通大宮東入寺今町５２６番地１階" }, "geometry": { "type": "Point", "coordinates": [ 135.749265, 35.028477 ] } },
{ "type": "Feature", "properties": { "ID": 2652652001575.0, "正式名称": "サン薬局　木津西店", "機関区分": 5, "都道府県コード": 26, "市区町村コード": 214, "所在地": "京都府木津川市木津池田２０－８", "緯度": 34.736176, "経度": 135.822384, "url": "https://www.iryou.teikyouseido.mhlw.go.jp/znk-web/juminkanja/S2430/initialize?prefCd=26&kikanCd=2652001575&kikanKbn=5", "url2": "http://kansaimedico.com/", "内容": "サン薬局　木津西店【5:薬局】京都府木津川市木津池田２０－８" }, "geometry": { "type": "Point", "coordinates": [ 135.822384, 34.736176 ] } },
{ "type": "Feature", "properties": { "ID": 2652652001576.0, "正式名称": "ゆう薬局　在宅支援センター", "機関区分": 5, "都道府県コード": 26, "市区町村コード": 101, "所在地": "京都府京都市北区小山北大野町１５番地　ロジュマン新町１階", "緯度": 35.043058, "経度": 135.754542, "url": "https://www.iryou.teikyouseido.mhlw.go.jp/znk-web/juminkanja/S2430/initialize?prefCd=26&kikanCd=2652001576&kikanKbn=5", "url2": "https://www.uno-upd.co.jp/store/kitaku/18922/", "内容": "ゆう薬局　在宅支援センター【5:薬局】京都府京都市北区小山北大野町１５番地　ロジュマン新町１階" }, "geometry": { "type": "Point", "coordinates": [ 135.754542, 35.043058 ] } },
{ "type": "Feature", "properties": { "ID": 2652652001577.0, "正式名称": "わかくさ薬局二条店", "機関区分": 5, "都道府県コード": 26, "市区町村コード": 104, "所在地": "京都府京都市中京区西ノ京池ノ内町２０－１１０京都メディカルビル１階", "緯度": 35.010895, "経度": 135.745294, "url": "https://www.iryou.teikyouseido.mhlw.go.jp/znk-web/juminkanja/S2430/initialize?prefCd=26&kikanCd=2652001577&kikanKbn=5", "url2": "https://wakakusa-ph.co.jp/nijo.html", "内容": "わかくさ薬局二条店【5:薬局】京都府京都市中京区西ノ京池ノ内町２０－１１０京都メディカルビル１階" }, "geometry": { "type": "Point", "coordinates": [ 135.745294, 35.010895 ] } },
{ "type": "Feature", "properties": { "ID": 2652652001578.0, "正式名称": "クオール薬局桂店", "機関区分": 5, "都道府県コード": 26, "市区町村コード": 111, "所在地": "京都府京都市西京区桂野里町４１－７７　桂野里町ビル１階", "緯度": 34.980092, "経度": 135.704855, "url": "https://www.iryou.teikyouseido.mhlw.go.jp/znk-web/juminkanja/S2430/initialize?prefCd=26&kikanCd=2652001578&kikanKbn=5", "url2": "https://www.qol-net.co.jp/pharmacy/map/detail.php?id=1029", "内容": "クオール薬局桂店【5:薬局】京都府京都市西京区桂野里町４１－７７　桂野里町ビル１階" }, "geometry": { "type": "Point", "coordinates": [ 135.704855, 34.980092 ] } },
{ "type": "Feature", "properties": { "ID": 2652652001579.0, "正式名称": "薬局ダックス左京北白川店", "機関区分": 5, "都道府県コード": 26, "市区町村コード": 103, "所在地": "京都府京都市左京区北白川上終町８－１", "緯度": 35.036699, "経度": 135.791484, "url": "https://www.iryou.teikyouseido.mhlw.go.jp/znk-web/juminkanja/S2430/initialize?prefCd=26&kikanCd=2652001579&kikanKbn=5", "url2": "https://www.dacs-shimizu.jp/", "内容": "薬局ダックス左京北白川店【5:薬局】京都府京都市左京区北白川上終町８－１" }, "geometry": { "type": "Point", "coordinates": [ 135.791484, 35.036699 ] } },
{ "type": "Feature", "properties": { "ID": 2652652001580.0, "正式名称": "かえで薬局九条店", "機関区分": 5, "都道府県コード": 26, "市区町村コード": 107, "所在地": "京都府京都市南区東九条南烏丸３５番地６　南烏丸市営住宅１階", "緯度": 34.977899, "経度": 135.759933, "url": "https://www.iryou.teikyouseido.mhlw.go.jp/znk-web/juminkanja/S2430/initialize?prefCd=26&kikanCd=2652001580&kikanKbn=5", "url2": "https://www.karugamo.net/", "内容": "かえで薬局九条店【5:薬局】京都府京都市南区東九条南烏丸３５番地６　南烏丸市営住宅１階" }, "geometry": { "type": "Point", "coordinates": [ 135.759933, 34.977899 ] } },
{ "type": "Feature", "properties": { "ID": 2652652001581.0, "正式名称": "スギ薬局　西大路五条店", "機関区分": 5, "都道府県コード": 26, "市区町村コード": 108, "所在地": "京都府京都市右京区西院東水町１４番地西大路市営住宅１階", "緯度": 34.994563, "経度": 135.732546, "url": "https://www.iryou.teikyouseido.mhlw.go.jp/znk-web/juminkanja/S2430/initialize?prefCd=26&kikanCd=2652001581&kikanKbn=5", "url2": "http://www.drug-sugi.co.jp/", "内容": "スギ薬局　西大路五条店【5:薬局】京都府京都市右京区西院東水町１４番地西大路市営住宅１階" }, "geometry": { "type": "Point", "coordinates": [ 135.732546, 34.994563 ] } },
{ "type": "Feature", "properties": { "ID": 2652652001582.0, "正式名称": "スギ薬局　下鴨店", "機関区分": 5, "都道府県コード": 26, "市区町村コード": 103, "所在地": "京都府京都市左京区下鴨東森ケ前町１２番地　イーグルコート下鴨テラス１階", "緯度": 35.043642, "経度": 135.777846, "url": "https://www.iryou.teikyouseido.mhlw.go.jp/znk-web/juminkanja/S2430/initialize?prefCd=26&kikanCd=2652001582&kikanKbn=5", "url2": "https://www.sugi-net.jp/", "内容": "スギ薬局　下鴨店【5:薬局】京都府京都市左京区下鴨東森ケ前町１２番地　イーグルコート下鴨テラス１階" }, "geometry": { "type": "Point", "coordinates": [ 135.777846, 35.043642 ] } },
{ "type": "Feature", "properties": { "ID": 2652652001583.0, "正式名称": "神明ゆう薬局", "機関区分": 5, "都道府県コード": 26, "市区町村コード": 204, "所在地": "京都府宇治市神明宮東１４番地１　宇治神明ビル１階", "緯度": 34.880993, "経度": 135.791769, "url": "https://www.iryou.teikyouseido.mhlw.go.jp/znk-web/juminkanja/S2430/initialize?prefCd=26&kikanCd=2652001583&kikanKbn=5", "url2": "http://www.uno-upd.co.jp/store/ujishi/19018/", "内容": "神明ゆう薬局【5:薬局】京都府宇治市神明宮東１４番地１　宇治神明ビル１階" }, "geometry": { "type": "Point", "coordinates": [ 135.791769, 34.880993 ] } },
{ "type": "Feature", "properties": { "ID": 2652652001584.0, "正式名称": "キリン堂薬局　城陽寺田駅前店", "機関区分": 5, "都道府県コード": 26, "市区町村コード": 207, "所在地": "京都府城陽市寺田樋尻２９－７", "緯度": 34.851968, "経度": 135.772716, "url": "https://www.iryou.teikyouseido.mhlw.go.jp/znk-web/juminkanja/S2430/initialize?prefCd=26&kikanCd=2652001584&kikanKbn=5", "url2": null, "内容": "キリン堂薬局　城陽寺田駅前店【5:薬局】京都府城陽市寺田樋尻２９－７" }, "geometry": { "type": "Point", "coordinates": [ 135.772716, 34.851968 ] } },
{ "type": "Feature", "properties": { "ID": 2652652001585.0, "正式名称": "スギ薬局　千本三条店", "機関区分": 5, "都道府県コード": 26, "市区町村コード": 104, "所在地": "京都府京都市中京区西ノ京南聖町１８番地２０北興商事ビル１階", "緯度": 35.008784, "経度": 135.743017, "url": "https://www.iryou.teikyouseido.mhlw.go.jp/znk-web/juminkanja/S2430/initialize?prefCd=26&kikanCd=2652001585&kikanKbn=5", "url2": "https://www.sugi-net.jp/tenpo/detail/1631.html", "内容": "スギ薬局　千本三条店【5:薬局】京都府京都市中京区西ノ京南聖町１８番地２０北興商事ビル１階" }, "geometry": { "type": "Point", "coordinates": [ 135.743017, 35.008784 ] } },
{ "type": "Feature", "properties": { "ID": 2652652001586.0, "正式名称": "キリン堂薬局　西ノ京御前店", "機関区分": 5, "都道府県コード": 26, "市区町村コード": 104, "所在地": "京都府京都市中京区西ノ京冷泉町１５番地", "緯度": 35.015894, "経度": 135.736267, "url": "https://www.iryou.teikyouseido.mhlw.go.jp/znk-web/juminkanja/S2430/initialize?prefCd=26&kikanCd=2652001586&kikanKbn=5", "url2": null, "内容": "キリン堂薬局　西ノ京御前店【5:薬局】京都府京都市中京区西ノ京冷泉町１５番地" }, "geometry": { "type": "Point", "coordinates": [ 135.736267, 35.015894 ] } },
{ "type": "Feature", "properties": { "ID": 2652652001587.0, "正式名称": "スギ薬局　桂南店", "機関区分": 5, "都道府県コード": 26, "市区町村コード": 107, "所在地": "京都府京都市南区久世上久世町４８５番地　ダイエー桂南店１階", "緯度": 34.96751, "経度": 135.717104, "url": "https://www.iryou.teikyouseido.mhlw.go.jp/znk-web/juminkanja/S2430/initialize?prefCd=26&kikanCd=2652001587&kikanKbn=5", "url2": "https://www.drug-sugi.co.jp", "内容": "スギ薬局　桂南店【5:薬局】京都府京都市南区久世上久世町４８５番地　ダイエー桂南店１階" }, "geometry": { "type": "Point", "coordinates": [ 135.717104, 34.96751 ] } },
{ "type": "Feature", "properties": { "ID": 2652652001589.0, "正式名称": "うさぎや薬局加茂店", "機関区分": 5, "都道府県コード": 26, "市区町村コード": 214, "所在地": "京都府木津川市加茂町里南古田１３４番地", "緯度": 34.751865, "経度": 135.865385, "url": "https://www.iryou.teikyouseido.mhlw.go.jp/znk-web/juminkanja/S2430/initialize?prefCd=26&kikanCd=2652001589&kikanKbn=5", "url2": null, "内容": "うさぎや薬局加茂店【5:薬局】京都府木津川市加茂町里南古田１３４番地" }, "geometry": { "type": "Point", "coordinates": [ 135.865385, 34.751865 ] } },
{ "type": "Feature", "properties": { "ID": 2652652001590.0, "正式名称": "梅花堂薬局", "機関区分": 5, "都道府県コード": 26, "市区町村コード": 108, "所在地": "京都府京都市右京区嵯峨野開町２１番地　北棟１階", "緯度": 35.014616, "経度": 135.696715, "url": "https://www.iryou.teikyouseido.mhlw.go.jp/znk-web/juminkanja/S2430/initialize?prefCd=26&kikanCd=2652001590&kikanKbn=5", "url2": null, "内容": "梅花堂薬局【5:薬局】京都府京都市右京区嵯峨野開町２１番地　北棟１階" }, "geometry": { "type": "Point", "coordinates": [ 135.696715, 35.014616 ] } },
{ "type": "Feature", "properties": { "ID": 2652652001591.0, "正式名称": "そうごう薬局　伏見桃山店", "機関区分": 5, "都道府県コード": 26, "市区町村コード": 109, "所在地": "京都府京都市伏見区銀座町１丁目３６０番　１階", "緯度": 34.933431, "経度": 135.763935, "url": "https://www.iryou.teikyouseido.mhlw.go.jp/znk-web/juminkanja/S2430/initialize?prefCd=26&kikanCd=2652001591&kikanKbn=5", "url2": "https://www.sogo-pharmacy.jp/shop/view/801", "内容": "そうごう薬局　伏見桃山店【5:薬局】京都府京都市伏見区銀座町１丁目３６０番　１階" }, "geometry": { "type": "Point", "coordinates": [ 135.763935, 34.933431 ] } },
{ "type": "Feature", "properties": { "ID": 2652652001593.0, "正式名称": "米田薬局", "機関区分": 5, "都道府県コード": 26, "市区町村コード": 108, "所在地": "京都府京都市右京区太秦開日町２１番地２９クリニックスクエア太秦１０２号", "緯度": 35.021199, "経度": 135.696659, "url": "https://www.iryou.teikyouseido.mhlw.go.jp/znk-web/juminkanja/S2430/initialize?prefCd=26&kikanCd=2652001593&kikanKbn=5", "url2": "http://yoneda-pharmacy-group.co.jp/stores/24", "内容": "米田薬局【5:薬局】京都府京都市右京区太秦開日町２１番地２９クリニックスクエア太秦１０２号" }, "geometry": { "type": "Point", "coordinates": [ 135.696659, 35.021199 ] } },
{ "type": "Feature", "properties": { "ID": 2652652001594.0, "正式名称": "ユタカ薬局東向日", "機関区分": 5, "都道府県コード": 26, "市区町村コード": 208, "所在地": "京都府向日市寺戸町向畑６１番", "緯度": 34.952845, "経度": 135.701384, "url": "https://www.iryou.teikyouseido.mhlw.go.jp/znk-web/juminkanja/S2430/initialize?prefCd=26&kikanCd=2652001594&kikanKbn=5", "url2": "https://www.d-yutaka.co.jp/shop/258.html", "内容": "ユタカ薬局東向日【5:薬局】京都府向日市寺戸町向畑６１番" }, "geometry": { "type": "Point", "coordinates": [ 135.701384, 34.952845 ] } },
{ "type": "Feature", "properties": { "ID": 2652652001595.0, "正式名称": "薬局ダックス京都大宮紫竹店", "機関区分": 5, "都道府県コード": 26, "市区町村コード": 101, "所在地": "京都府京都市北区大宮南椿原町３６番１", "緯度": 35.055251, "経度": 135.748598, "url": "https://www.iryou.teikyouseido.mhlw.go.jp/znk-web/juminkanja/S2430/initialize?prefCd=26&kikanCd=2652001595&kikanKbn=5", "url2": "https://stores.welcia.co.jp/3874D", "内容": "薬局ダックス京都大宮紫竹店【5:薬局】京都府京都市北区大宮南椿原町３６番１" }, "geometry": { "type": "Point", "coordinates": [ 135.748598, 35.055251 ] } },
{ "type": "Feature", "properties": { "ID": 2652652001596.0, "正式名称": "薬局ダックス京都吉祥院前田店", "機関区分": 5, "都道府県コード": 26, "市区町村コード": 107, "所在地": "京都府京都市南区吉祥院前田町１５番地", "緯度": 34.968872, "経度": 135.735075, "url": "https://www.iryou.teikyouseido.mhlw.go.jp/znk-web/juminkanja/S2430/initialize?prefCd=26&kikanCd=2652001596&kikanKbn=5", "url2": "https://www.dacs-shimizu.jp/", "内容": "薬局ダックス京都吉祥院前田店【5:薬局】京都府京都市南区吉祥院前田町１５番地" }, "geometry": { "type": "Point", "coordinates": [ 135.735075, 34.968872 ] } },
{ "type": "Feature", "properties": { "ID": 2652652001597.0, "正式名称": "薬局ダックス西京樫原店", "機関区分": 5, "都道府県コード": 26, "市区町村コード": 111, "所在地": "京都府京都市西京区樫原井戸１３番地１", "緯度": 34.970482, "経度": 135.694273, "url": "https://www.iryou.teikyouseido.mhlw.go.jp/znk-web/juminkanja/S2430/initialize?prefCd=26&kikanCd=2652001597&kikanKbn=5", "url2": "https://store.welcia.co.jp/welcia/spot/detail?code=3897D", "内容": "薬局ダックス西京樫原店【5:薬局】京都府京都市西京区樫原井戸１３番地１" }, "geometry": { "type": "Point", "coordinates": [ 135.694273, 34.970482 ] } },
{ "type": "Feature", "properties": { "ID": 2652652001598.0, "正式名称": "のぞみ薬局", "機関区分": 5, "都道府県コード": 26, "市区町村コード": 213, "所在地": "京都府南丹市八木町八木上野３２番地１", "緯度": 35.070524, "経度": 135.530809, "url": "https://www.iryou.teikyouseido.mhlw.go.jp/znk-web/juminkanja/S2430/initialize?prefCd=26&kikanCd=2652001598&kikanKbn=5", "url2": "https://leaph.jp/", "内容": "のぞみ薬局【5:薬局】京都府南丹市八木町八木上野３２番地１" }, "geometry": { "type": "Point", "coordinates": [ 135.530809, 35.070524 ] } },
{ "type": "Feature", "properties": { "ID": 2652652001600.0, "正式名称": "ユタカ薬局二条城北", "機関区分": 5, "都道府県コード": 26, "市区町村コード": 102, "所在地": "京都府京都市上京区下立売通千本東入下る中務町４８６番地２４", "緯度": 35.020116, "経度": 135.746127, "url": "https://www.iryou.teikyouseido.mhlw.go.jp/znk-web/juminkanja/S2430/initialize?prefCd=26&kikanCd=2652001600&kikanKbn=5", "url2": "https://www.d-yutaka.co.jp/shop/18349.html", "内容": "ユタカ薬局二条城北【5:薬局】京都府京都市上京区下立売通千本東入下る中務町４８６番地２４" }, "geometry": { "type": "Point", "coordinates": [ 135.746127, 35.020116 ] } },
{ "type": "Feature", "properties": { "ID": 2652652001601.0, "正式名称": "馬堀ゆう薬局", "機関区分": 5, "都道府県コード": 26, "市区町村コード": 206, "所在地": "京都府亀岡市篠町馬堀池ノ下７番地", "緯度": 35.00756, "経度": 135.602112, "url": "https://www.iryou.teikyouseido.mhlw.go.jp/znk-web/juminkanja/S2430/initialize?prefCd=26&kikanCd=2652001601&kikanKbn=5", "url2": "https://www.uno-upd.co.jp/store/kameokashi/19156/", "内容": "馬堀ゆう薬局【5:薬局】京都府亀岡市篠町馬堀池ノ下７番地" }, "geometry": { "type": "Point", "coordinates": [ 135.602112, 35.00756 ] } },
{ "type": "Feature", "properties": { "ID": 2652652001603.0, "正式名称": "イオン薬局伏見桃山店", "機関区分": 5, "都道府県コード": 26, "市区町村コード": 109, "所在地": "京都府京都市伏見区御堂前町６１６番地イオンスタイル伏見桃山２階", "緯度": 34.932293, "経度": 135.761213, "url": "https://www.iryou.teikyouseido.mhlw.go.jp/znk-web/juminkanja/S2430/initialize?prefCd=26&kikanCd=2652001603&kikanKbn=5", "url2": null, "内容": "イオン薬局伏見桃山店【5:薬局】京都府京都市伏見区御堂前町６１６番地イオンスタイル伏見桃山２階" }, "geometry": { "type": "Point", "coordinates": [ 135.761213, 34.932293 ] } },
{ "type": "Feature", "properties": { "ID": 2652652001604.0, "正式名称": "ツバサ薬局　桂駅東店", "機関区分": 5, "都道府県コード": 26, "市区町村コード": 111, "所在地": "京都府京都市西京区川島東代町３番地　エクセリィ桂１階４号室", "緯度": 34.97787, "経度": 135.706243, "url": "https://www.iryou.teikyouseido.mhlw.go.jp/znk-web/juminkanja/S2430/initialize?prefCd=26&kikanCd=2652001604&kikanKbn=5", "url2": "https://wingmd.com/stores/katsuraekihigashi/", "内容": "ツバサ薬局　桂駅東店【5:薬局】京都府京都市西京区川島東代町３番地　エクセリィ桂１階４号室" }, "geometry": { "type": "Point", "coordinates": [ 135.706243, 34.97787 ] } },
{ "type": "Feature", "properties": { "ID": 2652652001605.0, "正式名称": "ケアーズ薬局　四条大宮店", "機関区分": 5, "都道府県コード": 26, "市区町村コード": 106, "所在地": "京都府京都市下京区四条通大宮東入　立中町４９９番地", "緯度": 35.003785, "経度": 135.750128, "url": "https://www.iryou.teikyouseido.mhlw.go.jp/znk-web/juminkanja/S2430/initialize?prefCd=26&kikanCd=2652001605&kikanKbn=5", "url2": null, "内容": "ケアーズ薬局　四条大宮店【5:薬局】京都府京都市下京区四条通大宮東入　立中町４９９番地" }, "geometry": { "type": "Point", "coordinates": [ 135.750128, 35.003785 ] } },
{ "type": "Feature", "properties": { "ID": 2652652001606.0, "正式名称": "あおい薬局　千本丸太町店", "機関区分": 5, "都道府県コード": 26, "市区町村コード": 104, "所在地": "京都府京都市中京区聚楽廻東町１５番地１グランドムール聚楽１階", "緯度": 35.017005, "経度": 135.742461, "url": "https://www.iryou.teikyouseido.mhlw.go.jp/znk-web/juminkanja/S2430/initialize?prefCd=26&kikanCd=2652001606&kikanKbn=5", "url2": null, "内容": "あおい薬局　千本丸太町店【5:薬局】京都府京都市中京区聚楽廻東町１５番地１グランドムール聚楽１階" }, "geometry": { "type": "Point", "coordinates": [ 135.742461, 35.017005 ] } },
{ "type": "Feature", "properties": { "ID": 2652652001607.0, "正式名称": "いちい薬局", "機関区分": 5, "都道府県コード": 26, "市区町村コード": 364, "所在地": "京都府相楽郡笠置町笠置隅田２６番地", "緯度": 34.756941, "経度": 135.934133, "url": "https://www.iryou.teikyouseido.mhlw.go.jp/znk-web/juminkanja/S2430/initialize?prefCd=26&kikanCd=2652001607&kikanKbn=5", "url2": null, "内容": "いちい薬局【5:薬局】京都府相楽郡笠置町笠置隅田２６番地" }, "geometry": { "type": "Point", "coordinates": [ 135.934133, 34.756941 ] } },
{ "type": "Feature", "properties": { "ID": 2652652001608.0, "正式名称": "あおい薬局智恵光院店", "機関区分": 5, "都道府県コード": 26, "市区町村コード": 102, "所在地": "京都府京都市上京区元誓願寺通浄福寺東入元中之町５１６－２　１階", "緯度": 35.028699, "経度": 135.746904, "url": "https://www.iryou.teikyouseido.mhlw.go.jp/znk-web/juminkanja/S2430/initialize?prefCd=26&kikanCd=2652001608&kikanKbn=5", "url2": null, "内容": "あおい薬局智恵光院店【5:薬局】京都府京都市上京区元誓願寺通浄福寺東入元中之町５１６－２　１階" }, "geometry": { "type": "Point", "coordinates": [ 135.746904, 35.028699 ] } },
{ "type": "Feature", "properties": { "ID": 2652652001609.0, "正式名称": "えくぼ調剤薬局", "機関区分": 5, "都道府県コード": 26, "市区町村コード": 110, "所在地": "京都府京都市山科区椥辻池尻町２－５", "緯度": 34.973845, "経度": 135.813818, "url": "https://www.iryou.teikyouseido.mhlw.go.jp/znk-web/juminkanja/S2430/initialize?prefCd=26&kikanCd=2652001609&kikanKbn=5", "url2": "https://ekubopharmacy.com/", "内容": "えくぼ調剤薬局【5:薬局】京都府京都市山科区椥辻池尻町２－５" }, "geometry": { "type": "Point", "coordinates": [ 135.813818, 34.973845 ] } },
{ "type": "Feature", "properties": { "ID": 2652652001610.0, "正式名称": "Ｖ・ｄｒｕｇ　京都市立病院前薬局", "機関区分": 5, "都道府県コード": 26, "市区町村コード": 104, "所在地": "京都府京都市中京区壬生東高田町６１番地　フジビル　１階", "緯度": 34.997785, "経度": 135.736018, "url": "https://www.iryou.teikyouseido.mhlw.go.jp/znk-web/juminkanja/S2430/initialize?prefCd=26&kikanCd=2652001610&kikanKbn=5", "url2": "https://vdrug.co.jp/pharmacy/", "内容": "Ｖ・ｄｒｕｇ　京都市立病院前薬局【5:薬局】京都府京都市中京区壬生東高田町６１番地　フジビル　１階" }, "geometry": { "type": "Point", "coordinates": [ 135.736018, 34.997785 ] } },
{ "type": "Feature", "properties": { "ID": 2652652001611.0, "正式名称": "ポポロ調剤薬局", "機関区分": 5, "都道府県コード": 26, "市区町村コード": 201, "所在地": "京都府福知山市駅南町２丁目２０５番地", "緯度": 35.294243, "経度": 135.118667, "url": "https://www.iryou.teikyouseido.mhlw.go.jp/znk-web/juminkanja/S2430/initialize?prefCd=26&kikanCd=2652001611&kikanKbn=5", "url2": null, "内容": "ポポロ調剤薬局【5:薬局】京都府福知山市駅南町２丁目２０５番地" }, "geometry": { "type": "Point", "coordinates": [ 135.118667, 35.294243 ] } },
{ "type": "Feature", "properties": { "ID": 2652652001613.0, "正式名称": "まつなし薬局　大山崎店", "機関区分": 5, "都道府県コード": 26, "市区町村コード": 303, "所在地": "京都府乙訓郡大山崎町大山崎高橋１０番２", "緯度": 34.89429, "経度": 135.684127, "url": "https://www.iryou.teikyouseido.mhlw.go.jp/znk-web/juminkanja/S2430/initialize?prefCd=26&kikanCd=2652001613&kikanKbn=5", "url2": null, "内容": "まつなし薬局　大山崎店【5:薬局】京都府乙訓郡大山崎町大山崎高橋１０番２" }, "geometry": { "type": "Point", "coordinates": [ 135.684127, 34.89429 ] } },
{ "type": "Feature", "properties": { "ID": 2652652001614.0, "正式名称": "お茶の木薬局", "機関区分": 5, "都道府県コード": 26, "市区町村コード": 204, "所在地": "京都府宇治市宇治半白３１番地の１０", "緯度": 34.892825, "経度": 135.79074, "url": "https://www.iryou.teikyouseido.mhlw.go.jp/znk-web/juminkanja/S2430/initialize?prefCd=26&kikanCd=2652001614&kikanKbn=5", "url2": "https://ochanokikyoto.com/", "内容": "お茶の木薬局【5:薬局】京都府宇治市宇治半白３１番地の１０" }, "geometry": { "type": "Point", "coordinates": [ 135.79074, 34.892825 ] } },
{ "type": "Feature", "properties": { "ID": 2652652001615.0, "正式名称": "エール薬局", "機関区分": 5, "都道府県コード": 26, "市区町村コード": 211, "所在地": "京都府京田辺市田辺十曽２　ＦＯＲＥＳＴＫＩＴＡＧＥＮ１０２", "緯度": 34.823505, "経度": 135.770333, "url": "https://www.iryou.teikyouseido.mhlw.go.jp/znk-web/juminkanja/S2430/initialize?prefCd=26&kikanCd=2652001615&kikanKbn=5", "url2": null, "内容": "エール薬局【5:薬局】京都府京田辺市田辺十曽２　ＦＯＲＥＳＴＫＩＴＡＧＥＮ１０２" }, "geometry": { "type": "Point", "coordinates": [ 135.770333, 34.823505 ] } },
{ "type": "Feature", "properties": { "ID": 2652652001616.0, "正式名称": "ローソンクオール薬局今出川駅前店", "機関区分": 5, "都道府県コード": 26, "市区町村コード": 102, "所在地": "京都府京都市上京区烏丸通今出川上る御所八幡町１１０番地１４烏丸今出川ビル１階", "緯度": 35.030338, "経度": 135.759209, "url": "https://www.iryou.teikyouseido.mhlw.go.jp/znk-web/juminkanja/S2430/initialize?prefCd=26&kikanCd=2652001616&kikanKbn=5", "url2": "https://www.qol-net.co.jp/pharmacy/map/detail.php?id=1038", "内容": "ローソンクオール薬局今出川駅前店【5:薬局】京都府京都市上京区烏丸通今出川上る御所八幡町１１０番地１４烏丸今出川ビル１階" }, "geometry": { "type": "Point", "coordinates": [ 135.759209, 35.030338 ] } },
{ "type": "Feature", "properties": { "ID": 2652652001617.0, "正式名称": "かるがも薬局　かたぎはら店", "機関区分": 5, "都道府県コード": 26, "市区町村コード": 111, "所在地": "京都府京都市西京区樫原平田町１番地１３４", "緯度": 34.971621, "経度": 135.693967, "url": "https://www.iryou.teikyouseido.mhlw.go.jp/znk-web/juminkanja/S2430/initialize?prefCd=26&kikanCd=2652001617&kikanKbn=5", "url2": "https://www.karugamo.net/shop/kyoto/nishikyo/", "内容": "かるがも薬局　かたぎはら店【5:薬局】京都府京都市西京区樫原平田町１番地１３４" }, "geometry": { "type": "Point", "coordinates": [ 135.693967, 34.971621 ] } },
{ "type": "Feature", "properties": { "ID": 2652652001618.0, "正式名称": "なでしこ薬局桂川店", "機関区分": 5, "都道府県コード": 26, "市区町村コード": 111, "所在地": "京都府京都市西京区下津林東大般若町２８番地", "緯度": 34.974426, "経度": 135.71391, "url": "https://www.iryou.teikyouseido.mhlw.go.jp/znk-web/juminkanja/S2430/initialize?prefCd=26&kikanCd=2652001618&kikanKbn=5", "url2": "nadeshiko-pharmacy.jp", "内容": "なでしこ薬局桂川店【5:薬局】京都府京都市西京区下津林東大般若町２８番地" }, "geometry": { "type": "Point", "coordinates": [ 135.71391, 34.974426 ] } },
{ "type": "Feature", "properties": { "ID": 2652652001620.0, "正式名称": "ユタカ薬局園部", "機関区分": 5, "都道府県コード": 26, "市区町村コード": 213, "所在地": "京都府南丹市園部町上木崎町四辻１５番１", "緯度": 35.112162, "経度": 135.468565, "url": "https://www.iryou.teikyouseido.mhlw.go.jp/znk-web/juminkanja/S2430/initialize?prefCd=26&kikanCd=2652001620&kikanKbn=5", "url2": null, "内容": "ユタカ薬局園部【5:薬局】京都府南丹市園部町上木崎町四辻１５番１" }, "geometry": { "type": "Point", "coordinates": [ 135.468565, 35.112162 ] } },
{ "type": "Feature", "properties": { "ID": 2652652001623.0, "正式名称": "うさぎ堂薬局", "機関区分": 5, "都道府県コード": 26, "市区町村コード": 103, "所在地": "京都府京都市左京区下鴨萩ヶ垣内町２７－９", "緯度": 35.048725, "経度": 135.767541, "url": "https://www.iryou.teikyouseido.mhlw.go.jp/znk-web/juminkanja/S2430/initialize?prefCd=26&kikanCd=2652001623&kikanKbn=5", "url2": "https://usagidoph.jp/", "内容": "うさぎ堂薬局【5:薬局】京都府京都市左京区下鴨萩ヶ垣内町２７－９" }, "geometry": { "type": "Point", "coordinates": [ 135.767541, 35.048725 ] } },
{ "type": "Feature", "properties": { "ID": 2652652001624.0, "正式名称": "峰山新町ゆう薬局", "機関区分": 5, "都道府県コード": 26, "市区町村コード": 212, "所在地": "京都府京丹後市峰山町新町小字小金曲３２０番地３", "緯度": 35.608153, "経度": 135.085599, "url": "https://www.iryou.teikyouseido.mhlw.go.jp/znk-web/juminkanja/S2430/initialize?prefCd=26&kikanCd=2652001624&kikanKbn=5", "url2": "https://www.uno-upd.co.jp/store/kyoutangoshi/19332/", "内容": "峰山新町ゆう薬局【5:薬局】京都府京丹後市峰山町新町小字小金曲３２０番地３" }, "geometry": { "type": "Point", "coordinates": [ 135.085599, 35.608153 ] } },
{ "type": "Feature", "properties": { "ID": 2652652001625.0, "正式名称": "ココカラファイン薬局　ＪＲ京都駅店", "機関区分": 5, "都道府県コード": 26, "市区町村コード": 106, "所在地": "京都府京都市下京区烏丸通塩小路下る東塩小路町ＪＲ京都駅地下２階地下東口前", "緯度": 34.986065, "経度": 135.760294, "url": "https://www.iryou.teikyouseido.mhlw.go.jp/znk-web/juminkanja/S2430/initialize?prefCd=26&kikanCd=2652001625&kikanKbn=5", "url2": "http://www.cocokarafine.co.jp", "内容": "ココカラファイン薬局　ＪＲ京都駅店【5:薬局】京都府京都市下京区烏丸通塩小路下る東塩小路町ＪＲ京都駅地下２階地下東口前" }, "geometry": { "type": "Point", "coordinates": [ 135.760294, 34.986065 ] } },
{ "type": "Feature", "properties": { "ID": 2652652001626.0, "正式名称": "薬局ダックス上京智恵光院店", "機関区分": 5, "都道府県コード": 26, "市区町村コード": 102, "所在地": "京都府京都市上京区中立売通裏門東入多門町４４５－１２", "緯度": 35.025366, "経度": 135.746516, "url": "https://www.iryou.teikyouseido.mhlw.go.jp/znk-web/juminkanja/S2430/initialize?prefCd=26&kikanCd=2652001626&kikanKbn=5", "url2": "https://store.welcia.co.jp/welcia/spot/detail?code=3877D", "内容": "薬局ダックス上京智恵光院店【5:薬局】京都府京都市上京区中立売通裏門東入多門町４４５－１２" }, "geometry": { "type": "Point", "coordinates": [ 135.746516, 35.025366 ] } },
{ "type": "Feature", "properties": { "ID": 2652652001627.0, "正式名称": "美山ゆう薬局", "機関区分": 5, "都道府県コード": 26, "市区町村コード": 213, "所在地": "京都府南丹市美山町安掛下２３番地", "緯度": 35.27653, "経度": 135.587434, "url": "https://www.iryou.teikyouseido.mhlw.go.jp/znk-web/juminkanja/S2430/initialize?prefCd=26&kikanCd=2652001627&kikanKbn=5", "url2": "https://www.uno-upd.co.jp/", "内容": "美山ゆう薬局【5:薬局】京都府南丹市美山町安掛下２３番地" }, "geometry": { "type": "Point", "coordinates": [ 135.587434, 35.27653 ] } },
{ "type": "Feature", "properties": { "ID": 2652652001628.0, "正式名称": "スギ薬局　上植野店", "機関区分": 5, "都道府県コード": 26, "市区町村コード": 208, "所在地": "京都府向日市上植野町桑原１番地の１", "緯度": 34.931986, "経度": 135.71019, "url": "https://www.iryou.teikyouseido.mhlw.go.jp/znk-web/juminkanja/S2430/initialize?prefCd=26&kikanCd=2652001628&kikanKbn=5", "url2": "https://www.sugi-net.jp/tenpo/detail/1656.html", "内容": "スギ薬局　上植野店【5:薬局】京都府向日市上植野町桑原１番地の１" }, "geometry": { "type": "Point", "coordinates": [ 135.71019, 34.931986 ] } },
{ "type": "Feature", "properties": { "ID": 2652652001629.0, "正式名称": "ひかり薬局洛西口駅前店", "機関区分": 5, "都道府県コード": 26, "市区町村コード": 208, "所在地": "京都府向日市寺戸町七ノ坪１０３番地１０１号室", "緯度": 34.962872, "経度": 135.703633, "url": "https://www.iryou.teikyouseido.mhlw.go.jp/znk-web/juminkanja/S2430/initialize?prefCd=26&kikanCd=2652001629&kikanKbn=5", "url2": "https://shikoku-ms.com", "内容": "ひかり薬局洛西口駅前店【5:薬局】京都府向日市寺戸町七ノ坪１０３番地１０１号室" }, "geometry": { "type": "Point", "coordinates": [ 135.703633, 34.962872 ] } },
{ "type": "Feature", "properties": { "ID": 2652652001630.0, "正式名称": "薬局ダックス亀岡篠店", "機関区分": 5, "都道府県コード": 26, "市区町村コード": 206, "所在地": "京都府亀岡市篠町浄法寺中村４０番地２", "緯度": 35.003088, "経度": 135.590391, "url": "https://www.iryou.teikyouseido.mhlw.go.jp/znk-web/juminkanja/S2430/initialize?prefCd=26&kikanCd=2652001630&kikanKbn=5", "url2": "https://store.welcia.co.jp/welcia/spot/detail?code=3898D", "内容": "薬局ダックス亀岡篠店【5:薬局】京都府亀岡市篠町浄法寺中村４０番地２" }, "geometry": { "type": "Point", "coordinates": [ 135.590391, 35.003088 ] } },
{ "type": "Feature", "properties": { "ID": 2652652001631.0, "正式名称": "キリン薬局　八幡店", "機関区分": 5, "都道府県コード": 26, "市区町村コード": 210, "所在地": "京都府八幡市男山石城８－１９", "緯度": 34.860021, "経度": 135.695111, "url": "https://www.iryou.teikyouseido.mhlw.go.jp/znk-web/juminkanja/S2430/initialize?prefCd=26&kikanCd=2652001631&kikanKbn=5", "url2": "https://taiseimedical-service.jp/", "内容": "キリン薬局　八幡店【5:薬局】京都府八幡市男山石城８－１９" }, "geometry": { "type": "Point", "coordinates": [ 135.695111, 34.860021 ] } },
{ "type": "Feature", "properties": { "ID": 2652652001633.0, "正式名称": "ユタカ薬局白鳥", "機関区分": 5, "都道府県コード": 26, "市区町村コード": 202, "所在地": "京都府舞鶴市字福来１１１１の２", "緯度": 35.446869, "経度": 135.349807, "url": "https://www.iryou.teikyouseido.mhlw.go.jp/znk-web/juminkanja/S2430/initialize?prefCd=26&kikanCd=2652001633&kikanKbn=5", "url2": null, "内容": "ユタカ薬局白鳥【5:薬局】京都府舞鶴市字福来１１１１の２" }, "geometry": { "type": "Point", "coordinates": [ 135.349807, 35.446869 ] } },
{ "type": "Feature", "properties": { "ID": 2652652001634.0, "正式名称": "ユタカ薬局市場", "機関区分": 5, "都道府県コード": 26, "市区町村コード": 202, "所在地": "京都府舞鶴市市場１６番地", "緯度": 35.477286, "経度": 135.403339, "url": "https://www.iryou.teikyouseido.mhlw.go.jp/znk-web/juminkanja/S2430/initialize?prefCd=26&kikanCd=2652001634&kikanKbn=5", "url2": "d-yutaka.co.jp/shop/20421.html", "内容": "ユタカ薬局市場【5:薬局】京都府舞鶴市市場１６番地" }, "geometry": { "type": "Point", "coordinates": [ 135.403339, 35.477286 ] } },
{ "type": "Feature", "properties": { "ID": 2652652001635.0, "正式名称": "スギ薬局桂五条店", "機関区分": 5, "都道府県コード": 26, "市区町村コード": 111, "所在地": "京都府京都市西京区上桂三ノ宮町３２－１", "緯度": 34.98623, "経度": 135.697327, "url": "https://www.iryou.teikyouseido.mhlw.go.jp/znk-web/juminkanja/S2430/initialize?prefCd=26&kikanCd=2652001635&kikanKbn=5", "url2": "https://www.sugi-net.jp/stores/001741", "内容": "スギ薬局桂五条店【5:薬局】京都府京都市西京区上桂三ノ宮町３２－１" }, "geometry": { "type": "Point", "coordinates": [ 135.697327, 34.98623 ] } },
{ "type": "Feature", "properties": { "ID": 2652652001637.0, "正式名称": "ことのは薬局むらさきの", "機関区分": 5, "都道府県コード": 26, "市区町村コード": 101, "所在地": "京都府京都市北区紫野西泉堂町３番地２　サントーレ紫野地下１階", "緯度": 35.049169, "経度": 135.740904, "url": "https://www.iryou.teikyouseido.mhlw.go.jp/znk-web/juminkanja/S2430/initialize?prefCd=26&kikanCd=2652001637&kikanKbn=5", "url2": "https://leaph.jp/", "内容": "ことのは薬局むらさきの【5:薬局】京都府京都市北区紫野西泉堂町３番地２　サントーレ紫野地下１階" }, "geometry": { "type": "Point", "coordinates": [ 135.740904, 35.049169 ] } },
{ "type": "Feature", "properties": { "ID": 2652652001638.0, "正式名称": "ウエルシア薬局京都智恵光院店", "機関区分": 5, "都道府県コード": 26, "市区町村コード": 102, "所在地": "京都府京都市上京区智恵光院通出水上る天秤丸町１９４番地", "緯度": 35.021838, "経度": 135.746849, "url": "https://www.iryou.teikyouseido.mhlw.go.jp/znk-web/juminkanja/S2430/initialize?prefCd=26&kikanCd=2652001638&kikanKbn=5", "url2": "https://store.welcia.co.jp/welcia/spot/detail?code=3108D", "内容": "ウエルシア薬局京都智恵光院店【5:薬局】京都府京都市上京区智恵光院通出水上る天秤丸町１９４番地" }, "geometry": { "type": "Point", "coordinates": [ 135.746849, 35.021838 ] } },
{ "type": "Feature", "properties": { "ID": 2652652001639.0, "正式名称": "うまほり駅前ゆう薬局", "機関区分": 5, "都道府県コード": 26, "市区町村コード": 206, "所在地": "京都府亀岡市篠町馬堀駅前１丁目６番１号", "緯度": 35.010031, "経度": 135.600501, "url": "https://www.iryou.teikyouseido.mhlw.go.jp/znk-web/juminkanja/S2430/initialize?prefCd=26&kikanCd=2652001639&kikanKbn=5", "url2": "https://www.uno-upd.co.jp/store/kameokashi/19475/", "内容": "うまほり駅前ゆう薬局【5:薬局】京都府亀岡市篠町馬堀駅前１丁目６番１号" }, "geometry": { "type": "Point", "coordinates": [ 135.600501, 35.010031 ] } },
{ "type": "Feature", "properties": { "ID": 2652652001641.0, "正式名称": "京都セントラル薬局", "機関区分": 5, "都道府県コード": 26, "市区町村コード": 103, "所在地": "京都府京都市左京区聖護院川原町２９", "緯度": 35.01845, "経度": 135.777319, "url": "https://www.iryou.teikyouseido.mhlw.go.jp/znk-web/juminkanja/S2430/initialize?prefCd=26&kikanCd=2652001641&kikanKbn=5", "url2": null, "内容": "京都セントラル薬局【5:薬局】京都府京都市左京区聖護院川原町２９" }, "geometry": { "type": "Point", "coordinates": [ 135.777319, 35.01845 ] } },
{ "type": "Feature", "properties": { "ID": 2652652001643.0, "正式名称": "薬局ダックス西京桂駅西口店", "機関区分": 5, "都道府県コード": 26, "市区町村コード": 111, "所在地": "京都府京都市西京区川島有栖川町１２番地１", "緯度": 34.979342, "経度": 135.700938, "url": "https://www.iryou.teikyouseido.mhlw.go.jp/znk-web/juminkanja/S2430/initialize?prefCd=26&kikanCd=2652001643&kikanKbn=5", "url2": "https://store.welcia.co.jp/welcia/spot/detail?code=3899D", "内容": "薬局ダックス西京桂駅西口店【5:薬局】京都府京都市西京区川島有栖川町１２番地１" }, "geometry": { "type": "Point", "coordinates": [ 135.700938, 34.979342 ] } },
{ "type": "Feature", "properties": { "ID": 2652652001644.0, "正式名称": "薬局ダックス京田辺駅前店", "機関区分": 5, "都道府県コード": 26, "市区町村コード": 211, "所在地": "京都府京田辺市田辺中央１丁目５ー１", "緯度": 34.821249, "経度": 135.77094, "url": "https://www.iryou.teikyouseido.mhlw.go.jp/znk-web/juminkanja/S2430/initialize?prefCd=26&kikanCd=2652001644&kikanKbn=5", "url2": null, "内容": "薬局ダックス京田辺駅前店【5:薬局】京都府京田辺市田辺中央１丁目５ー１" }, "geometry": { "type": "Point", "coordinates": [ 135.77094, 34.821249 ] } },
{ "type": "Feature", "properties": { "ID": 2652652001645.0, "正式名称": "フラワー薬局佐山店", "機関区分": 5, "都道府県コード": 26, "市区町村コード": 322, "所在地": "京都府久世郡久御山町佐山西ノ口９－１", "緯度": 34.874326, "経度": 135.749439, "url": "https://www.iryou.teikyouseido.mhlw.go.jp/znk-web/juminkanja/S2430/initialize?prefCd=26&kikanCd=2652001645&kikanKbn=5", "url2": "https://www.m-ikkou.co.jp/business/pharmacy/search/shop110.html", "内容": "フラワー薬局佐山店【5:薬局】京都府久世郡久御山町佐山西ノ口９－１" }, "geometry": { "type": "Point", "coordinates": [ 135.749439, 34.874326 ] } },
{ "type": "Feature", "properties": { "ID": 2652652001647.0, "正式名称": "薬局ダックス山科大塚店", "機関区分": 5, "都道府県コード": 26, "市区町村コード": 110, "所在地": "京都府京都市山科区大塚野溝町８６番地２", "緯度": 34.982844, "経度": 135.827094, "url": "https://www.iryou.teikyouseido.mhlw.go.jp/znk-web/juminkanja/S2430/initialize?prefCd=26&kikanCd=2652001647&kikanKbn=5", "url2": "https://www.dacs-shimizu.jp/", "内容": "薬局ダックス山科大塚店【5:薬局】京都府京都市山科区大塚野溝町８６番地２" }, "geometry": { "type": "Point", "coordinates": [ 135.827094, 34.982844 ] } },
{ "type": "Feature", "properties": { "ID": 2652652001648.0, "正式名称": "薬局ダックス伏見新堀川店", "機関区分": 5, "都道府県コード": 26, "市区町村コード": 109, "所在地": "京都府京都市伏見区竹田藁屋町３４番地", "緯度": 34.946819, "経度": 135.752685, "url": "https://www.iryou.teikyouseido.mhlw.go.jp/znk-web/juminkanja/S2430/initialize?prefCd=26&kikanCd=2652001648&kikanKbn=5", "url2": "https://www.dacs-shimizu.jp/", "内容": "薬局ダックス伏見新堀川店【5:薬局】京都府京都市伏見区竹田藁屋町３４番地" }, "geometry": { "type": "Point", "coordinates": [ 135.752685, 34.946819 ] } },
{ "type": "Feature", "properties": { "ID": 2652652001649.0, "正式名称": "スギ薬局　在宅調剤センター京都西院店", "機関区分": 5, "都道府県コード": 26, "市区町村コード": 108, "所在地": "京都府京都市右京区西院東淳和院町１番地１　アフレ西院ビル６階", "緯度": 35.003812, "経度": 135.731629, "url": "https://www.iryou.teikyouseido.mhlw.go.jp/znk-web/juminkanja/S2430/initialize?prefCd=26&kikanCd=2652001649&kikanKbn=5", "url2": "http://www.drug-sugi.co.jp/", "内容": "スギ薬局　在宅調剤センター京都西院店【5:薬局】京都府京都市右京区西院東淳和院町１番地１　アフレ西院ビル６階" }, "geometry": { "type": "Point", "coordinates": [ 135.731629, 35.003812 ] } },
{ "type": "Feature", "properties": { "ID": 2652652001650.0, "正式名称": "薬局ダックス京田辺三山木店", "機関区分": 5, "都道府県コード": 26, "市区町村コード": 211, "所在地": "京都府京田辺市三山木中央４丁目１０番地１５", "緯度": 34.796558, "経度": 135.786023, "url": "https://www.iryou.teikyouseido.mhlw.go.jp/znk-web/juminkanja/S2430/initialize?prefCd=26&kikanCd=2652001650&kikanKbn=5", "url2": "https://www.dacs-shimizu.jp/", "内容": "薬局ダックス京田辺三山木店【5:薬局】京都府京田辺市三山木中央４丁目１０番地１５" }, "geometry": { "type": "Point", "coordinates": [ 135.786023, 34.796558 ] } },
{ "type": "Feature", "properties": { "ID": 2652652001651.0, "正式名称": "ファルコ薬局　桂駅東口店", "機関区分": 5, "都道府県コード": 26, "市区町村コード": 111, "所在地": "京都府京都市西京区桂野里町１３番地１４", "緯度": 34.981259, "経度": 135.703855, "url": "https://www.iryou.teikyouseido.mhlw.go.jp/znk-web/juminkanja/S2430/initialize?prefCd=26&kikanCd=2652001651&kikanKbn=5", "url2": "http://www.falco-pharm.co.jp/storeinfo/katsura-higashi.html", "内容": "ファルコ薬局　桂駅東口店【5:薬局】京都府京都市西京区桂野里町１３番地１４" }, "geometry": { "type": "Point", "coordinates": [ 135.703855, 34.981259 ] } },
{ "type": "Feature", "properties": { "ID": 2652652001652.0, "正式名称": "ファルコ薬局　二条駅東口店", "機関区分": 5, "都道府県コード": 26, "市区町村コード": 104, "所在地": "京都府京都市中京区西ノ京職司町７２番地　ウエストフィールド１階", "緯度": 35.010951, "経度": 135.744017, "url": "https://www.iryou.teikyouseido.mhlw.go.jp/znk-web/juminkanja/S2430/initialize?prefCd=26&kikanCd=2652001652&kikanKbn=5", "url2": null, "内容": "ファルコ薬局　二条駅東口店【5:薬局】京都府京都市中京区西ノ京職司町７２番地　ウエストフィールド１階" }, "geometry": { "type": "Point", "coordinates": [ 135.744017, 35.010951 ] } },
{ "type": "Feature", "properties": { "ID": 2652652001653.0, "正式名称": "西向日ゆう薬局", "機関区分": 5, "都道府県コード": 26, "市区町村コード": 208, "所在地": "京都府向日市上植野町切ノ口６番５", "緯度": 34.938652, "経度": 135.700024, "url": "https://www.iryou.teikyouseido.mhlw.go.jp/znk-web/juminkanja/S2430/initialize?prefCd=26&kikanCd=2652001653&kikanKbn=5", "url2": "https://www.uno-upd.co.jp/store/mukoushi/19573/", "内容": "西向日ゆう薬局【5:薬局】京都府向日市上植野町切ノ口６番５" }, "geometry": { "type": "Point", "coordinates": [ 135.700024, 34.938652 ] } },
{ "type": "Feature", "properties": { "ID": 2652652001654.0, "正式名称": "スギ薬局　舞鶴病院前店", "機関区分": 5, "都道府県コード": 26, "市区町村コード": 202, "所在地": "京都府舞鶴市字倉谷１４９９番地の６", "緯度": 35.445451, "経度": 135.338886, "url": "https://www.iryou.teikyouseido.mhlw.go.jp/znk-web/juminkanja/S2430/initialize?prefCd=26&kikanCd=2652001654&kikanKbn=5", "url2": "http://www.drug-sugi.co.jp/", "内容": "スギ薬局　舞鶴病院前店【5:薬局】京都府舞鶴市字倉谷１４９９番地の６" }, "geometry": { "type": "Point", "coordinates": [ 135.338886, 35.445451 ] } },
{ "type": "Feature", "properties": { "ID": 2652652001655.0, "正式名称": "つつじ薬局", "機関区分": 5, "都道府県コード": 26, "市区町村コード": 211, "所在地": "京都府京田辺市興戸東垣内８２－２", "緯度": 34.808723, "経度": 135.774662, "url": "https://www.iryou.teikyouseido.mhlw.go.jp/znk-web/juminkanja/S2430/initialize?prefCd=26&kikanCd=2652001655&kikanKbn=5", "url2": null, "内容": "つつじ薬局【5:薬局】京都府京田辺市興戸東垣内８２－２" }, "geometry": { "type": "Point", "coordinates": [ 135.774662, 34.808723 ] } },
{ "type": "Feature", "properties": { "ID": 2652652001657.0, "正式名称": "エン薬局西京極店", "機関区分": 5, "都道府県コード": 26, "市区町村コード": 108, "所在地": "京都府京都市右京区右京区西京極午塚町１１６番地", "緯度": 34.998257, "経度": 135.712214, "url": "https://www.iryou.teikyouseido.mhlw.go.jp/znk-web/juminkanja/S2430/initialize?prefCd=26&kikanCd=2652001657&kikanKbn=5", "url2": "https://www.axistcoltd.com/archives/shop/647", "内容": "エン薬局西京極店【5:薬局】京都府京都市右京区右京区西京極午塚町１１６番地" }, "geometry": { "type": "Point", "coordinates": [ 135.712214, 34.998257 ] } },
{ "type": "Feature", "properties": { "ID": 2652652001658.0, "正式名称": "きくち薬局", "機関区分": 5, "都道府県コード": 26, "市区町村コード": 110, "所在地": "京都府京都市山科区御陵原西町７番地３コープみささぎ１０５", "緯度": 34.995314, "経度": 135.803623, "url": "https://www.iryou.teikyouseido.mhlw.go.jp/znk-web/juminkanja/S2430/initialize?prefCd=26&kikanCd=2652001658&kikanKbn=5", "url2": "https://kikuchi-pharmacy.com", "内容": "きくち薬局【5:薬局】京都府京都市山科区御陵原西町７番地３コープみささぎ１０５" }, "geometry": { "type": "Point", "coordinates": [ 135.803623, 34.995314 ] } },
{ "type": "Feature", "properties": { "ID": 2652652001660.0, "正式名称": "ゴダイ薬局　峰山新町店", "機関区分": 5, "都道府県コード": 26, "市区町村コード": 212, "所在地": "京都府京丹後市峰山町新町２４６２－２", "緯度": 35.609847, "経度": 135.081711, "url": "https://www.iryou.teikyouseido.mhlw.go.jp/znk-web/juminkanja/S2430/initialize?prefCd=26&kikanCd=2652001660&kikanKbn=5", "url2": "https://www.godai.net/", "内容": "ゴダイ薬局　峰山新町店【5:薬局】京都府京丹後市峰山町新町２４６２－２" }, "geometry": { "type": "Point", "coordinates": [ 135.081711, 35.609847 ] } },
{ "type": "Feature", "properties": { "ID": 2652652001661.0, "正式名称": "弥栄ゆう薬局", "機関区分": 5, "都道府県コード": 26, "市区町村コード": 212, "所在地": "京都府京丹後市弥栄町溝谷小字河ノ辺５４３３－１", "緯度": 35.658287, "経度": 135.112928, "url": "https://www.iryou.teikyouseido.mhlw.go.jp/znk-web/juminkanja/S2430/initialize?prefCd=26&kikanCd=2652001661&kikanKbn=5", "url2": "https://www.uno-upd.co.jp/store/kyoutangoshi/19698/", "内容": "弥栄ゆう薬局【5:薬局】京都府京丹後市弥栄町溝谷小字河ノ辺５４３３－１" }, "geometry": { "type": "Point", "coordinates": [ 135.112928, 35.658287 ] } },
{ "type": "Feature", "properties": { "ID": 2652652001663.0, "正式名称": "アイ薬局", "機関区分": 5, "都道府県コード": 26, "市区町村コード": 110, "所在地": "京都府京都市山科区竹鼻竹ノ街道町２９番地１山科町塚ビル１階", "緯度": 34.989565, "経度": 135.817123, "url": "https://www.iryou.teikyouseido.mhlw.go.jp/znk-web/juminkanja/S2430/initialize?prefCd=26&kikanCd=2652001663&kikanKbn=5", "url2": "http://yoneda-pharmacy-group.co.jp/stores/26", "内容": "アイ薬局【5:薬局】京都府京都市山科区竹鼻竹ノ街道町２９番地１山科町塚ビル１階" }, "geometry": { "type": "Point", "coordinates": [ 135.817123, 34.989565 ] } },
{ "type": "Feature", "properties": { "ID": 2652652001664.0, "正式名称": "えくぼ調剤薬局　岩倉店", "機関区分": 5, "都道府県コード": 26, "市区町村コード": 103, "所在地": "京都府京都市左京区岩倉三笠町２６３", "緯度": 35.069945, "経度": 135.782427, "url": "https://www.iryou.teikyouseido.mhlw.go.jp/znk-web/juminkanja/S2430/initialize?prefCd=26&kikanCd=2652001664&kikanKbn=5", "url2": "https://ekubopharmacy.com", "内容": "えくぼ調剤薬局　岩倉店【5:薬局】京都府京都市左京区岩倉三笠町２６３" }, "geometry": { "type": "Point", "coordinates": [ 135.782427, 35.069945 ] } },
{ "type": "Feature", "properties": { "ID": 2652652001665.0, "正式名称": "えくぼ調剤薬局　紫野店", "機関区分": 5, "都道府県コード": 26, "市区町村コード": 101, "所在地": "京都府京都市北区紫野西野町２５－１　１階", "緯度": 35.042225, "経度": 135.741849, "url": "https://www.iryou.teikyouseido.mhlw.go.jp/znk-web/juminkanja/S2430/initialize?prefCd=26&kikanCd=2652001665&kikanKbn=5", "url2": "https://ekubopharmacy.com/", "内容": "えくぼ調剤薬局　紫野店【5:薬局】京都府京都市北区紫野西野町２５－１　１階" }, "geometry": { "type": "Point", "coordinates": [ 135.741849, 35.042225 ] } },
{ "type": "Feature", "properties": { "ID": 2652652001666.0, "正式名称": "えくぼ調剤薬局　勧修店", "機関区分": 5, "都道府県コード": 26, "市区町村コード": 110, "所在地": "京都府京都市山科区勧修寺西栗栖野町２４８－２", "緯度": 34.968928, "経度": 135.807541, "url": "https://www.iryou.teikyouseido.mhlw.go.jp/znk-web/juminkanja/S2430/initialize?prefCd=26&kikanCd=2652001666&kikanKbn=5", "url2": "https://ekubopharmacy.com/", "内容": "えくぼ調剤薬局　勧修店【5:薬局】京都府京都市山科区勧修寺西栗栖野町２４８－２" }, "geometry": { "type": "Point", "coordinates": [ 135.807541, 34.968928 ] } },
{ "type": "Feature", "properties": { "ID": 2652652001667.0, "正式名称": "薬局ダックス右京葛野八条店", "機関区分": 5, "都道府県コード": 26, "市区町村コード": 108, "所在地": "京都府京都市右京区西京極芝ノ下町７番地", "緯度": 34.986425, "経度": 135.719381, "url": "https://www.iryou.teikyouseido.mhlw.go.jp/znk-web/juminkanja/S2430/initialize?prefCd=26&kikanCd=2652001667&kikanKbn=5", "url2": "https://www.dacs-shimizu.jp/", "内容": "薬局ダックス右京葛野八条店【5:薬局】京都府京都市右京区西京極芝ノ下町７番地" }, "geometry": { "type": "Point", "coordinates": [ 135.719381, 34.986425 ] } },
{ "type": "Feature", "properties": { "ID": 2652652001668.0, "正式名称": "かわかみ薬局　金閣寺店", "機関区分": 5, "都道府県コード": 26, "市区町村コード": 101, "所在地": "京都府京都市北区衣笠天神森町１７番地１", "緯度": 35.036375, "経度": 135.732205, "url": "https://www.iryou.teikyouseido.mhlw.go.jp/znk-web/juminkanja/S2430/initialize?prefCd=26&kikanCd=2652001668&kikanKbn=5", "url2": "http://kpcorporation.co.jp/", "内容": "かわかみ薬局　金閣寺店【5:薬局】京都府京都市北区衣笠天神森町１７番地１" }, "geometry": { "type": "Point", "coordinates": [ 135.732205, 35.036375 ] } },
{ "type": "Feature", "properties": { "ID": 2652652001669.0, "正式名称": "おりーぶ薬局東寺店", "機関区分": 5, "都道府県コード": 26, "市区町村コード": 107, "所在地": "京都府京都市南区八条町４１９アクセスＫ１階", "緯度": 34.984453, "経度": 135.748184, "url": "https://www.iryou.teikyouseido.mhlw.go.jp/znk-web/juminkanja/S2430/initialize?prefCd=26&kikanCd=2652001669&kikanKbn=5", "url2": "olive-pharmacy.com", "内容": "おりーぶ薬局東寺店【5:薬局】京都府京都市南区八条町４１９アクセスＫ１階" }, "geometry": { "type": "Point", "coordinates": [ 135.748184, 34.984453 ] } },
{ "type": "Feature", "properties": { "ID": 2652652001671.0, "正式名称": "クスリのアオキ美濃山薬局", "機関区分": 5, "都道府県コード": 26, "市区町村コード": 210, "所在地": "京都府八幡市美濃山宮ノ背５８番地１６", "緯度": 34.851134, "経度": 135.711249, "url": "https://www.iryou.teikyouseido.mhlw.go.jp/znk-web/juminkanja/S2430/initialize?prefCd=26&kikanCd=2652001671&kikanKbn=5", "url2": "https://www.kusuri-aoki.co.jp/", "内容": "クスリのアオキ美濃山薬局【5:薬局】京都府八幡市美濃山宮ノ背５８番地１６" }, "geometry": { "type": "Point", "coordinates": [ 135.711249, 34.851134 ] } },
{ "type": "Feature", "properties": { "ID": 2652652001673.0, "正式名称": "スギ薬局　四条烏丸店", "機関区分": 5, "都道府県コード": 26, "市区町村コード": 104, "所在地": "京都府京都市中京区烏丸通錦小路上る手洗水町６７０番地　京都フクトクビル１階", "緯度": 35.005257, "経度": 135.760016, "url": "https://www.iryou.teikyouseido.mhlw.go.jp/znk-web/juminkanja/S2430/initialize?prefCd=26&kikanCd=2652001673&kikanKbn=5", "url2": "http://www.durg-sugi.co.jp", "内容": "スギ薬局　四条烏丸店【5:薬局】京都府京都市中京区烏丸通錦小路上る手洗水町６７０番地　京都フクトクビル１階" }, "geometry": { "type": "Point", "coordinates": [ 135.760016, 35.005257 ] } },
{ "type": "Feature", "properties": { "ID": 2652652001674.0, "正式名称": "クスリのアオキ木津川台薬局", "機関区分": 5, "都道府県コード": 26, "市区町村コード": 214, "所在地": "京都府木津川市木津川台６丁目１番地１", "緯度": 34.742341, "経度": 135.785692, "url": "https://www.iryou.teikyouseido.mhlw.go.jp/znk-web/juminkanja/S2430/initialize?prefCd=26&kikanCd=2652001674&kikanKbn=5", "url2": "https://www.kusuri-aoki.co.jp/", "内容": "クスリのアオキ木津川台薬局【5:薬局】京都府木津川市木津川台６丁目１番地１" }, "geometry": { "type": "Point", "coordinates": [ 135.785692, 34.742341 ] } },
{ "type": "Feature", "properties": { "ID": 2652652001676.0, "正式名称": "日本調剤弥栄薬局", "機関区分": 5, "都道府県コード": 26, "市区町村コード": 212, "所在地": "京都府京丹後市弥栄町溝谷小字六反田３４４６－　１", "緯度": 35.65802, "経度": 135.092108, "url": "https://www.iryou.teikyouseido.mhlw.go.jp/znk-web/juminkanja/S2430/initialize?prefCd=26&kikanCd=2652001676&kikanKbn=5", "url2": "https://www.nicho.co.jp/tenpo/yasaka/", "内容": "日本調剤弥栄薬局【5:薬局】京都府京丹後市弥栄町溝谷小字六反田３４４６－　１" }, "geometry": { "type": "Point", "coordinates": [ 135.092108, 35.65802 ] } },
{ "type": "Feature", "properties": { "ID": 2652652001678.0, "正式名称": "ココカラファイン薬局　京都済生会病院店", "機関区分": 5, "都道府県コード": 26, "市区町村コード": 209, "所在地": "京都府長岡京市下海印寺下内田１０１　京都済生会病院内別棟２", "緯度": 34.915987, "経度": 135.686609, "url": "https://www.iryou.teikyouseido.mhlw.go.jp/znk-web/juminkanja/S2430/initialize?prefCd=26&kikanCd=2652001678&kikanKbn=5", "url2": "https://www.matsukiyococokara.com", "内容": "ココカラファイン薬局　京都済生会病院店【5:薬局】京都府長岡京市下海印寺下内田１０１　京都済生会病院内別棟２" }, "geometry": { "type": "Point", "coordinates": [ 135.686609, 34.915987 ] } },
{ "type": "Feature", "properties": { "ID": 2652652001679.0, "正式名称": "きくち薬局　西陣店", "機関区分": 5, "都道府県コード": 26, "市区町村コード": 102, "所在地": "京都府京都市上京区元誓願時通千本東入元四丁目４０３番地１、４０３番地２、１階", "緯度": 35.028921, "経度": 135.742627, "url": "https://www.iryou.teikyouseido.mhlw.go.jp/znk-web/juminkanja/S2430/initialize?prefCd=26&kikanCd=2652001679&kikanKbn=5", "url2": null, "内容": "きくち薬局　西陣店【5:薬局】京都府京都市上京区元誓願時通千本東入元四丁目４０３番地１、４０３番地２、１階" }, "geometry": { "type": "Point", "coordinates": [ 135.742627, 35.028921 ] } },
{ "type": "Feature", "properties": { "ID": 2652652001680.0, "正式名称": "はれの木薬局", "機関区分": 5, "都道府県コード": 26, "市区町村コード": 104, "所在地": "京都府京都市中京区堀川三条上る姉西堀川町５１１番地　　堀川三条クリニックプラス１階東", "緯度": 35.00959, "経度": 135.75146, "url": "https://www.iryou.teikyouseido.mhlw.go.jp/znk-web/juminkanja/S2430/initialize?prefCd=26&kikanCd=2652001680&kikanKbn=5", "url2": "https://harenoki-ph.com/", "内容": "はれの木薬局【5:薬局】京都府京都市中京区堀川三条上る姉西堀川町５１１番地　　堀川三条クリニックプラス１階東" }, "geometry": { "type": "Point", "coordinates": [ 135.75146, 35.00959 ] } },
{ "type": "Feature", "properties": { "ID": 2652652001681.0, "正式名称": "薬局ダックス長岡京友岡店", "機関区分": 5, "都道府県コード": 26, "市区町村コード": 209, "所在地": "京都府長岡京市花山３丁目４８－２", "緯度": 34.91721, "経度": 135.689192, "url": "https://www.iryou.teikyouseido.mhlw.go.jp/znk-web/juminkanja/S2430/initialize?prefCd=26&kikanCd=2652001681&kikanKbn=5", "url2": null, "内容": "薬局ダックス長岡京友岡店【5:薬局】京都府長岡京市花山３丁目４８－２" }, "geometry": { "type": "Point", "coordinates": [ 135.689192, 34.91721 ] } },
{ "type": "Feature", "properties": { "ID": 2652652001682.0, "正式名称": "ツルハ薬局京都府庁前店", "機関区分": 5, "都道府県コード": 26, "市区町村コード": 104, "所在地": "京都府京都市中京区西洞院通丸太町下る田中町１２３番地アールズコート御所南１階", "緯度": 35.017228, "経度": 135.754849, "url": "https://www.iryou.teikyouseido.mhlw.go.jp/znk-web/juminkanja/S2430/initialize?prefCd=26&kikanCd=2652001682&kikanKbn=5", "url2": "https://www.tsuruha.co.jp/shop/?cm=v&id=11642", "内容": "ツルハ薬局京都府庁前店【5:薬局】京都府京都市中京区西洞院通丸太町下る田中町１２３番地アールズコート御所南１階" }, "geometry": { "type": "Point", "coordinates": [ 135.754849, 35.017228 ] } },
{ "type": "Feature", "properties": { "ID": 2652652001683.0, "正式名称": "Ｖ・ｄｒｕｇ　太子道薬局", "機関区分": 5, "都道府県コード": 26, "市区町村コード": 104, "所在地": "京都府京都市中京区西ノ京小堀池町１０番地１", "緯度": 35.015339, "経度": 135.726018, "url": "https://www.iryou.teikyouseido.mhlw.go.jp/znk-web/juminkanja/S2430/initialize?prefCd=26&kikanCd=2652001683&kikanKbn=5", "url2": "http://vdrug.co.jp/pharmacy/", "内容": "Ｖ・ｄｒｕｇ　太子道薬局【5:薬局】京都府京都市中京区西ノ京小堀池町１０番地１" }, "geometry": { "type": "Point", "coordinates": [ 135.726018, 35.015339 ] } },
{ "type": "Feature", "properties": { "ID": 2652652001684.0, "正式名称": "こと調剤薬局", "機関区分": 5, "都道府県コード": 26, "市区町村コード": 107, "所在地": "京都府京都市南区西九条南小路町１６番地１階", "緯度": 34.981204, "経度": 135.749823, "url": "https://www.iryou.teikyouseido.mhlw.go.jp/znk-web/juminkanja/S2430/initialize?prefCd=26&kikanCd=2652001684&kikanKbn=5", "url2": null, "内容": "こと調剤薬局【5:薬局】京都府京都市南区西九条南小路町１６番地１階" }, "geometry": { "type": "Point", "coordinates": [ 135.749823, 34.981204 ] } },
{ "type": "Feature", "properties": { "ID": 2652652001686.0, "正式名称": "長岡京ゆーあい薬局", "機関区分": 5, "都道府県コード": 26, "市区町村コード": 209, "所在地": "京都府長岡京市下海印寺下内田１０５", "緯度": 34.916404, "経度": 135.686776, "url": "https://www.iryou.teikyouseido.mhlw.go.jp/znk-web/juminkanja/S2430/initialize?prefCd=26&kikanCd=2652001686&kikanKbn=5", "url2": "https://www.ui-ph.co.jp/", "内容": "長岡京ゆーあい薬局【5:薬局】京都府長岡京市下海印寺下内田１０５" }, "geometry": { "type": "Point", "coordinates": [ 135.686776, 34.916404 ] } },
{ "type": "Feature", "properties": { "ID": 2652652001687.0, "正式名称": "Ｉ＆Ｈ長岡京薬局", "機関区分": 5, "都道府県コード": 26, "市区町村コード": 209, "所在地": "京都府長岡京市開田２丁目１２ー１５ｎｏｂｌｅｓｓ１階", "緯度": 34.923765, "経度": 135.697913, "url": "https://www.iryou.teikyouseido.mhlw.go.jp/znk-web/juminkanja/S2430/initialize?prefCd=26&kikanCd=2652001687&kikanKbn=5", "url2": null, "内容": "Ｉ＆Ｈ長岡京薬局【5:薬局】京都府長岡京市開田２丁目１２ー１５ｎｏｂｌｅｓｓ１階" }, "geometry": { "type": "Point", "coordinates": [ 135.697913, 34.923765 ] } },
{ "type": "Feature", "properties": { "ID": 2652652001688.0, "正式名称": "リペアス調剤薬局　御所東店", "機関区分": 5, "都道府県コード": 26, "市区町村コード": 102, "所在地": "京都府京都市上京区御車道通清和院口上る梶井町４４８番地５９　１階", "緯度": 35.026982, "経度": 135.769567, "url": "https://www.iryou.teikyouseido.mhlw.go.jp/znk-web/juminkanja/S2430/initialize?prefCd=26&kikanCd=2652001688&kikanKbn=5", "url2": "http://www.ph-mirai.com", "内容": "リペアス調剤薬局　御所東店【5:薬局】京都府京都市上京区御車道通清和院口上る梶井町４４８番地５９　１階" }, "geometry": { "type": "Point", "coordinates": [ 135.769567, 35.026982 ] } },
{ "type": "Feature", "properties": { "ID": 2652652001689.0, "正式名称": "フチ町調剤薬局", "機関区分": 5, "都道府県コード": 26, "市区町村コード": 109, "所在地": "京都府京都市伏見区深草フチ町１４番地５９", "緯度": 34.955123, "経度": 135.760768, "url": "https://www.iryou.teikyouseido.mhlw.go.jp/znk-web/juminkanja/S2430/initialize?prefCd=26&kikanCd=2652001689&kikanKbn=5", "url2": null, "内容": "フチ町調剤薬局【5:薬局】京都府京都市伏見区深草フチ町１４番地５９" }, "geometry": { "type": "Point", "coordinates": [ 135.760768, 34.955123 ] } },
{ "type": "Feature", "properties": { "ID": 2652652001690.0, "正式名称": "スギ薬局　亀岡東店", "機関区分": 5, "都道府県コード": 26, "市区町村コード": 206, "所在地": "京都府亀岡市古世町西内坪１２番地", "緯度": 35.014531, "経度": 135.583891, "url": "https://www.iryou.teikyouseido.mhlw.go.jp/znk-web/juminkanja/S2430/initialize?prefCd=26&kikanCd=2652001690&kikanKbn=5", "url2": "http://www.drug-sugi.co.jp", "内容": "スギ薬局　亀岡東店【5:薬局】京都府亀岡市古世町西内坪１２番地" }, "geometry": { "type": "Point", "coordinates": [ 135.583891, 35.014531 ] } },
{ "type": "Feature", "properties": { "ID": 2652652001691.0, "正式名称": "八幡ゆう薬局", "機関区分": 5, "都道府県コード": 26, "市区町村コード": 210, "所在地": "京都府八幡市八幡中ノ山１９７番１アネックス香楽園１階", "緯度": 34.8553, "経度": 135.699861, "url": "https://www.iryou.teikyouseido.mhlw.go.jp/znk-web/juminkanja/S2430/initialize?prefCd=26&kikanCd=2652001691&kikanKbn=5", "url2": "https://www.uno-upd.co.jp/store/yawatashi/19895/", "内容": "八幡ゆう薬局【5:薬局】京都府八幡市八幡中ノ山１９７番１アネックス香楽園１階" }, "geometry": { "type": "Point", "coordinates": [ 135.699861, 34.8553 ] } },
{ "type": "Feature", "properties": { "ID": 2652652001692.0, "正式名称": "薬局ダックス東山本町店", "機関区分": 5, "都道府県コード": 26, "市区町村コード": 105, "所在地": "京都府京都市東山区本町１５丁目７８７番地１", "緯度": 34.981343, "経度": 135.771738, "url": "https://www.iryou.teikyouseido.mhlw.go.jp/znk-web/juminkanja/S2430/initialize?prefCd=26&kikanCd=2652001692&kikanKbn=5", "url2": "http://www.dacs-shimizu.jp/", "内容": "薬局ダックス東山本町店【5:薬局】京都府京都市東山区本町１５丁目７８７番地１" }, "geometry": { "type": "Point", "coordinates": [ 135.771738, 34.981343 ] } },
{ "type": "Feature", "properties": { "ID": 2652652001693.0, "正式名称": "ゴダイ薬局　岩滝店", "機関区分": 5, "都道府県コード": 26, "市区町村コード": 465, "所在地": "京都府与謝郡与謝野町字男山１４２－１", "緯度": 35.572686, "経度": 135.16065, "url": "https://www.iryou.teikyouseido.mhlw.go.jp/znk-web/juminkanja/S2430/initialize?prefCd=26&kikanCd=2652001693&kikanKbn=5", "url2": "http://www.godai.net", "内容": "ゴダイ薬局　岩滝店【5:薬局】京都府与謝郡与謝野町字男山１４２－１" }, "geometry": { "type": "Point", "coordinates": [ 135.16065, 35.572686 ] } },
{ "type": "Feature", "properties": { "ID": 2652652001694.0, "正式名称": "なの花薬局京都北大路店", "機関区分": 5, "都道府県コード": 26, "市区町村コード": 101, "所在地": "京都府京都市北区小山板倉町５０", "緯度": 35.04653, "経度": 135.756403, "url": "https://www.iryou.teikyouseido.mhlw.go.jp/znk-web/juminkanja/S2430/initialize?prefCd=26&kikanCd=2652001694&kikanKbn=5", "url2": null, "内容": "なの花薬局京都北大路店【5:薬局】京都府京都市北区小山板倉町５０" }, "geometry": { "type": "Point", "coordinates": [ 135.756403, 35.04653 ] } },
{ "type": "Feature", "properties": { "ID": 2652652001695.0, "正式名称": "薬局ダックス長岡京井ノ内店", "機関区分": 5, "都道府県コード": 26, "市区町村コード": 209, "所在地": "京都府長岡京市井ノ内南内畑１番地", "緯度": 34.940846, "経度": 135.685914, "url": "https://www.iryou.teikyouseido.mhlw.go.jp/znk-web/juminkanja/S2430/initialize?prefCd=26&kikanCd=2652001695&kikanKbn=5", "url2": "https://www.dacs-shimizu.jp/store/%e3%83%80%e3%83%83%e3%82%af%e3%82%b9-%e9%95%b7%e5%b2%a1%e4%ba%ac%e4%ba%95%e3%83%8e%e5%86%85%e5%ba%97", "内容": "薬局ダックス長岡京井ノ内店【5:薬局】京都府長岡京市井ノ内南内畑１番地" }, "geometry": { "type": "Point", "coordinates": [ 135.685914, 34.940846 ] } },
{ "type": "Feature", "properties": { "ID": 2652652001697.0, "正式名称": "クスリのアオキ東舞鶴薬局", "機関区分": 5, "都道府県コード": 26, "市区町村コード": 202, "所在地": "京都府舞鶴市浜８８番地", "緯度": 35.477228, "経度": 135.396968, "url": "https://www.iryou.teikyouseido.mhlw.go.jp/znk-web/juminkanja/S2430/initialize?prefCd=26&kikanCd=2652001697&kikanKbn=5", "url2": "https://www.kusuri-aoki.co.jp/", "内容": "クスリのアオキ東舞鶴薬局【5:薬局】京都府舞鶴市浜８８番地" }, "geometry": { "type": "Point", "coordinates": [ 135.396968, 35.477228 ] } },
{ "type": "Feature", "properties": { "ID": 2652652001698.0, "正式名称": "薬局ダックス　西京桂東店", "機関区分": 5, "都道府県コード": 26, "市区町村コード": 111, "所在地": "京都府京都市西京区桂西滝川町６６番地", "緯度": 34.979342, "経度": 135.71166, "url": "https://www.iryou.teikyouseido.mhlw.go.jp/znk-web/juminkanja/S2430/initialize?prefCd=26&kikanCd=2652001698&kikanKbn=5", "url2": "https://store.welcia.co.jp/welcia/spot/detail?code=3863D&category=03", "内容": "薬局ダックス　西京桂東店【5:薬局】京都府京都市西京区桂西滝川町６６番地" }, "geometry": { "type": "Point", "coordinates": [ 135.71166, 34.979342 ] } },
{ "type": "Feature", "properties": { "ID": 2652652001699.0, "正式名称": "二条西洞院ゆう薬局", "機関区分": 5, "都道府県コード": 26, "市区町村コード": 104, "所在地": "京都府京都市中京区押小路通西洞院西入二条西洞院町６３０番地４　１階", "緯度": 35.012284, "経度": 135.755043, "url": "https://www.iryou.teikyouseido.mhlw.go.jp/znk-web/juminkanja/S2430/initialize?prefCd=26&kikanCd=2652001699&kikanKbn=5", "url2": "https://www.uno-upd.co.jp/store/nakagyouku/19837/", "内容": "二条西洞院ゆう薬局【5:薬局】京都府京都市中京区押小路通西洞院西入二条西洞院町６３０番地４　１階" }, "geometry": { "type": "Point", "coordinates": [ 135.755043, 35.012284 ] } },
{ "type": "Feature", "properties": { "ID": 2652652001700.0, "正式名称": "宝ヶ池ゆう薬局", "機関区分": 5, "都道府県コード": 26, "市区町村コード": 103, "所在地": "京都府京都市左京区上高野車地町１３９宝ヶ池クリニックモール１Ｆ", "緯度": 35.062911, "経度": 135.792097, "url": "https://www.iryou.teikyouseido.mhlw.go.jp/znk-web/juminkanja/S2430/initialize?prefCd=26&kikanCd=2652001700&kikanKbn=5", "url2": "https://www.uno-upd.co.jp/store/sakyoku/19891/", "内容": "宝ヶ池ゆう薬局【5:薬局】京都府京都市左京区上高野車地町１３９宝ヶ池クリニックモール１Ｆ" }, "geometry": { "type": "Point", "coordinates": [ 135.792097, 35.062911 ] } },
{ "type": "Feature", "properties": { "ID": 2652652001704.0, "正式名称": "キリン堂薬局　宇治市役所前店", "機関区分": 5, "都道府県コード": 26, "市区町村コード": 204, "所在地": "京都府宇治市宇治下居２０番１", "緯度": 34.884108, "経度": 135.800525, "url": "https://www.iryou.teikyouseido.mhlw.go.jp/znk-web/juminkanja/S2430/initialize?prefCd=26&kikanCd=2652001704&kikanKbn=5", "url2": null, "内容": "キリン堂薬局　宇治市役所前店【5:薬局】京都府宇治市宇治下居２０番１" }, "geometry": { "type": "Point", "coordinates": [ 135.800525, 34.884108 ] } },
{ "type": "Feature", "properties": { "ID": 2652652001705.0, "正式名称": "なごみ薬局", "機関区分": 5, "都道府県コード": 26, "市区町村コード": 202, "所在地": "京都府舞鶴市七条中町６－４", "緯度": 35.461002, "経度": 135.396202, "url": "https://www.iryou.teikyouseido.mhlw.go.jp/znk-web/juminkanja/S2430/initialize?prefCd=26&kikanCd=2652001705&kikanKbn=5", "url2": null, "内容": "なごみ薬局【5:薬局】京都府舞鶴市七条中町６－４" }, "geometry": { "type": "Point", "coordinates": [ 135.396202, 35.461002 ] } },
{ "type": "Feature", "properties": { "ID": 2652652001706.0, "正式名称": "薬局ダックス左京浄土寺店", "機関区分": 5, "都道府県コード": 26, "市区町村コード": 103, "所在地": "京都府京都市左京区浄土寺馬場町６８番地１", "緯度": 35.023117, "経度": 135.792762, "url": "https://www.iryou.teikyouseido.mhlw.go.jp/znk-web/juminkanja/S2430/initialize?prefCd=26&kikanCd=2652001706&kikanKbn=5", "url2": "https://x.gd/RWk5h", "内容": "薬局ダックス左京浄土寺店【5:薬局】京都府京都市左京区浄土寺馬場町６８番地１" }, "geometry": { "type": "Point", "coordinates": [ 135.792762, 35.023117 ] } },
{ "type": "Feature", "properties": { "ID": 2652652001707.0, "正式名称": "こころ薬局　三条店", "機関区分": 5, "都道府県コード": 26, "市区町村コード": 104, "所在地": "京都府京都市中京区三条通高倉東入桝屋町５７番地京都三条ビル２階", "緯度": 35.008812, "経度": 135.762848, "url": "https://www.iryou.teikyouseido.mhlw.go.jp/znk-web/juminkanja/S2430/initialize?prefCd=26&kikanCd=2652001707&kikanKbn=5", "url2": null, "内容": "こころ薬局　三条店【5:薬局】京都府京都市中京区三条通高倉東入桝屋町５７番地京都三条ビル２階" }, "geometry": { "type": "Point", "coordinates": [ 135.762848, 35.008812 ] } },
{ "type": "Feature", "properties": { "ID": 2652652001708.0, "正式名称": "まつかぜ薬局", "機関区分": 5, "都道府県コード": 26, "市区町村コード": 111, "所在地": "京都府京都市西京区桂坤町３０番地１　１階", "緯度": 34.981536, "経度": 135.698022, "url": "https://www.iryou.teikyouseido.mhlw.go.jp/znk-web/juminkanja/S2430/initialize?prefCd=26&kikanCd=2652001708&kikanKbn=5", "url2": null, "内容": "まつかぜ薬局【5:薬局】京都府京都市西京区桂坤町３０番地１　１階" }, "geometry": { "type": "Point", "coordinates": [ 135.698022, 34.981536 ] } },
{ "type": "Feature", "properties": { "ID": 2652652001709.0, "正式名称": "かつま薬局", "機関区分": 5, "都道府県コード": 26, "市区町村コード": 102, "所在地": "京都府京都市上京区千本通中立売下る亀屋町６０番地", "緯度": 35.024532, "経度": 135.742266, "url": "https://www.iryou.teikyouseido.mhlw.go.jp/znk-web/juminkanja/S2430/initialize?prefCd=26&kikanCd=2652001709&kikanKbn=5", "url2": null, "内容": "かつま薬局【5:薬局】京都府京都市上京区千本通中立売下る亀屋町６０番地" }, "geometry": { "type": "Point", "coordinates": [ 135.742266, 35.024532 ] } },
{ "type": "Feature", "properties": { "ID": 2652652001711.0, "正式名称": "河原町丸太町ゆう薬局", "機関区分": 5, "都道府県コード": 26, "市区町村コード": 102, "所在地": "京都府京都市上京区新烏丸通丸太町上る信富町３３１番地カルム御所南１階", "緯度": 35.017395, "経度": 135.768486, "url": "https://www.iryou.teikyouseido.mhlw.go.jp/znk-web/juminkanja/S2430/initialize?prefCd=26&kikanCd=2652001711&kikanKbn=5", "url2": "https://www.uno-upd.co.jp/", "内容": "河原町丸太町ゆう薬局【5:薬局】京都府京都市上京区新烏丸通丸太町上る信富町３３１番地カルム御所南１階" }, "geometry": { "type": "Point", "coordinates": [ 135.768486, 35.017395 ] } },
{ "type": "Feature", "properties": { "ID": 2652652001712.0, "正式名称": "コクミン薬局　フレスト松井山手店", "機関区分": 5, "都道府県コード": 26, "市区町村コード": 211, "所在地": "京都府京田辺市山手中央２番３フレスト松井山手店北棟（北－Ｂ）", "緯度": 34.832946, "経度": 135.726787, "url": "https://www.iryou.teikyouseido.mhlw.go.jp/znk-web/juminkanja/S2430/initialize?prefCd=26&kikanCd=2652001712&kikanKbn=5", "url2": "https://www.kokumin.co.jp/", "内容": "コクミン薬局　フレスト松井山手店【5:薬局】京都府京田辺市山手中央２番３フレスト松井山手店北棟（北－Ｂ）" }, "geometry": { "type": "Point", "coordinates": [ 135.726787, 34.832946 ] } },
{ "type": "Feature", "properties": { "ID": 2652652001713.0, "正式名称": "ユタカ薬局フレスポ福知山", "機関区分": 5, "都道府県コード": 26, "市区町村コード": 201, "所在地": "京都府福知山市字篠尾１１５番７　フレスポ福知山１Ｆ", "緯度": 35.297742, "経度": 135.111611, "url": "https://www.iryou.teikyouseido.mhlw.go.jp/znk-web/juminkanja/S2430/initialize?prefCd=26&kikanCd=2652001713&kikanKbn=5", "url2": "https://www.d-yutaka.co.jp/shop/238.html", "内容": "ユタカ薬局フレスポ福知山【5:薬局】京都府福知山市字篠尾１１５番７　フレスポ福知山１Ｆ" }, "geometry": { "type": "Point", "coordinates": [ 135.111611, 35.297742 ] } },
{ "type": "Feature", "properties": { "ID": 2652652001714.0, "正式名称": "サンドラッグフォレストモール京田辺薬局", "機関区分": 5, "都道府県コード": 26, "市区町村コード": 211, "所在地": "京都府京田辺市同志社山手１－１－１", "緯度": 34.792697, "経度": 135.774607, "url": "https://www.iryou.teikyouseido.mhlw.go.jp/znk-web/juminkanja/S2430/initialize?prefCd=26&kikanCd=2652001714&kikanKbn=5", "url2": "https://sundrug-online.com/blogs/search-store/5917", "内容": "サンドラッグフォレストモール京田辺薬局【5:薬局】京都府京田辺市同志社山手１－１－１" }, "geometry": { "type": "Point", "coordinates": [ 135.774607, 34.792697 ] } },
{ "type": "Feature", "properties": { "ID": 2652652001715.0, "正式名称": "薬局ダックス亀岡夕日ケ丘店", "機関区分": 5, "都道府県コード": 26, "市区町村コード": 206, "所在地": "京都府亀岡市篠町夕日ケ丘四丁目１番地１", "緯度": 34.997811, "経度": 135.607195, "url": "https://www.iryou.teikyouseido.mhlw.go.jp/znk-web/juminkanja/S2430/initialize?prefCd=26&kikanCd=2652001715&kikanKbn=5", "url2": "http://www.dacs-shimizu.jp", "内容": "薬局ダックス亀岡夕日ケ丘店【5:薬局】京都府亀岡市篠町夕日ケ丘四丁目１番地１" }, "geometry": { "type": "Point", "coordinates": [ 135.607195, 34.997811 ] } },
{ "type": "Feature", "properties": { "ID": 2652652001716.0, "正式名称": "在宅支援みさ薬局　おうばく店", "機関区分": 5, "都道府県コード": 26, "市区町村コード": 204, "所在地": "京都府宇治市五ケ庄一番割７３番１", "緯度": 34.907796, "経度": 135.807822, "url": "https://www.iryou.teikyouseido.mhlw.go.jp/znk-web/juminkanja/S2430/initialize?prefCd=26&kikanCd=2652001716&kikanKbn=5", "url2": null, "内容": "在宅支援みさ薬局　おうばく店【5:薬局】京都府宇治市五ケ庄一番割７３番１" }, "geometry": { "type": "Point", "coordinates": [ 135.807822, 34.907796 ] } },
{ "type": "Feature", "properties": { "ID": 2652652001717.0, "正式名称": "わかくさ薬局丹波橋店", "機関区分": 5, "都道府県コード": 26, "市区町村コード": 109, "所在地": "京都府京都市伏見区新町十丁目３６４番地１", "緯度": 34.939728, "経度": 135.763754, "url": "https://www.iryou.teikyouseido.mhlw.go.jp/znk-web/juminkanja/S2430/initialize?prefCd=26&kikanCd=2652001717&kikanKbn=5", "url2": "https://wakakusa-ph.co.jp/tanbabashi.html", "内容": "わかくさ薬局丹波橋店【5:薬局】京都府京都市伏見区新町十丁目３６４番地１" }, "geometry": { "type": "Point", "coordinates": [ 135.763754, 34.939728 ] } },
{ "type": "Feature", "properties": { "ID": 2652652001718.0, "正式名称": "そうごう薬局　京都醍醐店", "機関区分": 5, "都道府県コード": 26, "市区町村コード": 110, "所在地": "京都府京都市山科区勧修寺閑林寺８３番地６", "緯度": 34.955958, "経度": 135.811458, "url": "https://www.iryou.teikyouseido.mhlw.go.jp/znk-web/juminkanja/S2430/initialize?prefCd=26&kikanCd=2652001718&kikanKbn=5", "url2": null, "内容": "そうごう薬局　京都醍醐店【5:薬局】京都府京都市山科区勧修寺閑林寺８３番地６" }, "geometry": { "type": "Point", "coordinates": [ 135.811458, 34.955958 ] } },
{ "type": "Feature", "properties": { "ID": 2652652001719.0, "正式名称": "スギ薬局　在宅調剤センター京都伏見店", "機関区分": 5, "都道府県コード": 26, "市区町村コード": 109, "所在地": "京都府京都市伏見区竹田田中宮町１２番地", "緯度": 34.949735, "経度": 135.752963, "url": "https://www.iryou.teikyouseido.mhlw.go.jp/znk-web/juminkanja/S2430/initialize?prefCd=26&kikanCd=2652001719&kikanKbn=5", "url2": "http://www.drug-sugi.co.jp/", "内容": "スギ薬局　在宅調剤センター京都伏見店【5:薬局】京都府京都市伏見区竹田田中宮町１２番地" }, "geometry": { "type": "Point", "coordinates": [ 135.752963, 34.949735 ] } },
{ "type": "Feature", "properties": { "ID": 2652652001720.0, "正式名称": "カリン薬局", "機関区分": 5, "都道府県コード": 26, "市区町村コード": 106, "所在地": "京都府京都市下京区七条御所ノ内本町６９シティオ西大路１０１", "緯度": 34.984731, "経度": 135.732297, "url": "https://www.iryou.teikyouseido.mhlw.go.jp/znk-web/juminkanja/S2430/initialize?prefCd=26&kikanCd=2652001720&kikanKbn=5", "url2": "https://ph-karin.com/", "内容": "カリン薬局【5:薬局】京都府京都市下京区七条御所ノ内本町６９シティオ西大路１０１" }, "geometry": { "type": "Point", "coordinates": [ 135.732297, 34.984731 ] } },
{ "type": "Feature", "properties": { "ID": 2652652001721.0, "正式名称": "健幸薬局　京都駅前ＬＡＢＯ", "機関区分": 5, "都道府県コード": 26, "市区町村コード": 107, "所在地": "京都府京都市南区東九条上殿田町４０番地６上殿田ビル１階", "緯度": 34.982954, "経度": 135.759544, "url": "https://www.iryou.teikyouseido.mhlw.go.jp/znk-web/juminkanja/S2430/initialize?prefCd=26&kikanCd=2652001721&kikanKbn=5", "url2": null, "内容": "健幸薬局　京都駅前ＬＡＢＯ【5:薬局】京都府京都市南区東九条上殿田町４０番地６上殿田ビル１階" }, "geometry": { "type": "Point", "coordinates": [ 135.759544, 34.982954 ] } },
{ "type": "Feature", "properties": { "ID": 2652652001722.0, "正式名称": "薬局ダックス伏見石田大山店", "機関区分": 5, "都道府県コード": 26, "市区町村コード": 109, "所在地": "京都府京都市伏見区石田大山町９７番地", "緯度": 34.93621, "経度": 135.803821, "url": "https://www.iryou.teikyouseido.mhlw.go.jp/znk-web/juminkanja/S2430/initialize?prefCd=26&kikanCd=2652001722&kikanKbn=5", "url2": "https://www.dacs-shimizu.jp/", "内容": "薬局ダックス伏見石田大山店【5:薬局】京都府京都市伏見区石田大山町９７番地" }, "geometry": { "type": "Point", "coordinates": [ 135.803821, 34.93621 ] } },
{ "type": "Feature", "properties": { "ID": 2652652001723.0, "正式名称": "薬局ダックス右京太秦東店", "機関区分": 5, "都道府県コード": 26, "市区町村コード": 108, "所在地": "京都府京都市右京区太秦森ヶ東町２６番地の３", "緯度": 35.014866, "経度": 135.71588, "url": "https://www.iryou.teikyouseido.mhlw.go.jp/znk-web/juminkanja/S2430/initialize?prefCd=26&kikanCd=2652001723&kikanKbn=5", "url2": null, "内容": "薬局ダックス右京太秦東店【5:薬局】京都府京都市右京区太秦森ヶ東町２６番地の３" }, "geometry": { "type": "Point", "coordinates": [ 135.71588, 35.014866 ] } },
{ "type": "Feature", "properties": { "ID": 2652652001724.0, "正式名称": "コスモス調剤薬局壬生松原店", "機関区分": 5, "都道府県コード": 26, "市区町村コード": 104, "所在地": "京都府京都市中京区壬生松原町６２番地４", "緯度": 34.998896, "経度": 135.739129, "url": "https://www.iryou.teikyouseido.mhlw.go.jp/znk-web/juminkanja/S2430/initialize?prefCd=26&kikanCd=2652001724&kikanKbn=5", "url2": "https://www.cosmospc.co.jp/shop/kansai/kyoto/14120.html", "内容": "コスモス調剤薬局壬生松原店【5:薬局】京都府京都市中京区壬生松原町６２番地４" }, "geometry": { "type": "Point", "coordinates": [ 135.739129, 34.998896 ] } },
{ "type": "Feature", "properties": { "ID": 2652652001725.0, "正式名称": "ココカラファイン薬局　東洞院店", "機関区分": 5, "都道府県コード": 26, "市区町村コード": 104, "所在地": "京都府京都市中京区阪東屋町６６６番地１階", "緯度": 35.004229, "経度": 135.761432, "url": "https://www.iryou.teikyouseido.mhlw.go.jp/znk-web/juminkanja/S2430/initialize?prefCd=26&kikanCd=2652001725&kikanKbn=5", "url2": "https://www.matsukiyococokara.com", "内容": "ココカラファイン薬局　東洞院店【5:薬局】京都府京都市中京区阪東屋町６６６番地１階" }, "geometry": { "type": "Point", "coordinates": [ 135.761432, 35.004229 ] } },
{ "type": "Feature", "properties": { "ID": 2652652001726.0, "正式名称": "淀セントラル薬局", "機関区分": 5, "都道府県コード": 26, "市区町村コード": 109, "所在地": "京都府京都市伏見区淀本町１７３－６５", "緯度": 34.906656, "経度": 135.718635, "url": "https://www.iryou.teikyouseido.mhlw.go.jp/znk-web/juminkanja/S2430/initialize?prefCd=26&kikanCd=2652001726&kikanKbn=5", "url2": "https://www.otsuka-ph.com/", "内容": "淀セントラル薬局【5:薬局】京都府京都市伏見区淀本町１７３－６５" }, "geometry": { "type": "Point", "coordinates": [ 135.718635, 34.906656 ] } },
{ "type": "Feature", "properties": { "ID": 2652652001728.0, "正式名称": "調剤薬局たちばな", "機関区分": 5, "都道府県コード": 26, "市区町村コード": 111, "所在地": "京都府京都市西京区大枝沓掛町１３番地３７９　ＭＥＤＩＣＡＬ　ＴＯＷＮ　ＫＵＴＳＵＫＡＫＥ　地下１階", "緯度": 34.975738, "経度": 135.663966, "url": "https://www.iryou.teikyouseido.mhlw.go.jp/znk-web/juminkanja/S2430/initialize?prefCd=26&kikanCd=2652001728&kikanKbn=5", "url2": "http://www.facebook.com/p.tachibana/", "内容": "調剤薬局たちばな【5:薬局】京都府京都市西京区大枝沓掛町１３番地３７９　ＭＥＤＩＣＡＬ　ＴＯＷＮ　ＫＵＴＳＵＫＡＫＥ　地下１階" }, "geometry": { "type": "Point", "coordinates": [ 135.663966, 34.975738 ] } },
{ "type": "Feature", "properties": { "ID": 2652652001730.0, "正式名称": "おおきに薬局　御所南店", "機関区分": 5, "都道府県コード": 26, "市区町村コード": 104, "所在地": "京都府京都市中京区堺町通竹屋町上る橘町８２番地２　ＴＫＨビルディング１Ｆ", "緯度": 35.0167, "経度": 135.76307, "url": "https://www.iryou.teikyouseido.mhlw.go.jp/znk-web/juminkanja/S2430/initialize?prefCd=26&kikanCd=2652001730&kikanKbn=5", "url2": "ookini-pharmacy.com", "内容": "おおきに薬局　御所南店【5:薬局】京都府京都市中京区堺町通竹屋町上る橘町８２番地２　ＴＫＨビルディング１Ｆ" }, "geometry": { "type": "Point", "coordinates": [ 135.76307, 35.0167 ] } },
{ "type": "Feature", "properties": { "ID": 2652652001732.0, "正式名称": "みやこ薬局　北花山店", "機関区分": 5, "都道府県コード": 26, "市区町村コード": 110, "所在地": "京都府京都市山科区北花山中道町３５番地４", "緯度": 34.98726, "経度": 135.801485, "url": "https://www.iryou.teikyouseido.mhlw.go.jp/znk-web/juminkanja/S2430/initialize?prefCd=26&kikanCd=2652001732&kikanKbn=5", "url2": "https://www.miyako-ph.co.jp", "内容": "みやこ薬局　北花山店【5:薬局】京都府京都市山科区北花山中道町３５番地４" }, "geometry": { "type": "Point", "coordinates": [ 135.801485, 34.98726 ] } },
{ "type": "Feature", "properties": { "ID": 2652652001733.0, "正式名称": "クスリのアオキ男山薬局", "機関区分": 5, "都道府県コード": 26, "市区町村コード": 465, "所在地": "京都府与謝郡与謝野町字男山１２６番地２", "緯度": 35.571773, "経度": 135.160468, "url": "https://www.iryou.teikyouseido.mhlw.go.jp/znk-web/juminkanja/S2430/initialize?prefCd=26&kikanCd=2652001733&kikanKbn=5", "url2": "https://www.kusuri-aoki.co.jp/", "内容": "クスリのアオキ男山薬局【5:薬局】京都府与謝郡与謝野町字男山１２６番地２" }, "geometry": { "type": "Point", "coordinates": [ 135.160468, 35.571773 ] } },
{ "type": "Feature", "properties": { "ID": 2652652001734.0, "正式名称": "薬局ダックス大山崎円明寺店", "機関区分": 5, "都道府県コード": 26, "市区町村コード": 303, "所在地": "京都府乙訓郡大山崎町円明寺鳥居前５８番", "緯度": 34.91271, "経度": 135.684804, "url": "https://www.iryou.teikyouseido.mhlw.go.jp/znk-web/juminkanja/S2430/initialize?prefCd=26&kikanCd=2652001734&kikanKbn=5", "url2": "https://store.welcia.co.jp/welcia/spot/detail?code=3909D", "内容": "薬局ダックス大山崎円明寺店【5:薬局】京都府乙訓郡大山崎町円明寺鳥居前５８番" }, "geometry": { "type": "Point", "coordinates": [ 135.684804, 34.91271 ] } },
{ "type": "Feature", "properties": { "ID": 2652652001735.0, "正式名称": "ユタカ薬局　桂坂", "機関区分": 5, "都道府県コード": 26, "市区町村コード": 111, "所在地": "京都府京都市西京区御陵大枝山町４丁目３５番地１", "緯度": 34.98298, "経度": 135.668191, "url": "https://www.iryou.teikyouseido.mhlw.go.jp/znk-web/juminkanja/S2430/initialize?prefCd=26&kikanCd=2652001735&kikanKbn=5", "url2": "https://www.d-yutaka.co.jp/shop/5768.html", "内容": "ユタカ薬局　桂坂【5:薬局】京都府京都市西京区御陵大枝山町４丁目３５番地１" }, "geometry": { "type": "Point", "coordinates": [ 135.668191, 34.98298 ] } },
{ "type": "Feature", "properties": { "ID": 2652652001736.0, "正式名称": "クスリのアオキ西舞鶴薬局", "機関区分": 5, "都道府県コード": 26, "市区町村コード": 202, "所在地": "京都府舞鶴市字引土糠ヶ坪３２９番地", "緯度": 35.44019, "経度": 135.323039, "url": "https://www.iryou.teikyouseido.mhlw.go.jp/znk-web/juminkanja/S2430/initialize?prefCd=26&kikanCd=2652001736&kikanKbn=5", "url2": "https://www.kusuri-aoki.co.jp/", "内容": "クスリのアオキ西舞鶴薬局【5:薬局】京都府舞鶴市字引土糠ヶ坪３２９番地" }, "geometry": { "type": "Point", "coordinates": [ 135.323039, 35.44019 ] } },
{ "type": "Feature", "properties": { "ID": 2652652001737.0, "正式名称": "ウエルシア薬局　精華町山田店", "機関区分": 5, "都道府県コード": 26, "市区町村コード": 366, "所在地": "京都府相楽郡精華町大字山田小字下川原２８－２", "緯度": 34.737619, "経度": 135.792081, "url": "https://www.iryou.teikyouseido.mhlw.go.jp/znk-web/juminkanja/S2430/initialize?prefCd=26&kikanCd=2652001737&kikanKbn=5", "url2": "https://stores.welcia.co.jp/6882D", "内容": "ウエルシア薬局　精華町山田店【5:薬局】京都府相楽郡精華町大字山田小字下川原２８－２" }, "geometry": { "type": "Point", "coordinates": [ 135.792081, 34.737619 ] } },
{ "type": "Feature", "properties": { "ID": 2652652001738.0, "正式名称": "グリーン薬局くにみ台", "機関区分": 5, "都道府県コード": 26, "市区町村コード": 214, "所在地": "京都府木津川市州見台３－８－５エミエール木津南１０１", "緯度": 34.718038, "経度": 135.827906, "url": "https://www.iryou.teikyouseido.mhlw.go.jp/znk-web/juminkanja/S2430/initialize?prefCd=26&kikanCd=2652001738&kikanKbn=5", "url2": "https://pharmainitia.wixsite.com/website", "内容": "グリーン薬局くにみ台【5:薬局】京都府木津川市州見台３－８－５エミエール木津南１０１" }, "geometry": { "type": "Point", "coordinates": [ 135.827906, 34.718038 ] } },
{ "type": "Feature", "properties": { "ID": 2652652001739.0, "正式名称": "あゆみ薬局　桃山南店", "機関区分": 5, "都道府県コード": 26, "市区町村コード": 109, "所在地": "京都府京都市伏見区道阿弥町１４９－３桃山クリニックビル１Ｆ", "緯度": 34.932348, "経度": 135.765824, "url": "https://www.iryou.teikyouseido.mhlw.go.jp/znk-web/juminkanja/S2430/initialize?prefCd=26&kikanCd=2652001739&kikanKbn=5", "url2": null, "内容": "あゆみ薬局　桃山南店【5:薬局】京都府京都市伏見区道阿弥町１４９－３桃山クリニックビル１Ｆ" }, "geometry": { "type": "Point", "coordinates": [ 135.765824, 34.932348 ] } },
{ "type": "Feature", "properties": { "ID": 2652652001740.0, "正式名称": "まつなし薬局　壬生店", "機関区分": 5, "都道府県コード": 26, "市区町村コード": 104, "所在地": "京都府京都市中京区壬生桧町１３番地１１", "緯度": 35.000674, "経度": 135.735212, "url": "https://www.iryou.teikyouseido.mhlw.go.jp/znk-web/juminkanja/S2430/initialize?prefCd=26&kikanCd=2652001740&kikanKbn=5", "url2": null, "内容": "まつなし薬局　壬生店【5:薬局】京都府京都市中京区壬生桧町１３番地１１" }, "geometry": { "type": "Point", "coordinates": [ 135.735212, 35.000674 ] } },
{ "type": "Feature", "properties": { "ID": 2652652001741.0, "正式名称": "キリン薬局　伏見店", "機関区分": 5, "都道府県コード": 26, "市区町村コード": 109, "所在地": "京都府京都市伏見区深草堀田町１０番地１藤の森ローズセンター２階", "緯度": 34.956851, "経度": 135.768646, "url": "https://www.iryou.teikyouseido.mhlw.go.jp/znk-web/juminkanja/S2430/initialize?prefCd=26&kikanCd=2652001741&kikanKbn=5", "url2": "https://taiseimedical-service.jp/", "内容": "キリン薬局　伏見店【5:薬局】京都府京都市伏見区深草堀田町１０番地１藤の森ローズセンター２階" }, "geometry": { "type": "Point", "coordinates": [ 135.768646, 34.956851 ] } },
{ "type": "Feature", "properties": { "ID": 2652652001743.0, "正式名称": "コーナン薬局", "機関区分": 5, "都道府県コード": 26, "市区町村コード": 203, "所在地": "京都府綾部市高津町三反田９番３号", "緯度": 35.304049, "経度": 135.205226, "url": "https://www.iryou.teikyouseido.mhlw.go.jp/znk-web/juminkanja/S2430/initialize?prefCd=26&kikanCd=2652001743&kikanKbn=5", "url2": "https://konan-pharmacy.com/", "内容": "コーナン薬局【5:薬局】京都府綾部市高津町三反田９番３号" }, "geometry": { "type": "Point", "coordinates": [ 135.205226, 35.304049 ] } },
{ "type": "Feature", "properties": { "ID": 2652652001744.0, "正式名称": "しみん薬局", "機関区分": 5, "都道府県コード": 26, "市区町村コード": 203, "所在地": "京都府綾部市青野町大塚７７－２", "緯度": 35.307949, "経度": 135.254329, "url": "https://www.iryou.teikyouseido.mhlw.go.jp/znk-web/juminkanja/S2430/initialize?prefCd=26&kikanCd=2652001744&kikanKbn=5", "url2": "https://konan-pharmacy.com/privacy/", "内容": "しみん薬局【5:薬局】京都府綾部市青野町大塚７７－２" }, "geometry": { "type": "Point", "coordinates": [ 135.254329, 35.307949 ] } },
{ "type": "Feature", "properties": { "ID": 2652652001745.0, "正式名称": "東寺ゆう薬局", "機関区分": 5, "都道府県コード": 26, "市区町村コード": 107, "所在地": "京都府京都市南区西九条比永城町１０５番地第一大宮ハイツ１階", "緯度": 34.9769225, "経度": 135.748878, "url": "https://www.iryou.teikyouseido.mhlw.go.jp/znk-web/juminkanja/S2430/initialize?prefCd=26&kikanCd=2652001745&kikanKbn=5", "url2": "https://www.uno-upd.co.jp/store/minamiku/20652/", "内容": "東寺ゆう薬局【5:薬局】京都府京都市南区西九条比永城町１０５番地第一大宮ハイツ１階" }, "geometry": { "type": "Point", "coordinates": [ 135.748878, 34.9769225 ] } },
{ "type": "Feature", "properties": { "ID": 2652652001746.0, "正式名称": "網野ゆう薬局", "機関区分": 5, "都道府県コード": 26, "市区町村コード": 212, "所在地": "京都府京丹後市網野町網野小字福田後９９－９", "緯度": 35.676532, "経度": 135.026711, "url": "https://www.iryou.teikyouseido.mhlw.go.jp/znk-web/juminkanja/S2430/initialize?prefCd=26&kikanCd=2652001746&kikanKbn=5", "url2": "https://www.uno-upd.co.jp/store/kyoutangoshi/20700/", "内容": "網野ゆう薬局【5:薬局】京都府京丹後市網野町網野小字福田後９９－９" }, "geometry": { "type": "Point", "coordinates": [ 135.026711, 35.676532 ] } },
{ "type": "Feature", "properties": { "ID": 2652652001747.0, "正式名称": "りんご薬局　山科店", "機関区分": 5, "都道府県コード": 26, "市区町村コード": 110, "所在地": "京都府京都市山科区御陵鳥ノ向町２０番地４クリニックモール山科ＡＴ１階", "緯度": 34.991702, "経度": 135.81427, "url": "https://www.iryou.teikyouseido.mhlw.go.jp/znk-web/juminkanja/S2430/initialize?prefCd=26&kikanCd=2652001747&kikanKbn=5", "url2": null, "内容": "りんご薬局　山科店【5:薬局】京都府京都市山科区御陵鳥ノ向町２０番地４クリニックモール山科ＡＴ１階" }, "geometry": { "type": "Point", "coordinates": [ 135.81427, 34.991702 ] } },
{ "type": "Feature", "properties": { "ID": 2652652001748.0, "正式名称": "オリーヴ薬局", "機関区分": 5, "都道府県コード": 26, "市区町村コード": 101, "所在地": "京都府京都市北区紫竹西大門町２９番地３", "緯度": 35.051576, "経度": 135.744277, "url": "https://www.iryou.teikyouseido.mhlw.go.jp/znk-web/juminkanja/S2430/initialize?prefCd=26&kikanCd=2652001748&kikanKbn=5", "url2": "https://olivepharmacies.com/", "内容": "オリーヴ薬局【5:薬局】京都府京都市北区紫竹西大門町２９番地３" }, "geometry": { "type": "Point", "coordinates": [ 135.744277, 35.051576 ] } },
{ "type": "Feature", "properties": { "ID": 2652652001749.0, "正式名称": "はなちゃん薬局　京都店", "機関区分": 5, "都道府県コード": 26, "市区町村コード": 111, "所在地": "京都府京都市西京区上桂森下町１番１０８　１階", "緯度": 34.986672, "経度": 135.693087, "url": "https://www.iryou.teikyouseido.mhlw.go.jp/znk-web/juminkanja/S2430/initialize?prefCd=26&kikanCd=2652001749&kikanKbn=5", "url2": "https://hanachan-yakkyoku.com/", "内容": "はなちゃん薬局　京都店【5:薬局】京都府京都市西京区上桂森下町１番１０８　１階" }, "geometry": { "type": "Point", "coordinates": [ 135.693087, 34.986672 ] } },
{ "type": "Feature", "properties": { "ID": 2652652001750.0, "正式名称": "キリン堂薬局　上賀茂店", "機関区分": 5, "都道府県コード": 26, "市区町村コード": 101, "所在地": "京都府京都市北区上賀茂荒草町７３", "緯度": 35.054304, "経度": 135.757985, "url": "https://www.iryou.teikyouseido.mhlw.go.jp/znk-web/juminkanja/S2430/initialize?prefCd=26&kikanCd=2652001750&kikanKbn=5", "url2": null, "内容": "キリン堂薬局　上賀茂店【5:薬局】京都府京都市北区上賀茂荒草町７３" }, "geometry": { "type": "Point", "coordinates": [ 135.757985, 35.054304 ] } },
{ "type": "Feature", "properties": { "ID": 2652652001751.0, "正式名称": "薬局日本メディカルシステム四条烏丸店", "機関区分": 5, "都道府県コード": 26, "市区町村コード": 104, "所在地": "京都府京都市中京区七観音町６３０読売京都ビル１Ｆ", "緯度": 35.006972, "経度": 135.759947, "url": "https://www.iryou.teikyouseido.mhlw.go.jp/znk-web/juminkanja/S2430/initialize?prefCd=26&kikanCd=2652001751&kikanKbn=5", "url2": "https://www.jmsys.co.jp/pharmacy/shop-detail_315/", "内容": "薬局日本メディカルシステム四条烏丸店【5:薬局】京都府京都市中京区七観音町６３０読売京都ビル１Ｆ" }, "geometry": { "type": "Point", "coordinates": [ 135.759947, 35.006972 ] } },
{ "type": "Feature", "properties": { "ID": 2652652001752.0, "正式名称": "わかくさ薬局桂川店", "機関区分": 5, "都道府県コード": 26, "市区町村コード": 111, "所在地": "京都府京都市西京区下津林南大般若町３７番地　リペアス下津林ビル１階", "緯度": 34.974972, "経度": 135.713605, "url": "https://www.iryou.teikyouseido.mhlw.go.jp/znk-web/juminkanja/S2430/initialize?prefCd=26&kikanCd=2652001752&kikanKbn=5", "url2": "https://wakakusa-ph.co.jp/katsuragawa.html", "内容": "わかくさ薬局桂川店【5:薬局】京都府京都市西京区下津林南大般若町３７番地　リペアス下津林ビル１階" }, "geometry": { "type": "Point", "coordinates": [ 135.713605, 34.974972 ] } },
{ "type": "Feature", "properties": { "ID": 2652652001753.0, "正式名称": "壬生こと薬局", "機関区分": 5, "都道府県コード": 26, "市区町村コード": 104, "所在地": "京都府京都市中京区壬生森町５６番地１９", "緯度": 35.003772, "経度": 135.737189, "url": "https://www.iryou.teikyouseido.mhlw.go.jp/znk-web/juminkanja/S2430/initialize?prefCd=26&kikanCd=2652001753&kikanKbn=5", "url2": "https://lake-ph.com", "内容": "壬生こと薬局【5:薬局】京都府京都市中京区壬生森町５６番地１９" }, "geometry": { "type": "Point", "coordinates": [ 135.737189, 35.003772 ] } },
{ "type": "Feature", "properties": { "ID": 2652652001754.0, "正式名称": "株式会社こぐま薬局　御所西", "機関区分": 5, "都道府県コード": 26, "市区町村コード": 104, "所在地": "京都府京都市中京区常真横町１８８番地１小泉ビル１階", "緯度": 35.017523, "経度": 135.758762, "url": "https://www.iryou.teikyouseido.mhlw.go.jp/znk-web/juminkanja/S2430/initialize?prefCd=26&kikanCd=2652001754&kikanKbn=5", "url2": null, "内容": "株式会社こぐま薬局　御所西【5:薬局】京都府京都市中京区常真横町１８８番地１小泉ビル１階" }, "geometry": { "type": "Point", "coordinates": [ 135.758762, 35.017523 ] } },
{ "type": "Feature", "properties": { "ID": 2652652001755.0, "正式名称": "平井常榮堂薬局", "機関区分": 5, "都道府県コード": 26, "市区町村コード": 103, "所在地": "京都府京都市左京区高野西開町２１番地５", "緯度": 35.038137, "経度": 135.778528, "url": "https://www.iryou.teikyouseido.mhlw.go.jp/znk-web/juminkanja/S2430/initialize?prefCd=26&kikanCd=2652001755&kikanKbn=5", "url2": "jyoeido.net", "内容": "平井常榮堂薬局【5:薬局】京都府京都市左京区高野西開町２１番地５" }, "geometry": { "type": "Point", "coordinates": [ 135.778528, 35.038137 ] } },
{ "type": "Feature", "properties": { "ID": 2652652001756.0, "正式名称": "ココカラファイン薬局　有栖川店", "機関区分": 5, "都道府県コード": 26, "市区町村コード": 108, "所在地": "京都府京都市右京区嵯峨明星町１番地", "緯度": 35.01403, "経度": 135.69184, "url": "https://www.iryou.teikyouseido.mhlw.go.jp/znk-web/juminkanja/S2430/initialize?prefCd=26&kikanCd=2652001756&kikanKbn=5", "url2": "https://www.matsukiyococokara-online.com/map?kid=20002701", "内容": "ココカラファイン薬局　有栖川店【5:薬局】京都府京都市右京区嵯峨明星町１番地" }, "geometry": { "type": "Point", "coordinates": [ 135.69184, 35.01403 ] } },
{ "type": "Feature", "properties": { "ID": 2652652001757.0, "正式名称": "ほうめい薬局　南店", "機関区分": 5, "都道府県コード": 26, "市区町村コード": 109, "所在地": "京都府京都市伏見区深草直違橋９丁目１８３－１", "緯度": 34.963006, "経度": 135.771256, "url": "https://www.iryou.teikyouseido.mhlw.go.jp/znk-web/juminkanja/S2430/initialize?prefCd=26&kikanCd=2652001757&kikanKbn=5", "url2": null, "内容": "ほうめい薬局　南店【5:薬局】京都府京都市伏見区深草直違橋９丁目１８３－１" }, "geometry": { "type": "Point", "coordinates": [ 135.771256, 34.963006 ] } },
{ "type": "Feature", "properties": { "ID": 2652652001758.0, "正式名称": "ほうめい薬局　ふじのもり店", "機関区分": 5, "都道府県コード": 26, "市区町村コード": 109, "所在地": "京都府京都市伏見区深草直違橋四丁目３６０", "緯度": 34.957792, "経度": 135.771097, "url": "https://www.iryou.teikyouseido.mhlw.go.jp/znk-web/juminkanja/S2430/initialize?prefCd=26&kikanCd=2652001758&kikanKbn=5", "url2": null, "内容": "ほうめい薬局　ふじのもり店【5:薬局】京都府京都市伏見区深草直違橋四丁目３６０" }, "geometry": { "type": "Point", "coordinates": [ 135.771097, 34.957792 ] } },
{ "type": "Feature", "properties": { "ID": 2652652001760.0, "正式名称": "キリン堂薬局　桂病院前店", "機関区分": 5, "都道府県コード": 26, "市区町村コード": 111, "所在地": "京都府京都市西京区山田平尾町６－１５", "緯度": 34.982499, "経度": 135.688561, "url": "https://www.iryou.teikyouseido.mhlw.go.jp/znk-web/juminkanja/S2430/initialize?prefCd=26&kikanCd=2652001760&kikanKbn=5", "url2": "https://www.kirindo-shop.com/manage/shop/RX1218.html", "内容": "キリン堂薬局　桂病院前店【5:薬局】京都府京都市西京区山田平尾町６－１５" }, "geometry": { "type": "Point", "coordinates": [ 135.688561, 34.982499 ] } },
{ "type": "Feature", "properties": { "ID": 2652652001761.0, "正式名称": "あい薬局", "機関区分": 5, "都道府県コード": 26, "市区町村コード": 104, "所在地": "京都府京都市中京区西ノ京北壺井町６８　サーティフル新二条１階", "緯度": 35.015362, "経度": 135.729707, "url": "https://www.iryou.teikyouseido.mhlw.go.jp/znk-web/juminkanja/S2430/initialize?prefCd=26&kikanCd=2652001761&kikanKbn=5", "url2": "https://www.d-yutaka.co.jp/shop/15002.html", "内容": "あい薬局【5:薬局】京都府京都市中京区西ノ京北壺井町６８　サーティフル新二条１階" }, "geometry": { "type": "Point", "coordinates": [ 135.729707, 35.015362 ] } },
{ "type": "Feature", "properties": { "ID": 2652652001762.0, "正式名称": "三条まりも薬局", "機関区分": 5, "都道府県コード": 26, "市区町村コード": 105, "所在地": "京都府京都市東山区大橋町１０２番地田中ビル１階", "緯度": 35.00942, "経度": 135.773396, "url": "https://www.iryou.teikyouseido.mhlw.go.jp/znk-web/juminkanja/S2430/initialize?prefCd=26&kikanCd=2652001762&kikanKbn=5", "url2": null, "内容": "三条まりも薬局【5:薬局】京都府京都市東山区大橋町１０２番地田中ビル１階" }, "geometry": { "type": "Point", "coordinates": [ 135.773396, 35.00942 ] } },
{ "type": "Feature", "properties": { "ID": 2652652001764.0, "正式名称": "わかくさ薬局　伏見店", "機関区分": 5, "都道府県コード": 26, "市区町村コード": 109, "所在地": "京都府京都市伏見区深草西伊達町８７番地５５", "緯度": 34.954975, "経度": 135.773562, "url": "https://www.iryou.teikyouseido.mhlw.go.jp/znk-web/juminkanja/S2430/initialize?prefCd=26&kikanCd=2652001764&kikanKbn=5", "url2": "wakakusa-ph.co.jp", "内容": "わかくさ薬局　伏見店【5:薬局】京都府京都市伏見区深草西伊達町８７番地５５" }, "geometry": { "type": "Point", "coordinates": [ 135.773562, 34.954975 ] } },
{ "type": "Feature", "properties": { "ID": 2652652001765.0, "正式名称": "キリン堂薬局木幡池店", "機関区分": 5, "都道府県コード": 26, "市区町村コード": 204, "所在地": "京都府宇治市木幡熊小路３８－３３", "緯度": 34.926714, "経度": 135.791984, "url": "https://www.iryou.teikyouseido.mhlw.go.jp/znk-web/juminkanja/S2430/initialize?prefCd=26&kikanCd=2652001765&kikanKbn=5", "url2": "https://www.kirindo-shop.com/manage/shop/DG0608.html", "内容": "キリン堂薬局木幡池店【5:薬局】京都府宇治市木幡熊小路３８－３３" }, "geometry": { "type": "Point", "coordinates": [ 135.791984, 34.926714 ] } },
{ "type": "Feature", "properties": { "ID": 2652652001766.0, "正式名称": "健伸堂薬局　京都四条店", "機関区分": 5, "都道府県コード": 26, "市区町村コード": 106, "所在地": "京都府京都市下京区竹屋之町２６５ヒトミビル１階", "緯度": 35.00256, "経度": 135.7599, "url": "https://www.iryou.teikyouseido.mhlw.go.jp/znk-web/juminkanja/S2430/initialize?prefCd=26&kikanCd=2652001766&kikanKbn=5", "url2": "https://www.kanpou.info/", "内容": "健伸堂薬局　京都四条店【5:薬局】京都府京都市下京区竹屋之町２６５ヒトミビル１階" }, "geometry": { "type": "Point", "coordinates": [ 135.7599, 35.00256 ] } },
{ "type": "Feature", "properties": { "ID": 2652652001767.0, "正式名称": "キリン堂薬局　くいな橋店", "機関区分": 5, "都道府県コード": 26, "市区町村コード": 109, "所在地": "京都府京都市伏見区竹田久保町６１ー１", "緯度": 34.963003, "経度": 135.761502, "url": "https://www.iryou.teikyouseido.mhlw.go.jp/znk-web/juminkanja/S2430/initialize?prefCd=26&kikanCd=2652001767&kikanKbn=5", "url2": null, "内容": "キリン堂薬局　くいな橋店【5:薬局】京都府京都市伏見区竹田久保町６１ー１" }, "geometry": { "type": "Point", "coordinates": [ 135.761502, 34.963003 ] } },
{ "type": "Feature", "properties": { "ID": 2652652001768.0, "正式名称": "調剤薬局マリーン上桂店", "機関区分": 5, "都道府県コード": 26, "市区町村コード": 111, "所在地": "京都府京都市西京区桂畑ケ田町６０番地１階", "緯度": 34.99326, "経度": 135.704515, "url": "https://www.iryou.teikyouseido.mhlw.go.jp/znk-web/juminkanja/S2430/initialize?prefCd=26&kikanCd=2652001768&kikanKbn=5", "url2": null, "内容": "調剤薬局マリーン上桂店【5:薬局】京都府京都市西京区桂畑ケ田町６０番地１階" }, "geometry": { "type": "Point", "coordinates": [ 135.704515, 34.99326 ] } },
{ "type": "Feature", "properties": { "ID": 2652652001769.0, "正式名称": "醍醐たんた薬局", "機関区分": 5, "都道府県コード": 26, "市区町村コード": 109, "所在地": "京都府京都市伏見区石田大受町３２－２まきこクリニック１Ｆ", "緯度": 34.94291, "経度": 135.806954, "url": "https://www.iryou.teikyouseido.mhlw.go.jp/znk-web/juminkanja/S2430/initialize?prefCd=26&kikanCd=2652001769&kikanKbn=5", "url2": null, "内容": "醍醐たんた薬局【5:薬局】京都府京都市伏見区石田大受町３２－２まきこクリニック１Ｆ" }, "geometry": { "type": "Point", "coordinates": [ 135.806954, 34.94291 ] } },
{ "type": "Feature", "properties": { "ID": 2652652001770.0, "正式名称": "きたしらかわ薬局", "機関区分": 5, "都道府県コード": 26, "市区町村コード": 103, "所在地": "京都府京都市左京区北白川東久保田町１１番地　皆川ビル１階", "緯度": 35.028827, "経度": 135.791632, "url": "https://www.iryou.teikyouseido.mhlw.go.jp/znk-web/juminkanja/S2430/initialize?prefCd=26&kikanCd=2652001770&kikanKbn=5", "url2": null, "内容": "きたしらかわ薬局【5:薬局】京都府京都市左京区北白川東久保田町１１番地　皆川ビル１階" }, "geometry": { "type": "Point", "coordinates": [ 135.791632, 35.028827 ] } },
{ "type": "Feature", "properties": { "ID": 2652652001772.0, "正式名称": "ワカバ堂薬局", "機関区分": 5, "都道府県コード": 26, "市区町村コード": 102, "所在地": "京都府京都市上京区泰童片原町６４５番地モンプチビル１階", "緯度": 35.027794, "経度": 135.74228, "url": "https://www.iryou.teikyouseido.mhlw.go.jp/znk-web/juminkanja/S2430/initialize?prefCd=26&kikanCd=2652001772&kikanKbn=5", "url2": "https://senbon.r-cms.jp/topics_detail4/id=76", "内容": "ワカバ堂薬局【5:薬局】京都府京都市上京区泰童片原町６４５番地モンプチビル１階" }, "geometry": { "type": "Point", "coordinates": [ 135.74228, 35.027794 ] } },
{ "type": "Feature", "properties": { "ID": 2652652001773.0, "正式名称": "薬局ダックス京都吉祥院前河原店", "機関区分": 5, "都道府県コード": 26, "市区町村コード": 107, "所在地": "京都府京都市南区吉祥院前河原町７番地１", "緯度": 34.98399, "経度": 135.725785, "url": "https://www.iryou.teikyouseido.mhlw.go.jp/znk-web/juminkanja/S2430/initialize?prefCd=26&kikanCd=2652001773&kikanKbn=5", "url2": "https://www.dacs-shimizu.jp/store/", "内容": "薬局ダックス京都吉祥院前河原店【5:薬局】京都府京都市南区吉祥院前河原町７番地１" }, "geometry": { "type": "Point", "coordinates": [ 135.725785, 34.98399 ] } },
{ "type": "Feature", "properties": { "ID": 2652652001775.0, "正式名称": "ことのは薬局みやざき", "機関区分": 5, "都道府県コード": 26, "市区町村コード": 206, "所在地": "京都府亀岡市宮前町宮川西垣内２３", "緯度": 35.039481, "経度": 135.480488, "url": "https://www.iryou.teikyouseido.mhlw.go.jp/znk-web/juminkanja/S2430/initialize?prefCd=26&kikanCd=2652001775&kikanKbn=5", "url2": "https://leaph.jp/", "内容": "ことのは薬局みやざき【5:薬局】京都府亀岡市宮前町宮川西垣内２３" }, "geometry": { "type": "Point", "coordinates": [ 135.480488, 35.039481 ] } },
{ "type": "Feature", "properties": { "ID": 2652652001776.0, "正式名称": "河原町薬局", "機関区分": 5, "都道府県コード": 26, "市区町村コード": 106, "所在地": "京都府京都市下京区河原町通松原上る清水町２８０－１", "緯度": 34.9998937, "経度": 135.7678329, "url": "https://www.iryou.teikyouseido.mhlw.go.jp/znk-web/juminkanja/S2430/initialize?prefCd=26&kikanCd=2652001776&kikanKbn=5", "url2": null, "内容": "河原町薬局【5:薬局】京都府京都市下京区河原町通松原上る清水町２８０－１" }, "geometry": { "type": "Point", "coordinates": [ 135.7678329, 34.9998937 ] } },
{ "type": "Feature", "properties": { "ID": 2652652001777.0, "正式名称": "スギ薬局　六地蔵店", "機関区分": 5, "都道府県コード": 26, "市区町村コード": 109, "所在地": "京都府京都市伏見区桃山町西尾３５番地２", "緯度": 34.93589, "経度": 135.794809, "url": "https://www.iryou.teikyouseido.mhlw.go.jp/znk-web/juminkanja/S2430/initialize?prefCd=26&kikanCd=2652001777&kikanKbn=5", "url2": "http://www.drug-sugi.co.jp/", "内容": "スギ薬局　六地蔵店【5:薬局】京都府京都市伏見区桃山町西尾３５番地２" }, "geometry": { "type": "Point", "coordinates": [ 135.794809, 34.93589 ] } },
{ "type": "Feature", "properties": { "ID": 2652652001778.0, "正式名称": "スギ薬局醍醐石田店", "機関区分": 5, "都道府県コード": 26, "市区町村コード": 109, "所在地": "京都府京都市伏見区石田内里町６０番８", "緯度": 34.939265, "経度": 135.805917, "url": "https://www.iryou.teikyouseido.mhlw.go.jp/znk-web/juminkanja/S2430/initialize?prefCd=26&kikanCd=2652001778&kikanKbn=5", "url2": "https://www.drug-sugi.co.jp", "内容": "スギ薬局醍醐石田店【5:薬局】京都府京都市伏見区石田内里町６０番８" }, "geometry": { "type": "Point", "coordinates": [ 135.805917, 34.939265 ] } },
{ "type": "Feature", "properties": { "ID": 2652652001779.0, "正式名称": "スギ薬局　今出川新町店", "機関区分": 5, "都道府県コード": 26, "市区町村コード": 102, "所在地": "京都府京都市上京区南兼康町３４２－１－１０１デ・リード御所西", "緯度": 35.02944, "経度": 135.75534, "url": "https://www.iryou.teikyouseido.mhlw.go.jp/znk-web/juminkanja/S2430/initialize?prefCd=26&kikanCd=2652001779&kikanKbn=5", "url2": "https://www.sugi-net.jp/stores/002002", "内容": "スギ薬局　今出川新町店【5:薬局】京都府京都市上京区南兼康町３４２－１－１０１デ・リード御所西" }, "geometry": { "type": "Point", "coordinates": [ 135.75534, 35.02944 ] } },
{ "type": "Feature", "properties": { "ID": 2652652001781.0, "正式名称": "フロンティア薬局阪急西院店", "機関区分": 5, "都道府県コード": 26, "市区町村コード": 108, "所在地": "京都府京都市右京区西院高山寺町１３番地　西院阪急ビル２階２０１", "緯度": 35.003238, "経度": 135.731754, "url": "https://www.iryou.teikyouseido.mhlw.go.jp/znk-web/juminkanja/S2430/initialize?prefCd=26&kikanCd=2652001781&kikanKbn=5", "url2": "https://www.frontier-ph.com", "内容": "フロンティア薬局阪急西院店【5:薬局】京都府京都市右京区西院高山寺町１３番地　西院阪急ビル２階２０１" }, "geometry": { "type": "Point", "coordinates": [ 135.731754, 35.003238 ] } },
{ "type": "Feature", "properties": { "ID": 2652652001782.0, "正式名称": "クラージュ薬局城陽店", "機関区分": 5, "都道府県コード": 26, "市区町村コード": 207, "所在地": "京都府城陽市平川鍜治塚６６－２", "緯度": 34.868141, "経度": 135.779185, "url": "https://www.iryou.teikyouseido.mhlw.go.jp/znk-web/juminkanja/S2430/initialize?prefCd=26&kikanCd=2652001782&kikanKbn=5", "url2": null, "内容": "クラージュ薬局城陽店【5:薬局】京都府城陽市平川鍜治塚６６－２" }, "geometry": { "type": "Point", "coordinates": [ 135.779185, 34.868141 ] } },
{ "type": "Feature", "properties": { "ID": 2652652001783.0, "正式名称": "クスリのアオキ中舞鶴薬局", "機関区分": 5, "都道府県コード": 26, "市区町村コード": 202, "所在地": "京都府舞鶴市字余部下１１４０番地", "緯度": 35.476642, "経度": 135.36647, "url": "https://www.iryou.teikyouseido.mhlw.go.jp/znk-web/juminkanja/S2430/initialize?prefCd=26&kikanCd=2652001783&kikanKbn=5", "url2": "https://www.kusuri-aoki.co.jp/", "内容": "クスリのアオキ中舞鶴薬局【5:薬局】京都府舞鶴市字余部下１１４０番地" }, "geometry": { "type": "Point", "coordinates": [ 135.36647, 35.476642 ] } },
{ "type": "Feature", "properties": { "ID": 2652652001784.0, "正式名称": "スギ薬局　千本一条店", "機関区分": 5, "都道府県コード": 26, "市区町村コード": 102, "所在地": "京都府京都市上京区千本一条上る泰童片原町６６５番地ハイツ千本一条１階", "緯度": 35.027057, "経度": 135.742601, "url": "https://www.iryou.teikyouseido.mhlw.go.jp/znk-web/juminkanja/S2430/initialize?prefCd=26&kikanCd=2652001784&kikanKbn=5", "url2": "http://www.drug-sugi.co.jp/", "内容": "スギ薬局　千本一条店【5:薬局】京都府京都市上京区千本一条上る泰童片原町６６５番地ハイツ千本一条１階" }, "geometry": { "type": "Point", "coordinates": [ 135.742601, 35.027057 ] } },
{ "type": "Feature", "properties": { "ID": 2652652001787.0, "正式名称": "薬局日本メディカルシステム御池店", "機関区分": 5, "都道府県コード": 26, "市区町村コード": 104, "所在地": "京都府京都市中京区上白山町２５２グランドメゾン京都御池通１階", "緯度": 35.011233, "経度": 135.765501, "url": "https://www.iryou.teikyouseido.mhlw.go.jp/znk-web/juminkanja/S2430/initialize?prefCd=26&kikanCd=2652001787&kikanKbn=5", "url2": "https://www.jmsys.co.jp/pharmacy/shop-detail_322/", "内容": "薬局日本メディカルシステム御池店【5:薬局】京都府京都市中京区上白山町２５２グランドメゾン京都御池通１階" }, "geometry": { "type": "Point", "coordinates": [ 135.765501, 35.011233 ] } },
{ "type": "Feature", "properties": { "ID": 2652652001788.0, "正式名称": "コクミン薬局　京都ＰＯＲＴＡ駅ビル店", "機関区分": 5, "都道府県コード": 26, "市区町村コード": 106, "所在地": "京都府京都市下京区東塩小路町９０１　京都駅ビル地下１階", "緯度": 34.9859008, "経度": 135.7601138, "url": "https://www.iryou.teikyouseido.mhlw.go.jp/znk-web/juminkanja/S2430/initialize?prefCd=26&kikanCd=2652001788&kikanKbn=5", "url2": "https://www.kokumin.co.jp/store/kyoto/kokumin_kyoto_porta_ekibiru.html", "内容": "コクミン薬局　京都ＰＯＲＴＡ駅ビル店【5:薬局】京都府京都市下京区東塩小路町９０１　京都駅ビル地下１階" }, "geometry": { "type": "Point", "coordinates": [ 135.7601138, 34.9859008 ] } },
{ "type": "Feature", "properties": { "ID": 2652652001789.0, "正式名称": "薬局　ニカファーマシー", "機関区分": 5, "都道府県コード": 26, "市区町村コード": 407, "所在地": "京都府船井郡京丹波町和田大下４番１号", "緯度": 35.180241, "経度": 135.373452, "url": "https://www.iryou.teikyouseido.mhlw.go.jp/znk-web/juminkanja/S2430/initialize?prefCd=26&kikanCd=2652001789&kikanKbn=5", "url2": "https://www.instagram.com/nika_pharmacy_/?igsh=MTEyZ3d4N2lzZHRnOA%3D%3D&utm_source=qr#", "内容": "薬局　ニカファーマシー【5:薬局】京都府船井郡京丹波町和田大下４番１号" }, "geometry": { "type": "Point", "coordinates": [ 135.373452, 35.180241 ] } },
{ "type": "Feature", "properties": { "ID": 2652652001791.0, "正式名称": "七本松ゆう薬局", "機関区分": 5, "都道府県コード": 26, "市区町村コード": 106, "所在地": "京都府京都市下京区西七条御領町９４番地１　１階", "緯度": 34.9906945, "経度": 135.7388618, "url": "https://www.iryou.teikyouseido.mhlw.go.jp/znk-web/juminkanja/S2430/initialize?prefCd=26&kikanCd=2652001791&kikanKbn=5", "url2": "https://www.uno-upd.co.jp/store/shimogyoku/20947/", "内容": "七本松ゆう薬局【5:薬局】京都府京都市下京区西七条御領町９４番地１　１階" }, "geometry": { "type": "Point", "coordinates": [ 135.7388618, 34.9906945 ] } },
{ "type": "Feature", "properties": { "ID": 2652652001792.0, "正式名称": "ユタカ薬局百万遍", "機関区分": 5, "都道府県コード": 26, "市区町村コード": 103, "所在地": "京都府京都市左京区吉田泉殿町１番地７", "緯度": 35.028986, "経度": 135.778539, "url": "https://www.iryou.teikyouseido.mhlw.go.jp/znk-web/juminkanja/S2430/initialize?prefCd=26&kikanCd=2652001792&kikanKbn=5", "url2": null, "内容": "ユタカ薬局百万遍【5:薬局】京都府京都市左京区吉田泉殿町１番地７" }, "geometry": { "type": "Point", "coordinates": [ 135.778539, 35.028986 ] } },
{ "type": "Feature", "properties": { "ID": 2652652001793.0, "正式名称": "エン薬局　山科川田店", "機関区分": 5, "都道府県コード": 26, "市区町村コード": 110, "所在地": "京都府京都市山科区川田菱尾田３６番地", "緯度": 34.976912, "経度": 135.798048, "url": "https://www.iryou.teikyouseido.mhlw.go.jp/znk-web/juminkanja/S2430/initialize?prefCd=26&kikanCd=2652001793&kikanKbn=5", "url2": "https://axist.co.jp", "内容": "エン薬局　山科川田店【5:薬局】京都府京都市山科区川田菱尾田３６番地" }, "geometry": { "type": "Point", "coordinates": [ 135.798048, 34.976912 ] } },
{ "type": "Feature", "properties": { "ID": 2652652001794.0, "正式名称": "あゆみ調剤薬局　西京極店", "機関区分": 5, "都道府県コード": 26, "市区町村コード": 108, "所在地": "京都府京都市右京区西京極午塚町６４番地", "緯度": 34.999294, "経度": 135.712925, "url": "https://www.iryou.teikyouseido.mhlw.go.jp/znk-web/juminkanja/S2430/initialize?prefCd=26&kikanCd=2652001794&kikanKbn=5", "url2": null, "内容": "あゆみ調剤薬局　西京極店【5:薬局】京都府京都市右京区西京極午塚町６４番地" }, "geometry": { "type": "Point", "coordinates": [ 135.712925, 34.999294 ] } },
{ "type": "Feature", "properties": { "ID": 2652652001795.0, "正式名称": "長岡天神まち薬局", "機関区分": 5, "都道府県コード": 26, "市区町村コード": 209, "所在地": "京都府長岡京市長岡２丁目１－２９　アールビル１階", "緯度": 34.927007, "経度": 135.691953, "url": "https://www.iryou.teikyouseido.mhlw.go.jp/znk-web/juminkanja/S2430/initialize?prefCd=26&kikanCd=2652001795&kikanKbn=5", "url2": "https://www.mediasone.com/", "内容": "長岡天神まち薬局【5:薬局】京都府長岡京市長岡２丁目１－２９　アールビル１階" }, "geometry": { "type": "Point", "coordinates": [ 135.691953, 34.927007 ] } },
{ "type": "Feature", "properties": { "ID": 2652652001796.0, "正式名称": "スギ薬局ファミレやわた店", "機関区分": 5, "都道府県コード": 26, "市区町村コード": 210, "所在地": "京都府八幡市八幡源氏垣外１－４ファミレ八幡２階", "緯度": 34.879594, "経度": 135.705255, "url": "https://www.iryou.teikyouseido.mhlw.go.jp/znk-web/juminkanja/S2430/initialize?prefCd=26&kikanCd=2652001796&kikanKbn=5", "url2": null, "内容": "スギ薬局ファミレやわた店【5:薬局】京都府八幡市八幡源氏垣外１－４ファミレ八幡２階" }, "geometry": { "type": "Point", "coordinates": [ 135.705255, 34.879594 ] } },
{ "type": "Feature", "properties": { "ID": 2652652001797.0, "正式名称": "きくち薬局　東野店", "機関区分": 5, "都道府県コード": 26, "市区町村コード": 110, "所在地": "京都府京都市山科区東野南井ノ上町１２番地８　１階", "緯度": 34.977923, "経度": 135.820329, "url": "https://www.iryou.teikyouseido.mhlw.go.jp/znk-web/juminkanja/S2430/initialize?prefCd=26&kikanCd=2652001797&kikanKbn=5", "url2": "https://kikuchi-pharmacy.com/", "内容": "きくち薬局　東野店【5:薬局】京都府京都市山科区東野南井ノ上町１２番地８　１階" }, "geometry": { "type": "Point", "coordinates": [ 135.820329, 34.977923 ] } },
{ "type": "Feature", "properties": { "ID": 2652652001798.0, "正式名称": "コスモス調剤薬局梅津店", "機関区分": 5, "都道府県コード": 26, "市区町村コード": 108, "所在地": "京都府京都市右京区梅津徳丸町５－１", "緯度": 35.003386, "経度": 135.697622, "url": "https://www.iryou.teikyouseido.mhlw.go.jp/znk-web/juminkanja/S2430/initialize?prefCd=26&kikanCd=2652001798&kikanKbn=5", "url2": null, "内容": "コスモス調剤薬局梅津店【5:薬局】京都府京都市右京区梅津徳丸町５－１" }, "geometry": { "type": "Point", "coordinates": [ 135.697622, 35.003386 ] } },
{ "type": "Feature", "properties": { "ID": 2652652001802.0, "正式名称": "コスモス調剤薬局松井山手店", "機関区分": 5, "都道府県コード": 26, "市区町村コード": 211, "所在地": "京都府京田辺市山手中央３−１", "緯度": 34.834732, "経度": 135.726102, "url": "https://www.iryou.teikyouseido.mhlw.go.jp/znk-web/juminkanja/S2430/initialize?prefCd=26&kikanCd=2652001802&kikanKbn=5", "url2": "https://www.cosmospc.co.jp/shop/kansai/kyoto/11662.html", "内容": "コスモス調剤薬局松井山手店【5:薬局】京都府京田辺市山手中央３−１" }, "geometry": { "type": "Point", "coordinates": [ 135.726102, 34.834732 ] } },
{ "type": "Feature", "properties": { "ID": 2652652001803.0, "正式名称": "薬局ダックス　宇治大久保田原店", "機関区分": 5, "都道府県コード": 26, "市区町村コード": 204, "所在地": "京都府宇治市大久保町田原２０番３", "緯度": 34.874096, "経度": 135.767511, "url": "https://www.iryou.teikyouseido.mhlw.go.jp/znk-web/juminkanja/S2430/initialize?prefCd=26&kikanCd=2652001803&kikanKbn=5", "url2": "https://www.dacs-shimizu.jp/", "内容": "薬局ダックス　宇治大久保田原店【5:薬局】京都府宇治市大久保町田原２０番３" }, "geometry": { "type": "Point", "coordinates": [ 135.767511, 34.874096 ] } },
{ "type": "Feature", "properties": { "ID": 2652652001804.0, "正式名称": "乙訓調剤薬局　滝ノ町店", "機関区分": 5, "都道府県コード": 26, "市区町村コード": 209, "所在地": "京都府長岡京市滝ノ町１丁目１３－１", "緯度": 34.940969, "経度": 135.696676, "url": "https://www.iryou.teikyouseido.mhlw.go.jp/znk-web/juminkanja/S2430/initialize?prefCd=26&kikanCd=2652001804&kikanKbn=5", "url2": null, "内容": "乙訓調剤薬局　滝ノ町店【5:薬局】京都府長岡京市滝ノ町１丁目１３－１" }, "geometry": { "type": "Point", "coordinates": [ 135.696676, 34.940969 ] } },
{ "type": "Feature", "properties": { "ID": 2652652001805.0, "正式名称": "峰山ゆう薬局", "機関区分": 5, "都道府県コード": 26, "市区町村コード": 212, "所在地": "京都府京丹後市峰山町杉谷小字有田３４－２", "緯度": 35.626015, "経度": 135.060006, "url": "https://www.iryou.teikyouseido.mhlw.go.jp/znk-web/juminkanja/S2430/initialize?prefCd=26&kikanCd=2652001805&kikanKbn=5", "url2": "https://www.uno-upd.co.jp/store/kyoutangoshi/20982/", "内容": "峰山ゆう薬局【5:薬局】京都府京丹後市峰山町杉谷小字有田３４－２" }, "geometry": { "type": "Point", "coordinates": [ 135.060006, 35.626015 ] } },
{ "type": "Feature", "properties": { "ID": 2652652001806.0, "正式名称": "Ｖ・ｄｒｕｇ　宇治槇島薬局", "機関区分": 5, "都道府県コード": 26, "市区町村コード": 204, "所在地": "京都府宇治市槇島町本屋敷１５６番", "緯度": 34.916406, "経度": 135.781201, "url": "https://www.iryou.teikyouseido.mhlw.go.jp/znk-web/juminkanja/S2430/initialize?prefCd=26&kikanCd=2652001806&kikanKbn=5", "url2": "https://vdrug.co.jp/pharmacy/store/%e5%ae%87%e6%b2%bb%e6%a7%87%e5%b3%b6%e8%96%ac%e5%b1%80/", "内容": "Ｖ・ｄｒｕｇ　宇治槇島薬局【5:薬局】京都府宇治市槇島町本屋敷１５６番" }, "geometry": { "type": "Point", "coordinates": [ 135.781201, 34.916406 ] } },
{ "type": "Feature", "properties": { "ID": 2652652001807.0, "正式名称": "薬局ダックス長岡京今里二丁目店", "機関区分": 5, "都道府県コード": 26, "市区町村コード": 209, "所在地": "京都府長岡京市今里二丁目５番地１５", "緯度": 34.934712, "経度": 135.69123, "url": "https://www.iryou.teikyouseido.mhlw.go.jp/znk-web/juminkanja/S2430/initialize?prefCd=26&kikanCd=2652001807&kikanKbn=5", "url2": "https://store.welcia.co.jp/welcia/spot/detail?code=3912D", "内容": "薬局ダックス長岡京今里二丁目店【5:薬局】京都府長岡京市今里二丁目５番地１５" }, "geometry": { "type": "Point", "coordinates": [ 135.69123, 34.934712 ] } },
{ "type": "Feature", "properties": { "ID": 2652652001810.0, "正式名称": "薬局ダックス京都唐橋経田店", "機関区分": 5, "都道府県コード": 26, "市区町村コード": 107, "所在地": "京都府京都市南区唐橋経田町４番地２", "緯度": 34.976849, "経度": 135.741257, "url": "https://www.iryou.teikyouseido.mhlw.go.jp/znk-web/juminkanja/S2430/initialize?prefCd=26&kikanCd=2652001810&kikanKbn=5", "url2": "https://www.dacs-shimizu.jp/", "内容": "薬局ダックス京都唐橋経田店【5:薬局】京都府京都市南区唐橋経田町４番地２" }, "geometry": { "type": "Point", "coordinates": [ 135.741257, 34.976849 ] } },
{ "type": "Feature", "properties": { "ID": 2652652001811.0, "正式名称": "いずみ薬局", "機関区分": 5, "都道府県コード": 26, "市区町村コード": 109, "所在地": "京都府京都市伏見区桃山町和泉３４－１５", "緯度": 34.932794, "経度": 135.785774, "url": "https://www.iryou.teikyouseido.mhlw.go.jp/znk-web/juminkanja/S2430/initialize?prefCd=26&kikanCd=2652001811&kikanKbn=5", "url2": null, "内容": "いずみ薬局【5:薬局】京都府京都市伏見区桃山町和泉３４－１５" }, "geometry": { "type": "Point", "coordinates": [ 135.785774, 34.932794 ] } },
{ "type": "Feature", "properties": { "ID": 2652652001813.0, "正式名称": "えくぼ調剤薬局　金閣寺店", "機関区分": 5, "都道府県コード": 26, "市区町村コード": 101, "所在地": "京都府京都市北区衣笠北天神森町２４番地１Ａ―ｍｏｎ金閣寺ＮＥＫＩ１階", "緯度": 35.037521, "経度": 135.732697, "url": "https://www.iryou.teikyouseido.mhlw.go.jp/znk-web/juminkanja/S2430/initialize?prefCd=26&kikanCd=2652001813&kikanKbn=5", "url2": "https://ekubopharmacy.com", "内容": "えくぼ調剤薬局　金閣寺店【5:薬局】京都府京都市北区衣笠北天神森町２４番地１Ａ―ｍｏｎ金閣寺ＮＥＫＩ１階" }, "geometry": { "type": "Point", "coordinates": [ 135.732697, 35.037521 ] } },
{ "type": "Feature", "properties": { "ID": 2652652001814.0, "正式名称": "宝ヶ池調剤薬局", "機関区分": 5, "都道府県コード": 26, "市区町村コード": 103, "所在地": "京都府京都市左京区岩倉南四ノ坪町６２", "緯度": 35.065153, "経度": 135.783068, "url": "https://www.iryou.teikyouseido.mhlw.go.jp/znk-web/juminkanja/S2430/initialize?prefCd=26&kikanCd=2652001814&kikanKbn=5", "url2": null, "内容": "宝ヶ池調剤薬局【5:薬局】京都府京都市左京区岩倉南四ノ坪町６２" }, "geometry": { "type": "Point", "coordinates": [ 135.783068, 35.065153 ] } },
{ "type": "Feature", "properties": { "ID": 2652652001815.0, "正式名称": "かも川薬局　いなり店", "機関区分": 5, "都道府県コード": 26, "市区町村コード": 105, "所在地": "京都府京都市東山区本町２１丁目４６２－４１", "緯度": 34.972061, "経度": 135.770931, "url": "https://www.iryou.teikyouseido.mhlw.go.jp/znk-web/juminkanja/S2430/initialize?prefCd=26&kikanCd=2652001815&kikanKbn=5", "url2": null, "内容": "かも川薬局　いなり店【5:薬局】京都府京都市東山区本町２１丁目４６２－４１" }, "geometry": { "type": "Point", "coordinates": [ 135.770931, 34.972061 ] } },
{ "type": "Feature", "properties": { "ID": 2652652001817.0, "正式名称": "もみじ薬局みぶ店", "機関区分": 5, "都道府県コード": 26, "市区町村コード": 106, "所在地": "京都府京都市下京区中堂寺鍵田町４番地　壬生グランドハイツ１階", "緯度": 34.994182, "経度": 135.745626, "url": "https://www.iryou.teikyouseido.mhlw.go.jp/znk-web/juminkanja/S2430/initialize?prefCd=26&kikanCd=2652001817&kikanKbn=5", "url2": null, "内容": "もみじ薬局みぶ店【5:薬局】京都府京都市下京区中堂寺鍵田町４番地　壬生グランドハイツ１階" }, "geometry": { "type": "Point", "coordinates": [ 135.745626, 34.994182 ] } },
{ "type": "Feature", "properties": { "ID": 2652652001818.0, "正式名称": "そうごう薬局　御薗橋店", "機関区分": 5, "都道府県コード": 26, "市区町村コード": 101, "所在地": "京都府京都市北区大宮上ノ岸町３ー９フェリーチェ上賀茂御薗橋１階", "緯度": 35.0567854, "経度": 135.7502844, "url": "https://www.iryou.teikyouseido.mhlw.go.jp/znk-web/juminkanja/S2430/initialize?prefCd=26&kikanCd=2652001818&kikanKbn=5", "url2": null, "内容": "そうごう薬局　御薗橋店【5:薬局】京都府京都市北区大宮上ノ岸町３ー９フェリーチェ上賀茂御薗橋１階" }, "geometry": { "type": "Point", "coordinates": [ 135.7502844, 35.0567854 ] } },
{ "type": "Feature", "properties": { "ID": 2652652001821.0, "正式名称": "そらの木薬局", "機関区分": 5, "都道府県コード": 26, "市区町村コード": 204, "所在地": "京都府宇治市大久保町久保１２　ルーミネスガーデン１階北側", "緯度": 34.870846, "経度": 135.779619, "url": "https://www.iryou.teikyouseido.mhlw.go.jp/znk-web/juminkanja/S2430/initialize?prefCd=26&kikanCd=2652001821&kikanKbn=5", "url2": "https://www.kinowahd.jp/locations/locations.html", "内容": "そらの木薬局【5:薬局】京都府宇治市大久保町久保１２　ルーミネスガーデン１階北側" }, "geometry": { "type": "Point", "coordinates": [ 135.779619, 34.870846 ] } },
{ "type": "Feature", "properties": { "ID": 2652652001822.0, "正式名称": "Ｉ＆Ｈ丹後中央薬局", "機関区分": 5, "都道府県コード": 26, "市区町村コード": 212, "所在地": "京都府京丹後市峰山町杉谷１５８番地１－２", "緯度": 35.626795, "経度": 135.060299, "url": "https://www.iryou.teikyouseido.mhlw.go.jp/znk-web/juminkanja/S2430/initialize?prefCd=26&kikanCd=2652001822&kikanKbn=5", "url2": "https://www.sugi-net.jp/stores/005069", "内容": "Ｉ＆Ｈ丹後中央薬局【5:薬局】京都府京丹後市峰山町杉谷１５８番地１－２" }, "geometry": { "type": "Point", "coordinates": [ 135.060299, 35.626795 ] } },
{ "type": "Feature", "properties": { "ID": 2652652001823.0, "正式名称": "調剤薬局マツモトキヨシミュー阪急桂店", "機関区分": 5, "都道府県コード": 26, "市区町村コード": 111, "所在地": "京都府京都市西京区桂野里町１７ミュー阪急桂３階", "緯度": 34.979616, "経度": 135.702687, "url": "https://www.iryou.teikyouseido.mhlw.go.jp/znk-web/juminkanja/S2430/initialize?prefCd=26&kikanCd=2652001823&kikanKbn=5", "url2": null, "内容": "調剤薬局マツモトキヨシミュー阪急桂店【5:薬局】京都府京都市西京区桂野里町１７ミュー阪急桂３階" }, "geometry": { "type": "Point", "coordinates": [ 135.702687, 34.979616 ] } },
{ "type": "Feature", "properties": { "ID": 2652652001824.0, "正式名称": "こまだゆう薬局", "機関区分": 5, "都道府県コード": 26, "市区町村コード": 366, "所在地": "京都府相楽郡精華町狛田２－５－５", "緯度": 34.778783, "経度": 135.795762, "url": "https://www.iryou.teikyouseido.mhlw.go.jp/znk-web/juminkanja/S2430/initialize?prefCd=26&kikanCd=2652001824&kikanKbn=5", "url2": "https://www.uno-upd.co.jp/store/seikacho/21028/", "内容": "こまだゆう薬局【5:薬局】京都府相楽郡精華町狛田２－５－５" }, "geometry": { "type": "Point", "coordinates": [ 135.795762, 34.778783 ] } },
{ "type": "Feature", "properties": { "ID": 2652652001825.0, "正式名称": "狛田駅前ゆう薬局", "機関区分": 5, "都道府県コード": 26, "市区町村コード": 366, "所在地": "京都府相楽郡精華町狛田一丁目１３－１６　スーパーサンフレッシュ狛田駅前モール", "緯度": 34.779685, "経度": 135.790515, "url": "https://www.iryou.teikyouseido.mhlw.go.jp/znk-web/juminkanja/S2430/initialize?prefCd=26&kikanCd=2652001825&kikanKbn=5", "url2": "https://www.uno-upd.co.jp/", "内容": "狛田駅前ゆう薬局【5:薬局】京都府相楽郡精華町狛田一丁目１３－１６　スーパーサンフレッシュ狛田駅前モール" }, "geometry": { "type": "Point", "coordinates": [ 135.790515, 34.779685 ] } },
{ "type": "Feature", "properties": { "ID": 2652652001826.0, "正式名称": "調剤薬局マツモトキヨシ　ＭＯＭＯテラス店", "機関区分": 5, "都道府県コード": 26, "市区町村コード": 109, "所在地": "京都府京都市伏見区桃山町山ノ下３２番地　ＭＯＭＯテラス１階", "緯度": 34.937053, "経度": 135.795039, "url": "https://www.iryou.teikyouseido.mhlw.go.jp/znk-web/juminkanja/S2430/initialize?prefCd=26&kikanCd=2652001826&kikanKbn=5", "url2": null, "内容": "調剤薬局マツモトキヨシ　ＭＯＭＯテラス店【5:薬局】京都府京都市伏見区桃山町山ノ下３２番地　ＭＯＭＯテラス１階" }, "geometry": { "type": "Point", "coordinates": [ 135.795039, 34.937053 ] } },
{ "type": "Feature", "properties": { "ID": 2652652001827.0, "正式名称": "みやこ薬局　城陽店", "機関区分": 5, "都道府県コード": 26, "市区町村コード": 207, "所在地": "京都府城陽市富野西垣内５番地１", "緯度": 34.83922, "経度": 135.775269, "url": "https://www.iryou.teikyouseido.mhlw.go.jp/znk-web/juminkanja/S2430/initialize?prefCd=26&kikanCd=2652001827&kikanKbn=5", "url2": "https://miyako-ph.co.jp/", "内容": "みやこ薬局　城陽店【5:薬局】京都府城陽市富野西垣内５番地１" }, "geometry": { "type": "Point", "coordinates": [ 135.775269, 34.83922 ] } },
{ "type": "Feature", "properties": { "ID": 2652652001828.0, "正式名称": "スギ薬局　伏見丹波橋店", "機関区分": 5, "都道府県コード": 26, "市区町村コード": 109, "所在地": "京都府京都市伏見区下板橋町６３９", "緯度": 34.939579, "経度": 135.7616, "url": "https://www.iryou.teikyouseido.mhlw.go.jp/znk-web/juminkanja/S2430/initialize?prefCd=26&kikanCd=2652001828&kikanKbn=5", "url2": "https://www.drug-sugi.co.jp/", "内容": "スギ薬局　伏見丹波橋店【5:薬局】京都府京都市伏見区下板橋町６３９" }, "geometry": { "type": "Point", "coordinates": [ 135.7616, 34.939579 ] } },
{ "type": "Feature", "properties": { "ID": 2652652001829.0, "正式名称": "調剤薬局ツルハドラッグ伏見舞台店", "機関区分": 5, "都道府県コード": 26, "市区町村コード": 109, "所在地": "京都府京都市伏見区舞台町４４番地", "緯度": 34.941947, "経度": 135.756917, "url": "https://www.iryou.teikyouseido.mhlw.go.jp/znk-web/juminkanja/S2430/initialize?prefCd=26&kikanCd=2652001829&kikanKbn=5", "url2": null, "内容": "調剤薬局ツルハドラッグ伏見舞台店【5:薬局】京都府京都市伏見区舞台町４４番地" }, "geometry": { "type": "Point", "coordinates": [ 135.756917, 34.941947 ] } },
{ "type": "Feature", "properties": { "ID": 2652652001830.0, "正式名称": "健幸薬局　宇治ＬＡＢＯ", "機関区分": 5, "都道府県コード": 26, "市区町村コード": 204, "所在地": "京都府宇治市宇治壱番１７番地１　１階", "緯度": 34.88887, "経度": 135.801096, "url": "https://www.iryou.teikyouseido.mhlw.go.jp/znk-web/juminkanja/S2430/initialize?prefCd=26&kikanCd=2652001830&kikanKbn=5", "url2": null, "内容": "健幸薬局　宇治ＬＡＢＯ【5:薬局】京都府宇治市宇治壱番１７番地１　１階" }, "geometry": { "type": "Point", "coordinates": [ 135.801096, 34.88887 ] } },
{ "type": "Feature", "properties": { "ID": 2652652001831.0, "正式名称": "ピース薬局", "機関区分": 5, "都道府県コード": 26, "市区町村コード": 107, "所在地": "京都府京都市南区久世殿城町３１番地１０", "緯度": 34.957535, "経度": 135.716321, "url": "https://www.iryou.teikyouseido.mhlw.go.jp/znk-web/juminkanja/S2430/initialize?prefCd=26&kikanCd=2652001831&kikanKbn=5", "url2": null, "内容": "ピース薬局【5:薬局】京都府京都市南区久世殿城町３１番地１０" }, "geometry": { "type": "Point", "coordinates": [ 135.716321, 34.957535 ] } },
{ "type": "Feature", "properties": { "ID": 2652652001832.0, "正式名称": "薬局ダックス西京上野橋店", "機関区分": 5, "都道府県コード": 26, "市区町村コード": 111, "所在地": "京都府京都市西京区桂上野東町７０", "緯度": 34.993799, "経度": 135.702592, "url": "https://www.iryou.teikyouseido.mhlw.go.jp/znk-web/juminkanja/S2430/initialize?prefCd=26&kikanCd=2652001832&kikanKbn=5", "url2": "https://www.dacs-shimizu.jp/store", "内容": "薬局ダックス西京上野橋店【5:薬局】京都府京都市西京区桂上野東町７０" }, "geometry": { "type": "Point", "coordinates": [ 135.702592, 34.993799 ] } },
{ "type": "Feature", "properties": { "ID": 2652652001833.0, "正式名称": "ステラ薬局", "機関区分": 5, "都道府県コード": 26, "市区町村コード": 204, "所在地": "京都府宇治市槇島町落合４３番地２１", "緯度": 34.916005, "経度": 135.775528, "url": "https://www.iryou.teikyouseido.mhlw.go.jp/znk-web/juminkanja/S2430/initialize?prefCd=26&kikanCd=2652001833&kikanKbn=5", "url2": null, "内容": "ステラ薬局【5:薬局】京都府宇治市槇島町落合４３番地２１" }, "geometry": { "type": "Point", "coordinates": [ 135.775528, 34.916005 ] } },
{ "type": "Feature", "properties": { "ID": 2652652001834.0, "正式名称": "アイセイハート薬局山科新十条店", "機関区分": 5, "都道府県コード": 26, "市区町村コード": 110, "所在地": "京都府京都市山科区西野山中臣町４１番地１号コープ山科新十条クリニックモール５", "緯度": 34.971109, "経度": 135.8018638, "url": "https://www.iryou.teikyouseido.mhlw.go.jp/znk-web/juminkanja/S2430/initialize?prefCd=26&kikanCd=2652001834&kikanKbn=5", "url2": "https://www.aisei.co.jp/store/s-kyoto/s-kyoto-kyoto/0653/", "内容": "アイセイハート薬局山科新十条店【5:薬局】京都府京都市山科区西野山中臣町４１番地１号コープ山科新十条クリニックモール５" }, "geometry": { "type": "Point", "coordinates": [ 135.8018638, 34.971109 ] } },
{ "type": "Feature", "properties": { "ID": 2652652001835.0, "正式名称": "スギ薬局修学院店", "機関区分": 5, "都道府県コード": 26, "市区町村コード": 103, "所在地": "京都府京都市左京区山端川原町１番地　修学院マートビル１階", "緯度": 35.049959, "経度": 135.789618, "url": "https://www.iryou.teikyouseido.mhlw.go.jp/znk-web/juminkanja/S2430/initialize?prefCd=26&kikanCd=2652001835&kikanKbn=5", "url2": "http://www.drug-sugi.co.ip/", "内容": "スギ薬局修学院店【5:薬局】京都府京都市左京区山端川原町１番地　修学院マートビル１階" }, "geometry": { "type": "Point", "coordinates": [ 135.789618, 35.049959 ] } },
{ "type": "Feature", "properties": { "ID": 2652652001836.0, "正式名称": "じんせい薬局御所店", "機関区分": 5, "都道府県コード": 26, "市区町村コード": 102, "所在地": "京都府京都市上京区寺町通今出川下る扇町２７２番地２扇ビル１階", "緯度": 35.028397, "経度": 135.767985, "url": "https://www.iryou.teikyouseido.mhlw.go.jp/znk-web/juminkanja/S2430/initialize?prefCd=26&kikanCd=2652001836&kikanKbn=5", "url2": "https://www.kyotofuyaku.or.jp/map/%E3%82%B3%E3%82%B9%E3%83%A2%E3%82%B9%E8%96%AC%E5%B1%80%E3%80%80%E5%BE%A1%E6%89%80%E5%BA%97/", "内容": "じんせい薬局御所店【5:薬局】京都府京都市上京区寺町通今出川下る扇町２７２番地２扇ビル１階" }, "geometry": { "type": "Point", "coordinates": [ 135.767985, 35.028397 ] } },
{ "type": "Feature", "properties": { "ID": 2652652001837.0, "正式名称": "スギ薬局在宅調剤センター京都常盤店", "機関区分": 5, "都道府県コード": 26, "市区町村コード": 108, "所在地": "京都府京都市右京区常盤草木町５番地１グレース常盤１階", "緯度": 35.021244, "経度": 135.704645, "url": "https://www.iryou.teikyouseido.mhlw.go.jp/znk-web/juminkanja/S2430/initialize?prefCd=26&kikanCd=2652001837&kikanKbn=5", "url2": "http://www.drug-sugi.co.jp/", "内容": "スギ薬局在宅調剤センター京都常盤店【5:薬局】京都府京都市右京区常盤草木町５番地１グレース常盤１階" }, "geometry": { "type": "Point", "coordinates": [ 135.704645, 35.021244 ] } },
{ "type": "Feature", "properties": { "ID": 2652652001838.0, "正式名称": "ユタカ薬局向島", "機関区分": 5, "都道府県コード": 26, "市区町村コード": 109, "所在地": "京都府京都市伏見区向島丸町１５－１", "緯度": 34.921967, "経度": 135.773908, "url": "https://www.iryou.teikyouseido.mhlw.go.jp/znk-web/juminkanja/S2430/initialize?prefCd=26&kikanCd=2652001838&kikanKbn=5", "url2": "https://www.d-yutaka.co.jp/shop/255.html", "内容": "ユタカ薬局向島【5:薬局】京都府京都市伏見区向島丸町１５－１" }, "geometry": { "type": "Point", "coordinates": [ 135.773908, 34.921967 ] } },
{ "type": "Feature", "properties": { "ID": 2652652001839.0, "正式名称": "宮津ゆう薬局", "機関区分": 5, "都道府県コード": 26, "市区町村コード": 205, "所在地": "京都府宮津市波路２２７５番地", "緯度": 35.540565, "経度": 135.207645, "url": "https://www.iryou.teikyouseido.mhlw.go.jp/znk-web/juminkanja/S2430/initialize?prefCd=26&kikanCd=2652001839&kikanKbn=5", "url2": "https://www.uno-upd.co.jp/store/miyazushi/21303/", "内容": "宮津ゆう薬局【5:薬局】京都府宮津市波路２２７５番地" }, "geometry": { "type": "Point", "coordinates": [ 135.207645, 35.540565 ] } },
{ "type": "Feature", "properties": { "ID": 2652652001840.0, "正式名称": "スギ薬局　宇治五ヶ庄店", "機関区分": 5, "都道府県コード": 26, "市区町村コード": 204, "所在地": "京都府宇治市五ケ庄福角６９番地", "緯度": 34.90691, "経度": 135.806442, "url": "https://www.iryou.teikyouseido.mhlw.go.jp/znk-web/juminkanja/S2430/initialize?prefCd=26&kikanCd=2652001840&kikanKbn=5", "url2": "https://www.drug-sugi.co.jp/", "内容": "スギ薬局　宇治五ヶ庄店【5:薬局】京都府宇治市五ケ庄福角６９番地" }, "geometry": { "type": "Point", "coordinates": [ 135.806442, 34.90691 ] } },
{ "type": "Feature", "properties": { "ID": 2652652001841.0, "正式名称": "キリン堂薬局　男山泉店", "機関区分": 5, "都道府県コード": 26, "市区町村コード": 210, "所在地": "京都府八幡市男山泉４", "緯度": 34.8619, "経度": 135.695683, "url": "https://www.iryou.teikyouseido.mhlw.go.jp/znk-web/juminkanja/S2430/initialize?prefCd=26&kikanCd=2652001841&kikanKbn=5", "url2": null, "内容": "キリン堂薬局　男山泉店【5:薬局】京都府八幡市男山泉４" }, "geometry": { "type": "Point", "coordinates": [ 135.695683, 34.8619 ] } },
{ "type": "Feature", "properties": { "ID": 2652652001842.0, "正式名称": "クスリのアオキ西木津薬局", "機関区分": 5, "都道府県コード": 26, "市区町村コード": 214, "所在地": "京都府木津川市木津南後背１０６番地４", "緯度": 34.736365, "経度": 135.807191, "url": "https://www.iryou.teikyouseido.mhlw.go.jp/znk-web/juminkanja/S2430/initialize?prefCd=26&kikanCd=2652001842&kikanKbn=5", "url2": "https://www.kusuri-aoki.co.jp/", "内容": "クスリのアオキ西木津薬局【5:薬局】京都府木津川市木津南後背１０６番地４" }, "geometry": { "type": "Point", "coordinates": [ 135.807191, 34.736365 ] } },
{ "type": "Feature", "properties": { "ID": 2652652001843.0, "正式名称": "アイン薬局　上桂店", "機関区分": 5, "都道府県コード": 26, "市区町村コード": 111, "所在地": "京都府京都市西京区桂畑ケ田町６３番地桂クリニックビル１階", "緯度": 34.992782, "経度": 135.704442, "url": "https://www.iryou.teikyouseido.mhlw.go.jp/znk-web/juminkanja/S2430/initialize?prefCd=26&kikanCd=2652001843&kikanKbn=5", "url2": null, "内容": "アイン薬局　上桂店【5:薬局】京都府京都市西京区桂畑ケ田町６３番地桂クリニックビル１階" }, "geometry": { "type": "Point", "coordinates": [ 135.704442, 34.992782 ] } },
{ "type": "Feature", "properties": { "ID": 2652652001844.0, "正式名称": "スギ薬局　一乗寺店", "機関区分": 5, "都道府県コード": 26, "市区町村コード": 103, "所在地": "京都府京都市左京区一乗寺里ノ西町１２番地１", "緯度": 35.044087, "経度": 135.787758, "url": "https://www.iryou.teikyouseido.mhlw.go.jp/znk-web/juminkanja/S2430/initialize?prefCd=26&kikanCd=2652001844&kikanKbn=5", "url2": "http://www.drug-sugi.co.jp/", "内容": "スギ薬局　一乗寺店【5:薬局】京都府京都市左京区一乗寺里ノ西町１２番地１" }, "geometry": { "type": "Point", "coordinates": [ 135.787758, 35.044087 ] } },
{ "type": "Feature", "properties": { "ID": 2652652001845.0, "正式名称": "キリン堂薬局宇治広野店", "機関区分": 5, "都道府県コード": 26, "市区町村コード": 204, "所在地": "京都府宇治市広野町桐生谷２７", "緯度": 34.877307, "経度": 135.786427, "url": "https://www.iryou.teikyouseido.mhlw.go.jp/znk-web/juminkanja/S2430/initialize?prefCd=26&kikanCd=2652001845&kikanKbn=5", "url2": null, "内容": "キリン堂薬局宇治広野店【5:薬局】京都府宇治市広野町桐生谷２７" }, "geometry": { "type": "Point", "coordinates": [ 135.786427, 34.877307 ] } },
{ "type": "Feature", "properties": { "ID": 2652652001846.0, "正式名称": "スギ薬局　東寺店", "機関区分": 5, "都道府県コード": 26, "市区町村コード": 107, "所在地": "京都府京都市南区西九条東比永城町７５番地ＧＲＡＮＤＫＹＯＴＯ１階", "緯度": 34.977822, "経度": 135.750617, "url": "https://www.iryou.teikyouseido.mhlw.go.jp/znk-web/juminkanja/S2430/initialize?prefCd=26&kikanCd=2652001846&kikanKbn=5", "url2": "https://www.sugi-net.jp/stores/002172", "内容": "スギ薬局　東寺店【5:薬局】京都府京都市南区西九条東比永城町７５番地ＧＲＡＮＤＫＹＯＴＯ１階" }, "geometry": { "type": "Point", "coordinates": [ 135.750617, 34.977822 ] } },
{ "type": "Feature", "properties": { "ID": 2652652001847.0, "正式名称": "クスリのアオキ宇治田原薬局", "機関区分": 5, "都道府県コード": 26, "市区町村コード": 344, "所在地": "京都府綴喜郡宇治田原町大字荒木小字立川１１番地の１", "緯度": 34.8523684, "経度": 135.8637297, "url": "https://www.iryou.teikyouseido.mhlw.go.jp/znk-web/juminkanja/S2430/initialize?prefCd=26&kikanCd=2652001847&kikanKbn=5", "url2": "https://www.kusuri-aoki.co.jp/", "内容": "クスリのアオキ宇治田原薬局【5:薬局】京都府綴喜郡宇治田原町大字荒木小字立川１１番地の１" }, "geometry": { "type": "Point", "coordinates": [ 135.8637297, 34.8523684 ] } },
{ "type": "Feature", "properties": { "ID": 2652652001848.0, "正式名称": "なの花薬局大宮駅前店", "機関区分": 5, "都道府県コード": 26, "市区町村コード": 104, "所在地": "京都府京都市中京区錦大宮町１２１大宮阪急ビル", "緯度": 35.003928, "経度": 135.749192, "url": "https://www.iryou.teikyouseido.mhlw.go.jp/znk-web/juminkanja/S2430/initialize?prefCd=26&kikanCd=2652001848&kikanKbn=5", "url2": null, "内容": "なの花薬局大宮駅前店【5:薬局】京都府京都市中京区錦大宮町１２１大宮阪急ビル" }, "geometry": { "type": "Point", "coordinates": [ 135.749192, 35.003928 ] } },
{ "type": "Feature", "properties": { "ID": 2652652001849.0, "正式名称": "コクミン薬局　三条店", "機関区分": 5, "都道府県コード": 26, "市区町村コード": 104, "所在地": "京都府京都市中京区中島町７９三晃ビル１階", "緯度": 35.0087, "経度": 135.769692, "url": "https://www.iryou.teikyouseido.mhlw.go.jp/znk-web/juminkanja/S2430/initialize?prefCd=26&kikanCd=2652001849&kikanKbn=5", "url2": "https://www.kokumin.co.jp/", "内容": "コクミン薬局　三条店【5:薬局】京都府京都市中京区中島町７９三晃ビル１階" }, "geometry": { "type": "Point", "coordinates": [ 135.769692, 35.0087 ] } },
{ "type": "Feature", "properties": { "ID": 2652652001850.0, "正式名称": "スギ薬局西陣店", "機関区分": 5, "都道府県コード": 26, "市区町村コード": 102, "所在地": "京都府京都市上京区中立売通松屋町東入新元町２１６番地", "緯度": 35.02521, "経度": 135.748648, "url": "https://www.iryou.teikyouseido.mhlw.go.jp/znk-web/juminkanja/S2430/initialize?prefCd=26&kikanCd=2652001850&kikanKbn=5", "url2": "https://www.drug-sugi.co.jp", "内容": "スギ薬局西陣店【5:薬局】京都府京都市上京区中立売通松屋町東入新元町２１６番地" }, "geometry": { "type": "Point", "coordinates": [ 135.748648, 35.02521 ] } },
{ "type": "Feature", "properties": { "ID": 2652652001851.0, "正式名称": "近畿調剤四条大宮薬局", "機関区分": 5, "都道府県コード": 26, "市区町村コード": 106, "所在地": "京都府京都市下京区綾大宮町６０シェルハイム中塚１０１", "緯度": 35.00244, "経度": 135.74901, "url": "https://www.iryou.teikyouseido.mhlw.go.jp/znk-web/juminkanja/S2430/initialize?prefCd=26&kikanCd=2652001851&kikanKbn=5", "url2": "http://www.kinki-dp.co.jp", "内容": "近畿調剤四条大宮薬局【5:薬局】京都府京都市下京区綾大宮町６０シェルハイム中塚１０１" }, "geometry": { "type": "Point", "coordinates": [ 135.74901, 35.00244 ] } },
{ "type": "Feature", "properties": { "ID": 2652652001852.0, "正式名称": "カナール調剤薬局山科店", "機関区分": 5, "都道府県コード": 26, "市区町村コード": 110, "所在地": "京都府京都市山科区音羽役出町１－４２", "緯度": 34.985292, "経度": 135.817603, "url": "https://www.iryou.teikyouseido.mhlw.go.jp/znk-web/juminkanja/S2430/initialize?prefCd=26&kikanCd=2652001852&kikanKbn=5", "url2": "https://sites.google.com/view/kanarl", "内容": "カナール調剤薬局山科店【5:薬局】京都府京都市山科区音羽役出町１－４２" }, "geometry": { "type": "Point", "coordinates": [ 135.817603, 34.985292 ] } },
{ "type": "Feature", "properties": { "ID": 2652652001853.0, "正式名称": "スギ薬局　北白川店", "機関区分": 5, "都道府県コード": 26, "市区町村コード": 103, "所在地": "京都府京都市左京区一乗寺築田町４３", "緯度": 35.040082, "経度": 135.790929, "url": "https://www.iryou.teikyouseido.mhlw.go.jp/znk-web/juminkanja/S2430/initialize?prefCd=26&kikanCd=2652001853&kikanKbn=5", "url2": "http://www.drug-sugi.co.jp", "内容": "スギ薬局　北白川店【5:薬局】京都府京都市左京区一乗寺築田町４３" }, "geometry": { "type": "Point", "coordinates": [ 135.790929, 35.040082 ] } },
{ "type": "Feature", "properties": { "ID": 2652652001854.0, "正式名称": "クスリのアオキ井手薬局", "機関区分": 5, "都道府県コード": 26, "市区町村コード": 343, "所在地": "京都府綴喜郡井手町井手小字扇畑３２番地の２", "緯度": 34.794579, "経度": 135.80441, "url": "https://www.iryou.teikyouseido.mhlw.go.jp/znk-web/juminkanja/S2430/initialize?prefCd=26&kikanCd=2652001854&kikanKbn=5", "url2": "https://www.kusuri-aoki.co.jp/", "内容": "クスリのアオキ井手薬局【5:薬局】京都府綴喜郡井手町井手小字扇畑３２番地の２" }, "geometry": { "type": "Point", "coordinates": [ 135.80441, 34.794579 ] } },
{ "type": "Feature", "properties": { "ID": 2652652001855.0, "正式名称": "ユタカ薬局醍醐", "機関区分": 5, "都道府県コード": 26, "市区町村コード": 109, "所在地": "京都府京都市伏見区醍醐南里町１２番地", "緯度": 34.94675, "経度": 135.81679, "url": "https://www.iryou.teikyouseido.mhlw.go.jp/znk-web/juminkanja/S2430/initialize?prefCd=26&kikanCd=2652001855&kikanKbn=5", "url2": "https://www.d-yutaka.co.jp/shop/159.html", "内容": "ユタカ薬局醍醐【5:薬局】京都府京都市伏見区醍醐南里町１２番地" }, "geometry": { "type": "Point", "coordinates": [ 135.81679, 34.94675 ] } },
{ "type": "Feature", "properties": { "ID": 2652652001856.0, "正式名称": "ユタカ薬局亀岡並河", "機関区分": 5, "都道府県コード": 26, "市区町村コード": 206, "所在地": "京都府亀岡市大井町並河２丁目７５７番地", "緯度": 35.025861, "経度": 135.55796, "url": "https://www.iryou.teikyouseido.mhlw.go.jp/znk-web/juminkanja/S2430/initialize?prefCd=26&kikanCd=2652001856&kikanKbn=5", "url2": null, "内容": "ユタカ薬局亀岡並河【5:薬局】京都府亀岡市大井町並河２丁目７５７番地" }, "geometry": { "type": "Point", "coordinates": [ 135.55796, 35.025861 ] } },
{ "type": "Feature", "properties": { "ID": 2652652001857.0, "正式名称": "薬局ダックス伏見納所店", "機関区分": 5, "都道府県コード": 26, "市区町村コード": 109, "所在地": "京都府京都市伏見区納所星柳３６番", "緯度": 34.911177, "経度": 135.722788, "url": "https://www.iryou.teikyouseido.mhlw.go.jp/znk-web/juminkanja/S2430/initialize?prefCd=26&kikanCd=2652001857&kikanKbn=5", "url2": "https://www.dacs-shimizu.jp/area/fushimi", "内容": "薬局ダックス伏見納所店【5:薬局】京都府京都市伏見区納所星柳３６番" }, "geometry": { "type": "Point", "coordinates": [ 135.722788, 34.911177 ] } },
{ "type": "Feature", "properties": { "ID": 2652652001858.0, "正式名称": "キリン堂薬局　長岡京滝ノ町店", "機関区分": 5, "都道府県コード": 26, "市区町村コード": 209, "所在地": "京都府長岡京市滝ノ町１丁目１番７号", "緯度": 34.941289, "経度": 135.698442, "url": "https://www.iryou.teikyouseido.mhlw.go.jp/znk-web/juminkanja/S2430/initialize?prefCd=26&kikanCd=2652001858&kikanKbn=5", "url2": null, "内容": "キリン堂薬局　長岡京滝ノ町店【5:薬局】京都府長岡京市滝ノ町１丁目１番７号" }, "geometry": { "type": "Point", "coordinates": [ 135.698442, 34.941289 ] } },
{ "type": "Feature", "properties": { "ID": 2652652001860.0, "正式名称": "金太郎薬局羽束師在宅ケアセンター", "機関区分": 5, "都道府県コード": 26, "市区町村コード": 109, "所在地": "京都府京都市伏見区羽束師菱川町５３２－４ヴィレッジとうふう苑カイ", "緯度": 34.932699, "経度": 135.721114, "url": "https://www.iryou.teikyouseido.mhlw.go.jp/znk-web/juminkanja/S2430/initialize?prefCd=26&kikanCd=2652001860&kikanKbn=5", "url2": "https://metal-pharmacy.com/", "内容": "金太郎薬局羽束師在宅ケアセンター【5:薬局】京都府京都市伏見区羽束師菱川町５３２－４ヴィレッジとうふう苑カイ" }, "geometry": { "type": "Point", "coordinates": [ 135.721114, 34.932699 ] } },
{ "type": "Feature", "properties": { "ID": 2652652001861.0, "正式名称": "みやづスマイル薬局　府中店", "機関区分": 5, "都道府県コード": 26, "市区町村コード": 205, "所在地": "京都府宮津市江尻２４４－１", "緯度": 35.580866, "経度": 135.198529, "url": "https://www.iryou.teikyouseido.mhlw.go.jp/znk-web/juminkanja/S2430/initialize?prefCd=26&kikanCd=2652001861&kikanKbn=5", "url2": "https://miyazu-smile.com/", "内容": "みやづスマイル薬局　府中店【5:薬局】京都府宮津市江尻２４４－１" }, "geometry": { "type": "Point", "coordinates": [ 135.198529, 35.580866 ] } },
{ "type": "Feature", "properties": { "ID": 2652652001862.0, "正式名称": "スギ薬局　伏見向島店", "機関区分": 5, "都道府県コード": 26, "市区町村コード": 109, "所在地": "京都府京都市伏見区向島四ツ谷池７番地１２", "緯度": 34.920236, "経度": 135.773972, "url": "https://www.iryou.teikyouseido.mhlw.go.jp/znk-web/juminkanja/S2430/initialize?prefCd=26&kikanCd=2652001862&kikanKbn=5", "url2": "https://www.sugi-net.jp/", "内容": "スギ薬局　伏見向島店【5:薬局】京都府京都市伏見区向島四ツ谷池７番地１２" }, "geometry": { "type": "Point", "coordinates": [ 135.773972, 34.920236 ] } },
{ "type": "Feature", "properties": { "ID": 2652652001863.0, "正式名称": "たくみ薬局", "機関区分": 5, "都道府県コード": 26, "市区町村コード": 109, "所在地": "京都府京都市伏見区向島四ツ谷池１４番地１９センター街Ｃ－２０", "緯度": 34.918382, "経度": 135.778465, "url": "https://www.iryou.teikyouseido.mhlw.go.jp/znk-web/juminkanja/S2430/initialize?prefCd=26&kikanCd=2652001863&kikanKbn=5", "url2": "https://www.takumipharmacy.com", "内容": "たくみ薬局【5:薬局】京都府京都市伏見区向島四ツ谷池１４番地１９センター街Ｃ－２０" }, "geometry": { "type": "Point", "coordinates": [ 135.778465, 34.918382 ] } },
{ "type": "Feature", "properties": { "ID": 2652652001864.0, "正式名称": "そうごう薬局　西大路七条店", "機関区分": 5, "都道府県コード": 26, "市区町村コード": 106, "所在地": "京都府京都市下京区西七条北衣田町３７－１シャリマー西大路１階", "緯度": 34.989578, "経度": 135.732119, "url": "https://www.iryou.teikyouseido.mhlw.go.jp/znk-web/juminkanja/S2430/initialize?prefCd=26&kikanCd=2652001864&kikanKbn=5", "url2": "https://shop.sogo-pharmacy.jp/detail/896/", "内容": "そうごう薬局　西大路七条店【5:薬局】京都府京都市下京区西七条北衣田町３７－１シャリマー西大路１階" }, "geometry": { "type": "Point", "coordinates": [ 135.732119, 34.989578 ] } },
{ "type": "Feature", "properties": { "ID": 2652652001865.0, "正式名称": "スギ薬局宝ヶ池店", "機関区分": 5, "都道府県コード": 26, "市区町村コード": 103, "所在地": "京都府京都市左京区岩倉東宮田町５９番地", "緯度": 35.065533, "経度": 135.781011, "url": "https://www.iryou.teikyouseido.mhlw.go.jp/znk-web/juminkanja/S2430/initialize?prefCd=26&kikanCd=2652001865&kikanKbn=5", "url2": "http://www.drug-sugi.co.jp/", "内容": "スギ薬局宝ヶ池店【5:薬局】京都府京都市左京区岩倉東宮田町５９番地" }, "geometry": { "type": "Point", "coordinates": [ 135.781011, 35.065533 ] } },
{ "type": "Feature", "properties": { "ID": 2652652001866.0, "正式名称": "リペアス調剤薬局　丹波橋店", "機関区分": 5, "都道府県コード": 26, "市区町村コード": 109, "所在地": "京都府京都市伏見区桃山長岡越中南町５４番地４ＰＲＥＳＥＮＣＥ　ＭＯＯＭＹＡＭＡ　ＭＥＤＩＣＡＬ　ＢＬＤ　Ｂ号", "緯度": 34.940757, "経度": 135.768419, "url": "https://www.iryou.teikyouseido.mhlw.go.jp/znk-web/juminkanja/S2430/initialize?prefCd=26&kikanCd=2652001866&kikanKbn=5", "url2": "https://www.ph-mirai.com/", "内容": "リペアス調剤薬局　丹波橋店【5:薬局】京都府京都市伏見区桃山長岡越中南町５４番地４ＰＲＥＳＥＮＣＥ　ＭＯＯＭＹＡＭＡ　ＭＥＤＩＣＡＬ　ＢＬＤ　Ｂ号" }, "geometry": { "type": "Point", "coordinates": [ 135.768419, 34.940757 ] } },
{ "type": "Feature", "properties": { "ID": 2652652001867.0, "正式名称": "フェリス薬局", "機関区分": 5, "都道府県コード": 26, "市区町村コード": 109, "所在地": "京都府京都市伏見区醍醐構口町３５－４", "緯度": 34.942586, "経度": 135.812397, "url": "https://www.iryou.teikyouseido.mhlw.go.jp/znk-web/juminkanja/S2430/initialize?prefCd=26&kikanCd=2652001867&kikanKbn=5", "url2": "https://shimatany.co.jp/pharmacy_list/pharmacy13/", "内容": "フェリス薬局【5:薬局】京都府京都市伏見区醍醐構口町３５－４" }, "geometry": { "type": "Point", "coordinates": [ 135.812397, 34.942586 ] } },
{ "type": "Feature", "properties": { "ID": 2652652001869.0, "正式名称": "あんず薬局　西九条店", "機関区分": 5, "都道府県コード": 26, "市区町村コード": 107, "所在地": "京都府京都市南区西九条東比永城町１０７番地ー４", "緯度": 34.976387, "経度": 135.751001, "url": "https://www.iryou.teikyouseido.mhlw.go.jp/znk-web/juminkanja/S2430/initialize?prefCd=26&kikanCd=2652001869&kikanKbn=5", "url2": "anz-pharmacy.co.jp", "内容": "あんず薬局　西九条店【5:薬局】京都府京都市南区西九条東比永城町１０７番地ー４" }, "geometry": { "type": "Point", "coordinates": [ 135.751001, 34.976387 ] } },
{ "type": "Feature", "properties": { "ID": 2652652001870.0, "正式名称": "ゆずの木薬局", "機関区分": 5, "都道府県コード": 26, "市区町村コード": 107, "所在地": "京都府京都市南区久世築山町７２番地２階", "緯度": 34.957531, "経度": 135.724564, "url": "https://www.iryou.teikyouseido.mhlw.go.jp/znk-web/juminkanja/S2430/initialize?prefCd=26&kikanCd=2652001870&kikanKbn=5", "url2": "https://www.yuzunoki.co.jp/", "内容": "ゆずの木薬局【5:薬局】京都府京都市南区久世築山町７２番地２階" }, "geometry": { "type": "Point", "coordinates": [ 135.724564, 34.957531 ] } },
{ "type": "Feature", "properties": { "ID": 2652652001871.0, "正式名称": "松ヶ崎アプリス薬局", "機関区分": 5, "都道府県コード": 26, "市区町村コード": 103, "所在地": "京都府京都市左京区松ケ崎井出ケ海道町１２番地１", "緯度": 35.050655, "経度": 135.776436, "url": "https://www.iryou.teikyouseido.mhlw.go.jp/znk-web/juminkanja/S2430/initialize?prefCd=26&kikanCd=2652001871&kikanKbn=5", "url2": "https://www.kusurinomadoguchi.com/kyouto/s710644", "内容": "松ヶ崎アプリス薬局【5:薬局】京都府京都市左京区松ケ崎井出ケ海道町１２番地１" }, "geometry": { "type": "Point", "coordinates": [ 135.776436, 35.050655 ] } },
{ "type": "Feature", "properties": { "ID": 2652652001872.0, "正式名称": "ひかり台薬局", "機関区分": 5, "都道府県コード": 26, "市区町村コード": 366, "所在地": "京都府相楽郡精華町光台７－１４－６", "緯度": 34.741308, "経度": 135.757929, "url": "https://www.iryou.teikyouseido.mhlw.go.jp/znk-web/juminkanja/S2430/initialize?prefCd=26&kikanCd=2652001872&kikanKbn=5", "url2": "https://www.karugamo.net/shop/kyoto/hikaridai/", "内容": "ひかり台薬局【5:薬局】京都府相楽郡精華町光台７－１４－６" }, "geometry": { "type": "Point", "coordinates": [ 135.757929, 34.741308 ] } },
{ "type": "Feature", "properties": { "ID": 2652652001874.0, "正式名称": "アイン薬局　東向日店", "機関区分": 5, "都道府県コード": 26, "市区町村コード": 208, "所在地": "京都府向日市寺戸町初田２７－１０ＭＩＮＡＭＩ　ＢＬＤＧ　１階", "緯度": 34.952416, "経度": 135.704683, "url": "https://www.iryou.teikyouseido.mhlw.go.jp/znk-web/juminkanja/S2430/initialize?prefCd=26&kikanCd=2652001874&kikanKbn=5", "url2": "https://www.ainj.co.jp/", "内容": "アイン薬局　東向日店【5:薬局】京都府向日市寺戸町初田２７－１０ＭＩＮＡＭＩ　ＢＬＤＧ　１階" }, "geometry": { "type": "Point", "coordinates": [ 135.704683, 34.952416 ] } },
{ "type": "Feature", "properties": { "ID": 2652652001875.0, "正式名称": "ソレイユ薬局わくいち店", "機関区分": 5, "都道府県コード": 26, "市区町村コード": 201, "所在地": "京都府福知山市和久市町２９５番地　フルフラットビル１階Ｂ号", "緯度": 35.307349, "経度": 135.114982, "url": "https://www.iryou.teikyouseido.mhlw.go.jp/znk-web/juminkanja/S2430/initialize?prefCd=26&kikanCd=2652001875&kikanKbn=5", "url2": null, "内容": "ソレイユ薬局わくいち店【5:薬局】京都府福知山市和久市町２９５番地　フルフラットビル１階Ｂ号" }, "geometry": { "type": "Point", "coordinates": [ 135.114982, 35.307349 ] } },
{ "type": "Feature", "properties": { "ID": 2652652001876.0, "正式名称": "ユタカ薬局宇治御蔵山", "機関区分": 5, "都道府県コード": 26, "市区町村コード": 204, "所在地": "京都府宇治市木幡平尾４", "緯度": 34.927003, "経度": 135.811833, "url": "https://www.iryou.teikyouseido.mhlw.go.jp/znk-web/juminkanja/S2430/initialize?prefCd=26&kikanCd=2652001876&kikanKbn=5", "url2": null, "内容": "ユタカ薬局宇治御蔵山【5:薬局】京都府宇治市木幡平尾４" }, "geometry": { "type": "Point", "coordinates": [ 135.811833, 34.927003 ] } },
{ "type": "Feature", "properties": { "ID": 2652652001879.0, "正式名称": "ゴダイ薬局宮津駅前店", "機関区分": 5, "都道府県コード": 26, "市区町村コード": 205, "所在地": "京都府宮津市外側２５０５－８", "緯度": 35.533367, "経度": 135.196991, "url": "https://www.iryou.teikyouseido.mhlw.go.jp/znk-web/juminkanja/S2430/initialize?prefCd=26&kikanCd=2652001879&kikanKbn=5", "url2": null, "内容": "ゴダイ薬局宮津駅前店【5:薬局】京都府宮津市外側２５０５－８" }, "geometry": { "type": "Point", "coordinates": [ 135.196991, 35.533367 ] } },
{ "type": "Feature", "properties": { "ID": 2652652001880.0, "正式名称": "ユタカ薬局紫竹", "機関区分": 5, "都道府県コード": 26, "市区町村コード": 101, "所在地": "京都府京都市北区紫竹西野山東町１６番地１", "緯度": 35.050304, "経度": 135.741367, "url": "https://www.iryou.teikyouseido.mhlw.go.jp/znk-web/juminkanja/S2430/initialize?prefCd=26&kikanCd=2652001880&kikanKbn=5", "url2": "https://www.d-yutaka.co.jp/shop/235.html", "内容": "ユタカ薬局紫竹【5:薬局】京都府京都市北区紫竹西野山東町１６番地１" }, "geometry": { "type": "Point", "coordinates": [ 135.741367, 35.050304 ] } },
{ "type": "Feature", "properties": { "ID": 2652652001881.0, "正式名称": "ユタカ薬局亀岡南つつじヶ丘", "機関区分": 5, "都道府県コード": 26, "市区町村コード": 206, "所在地": "京都府亀岡市南つつじケ丘大葉台二丁目４４番４", "緯度": 34.991212, "経度": 135.59001, "url": "https://www.iryou.teikyouseido.mhlw.go.jp/znk-web/juminkanja/S2430/initialize?prefCd=26&kikanCd=2652001881&kikanKbn=5", "url2": null, "内容": "ユタカ薬局亀岡南つつじヶ丘【5:薬局】京都府亀岡市南つつじケ丘大葉台二丁目４４番４" }, "geometry": { "type": "Point", "coordinates": [ 135.59001, 34.991212 ] } },
{ "type": "Feature", "properties": { "ID": 2652652001882.0, "正式名称": "リペアス調剤薬局　今出川店", "機関区分": 5, "都道府県コード": 26, "市区町村コード": 102, "所在地": "京都府京都市上京区築山南半町２４０番地", "緯度": 35.029337, "経度": 135.757873, "url": "https://www.iryou.teikyouseido.mhlw.go.jp/znk-web/juminkanja/S2430/initialize?prefCd=26&kikanCd=2652001882&kikanKbn=5", "url2": "http://www.ph-mirai.com/shop_imadegawa.html", "内容": "リペアス調剤薬局　今出川店【5:薬局】京都府京都市上京区築山南半町２４０番地" }, "geometry": { "type": "Point", "coordinates": [ 135.757873, 35.029337 ] } },
{ "type": "Feature", "properties": { "ID": 2652652001883.0, "正式名称": "なないろ薬局", "機関区分": 5, "都道府県コード": 26, "市区町村コード": 110, "所在地": "京都府京都市山科区日ノ岡堤谷町６１番地４６", "緯度": 34.99721, "経度": 135.799496, "url": "https://www.iryou.teikyouseido.mhlw.go.jp/znk-web/juminkanja/S2430/initialize?prefCd=26&kikanCd=2652001883&kikanKbn=5", "url2": null, "内容": "なないろ薬局【5:薬局】京都府京都市山科区日ノ岡堤谷町６１番地４６" }, "geometry": { "type": "Point", "coordinates": [ 135.799496, 34.99721 ] } },
{ "type": "Feature", "properties": { "ID": 2652652001884.0, "正式名称": "イオン薬局京都西店", "機関区分": 5, "都道府県コード": 26, "市区町村コード": 108, "所在地": "京都府京都市右京区山ノ内池尻町１番地１イオン京都西店１階", "緯度": 35.0045524, "経度": 135.7209682, "url": "https://www.iryou.teikyouseido.mhlw.go.jp/znk-web/juminkanja/S2430/initialize?prefCd=26&kikanCd=2652001884&kikanKbn=5", "url2": "https://www.aeon.com/store/%E3%82%A4%E3%82%AA%E3%83%B3/%E3%82%A4%E3%82%AA%E3%83%B3%E4%BA%AC%E9%83%BD%E8%A5%BF%E5%BA%97/", "内容": "イオン薬局京都西店【5:薬局】京都府京都市右京区山ノ内池尻町１番地１イオン京都西店１階" }, "geometry": { "type": "Point", "coordinates": [ 135.720968199999987, 35.0045524 ] } },
{ "type": "Feature", "properties": { "ID": 2652652001885.0, "正式名称": "キリン堂薬局　長岡京開田店", "機関区分": 5, "都道府県コード": 26, "市区町村コード": 209, "所在地": "京都府長岡京市開田２丁目１番１号", "緯度": 34.925886, "経度": 135.696778, "url": "https://www.iryou.teikyouseido.mhlw.go.jp/znk-web/juminkanja/S2430/initialize?prefCd=26&kikanCd=2652001885&kikanKbn=5", "url2": null, "内容": "キリン堂薬局　長岡京開田店【5:薬局】京都府長岡京市開田２丁目１番１号" }, "geometry": { "type": "Point", "coordinates": [ 135.696778, 34.925886 ] } },
{ "type": "Feature", "properties": { "ID": 2652652001887.0, "正式名称": "調剤薬局　ツルハドラッグ京都桂店", "機関区分": 5, "都道府県コード": 26, "市区町村コード": 111, "所在地": "京都府京都市西京区御陵溝浦町２４番地１", "緯度": 34.9799, "経度": 135.693992, "url": "https://www.iryou.teikyouseido.mhlw.go.jp/znk-web/juminkanja/S2430/initialize?prefCd=26&kikanCd=2652001887&kikanKbn=5", "url2": "https://shop.tsuruha-g.com/5036", "内容": "調剤薬局　ツルハドラッグ京都桂店【5:薬局】京都府京都市西京区御陵溝浦町２４番地１" }, "geometry": { "type": "Point", "coordinates": [ 135.693992, 34.9799 ] } },
{ "type": "Feature", "properties": { "ID": 2652652001888.0, "正式名称": "クスリのアオキ下狛薬局", "機関区分": 5, "都道府県コード": 26, "市区町村コード": 366, "所在地": "京都府相楽郡精華町大字下狛小字拝殿９番地", "緯度": 34.777679, "経度": 135.788705, "url": "https://www.iryou.teikyouseido.mhlw.go.jp/znk-web/juminkanja/S2430/initialize?prefCd=26&kikanCd=2652001888&kikanKbn=5", "url2": "https://www.kusuri-aoki.co.jp/", "内容": "クスリのアオキ下狛薬局【5:薬局】京都府相楽郡精華町大字下狛小字拝殿９番地" }, "geometry": { "type": "Point", "coordinates": [ 135.788705, 34.777679 ] } },
{ "type": "Feature", "properties": { "ID": 2652652001889.0, "正式名称": "ユタカ薬局城陽寺田", "機関区分": 5, "都道府県コード": 26, "市区町村コード": 207, "所在地": "京都府城陽市寺田北山田２１番１", "緯度": 34.85765, "経度": 135.785269, "url": "https://www.iryou.teikyouseido.mhlw.go.jp/znk-web/juminkanja/S2430/initialize?prefCd=26&kikanCd=2652001889&kikanKbn=5", "url2": "https://www.d-yutaka.co.jp/shop/261.html", "内容": "ユタカ薬局城陽寺田【5:薬局】京都府城陽市寺田北山田２１番１" }, "geometry": { "type": "Point", "coordinates": [ 135.785269, 34.85765 ] } },
{ "type": "Feature", "properties": { "ID": 2652652001890.0, "正式名称": "ユタカ薬局伏見深草", "機関区分": 5, "都道府県コード": 26, "市区町村コード": 109, "所在地": "京都府京都市伏見区深草新門丈町２５５", "緯度": 34.950138, "経度": 135.759891, "url": "https://www.iryou.teikyouseido.mhlw.go.jp/znk-web/juminkanja/S2430/initialize?prefCd=26&kikanCd=2652001890&kikanKbn=5", "url2": "https://www.d-yutaka.co.jp/shop/151.html", "内容": "ユタカ薬局伏見深草【5:薬局】京都府京都市伏見区深草新門丈町２５５" }, "geometry": { "type": "Point", "coordinates": [ 135.759891, 34.950138 ] } },
{ "type": "Feature", "properties": { "ID": 2652652001891.0, "正式名称": "くるむ薬局　京都四条烏丸店", "機関区分": 5, "都道府県コード": 26, "市区町村コード": 106, "所在地": "京都府京都市下京区立売西町６８番地２四条烏丸セントラルビル６階", "緯度": 35.003441, "経度": 135.761621, "url": "https://www.iryou.teikyouseido.mhlw.go.jp/znk-web/juminkanja/S2430/initialize?prefCd=26&kikanCd=2652001891&kikanKbn=5", "url2": "https://curumu-drugstore.jp/", "内容": "くるむ薬局　京都四条烏丸店【5:薬局】京都府京都市下京区立売西町６８番地２四条烏丸セントラルビル６階" }, "geometry": { "type": "Point", "coordinates": [ 135.761621, 35.003441 ] } },
{ "type": "Feature", "properties": { "ID": 2652652001892.0, "正式名称": "健幸薬局　烏丸御池ＬＡＢＯ", "機関区分": 5, "都道府県コード": 26, "市区町村コード": 104, "所在地": "京都府京都市中京区金吹町４６１番地京都烏丸御池ビル１階１－Ａ", "緯度": 35.012561, "経度": 135.759042, "url": "https://www.iryou.teikyouseido.mhlw.go.jp/znk-web/juminkanja/S2430/initialize?prefCd=26&kikanCd=2652001892&kikanKbn=5", "url2": "heartfulcare.com", "内容": "健幸薬局　烏丸御池ＬＡＢＯ【5:薬局】京都府京都市中京区金吹町４６１番地京都烏丸御池ビル１階１－Ａ" }, "geometry": { "type": "Point", "coordinates": [ 135.759042, 35.012561 ] } },
{ "type": "Feature", "properties": { "ID": 2652652001893.0, "正式名称": "ユタカ薬局葛野大路", "機関区分": 5, "都道府県コード": 26, "市区町村コード": 108, "所在地": "京都府京都市右京区山ノ内西裏町６０番地の２", "緯度": 35.006504, "経度": 135.720048, "url": "https://www.iryou.teikyouseido.mhlw.go.jp/znk-web/juminkanja/S2430/initialize?prefCd=26&kikanCd=2652001893&kikanKbn=5", "url2": "https://www.d-yutaka.co.jp/shop/17100.html", "内容": "ユタカ薬局葛野大路【5:薬局】京都府京都市右京区山ノ内西裏町６０番地の２" }, "geometry": { "type": "Point", "coordinates": [ 135.720048, 35.006504 ] } },
{ "type": "Feature", "properties": { "ID": 2652652001894.0, "正式名称": "健幸薬局　上桂ＬＡＢＯ", "機関区分": 5, "都道府県コード": 26, "市区町村コード": 111, "所在地": "京都府京都市西京区上桂東ノ口町１５７番地レヴェンテ桂１階", "緯度": 34.9880429, "経度": 135.704627, "url": "https://www.iryou.teikyouseido.mhlw.go.jp/znk-web/juminkanja/S2430/initialize?prefCd=26&kikanCd=2652001894&kikanKbn=5", "url2": null, "内容": "健幸薬局　上桂ＬＡＢＯ【5:薬局】京都府京都市西京区上桂東ノ口町１５７番地レヴェンテ桂１階" }, "geometry": { "type": "Point", "coordinates": [ 135.704627, 34.9880429 ] } },
{ "type": "Feature", "properties": { "ID": 2652652001895.0, "正式名称": "府立医大前ゆう薬局", "機関区分": 5, "都道府県コード": 26, "市区町村コード": 102, "所在地": "京都府京都市上京区河原町通広小路上る中御霊町４２０番地", "緯度": 35.023502, "経度": 135.768979, "url": "https://www.iryou.teikyouseido.mhlw.go.jp/znk-web/juminkanja/S2430/initialize?prefCd=26&kikanCd=2652001895&kikanKbn=5", "url2": "https://www.uno-upd.co.jp/store/kamigyoku/22102/", "内容": "府立医大前ゆう薬局【5:薬局】京都府京都市上京区河原町通広小路上る中御霊町４２０番地" }, "geometry": { "type": "Point", "coordinates": [ 135.768979, 35.023502 ] } },
{ "type": "Feature", "properties": { "ID": 2652652001897.0, "正式名称": "こかげ薬局", "機関区分": 5, "都道府県コード": 26, "市区町村コード": 108, "所在地": "京都府京都市右京区山ノ内五反田町９－１", "緯度": 35.010767, "経度": 135.720709, "url": "https://www.iryou.teikyouseido.mhlw.go.jp/znk-web/juminkanja/S2430/initialize?prefCd=26&kikanCd=2652001897&kikanKbn=5", "url2": null, "内容": "こかげ薬局【5:薬局】京都府京都市右京区山ノ内五反田町９－１" }, "geometry": { "type": "Point", "coordinates": [ 135.720709, 35.010767 ] } },
{ "type": "Feature", "properties": { "ID": 2652652001899.0, "正式名称": "明徳調剤薬局　宇治駅前店", "機関区分": 5, "都道府県コード": 26, "市区町村コード": 204, "所在地": "京都府宇治市宇治戸ノ内８４－１２", "緯度": 34.891136, "経度": 135.795515, "url": "https://www.iryou.teikyouseido.mhlw.go.jp/znk-web/juminkanja/S2430/initialize?prefCd=26&kikanCd=2652001899&kikanKbn=5", "url2": "https://phstr.co.jp/", "内容": "明徳調剤薬局　宇治駅前店【5:薬局】京都府宇治市宇治戸ノ内８４－１２" }, "geometry": { "type": "Point", "coordinates": [ 135.795515, 34.891136 ] } },
{ "type": "Feature", "properties": { "ID": 2652652001901.0, "正式名称": "クスリのアオキ山科西薬局", "機関区分": 5, "都道府県コード": 26, "市区町村コード": 110, "所在地": "京都府京都市山科区東野舞台町２８－１", "緯度": 34.978232, "経度": 135.80844, "url": "https://www.iryou.teikyouseido.mhlw.go.jp/znk-web/juminkanja/S2430/initialize?prefCd=26&kikanCd=2652001901&kikanKbn=5", "url2": "https://www.kusuri-aoki.co.jp/", "内容": "クスリのアオキ山科西薬局【5:薬局】京都府京都市山科区東野舞台町２８－１" }, "geometry": { "type": "Point", "coordinates": [ 135.80844, 34.978232 ] } },
{ "type": "Feature", "properties": { "ID": 2652652001904.0, "正式名称": "ファーマライズ薬局烏丸紫明店", "機関区分": 5, "都道府県コード": 26, "市区町村コード": 101, "所在地": "京都府京都市北区小山下総町５－１", "緯度": 35.039819, "経度": 135.759556, "url": "https://www.iryou.teikyouseido.mhlw.go.jp/znk-web/juminkanja/S2430/initialize?prefCd=26&kikanCd=2652001904&kikanKbn=5", "url2": "https://www.pharmarise.com/company/store/store.php?store_id=613", "内容": "ファーマライズ薬局烏丸紫明店【5:薬局】京都府京都市北区小山下総町５－１" }, "geometry": { "type": "Point", "coordinates": [ 135.759556, 35.039819 ] } },
{ "type": "Feature", "properties": { "ID": 2652652001905.0, "正式名称": "まるたまち薬局", "機関区分": 5, "都道府県コード": 26, "市区町村コード": 104, "所在地": "京都府京都市中京区西ノ京左馬寮町１番地１４グローバルスクエア１階", "緯度": 35.018409, "経度": 135.737463, "url": "https://www.iryou.teikyouseido.mhlw.go.jp/znk-web/juminkanja/S2430/initialize?prefCd=26&kikanCd=2652001905&kikanKbn=5", "url2": null, "内容": "まるたまち薬局【5:薬局】京都府京都市中京区西ノ京左馬寮町１番地１４グローバルスクエア１階" }, "geometry": { "type": "Point", "coordinates": [ 135.737463, 35.018409 ] } },
{ "type": "Feature", "properties": { "ID": 2652652001910.0, "正式名称": "ベストこころ薬局　京都丸太町店", "機関区分": 5, "都道府県コード": 26, "市区町村コード": 102, "所在地": "京都府京都市上京区油小路通上長者町下る亀屋町１５５－１５７", "緯度": 35.0227, "経度": 135.753592, "url": "https://www.iryou.teikyouseido.mhlw.go.jp/znk-web/juminkanja/S2430/initialize?prefCd=26&kikanCd=2652001910&kikanKbn=5", "url2": null, "内容": "ベストこころ薬局　京都丸太町店【5:薬局】京都府京都市上京区油小路通上長者町下る亀屋町１５５－１５７" }, "geometry": { "type": "Point", "coordinates": [ 135.753592, 35.0227 ] } },
{ "type": "Feature", "properties": { "ID": 2652652001911.0, "正式名称": "ウエルシア薬局京都八幡男山店", "機関区分": 5, "都道府県コード": 26, "市区町村コード": 210, "所在地": "京都府八幡市八幡福禄谷１４９－１", "緯度": 34.852926, "経度": 135.700596, "url": "https://www.iryou.teikyouseido.mhlw.go.jp/znk-web/juminkanja/S2430/initialize?prefCd=26&kikanCd=2652001911&kikanKbn=5", "url2": "https://store.welcia.co.jp/welcia/spot/detail?code=3595D", "内容": "ウエルシア薬局京都八幡男山店【5:薬局】京都府八幡市八幡福禄谷１４９－１" }, "geometry": { "type": "Point", "coordinates": [ 135.700596, 34.852926 ] } }
]
}
