{
"type": "FeatureCollection",
"name": "geo_26_訪問介護",
"crs": { "type": "name", "properties": { "name": "urn:ogc:def:crs:OGC:1.3:CRS84" } },
"features": [
{ "type": "Feature", "properties": { "内容": "おおみやぼくじょう【訪問介護】京都府京都市北区西賀茂今原町55番地", "url": "https://www.kaigokensaku.mhlw.go.jp/26/index.php?action_kouhyou_detail_004_kani=true&JigyosyoCd=2670101290-00&ServiceCd=110&Type=search", "url2": "http://oomiyabokujou.jimdo.com/" }, "geometry": { "type": "Point", "coordinates": [ 135.740509847885164, 35.064062425035445 ] } },
{ "type": "Feature", "properties": { "内容": "すずめのお宿　ヘルパーステ-ション【訪問介護】京都市北区大北山原谷乾町199-2", "url": "https://www.kaigokensaku.mhlw.go.jp/26/index.php?action_kouhyou_detail_004_kani=true&JigyosyoCd=2670100227-00&ServiceCd=110&Type=search", "url2": "http://www." }, "geometry": { "type": "Point", "coordinates": [ 135.719188499999973, 35.0456961 ] } },
{ "type": "Feature", "properties": { "内容": "訪問介護事業所　サンライズ【訪問介護】京都市北区紫野西御所田町24-1", "url": "https://www.kaigokensaku.mhlw.go.jp/26/index.php?action_kouhyou_detail_004_kani=true&JigyosyoCd=2670100953-00&ServiceCd=110&Type=search", "url2": null }, "geometry": { "type": "Point", "coordinates": [ 135.750410699999946, 35.040864 ] } },
{ "type": "Feature", "properties": { "内容": "訪問介護まごのて西賀茂【訪問介護】京都府京都市北区西賀茂山ノ森町29", "url": "https://www.kaigokensaku.mhlw.go.jp/26/index.php?action_kouhyou_detail_004_kani=true&JigyosyoCd=2670101464-00&ServiceCd=110&Type=search", "url2": "www.successful-aging.care" }, "geometry": { "type": "Point", "coordinates": [ 135.746194400000036, 35.0645758 ] } },
{ "type": "Feature", "properties": { "内容": "訪問介護ゆず【訪問介護】京都府京都市北区紫野東舟岡町27番地15", "url": "https://www.kaigokensaku.mhlw.go.jp/26/index.php?action_kouhyou_detail_004_kani=true&JigyosyoCd=2670101084-00&ServiceCd=110&Type=search", "url2": null }, "geometry": { "type": "Point", "coordinates": [ 135.744016800000054, 35.0404778 ] } },
{ "type": "Feature", "properties": { "内容": "訪問介護レオス【訪問介護】京都府京都市北区大宮田尻町80－102号", "url": "https://www.kaigokensaku.mhlw.go.jp/26/index.php?action_kouhyou_detail_004_kani=true&JigyosyoCd=2670101613-00&ServiceCd=110&Type=search", "url2": null }, "geometry": { "type": "Point", "coordinates": [ 135.748436700000013, 35.0579268 ] } },
{ "type": "Feature", "properties": { "内容": "訪問介護とよさん【訪問介護】京都府京都市北区紫野上石龍町１６番地", "url": "https://www.kaigokensaku.mhlw.go.jp/26/index.php?action_kouhyou_detail_004_kani=true&JigyosyoCd=2670101761-00&ServiceCd=110&Type=search", "url2": null }, "geometry": { "type": "Point", "coordinates": [ 135.7498176, 35.0448364 ] } },
{ "type": "Feature", "properties": { "内容": "すずめのお宿ヘルパーステーション【訪問介護】京都市北区紫野南舟岡町72-1", "url": "https://www.kaigokensaku.mhlw.go.jp/26/index.php?action_kouhyou_detail_004_kani=true&JigyosyoCd=2670101514-00&ServiceCd=110&Type=search", "url2": null }, "geometry": { "type": "Point", "coordinates": [ 135.745158, 35.0373467 ] } },
{ "type": "Feature", "properties": { "内容": "にこにこヘルパーステーション【訪問介護】大宮中林町40", "url": "https://www.kaigokensaku.mhlw.go.jp/26/index.php?action_kouhyou_detail_004_kani=true&JigyosyoCd=2670101753-00&ServiceCd=110&Type=search", "url2": null }, "geometry": { "type": "Point", "coordinates": [ 135.746700775463097, 35.055877473814576 ] } },
{ "type": "Feature", "properties": { "内容": "オハナきたケアセンター【訪問介護】紫野宮東町１０－１船越ビル2階", "url": "https://www.kaigokensaku.mhlw.go.jp/26/index.php?action_kouhyou_detail_004_kani=true&JigyosyoCd=2670100755-00&ServiceCd=110&Type=search", "url2": "http://www.ohana-care.jp/" }, "geometry": { "type": "Point", "coordinates": [ 135.753024, 35.037842499999989 ] } },
{ "type": "Feature", "properties": { "内容": "ヘルパーステーションColor【訪問介護】京都府京都市北区紫野南舟岡町15-2クラスカ西陣415号室", "url": "https://www.kaigokensaku.mhlw.go.jp/26/index.php?action_kouhyou_detail_004_kani=true&JigyosyoCd=2670101837-00&ServiceCd=110&Type=search", "url2": null }, "geometry": { "type": "Point", "coordinates": [ 135.742860300000018, 35.03639720000001 ] } },
{ "type": "Feature", "properties": { "内容": "ヘルパーステーションいろは【訪問介護】京都府京都市北区紫野下柏野町22-23", "url": "https://www.kaigokensaku.mhlw.go.jp/26/index.php?action_kouhyou_detail_004_kani=true&JigyosyoCd=2670101688-00&ServiceCd=110&Type=search", "url2": "hhtps://hhs-iroha.jimdofree.com/" }, "geometry": { "type": "Point", "coordinates": [ 135.7376449, 35.0333847 ] } },
{ "type": "Feature", "properties": { "内容": "訪問介護事業所　暮らしの支援研究舎　港【訪問介護】紫野西藤ノ森町4-5　プチフレーズ　１F", "url": "https://www.kaigokensaku.mhlw.go.jp/26/index.php?action_kouhyou_detail_004_kani=true&JigyosyoCd=2670101498-00&ServiceCd=110&Type=search", "url2": null }, "geometry": { "type": "Point", "coordinates": [ 135.7462207, 35.037713 ] } },
{ "type": "Feature", "properties": { "内容": "ケアステーション　こむぎ【訪問介護】京都府京都市北区紫竹西野山町４４－９プレステージ紫竹１０１", "url": "https://www.kaigokensaku.mhlw.go.jp/26/index.php?action_kouhyou_detail_004_kani=true&JigyosyoCd=2670101571-00&ServiceCd=110&Type=search", "url2": null }, "geometry": { "type": "Point", "coordinates": [ 135.7410041, 35.0516343 ] } },
{ "type": "Feature", "properties": { "内容": "訪問介護くるりす【訪問介護】京都府京都市北区衣笠東尊上院町16-1イースタン尊上院102", "url": "https://www.kaigokensaku.mhlw.go.jp/26/index.php?action_kouhyou_detail_004_kani=true&JigyosyoCd=2670101720-00&ServiceCd=110&Type=search", "url2": "https://dds0021.wixsite.com/kururisu-houmonkaigo" }, "geometry": { "type": "Point", "coordinates": [ 135.7343655, 35.0433839 ] } },
{ "type": "Feature", "properties": { "内容": "訪問介護　なお【訪問介護】京都府京都市北区衣笠馬場町48-1グランデュール金閣103", "url": "https://www.kaigokensaku.mhlw.go.jp/26/index.php?action_kouhyou_detail_004_kani=true&JigyosyoCd=2670101654-00&ServiceCd=110&Type=search", "url2": null }, "geometry": { "type": "Point", "coordinates": [ 135.7306146, 35.0372428 ] } },
{ "type": "Feature", "properties": { "内容": "在宅ケアセンター新大宮【訪問介護】京都府京都市北区紫竹西南町６５－３４たいほう３階", "url": "https://www.kaigokensaku.mhlw.go.jp/26/index.php?action_kouhyou_detail_004_kani=true&JigyosyoCd=2670100631-00&ServiceCd=110&Type=search", "url2": "http://www.nananokai.com/" }, "geometry": { "type": "Point", "coordinates": [ 135.745941337373324, 35.046837149102743 ] } },
{ "type": "Feature", "properties": { "内容": "金閣こぶしの里ヘルパーステーション【訪問介護】京都市北区平野桜木町7-3-2", "url": "https://www.kaigokensaku.mhlw.go.jp/26/index.php?action_kouhyou_detail_004_kani=true&JigyosyoCd=2670100821-00&ServiceCd=110&Type=search", "url2": "http://www/nananokai/com" }, "geometry": { "type": "Point", "coordinates": [ 135.729945899999962, 35.0352557 ] } },
{ "type": "Feature", "properties": { "内容": "訪問介護　とわ【訪問介護】京都市北区小山北大野町58番地グリーンヒル北大路１０３号室", "url": "https://www.kaigokensaku.mhlw.go.jp/26/index.php?action_kouhyou_detail_004_kani=true&JigyosyoCd=2670101449-00&ServiceCd=110&Type=search", "url2": null }, "geometry": { "type": "Point", "coordinates": [ 135.7548505, 35.0427161 ] } },
{ "type": "Feature", "properties": { "内容": "ケアステーション　スマイル【訪問介護】京都市北区新御霊口町262番4", "url": "https://www.kaigokensaku.mhlw.go.jp/26/index.php?action_kouhyou_detail_004_kani=true&JigyosyoCd=2670100714-00&ServiceCd=110&Type=search", "url2": "smilecare1.jp" }, "geometry": { "type": "Point", "coordinates": [ 135.761198394442772, 35.037938624260185 ] } },
{ "type": "Feature", "properties": { "内容": "医療法人　社団　都会　渡辺西賀茂診療所　ホームヘルプステーションであい【訪問介護】京都市北区大宮南田尻町59", "url": "https://www.kaigokensaku.mhlw.go.jp/26/index.php?action_kouhyou_detail_004_kani=true&JigyosyoCd=2610105278-00&ServiceCd=110&Type=search", "url2": "https://www.miyakokai-kyoto.com/deai-hh" }, "geometry": { "type": "Point", "coordinates": [ 135.749588499999959, 35.0571732 ] } },
{ "type": "Feature", "properties": { "内容": "京都生活協同組合福祉事業部ホームヘルプサービスセンター【訪問介護】京都市北区平野宮北町35コープきぬがさ会館1階", "url": "https://www.kaigokensaku.mhlw.go.jp/26/index.php?action_kouhyou_detail_004_kani=true&JigyosyoCd=2670100011-00&ServiceCd=110&Type=search", "url2": null }, "geometry": { "type": "Point", "coordinates": [ 135.732770699999946, 35.0331865 ] } },
{ "type": "Feature", "properties": { "内容": "有限会社　ホームケア衣笠【訪問介護】京都市北区等持院南町30番地の2", "url": "https://www.kaigokensaku.mhlw.go.jp/26/index.php?action_kouhyou_detail_004_kani=true&JigyosyoCd=2670100052-00&ServiceCd=110&Type=search", "url2": "http://www." }, "geometry": { "type": "Point", "coordinates": [ 135.726335400000039, 35.0262619 ] } },
{ "type": "Feature", "properties": { "内容": "ニチイケアセンター北山【訪問介護】京都市北区紫野上御所田町67-1WALK　BLDG　1階", "url": "https://www.kaigokensaku.mhlw.go.jp/26/index.php?action_kouhyou_detail_004_kani=true&JigyosyoCd=2670100193-00&ServiceCd=110&Type=search", "url2": "http://www.nichiigakkan.co.jp" }, "geometry": { "type": "Point", "coordinates": [ 135.751664214819357, 35.050145021194574 ] } },
{ "type": "Feature", "properties": { "内容": "ニチイケアセンター御薗橋【訪問介護】京都府京都市北区大宮北林町4　　長谷川ビル1F長谷川ビル1F", "url": "https://www.kaigokensaku.mhlw.go.jp/26/index.php?action_kouhyou_detail_004_kani=true&JigyosyoCd=2670101548-00&ServiceCd=110&Type=search", "url2": "www.nichiigakkan.co.jp" }, "geometry": { "type": "Point", "coordinates": [ 135.746186, 35.056872800000015 ] } },
{ "type": "Feature", "properties": { "内容": "訪問介護　銭形N【訪問介護】京都府京都市北区紫竹東高縄町13番地2", "url": "https://www.kaigokensaku.mhlw.go.jp/26/index.php?action_kouhyou_detail_004_kani=true&JigyosyoCd=2670101803-00&ServiceCd=110&Type=search", "url2": "https://zenigata-group.jp/" }, "geometry": { "type": "Point", "coordinates": [ 135.751043399999986, 35.0460744 ] } },
{ "type": "Feature", "properties": { "内容": "ケアステーションまるっと【訪問介護】京都市北区衣笠東御所ノ内町42CLASKA衣笠303号", "url": "https://www.kaigokensaku.mhlw.go.jp/26/index.php?action_kouhyou_detail_004_kani=true&JigyosyoCd=2670101852-00&ServiceCd=110&Type=search", "url2": null }, "geometry": { "type": "Point", "coordinates": [ 135.73585, 35.0408043 ] } },
{ "type": "Feature", "properties": { "内容": "訪問介護ファミリー・ホスピス京都北山【訪問介護】上賀茂石計町74-1", "url": "https://www.kaigokensaku.mhlw.go.jp/26/index.php?action_kouhyou_detail_004_kani=true&JigyosyoCd=2660190196-00&ServiceCd=110&Type=search", "url2": "http://kairos-company.com/" }, "geometry": { "type": "Point", "coordinates": [ 135.7629244, 35.0539158 ] } },
{ "type": "Feature", "properties": { "内容": "訪問介護　ひなたぼっこ【訪問介護】京都市北区紫竹西南町67-20", "url": "https://www.kaigokensaku.mhlw.go.jp/26/index.php?action_kouhyou_detail_004_kani=true&JigyosyoCd=2670100771-00&ServiceCd=110&Type=search", "url2": "https://hinatabokko-ibasho.jp" }, "geometry": { "type": "Point", "coordinates": [ 135.745238686894254, 35.046820097688958 ] } },
{ "type": "Feature", "properties": { "内容": "社会福祉法人　京都福祉サービス協会　北事務所【訪問介護】京都市北区紫野上御所田町９番地１", "url": "https://www.kaigokensaku.mhlw.go.jp/26/index.php?action_kouhyou_detail_004_kani=true&JigyosyoCd=2670100847-00&ServiceCd=110&Type=search", "url2": "http://kyoto-fukushi.org" }, "geometry": { "type": "Point", "coordinates": [ 135.7509106, 35.0414556 ] } },
{ "type": "Feature", "properties": { "内容": "ケアステーションりぼん【訪問介護】京都市北区紫野下御輿町28番地1創彩ビル4階", "url": "https://www.kaigokensaku.mhlw.go.jp/26/index.php?action_kouhyou_detail_004_kani=true&JigyosyoCd=2670101233-00&ServiceCd=110&Type=search", "url2": "https://www.care-ribbon.jp" }, "geometry": { "type": "Point", "coordinates": [ 135.73937453430176, 35.04113293245701 ] } },
{ "type": "Feature", "properties": { "内容": "ヘルパーステーション京都しんらい【訪問介護】京都市北区小山初音町10-3", "url": "https://www.kaigokensaku.mhlw.go.jp/26/index.php?action_kouhyou_detail_004_kani=true&JigyosyoCd=2670100730-00&ServiceCd=110&Type=search", "url2": "http://hp.kaipoke.biz/1kp/" }, "geometry": { "type": "Point", "coordinates": [ 135.754233815344264, 35.04627672737417 ] } },
{ "type": "Feature", "properties": { "内容": "訪問介護まごのて北山【訪問介護】京都府京都市北区紫竹東高縄町51番地4", "url": "https://www.kaigokensaku.mhlw.go.jp/26/index.php?action_kouhyou_detail_004_kani=true&JigyosyoCd=2670101134-00&ServiceCd=110&Type=search", "url2": "http://www.successful-aging.care/" }, "geometry": { "type": "Point", "coordinates": [ 135.751841099999979, 35.046555 ] } },
{ "type": "Feature", "properties": { "内容": "ヘルパーステーションスイート北山【訪問介護】京都市北区上賀茂土門町4-3エルメスハイツ１階", "url": "https://www.kaigokensaku.mhlw.go.jp/26/index.php?action_kouhyou_detail_004_kani=true&JigyosyoCd=2670101662-00&ServiceCd=110&Type=search", "url2": null }, "geometry": { "type": "Point", "coordinates": [ 135.7607822, 35.055951800000038 ] } },
{ "type": "Feature", "properties": { "内容": "アイリース【訪問介護】京都市北区鷹峯木ノ畑町89番地プレステージ北山103", "url": "https://www.kaigokensaku.mhlw.go.jp/26/index.php?action_kouhyou_detail_004_kani=true&JigyosyoCd=2670101670-00&ServiceCd=110&Type=search", "url2": "https://revi-iris.com/" }, "geometry": { "type": "Point", "coordinates": [ 135.7370205, 35.04646 ] } },
{ "type": "Feature", "properties": { "内容": "ALSケア京都上賀茂【訪問介護】京都府京都市北区上賀茂南大路町44番地3", "url": "https://www.kaigokensaku.mhlw.go.jp/26/index.php?action_kouhyou_detail_004_kani=true&JigyosyoCd=2670101928-00&ServiceCd=110&Type=search", "url2": null }, "geometry": { "type": "Point", "coordinates": [ 135.7560475, 35.0561411 ] } },
{ "type": "Feature", "properties": { "内容": "ケアステーションエベ【訪問介護】京都府京都市北区上賀茂津ノ国町46-1セジュール津ノ国B棟101号", "url": "https://www.kaigokensaku.mhlw.go.jp/26/index.php?action_kouhyou_detail_004_kani=true&JigyosyoCd=2670601562-00&ServiceCd=110&Type=search", "url2": "https://care-ebe.com" }, "geometry": { "type": "Point", "coordinates": [ 135.745978924933354, 35.070441749761869 ] } },
{ "type": "Feature", "properties": { "内容": "訪問介護まごのて衣笠【訪問介護】京都府京都市北区小松原北町19－27シャルム小松原1階", "url": "https://www.kaigokensaku.mhlw.go.jp/26/index.php?action_kouhyou_detail_004_kani=true&JigyosyoCd=2670101407-00&ServiceCd=110&Type=search", "url2": "http://green-life.care/" }, "geometry": { "type": "Point", "coordinates": [ 135.72697960000005, 35.0320392 ] } },
{ "type": "Feature", "properties": { "内容": "訪問介護まごのて金閣寺【訪問介護】京都市北区衣笠北荒見町5-1", "url": "https://www.kaigokensaku.mhlw.go.jp/26/index.php?action_kouhyou_detail_004_kani=true&JigyosyoCd=2670101589-00&ServiceCd=110&Type=search", "url2": "www.dearfam.care" }, "geometry": { "type": "Point", "coordinates": [ 135.7358049, 35.0403862 ] } },
{ "type": "Feature", "properties": { "内容": "まごのて紫野【訪問介護】京都府京都市北区紫野門前町44番地91", "url": "https://www.kaigokensaku.mhlw.go.jp/26/index.php?action_kouhyou_detail_004_kani=true&JigyosyoCd=2670101811-00&ServiceCd=110&Type=search", "url2": "https://www.circle-inc.jp/" }, "geometry": { "type": "Point", "coordinates": [ 135.745858199999986, 35.037535800000015 ] } },
{ "type": "Feature", "properties": { "内容": "スマイルサポート雅【訪問介護】紫野南舟岡町80番地37", "url": "https://www.kaigokensaku.mhlw.go.jp/26/index.php?action_kouhyou_detail_004_kani=true&JigyosyoCd=2670101324-00&ServiceCd=110&Type=search", "url2": null }, "geometry": { "type": "Point", "coordinates": [ 135.744377900000018, 35.0371531 ] } },
{ "type": "Feature", "properties": { "内容": "トータルケア　ファミリア【訪問介護】京都府京都市北区紫野下石龍町２７番地１７", "url": "https://www.kaigokensaku.mhlw.go.jp/26/index.php?action_kouhyou_detail_004_kani=true&JigyosyoCd=2670101415-00&ServiceCd=110&Type=search", "url2": "http://hp.kaipoke.biz/44p/" }, "geometry": { "type": "Point", "coordinates": [ 135.750024599999989, 35.042166361411191 ] } },
{ "type": "Feature", "properties": { "内容": "ケアネットキティ　訪問介護【訪問介護】京都府京都市北区上賀茂朝露ヶ原町27-2アクアエルフ上賀茂101号", "url": "https://www.kaigokensaku.mhlw.go.jp/26/index.php?action_kouhyou_detail_004_kani=true&JigyosyoCd=2670101274-00&ServiceCd=110&Type=search", "url2": "https://carenetkitty.wixsite.com/kitty" }, "geometry": { "type": "Point", "coordinates": [ 135.750966001956812, 35.059776898064356 ] } },
{ "type": "Feature", "properties": { "内容": "有限会社　ヘルパーステーション　さくら【訪問介護】日暮通出水上る秤口町161-13", "url": "https://www.kaigokensaku.mhlw.go.jp/26/index.php?action_kouhyou_detail_004_kani=true&JigyosyoCd=2670200506-00&ServiceCd=110&Type=search", "url2": "http://care-net.biz/26/hs-sakura" }, "geometry": { "type": "Point", "coordinates": [ 135.747176599999989, 35.0215679 ] } },
{ "type": "Feature", "properties": { "内容": "訪問介護ステーション　ライフ【訪問介護】京都市上京区下立売通千本東入田中町４２２番地１-７０１号セントガーデン７０１", "url": "https://www.kaigokensaku.mhlw.go.jp/26/index.php?action_kouhyou_detail_004_kani=true&JigyosyoCd=2670201264-00&ServiceCd=110&Type=search", "url2": null }, "geometry": { "type": "Point", "coordinates": [ 135.74297367420499, 35.020286395442966 ] } },
{ "type": "Feature", "properties": { "内容": "居宅介護支援センターたんぽぽ【訪問介護】京都市上京区下立売通千本東入田中町４５２番地", "url": "https://www.kaigokensaku.mhlw.go.jp/26/index.php?action_kouhyou_detail_004_kani=true&JigyosyoCd=2670400460-00&ServiceCd=110&Type=search", "url2": "http://tanpopo-kyouto.com" }, "geometry": { "type": "Point", "coordinates": [ 135.743995722686179, 35.020188966497301 ] } },
{ "type": "Feature", "properties": { "内容": "グランユニライフホームヘルパーステーション京都嵐山【訪問介護】京都府京都市右京区嵯峨天龍寺油掛町10-25グランメゾン迎賓館京都嵐山", "url": "https://www.kaigokensaku.mhlw.go.jp/26/index.php?action_kouhyou_detail_004_kani=true&JigyosyoCd=2670701446-00&ServiceCd=110&Type=search", "url2": "http://www.grand-unilife.com/" }, "geometry": { "type": "Point", "coordinates": [ 135.686221353967341, 35.019017251190171 ] } },
{ "type": "Feature", "properties": { "内容": "京都市上京区東西俵屋町167-13【訪問介護】京都市上京区東西俵屋町167-13", "url": "https://www.kaigokensaku.mhlw.go.jp/26/index.php?action_kouhyou_detail_004_kani=true&JigyosyoCd=2670601463-00&ServiceCd=110&Type=search", "url2": null }, "geometry": { "type": "Point", "coordinates": [ 135.7734539, 35.0218939 ] } },
{ "type": "Feature", "properties": { "内容": "訪問介護ステーション桜【訪問介護】京都府京都市上京区上長者町通り黒門西入北小大門町545", "url": "https://www.kaigokensaku.mhlw.go.jp/26/index.php?action_kouhyou_detail_004_kani=true&JigyosyoCd=2670201348-00&ServiceCd=110&Type=search", "url2": null }, "geometry": { "type": "Point", "coordinates": [ 135.7497002, 35.0235015 ] } },
{ "type": "Feature", "properties": { "内容": "ヘルパーステーションスイート千本丸太町【訪問介護】京都府京都市上京区主税町１１６１サテンドール千本１F", "url": "https://www.kaigokensaku.mhlw.go.jp/26/index.php?action_kouhyou_detail_004_kani=true&JigyosyoCd=2670201272-00&ServiceCd=110&Type=search", "url2": null }, "geometry": { "type": "Point", "coordinates": [ 135.742854, 35.0175747 ] } },
{ "type": "Feature", "properties": { "内容": "せんしゅんかい訪問介護センターのぞみ【訪問介護】京都府京都市上京区丸太町通黒門東入藁屋町535-2リーガル京都二条城北703", "url": "https://www.kaigokensaku.mhlw.go.jp/26/index.php?action_kouhyou_detail_004_kani=true&JigyosyoCd=2670301080-00&ServiceCd=110&Type=search", "url2": "nozomi@senshunkai.or.jp" }, "geometry": { "type": "Point", "coordinates": [ 135.748743296529426, 35.017254393484755 ] } },
{ "type": "Feature", "properties": { "内容": "訪問介護まごのて一条【訪問介護】京都府京都市上京区猪熊通元誓願寺下る竪神明町４８３番地２", "url": "https://www.kaigokensaku.mhlw.go.jp/26/index.php?action_kouhyou_detail_004_kani=true&JigyosyoCd=2670201199-00&ServiceCd=110&Type=search", "url2": "https://www.yukari-kaigo.com/" }, "geometry": { "type": "Point", "coordinates": [ 135.7504975, 35.0273748 ] } },
{ "type": "Feature", "properties": { "内容": "介護サービスフィオレット【訪問介護】京都市上京区新町通丸太町通上る春帯町350機関紙会館ビル１階", "url": "https://www.kaigokensaku.mhlw.go.jp/26/index.php?action_kouhyou_detail_004_kani=true&JigyosyoCd=2670301171-00&ServiceCd=110&Type=search", "url2": "https://k-fioretto.co.jp/" }, "geometry": { "type": "Point", "coordinates": [ 135.756781600000011, 35.0180581 ] } },
{ "type": "Feature", "properties": { "内容": "NPO法人高齢者ネット援護会みつわ倶楽部【訪問介護】京都府京都市上京区七本松通一条下ル三軒町65番地42", "url": "https://www.kaigokensaku.mhlw.go.jp/26/index.php?action_kouhyou_detail_004_kani=true&JigyosyoCd=2670200589-00&ServiceCd=110&Type=search", "url2": "https://mitsuwa-club.jp/" }, "geometry": { "type": "Point", "coordinates": [ 135.740421400000059, 35.0252461 ] } },
{ "type": "Feature", "properties": { "内容": "鞍馬口ヘルパーステーション【訪問介護】京都市上京区千本通芦山寺上る閻魔前1-7", "url": "https://www.kaigokensaku.mhlw.go.jp/26/index.php?action_kouhyou_detail_004_kani=true&JigyosyoCd=2670200795-00&ServiceCd=110&Type=search", "url2": null }, "geometry": { "type": "Point", "coordinates": [ 135.7410497, 35.0358467 ] } },
{ "type": "Feature", "properties": { "内容": "福力【訪問介護】京都府京都市上京区大宮通鞍馬口上る若宮竪町103番地", "url": "https://www.kaigokensaku.mhlw.go.jp/26/index.php?action_kouhyou_detail_004_kani=true&JigyosyoCd=2670201355-00&ServiceCd=110&Type=search", "url2": null }, "geometry": { "type": "Point", "coordinates": [ 135.748989, 35.0385979 ] } },
{ "type": "Feature", "properties": { "内容": "クローバー訪問介護サービス【訪問介護】京都府京都市上京区仁和寺街道千本西入五番町472リブマンション309", "url": "https://www.kaigokensaku.mhlw.go.jp/26/index.php?action_kouhyou_detail_004_kani=true&JigyosyoCd=2670201181-00&ServiceCd=110&Type=search", "url2": "https://musubukatachi.com/" }, "geometry": { "type": "Point", "coordinates": [ 135.741845399999988, 35.024324 ] } },
{ "type": "Feature", "properties": { "内容": "訪問介護華暦上京営業所【訪問介護】京都府京都市上京区三軒町48-5", "url": "https://www.kaigokensaku.mhlw.go.jp/26/index.php?action_kouhyou_detail_004_kani=true&JigyosyoCd=2670201249-00&ServiceCd=110&Type=search", "url2": "http://www.hana-koyomi.jp/recruit.html" }, "geometry": { "type": "Point", "coordinates": [ 135.73950450000001, 35.0261413 ] } },
{ "type": "Feature", "properties": { "内容": "ヘルパーステーションそうま【訪問介護】京都府京都市上京区御前通今小路下ル南馬喰町911番地", "url": "https://www.kaigokensaku.mhlw.go.jp/26/index.php?action_kouhyou_detail_004_kani=true&JigyosyoCd=2660290079-00&ServiceCd=110&Type=search", "url2": "https://www.sohma-hp.or.jp/" }, "geometry": { "type": "Point", "coordinates": [ 135.73727718650818, 35.028267646784087 ] } },
{ "type": "Feature", "properties": { "内容": "株式会社野の花　ケアサポート花子【訪問介護】京都市上京区今出川通小川東入ル北兼康町301-1", "url": "https://www.kaigokensaku.mhlw.go.jp/26/index.php?action_kouhyou_detail_004_kani=true&JigyosyoCd=2670101217-00&ServiceCd=110&Type=search", "url2": "https://atcompany.jp/hanako/" }, "geometry": { "type": "Point", "coordinates": [ 135.7548064, 35.0299563 ] } },
{ "type": "Feature", "properties": { "内容": "春花ヘルパーステーション【訪問介護】京都府京都市上京区上長者町通千本東入愛染寺町４８７番地1", "url": "https://www.kaigokensaku.mhlw.go.jp/26/index.php?action_kouhyou_detail_004_kani=true&JigyosyoCd=2670200910-00&ServiceCd=110&Type=search", "url2": "http://www.haru.care/" }, "geometry": { "type": "Point", "coordinates": [ 135.742999324527602, 35.023467240743287 ] } },
{ "type": "Feature", "properties": { "内容": "公益社団法人　京都保健会　総合ケアステーションわかば【訪問介護】千本通上立売上ル作庵町506京都保健会南館　3階", "url": "https://www.kaigokensaku.mhlw.go.jp/26/index.php?action_kouhyou_detail_004_kani=true&JigyosyoCd=2610201358-00&ServiceCd=110&Type=search", "url2": "https://kyoto-hokenkai.org/wakaba/" }, "geometry": { "type": "Point", "coordinates": [ 135.741559, 35.032481 ] } },
{ "type": "Feature", "properties": { "内容": "ヒューマンライフサービス有限会社【訪問介護】京都市上京区笹屋町通大宮西入桝屋町５８３", "url": "https://www.kaigokensaku.mhlw.go.jp/26/index.php?action_kouhyou_detail_004_kani=true&JigyosyoCd=2670200100-00&ServiceCd=110&Type=search", "url2": "https://www.human-life-service.net/" }, "geometry": { "type": "Point", "coordinates": [ 135.748351280233578, 35.02814659731726 ] } },
{ "type": "Feature", "properties": { "内容": "医療法人三幸会生活サポートセンター・ヘルパーステーションきたやま【訪問介護】京都市上京区寺町通鞍馬口下る高徳寺町355-15高徳寺ハウス102号", "url": "https://www.kaigokensaku.mhlw.go.jp/26/index.php?action_kouhyou_detail_004_kani=true&JigyosyoCd=2670101431-00&ServiceCd=110&Type=search", "url2": "https://www.sankokai.jp/" }, "geometry": { "type": "Point", "coordinates": [ 135.76454841317539, 35.036653386278346 ] } },
{ "type": "Feature", "properties": { "内容": "社会福祉法人　京都福祉サービス協会　小川事務所【訪問介護】京都市上京区小川通今出川下る西入東今町375京都市小川特別養護老人ホーム内", "url": "https://www.kaigokensaku.mhlw.go.jp/26/index.php?action_kouhyou_detail_004_kani=true&JigyosyoCd=2670200316-00&ServiceCd=110&Type=search", "url2": "http://www.kyoto-fukushi.org/" }, "geometry": { "type": "Point", "coordinates": [ 135.754005099999972, 35.0257406 ] } },
{ "type": "Feature", "properties": { "内容": "聚楽ヘルパーステーション【訪問介護】京都市上京区大宮通中立売上る糸屋町198３Ｆ", "url": "https://www.kaigokensaku.mhlw.go.jp/26/index.php?action_kouhyou_detail_004_kani=true&JigyosyoCd=2670200423-00&ServiceCd=110&Type=search", "url2": "http://www.nananokai.com" }, "geometry": { "type": "Point", "coordinates": [ 135.748849421951263, 35.025924704565355 ] } },
{ "type": "Feature", "properties": { "内容": "訪問介護ステーションナービス京都二条【訪問介護】京都市上京区下立売通千本西入稲葉町442", "url": "https://www.kaigokensaku.mhlw.go.jp/26/index.php?action_kouhyou_detail_004_kani=true&JigyosyoCd=2670200761-00&ServiceCd=110&Type=search", "url2": "https://joylife.alsok.co.jp/" }, "geometry": { "type": "Point", "coordinates": [ 135.74150680110634, 35.020353739273048 ] } },
{ "type": "Feature", "properties": { "内容": "訪問介護リソラ【訪問介護】京都府京都市上京区千本寺之内上る西五辻北町454-11階102", "url": "https://www.kaigokensaku.mhlw.go.jp/26/index.php?action_kouhyou_detail_004_kani=true&JigyosyoCd=2670201322-00&ServiceCd=110&Type=search", "url2": null }, "geometry": { "type": "Point", "coordinates": [ 135.740756800000014, 35.0340929 ] } },
{ "type": "Feature", "properties": { "内容": "有限会社介護ステーションふれんず葉賀【訪問介護】京都市上京区猪熊通元誓願寺下る竪神明町472-4", "url": "https://www.kaigokensaku.mhlw.go.jp/26/index.php?action_kouhyou_detail_004_kani=true&JigyosyoCd=2670200548-00&ServiceCd=110&Type=search", "url2": "info@fniends.haga.jp" }, "geometry": { "type": "Point", "coordinates": [ 135.749697, 35.0323732 ] } },
{ "type": "Feature", "properties": { "内容": "訪問介護まごのて西陣【訪問介護】京都府京都市上京区中立売通大宮西入新白水丸町446", "url": "https://www.kaigokensaku.mhlw.go.jp/26/index.php?action_kouhyou_detail_004_kani=true&JigyosyoCd=2670200563-00&ServiceCd=110&Type=search", "url2": "http://www.magonote-group.com/" }, "geometry": { "type": "Point", "coordinates": [ 135.747386300000016, 35.0248655 ] } },
{ "type": "Feature", "properties": { "内容": "ヘルパーステーション　ミッキー【訪問介護】京都府京都市上京区浄福寺通上立売上る大黒町７２１", "url": "https://www.kaigokensaku.mhlw.go.jp/26/index.php?action_kouhyou_detail_004_kani=true&JigyosyoCd=2670201389-00&ServiceCd=110&Type=search", "url2": null }, "geometry": { "type": "Point", "coordinates": [ 135.745796500000012, 35.0335697 ] } },
{ "type": "Feature", "properties": { "内容": "訪問介護ステーションメイク【訪問介護】京都市上京区今出川通智恵光院西入る西北小路町２２５番地２ウィンダム智恵光院１階", "url": "https://www.kaigokensaku.mhlw.go.jp/26/index.php?action_kouhyou_detail_004_kani=true&JigyosyoCd=2674001231-00&ServiceCd=110&Type=search", "url2": "http://www.houmon-make.jp/" }, "geometry": { "type": "Point", "coordinates": [ 135.745983700000011, 35.029705100000037 ] } },
{ "type": "Feature", "properties": { "内容": "学研ココファン西陣中央【訪問介護】大宮通今出川上る観世町117", "url": "https://www.kaigokensaku.mhlw.go.jp/26/index.php?action_kouhyou_detail_004_kani=true&JigyosyoCd=2670201140-00&ServiceCd=110&Type=search", "url2": "https://www.cocofump.co.jp/" }, "geometry": { "type": "Point", "coordinates": [ 135.748678, 35.030671 ] } },
{ "type": "Feature", "properties": { "内容": "訪問介護まごのて上七軒【訪問介護】京都府京都市上京区今出川通御前上る社家長屋町６９０番地３", "url": "https://www.kaigokensaku.mhlw.go.jp/26/index.php?action_kouhyou_detail_004_kani=true&JigyosyoCd=2670201330-00&ServiceCd=110&Type=search", "url2": "https://fellows.care/" }, "geometry": { "type": "Point", "coordinates": [ 135.736173799999989, 35.0304811 ] } },
{ "type": "Feature", "properties": { "内容": "ホームヘルプサービス　ソラスト上京【訪問介護】京都府京都市上京区小川通出水上る茶屋町106", "url": "https://www.kaigokensaku.mhlw.go.jp/26/index.php?action_kouhyou_detail_004_kani=true&JigyosyoCd=2670201108-00&ServiceCd=110&Type=search", "url2": "https://solasto-kaigo.com/care/area/solastokamigyo.html" }, "geometry": { "type": "Point", "coordinates": [ 135.754069100000038, 35.021741 ] } },
{ "type": "Feature", "properties": { "内容": "訪問介護まごのて御所北【訪問介護】京都市上京区上御霊竪町447-23", "url": "https://www.kaigokensaku.mhlw.go.jp/26/index.php?action_kouhyou_detail_004_kani=true&JigyosyoCd=2670400676-00&ServiceCd=110&Type=search", "url2": "http://www.ayumi.care" }, "geometry": { "type": "Point", "coordinates": [ 135.761750299999989, 35.0367951 ] } },
{ "type": "Feature", "properties": { "内容": "ヘルパーステーション　遊歩【訪問介護】京都府京都市上京区一条通千本東入伊勢殿構町262番地1", "url": "https://www.kaigokensaku.mhlw.go.jp/26/index.php?action_kouhyou_detail_004_kani=true&JigyosyoCd=2670201256-00&ServiceCd=110&Type=search", "url2": "http://helperstationyuuho.com" }, "geometry": { "type": "Point", "coordinates": [ 135.74371450000001, 35.0265857 ] } },
{ "type": "Feature", "properties": { "内容": "笑顔のもとケアシステム【訪問介護】京都市左京区聖護院山王町２８－１０", "url": "https://www.kaigokensaku.mhlw.go.jp/26/index.php?action_kouhyou_detail_004_kani=true&JigyosyoCd=2670600762-00&ServiceCd=110&Type=search", "url2": "http://www.egaonomoto.co.jp/" }, "geometry": { "type": "Point", "coordinates": [ 135.779081200000064, 35.0164415 ] } },
{ "type": "Feature", "properties": { "内容": "訪問介護事業所　くうら【訪問介護】聖護院蓮華蔵町29", "url": "https://www.kaigokensaku.mhlw.go.jp/26/index.php?action_kouhyou_detail_004_kani=true&JigyosyoCd=2670601026-00&ServiceCd=110&Type=search", "url2": null }, "geometry": { "type": "Point", "coordinates": [ 135.776928600000019, 35.0142306 ] } },
{ "type": "Feature", "properties": { "内容": "ＳＯＭＰＯケア　修学院　訪問介護【訪問介護】京都府京都市左京区山端川端町39そんぽの家S　修学院　１F", "url": "https://www.kaigokensaku.mhlw.go.jp/26/index.php?action_kouhyou_detail_004_kani=true&JigyosyoCd=2670600903-00&ServiceCd=110&Type=search", "url2": "https://www.sompocare.com/" }, "geometry": { "type": "Point", "coordinates": [ 135.787160699999959, 35.049302 ] } },
{ "type": "Feature", "properties": { "内容": "訪問介護　亀仙人【訪問介護】京都府京都市左京区広河原杓子屋町243", "url": "https://www.kaigokensaku.mhlw.go.jp/26/index.php?action_kouhyou_detail_004_kani=true&JigyosyoCd=2670601521-00&ServiceCd=110&Type=search", "url2": "https://kamesen22.com/" }, "geometry": { "type": "Point", "coordinates": [ 135.7678682, 35.242766 ] } },
{ "type": "Feature", "properties": { "内容": "訪問介護事業所【訪問介護】京都市左京区浄土寺下南田町４１コーポ浄土寺１０１", "url": "https://www.kaigokensaku.mhlw.go.jp/26/index.php?action_kouhyou_detail_004_kani=true&JigyosyoCd=2670601125-00&ServiceCd=110&Type=search", "url2": null }, "geometry": { "type": "Point", "coordinates": [ 135.793496499999947, 35.0235381 ] } },
{ "type": "Feature", "properties": { "内容": "まごころステーション　ラ・ポーズ【訪問介護】京都市左京区上高野車地町154番地", "url": "https://www.kaigokensaku.mhlw.go.jp/26/index.php?action_kouhyou_detail_004_kani=true&JigyosyoCd=2670601604-00&ServiceCd=110&Type=search", "url2": "https://ra-pozu.com/" }, "geometry": { "type": "Point", "coordinates": [ 135.792114199999986, 35.0627605 ] } },
{ "type": "Feature", "properties": { "内容": "ケアセンターしまうま【訪問介護】京都府京都市左京区浄土寺下馬場町85番地supureme浄土寺105号室", "url": "https://www.kaigokensaku.mhlw.go.jp/26/index.php?action_kouhyou_detail_004_kani=true&JigyosyoCd=2670601620-00&ServiceCd=110&Type=search", "url2": "https://zebra-kyoto.co.jp/" }, "geometry": { "type": "Point", "coordinates": [ 135.7918163, 35.0239573 ] } },
{ "type": "Feature", "properties": { "内容": "訪問介護エメロード【訪問介護】京都市左京区一乗寺花ノ木町40-2", "url": "https://www.kaigokensaku.mhlw.go.jp/26/index.php?action_kouhyou_detail_004_kani=true&JigyosyoCd=2670600325-00&ServiceCd=110&Type=search", "url2": "http://www.emeroad.jp" }, "geometry": { "type": "Point", "coordinates": [ 135.793419073016366, 35.042803911729514 ] } },
{ "type": "Feature", "properties": { "内容": "北白川営業所【訪問介護】京都府京都市左京区北白川久保田町16-1", "url": "https://www.kaigokensaku.mhlw.go.jp/26/index.php?action_kouhyou_detail_004_kani=true&JigyosyoCd=2670601067-00&ServiceCd=110&Type=search", "url2": "www.goddag.net" }, "geometry": { "type": "Point", "coordinates": [ 135.791330844180294, 35.029303322761749 ] } },
{ "type": "Feature", "properties": { "内容": "ヘルパーステーション　オーキッド【訪問介護】京都市左京区下鴨前萩町１９", "url": "https://www.kaigokensaku.mhlw.go.jp/26/index.php?action_kouhyou_detail_004_kani=true&JigyosyoCd=2670101159-00&ServiceCd=110&Type=search", "url2": "https://www.lkyoto.jp/" }, "geometry": { "type": "Point", "coordinates": [ 135.767521272583082, 35.050471907206571 ] } },
{ "type": "Feature", "properties": { "内容": "さくら・介護ステーション京の森【訪問介護】京都市上京区元誓願寺通浄福寺東入元中之町516-3", "url": "https://www.kaigokensaku.mhlw.go.jp/26/index.php?action_kouhyou_detail_004_kani=true&JigyosyoCd=2670601190-00&ServiceCd=110&Type=search", "url2": "http://sample-toilo.e-ent.co.jp/sakura/" }, "geometry": { "type": "Point", "coordinates": [ 135.74682491618708, 35.028720712649346 ] } },
{ "type": "Feature", "properties": { "内容": "ケアステーションあんじぇす岩倉【訪問介護】岩倉長谷町1588", "url": "https://www.kaigokensaku.mhlw.go.jp/26/index.php?action_kouhyou_detail_004_kani=true&JigyosyoCd=2670601257-00&ServiceCd=110&Type=search", "url2": null }, "geometry": { "type": "Point", "coordinates": [ 135.789608, 35.0822887 ] } },
{ "type": "Feature", "properties": { "内容": "在宅サポート・北大路【訪問介護】京都府京都市左京区一乗寺梅ノ木町16", "url": "https://www.kaigokensaku.mhlw.go.jp/26/index.php?action_kouhyou_detail_004_kani=true&JigyosyoCd=2670601695-00&ServiceCd=110&Type=search", "url2": "http://caringkyoto.com" }, "geometry": { "type": "Point", "coordinates": [ 135.787288700000033, 35.041450600000033 ] } },
{ "type": "Feature", "properties": { "内容": "株式会社光輝訪問介護事業所【訪問介護】京都市左京区岩倉長谷町1257番地2", "url": "https://www.kaigokensaku.mhlw.go.jp/26/index.php?action_kouhyou_detail_004_kani=true&JigyosyoCd=2670600994-00&ServiceCd=110&Type=search", "url2": null }, "geometry": { "type": "Point", "coordinates": [ 135.788343400000031, 35.0787485 ] } },
{ "type": "Feature", "properties": { "内容": "株式会社ケア・サポート　上高野事業所【訪問介護】京都市左京区上高野隣好町10番地上高野デイサービスセンター３階", "url": "https://www.kaigokensaku.mhlw.go.jp/26/index.php?action_kouhyou_detail_004_kani=true&JigyosyoCd=2670100532-00&ServiceCd=110&Type=search", "url2": "http://www.kouryokai.jp" }, "geometry": { "type": "Point", "coordinates": [ 135.795156799999972, 35.0623643 ] } },
{ "type": "Feature", "properties": { "内容": "医療法人社団　テイ医院　テイ訪問介護センター【訪問介護】京都市左京区浄土寺下南田町3-5", "url": "https://www.kaigokensaku.mhlw.go.jp/26/index.php?action_kouhyou_detail_004_kani=true&JigyosyoCd=2610605491-00&ServiceCd=110&Type=search", "url2": "http://www.tei.or.jp" }, "geometry": { "type": "Point", "coordinates": [ 135.793863200000033, 35.0227576 ] } },
{ "type": "Feature", "properties": { "内容": "訪問介護エス・フォー高野【訪問介護】京都市左京区高野竹屋町37番地フルフィルたかの　1階", "url": "https://www.kaigokensaku.mhlw.go.jp/26/index.php?action_kouhyou_detail_004_kani=true&JigyosyoCd=2670601448-00&ServiceCd=110&Type=search", "url2": "https://www.esufor.com" }, "geometry": { "type": "Point", "coordinates": [ 135.7819508, 35.0424697 ] } },
{ "type": "Feature", "properties": { "内容": "公益社団法人信和会　訪問看護ステーションたんぽぽ併設ヘルパーステーションこでまり【訪問介護】京都市左京区田中飛鳥井町45", "url": "https://www.kaigokensaku.mhlw.go.jp/26/index.php?action_kouhyou_detail_004_kani=true&JigyosyoCd=2660690021-00&ServiceCd=110&Type=search", "url2": null }, "geometry": { "type": "Point", "coordinates": [ 135.776629800000023, 35.0334243 ] } },
{ "type": "Feature", "properties": { "内容": "ニチイケアセンター左京【訪問介護】京都市左京区一乗寺梅ノ木町８２ハイデンス北大路１０４号", "url": "https://www.kaigokensaku.mhlw.go.jp/26/index.php?action_kouhyou_detail_004_kani=true&JigyosyoCd=2670600705-00&ServiceCd=110&Type=search", "url2": null }, "geometry": { "type": "Point", "coordinates": [ 135.787563699999964, 35.0409669 ] } },
{ "type": "Feature", "properties": { "内容": "訪問介護ハートランド洛北【訪問介護】静市市原町207番地訪問介護ハートランド洛北", "url": "https://www.kaigokensaku.mhlw.go.jp/26/index.php?action_kouhyou_detail_004_kani=true&JigyosyoCd=2670600895-00&ServiceCd=110&Type=search", "url2": "http://kawasho-hl.jp/" }, "geometry": { "type": "Point", "coordinates": [ 135.760484799999972, 35.0877863 ] } },
{ "type": "Feature", "properties": { "内容": "市原ホームヘルプ室【訪問介護】京都府京都市左京区静市市原町1278番地市原寮　ホール棟1階", "url": "https://www.kaigokensaku.mhlw.go.jp/26/index.php?action_kouhyou_detail_004_kani=true&JigyosyoCd=2670601232-00&ServiceCd=110&Type=search", "url2": "http://www.itihara.or.jp/" }, "geometry": { "type": "Point", "coordinates": [ 135.761322592729101, 35.089845583025017 ] } },
{ "type": "Feature", "properties": { "内容": "社会福祉法人　京都福祉サービス協会高野訪問介護ステーション【訪問介護】京都市左京区高野西開町5番地京都市左京合同福祉センター3階", "url": "https://www.kaigokensaku.mhlw.go.jp/26/index.php?action_kouhyou_detail_004_kani=true&JigyosyoCd=2670600044-00&ServiceCd=110&Type=search", "url2": "http://kyoto-fukushi.org" }, "geometry": { "type": "Point", "coordinates": [ 135.77806720000001, 35.038100600000014 ] } },
{ "type": "Feature", "properties": { "内容": "日本いのちの花協会　訪問介護事業所【訪問介護】京都市左京区田中樋ノ口町31番地", "url": "https://www.kaigokensaku.mhlw.go.jp/26/index.php?action_kouhyou_detail_004_kani=true&JigyosyoCd=2670600184-00&ServiceCd=110&Type=search", "url2": "http://www.inochinohana.net/" }, "geometry": { "type": "Point", "coordinates": [ 135.78451295265566, 35.033198852595646 ] } },
{ "type": "Feature", "properties": { "内容": "シルバースター訪問介護事業所【訪問介護】京都市左京区岩倉中町301ゴールデンガーデン岩倉104号室", "url": "https://www.kaigokensaku.mhlw.go.jp/26/index.php?action_kouhyou_detail_004_kani=true&JigyosyoCd=2670600820-00&ServiceCd=110&Type=search", "url2": null }, "geometry": { "type": "Point", "coordinates": [ 135.788266722710574, 35.078041366588415 ] } },
{ "type": "Feature", "properties": { "内容": "訪問介護スマイルドア【訪問介護】岩倉幡枝町333番地3", "url": "https://www.kaigokensaku.mhlw.go.jp/26/index.php?action_kouhyou_detail_004_kani=true&JigyosyoCd=2670600945-00&ServiceCd=110&Type=search", "url2": null }, "geometry": { "type": "Point", "coordinates": [ 135.767902326081071, 35.065922488001249 ] } },
{ "type": "Feature", "properties": { "内容": "グランダ南禅寺下河原町ケアステーション【訪問介護】京都府京都市左京区南禅寺下河原町53-1", "url": "https://www.kaigokensaku.mhlw.go.jp/26/index.php?action_kouhyou_detail_004_kani=true&JigyosyoCd=2670601158-00&ServiceCd=110&Type=search", "url2": "https://kaigo.benesse-style-care.co.jp" }, "geometry": { "type": "Point", "coordinates": [ 135.79089410000006, 35.0152999 ] } },
{ "type": "Feature", "properties": { "内容": "たなかみなみにしうらちょう【訪問介護】田中南西浦町88-33", "url": "https://www.kaigokensaku.mhlw.go.jp/26/index.php?action_kouhyou_detail_004_kani=true&JigyosyoCd=2670601216-00&ServiceCd=110&Type=search", "url2": "https://www.care-omoiyari.co.jp" }, "geometry": { "type": "Point", "coordinates": [ 135.7772081, 35.0345747 ] } },
{ "type": "Feature", "properties": { "内容": "訪問介護ハートランド岩倉【訪問介護】京都市左京区岩倉長谷町593-2ハートランド岩倉", "url": "https://www.kaigokensaku.mhlw.go.jp/26/index.php?action_kouhyou_detail_004_kani=true&JigyosyoCd=2670601240-00&ServiceCd=110&Type=search", "url2": null }, "geometry": { "type": "Point", "coordinates": [ 135.788478, 35.0823593 ] } },
{ "type": "Feature", "properties": { "内容": "ヘルパーステーション葉牡丹【訪問介護】京都府京都市左京区岩倉長谷町1877番地テンダーライフひえい2号館", "url": "https://www.kaigokensaku.mhlw.go.jp/26/index.php?action_kouhyou_detail_004_kani=true&JigyosyoCd=2670601471-00&ServiceCd=110&Type=search", "url2": null }, "geometry": { "type": "Point", "coordinates": [ 135.7897442, 35.0776817 ] } },
{ "type": "Feature", "properties": { "内容": "訪問介護まごのて神宮【訪問介護】京都府京都市左京区東竹屋町65番地2", "url": "https://www.kaigokensaku.mhlw.go.jp/26/index.php?action_kouhyou_detail_004_kani=true&JigyosyoCd=2670601489-00&ServiceCd=110&Type=search", "url2": "https://mic-corporation.com/" }, "geometry": { "type": "Point", "coordinates": [ 135.7737871, 35.016482 ] } },
{ "type": "Feature", "properties": { "内容": "ヘルパーステーションスイート平安【訪問介護】京都府京都市左京区仁王門通新高倉東入北門前町487東山仁王門ビル１階", "url": "https://www.kaigokensaku.mhlw.go.jp/26/index.php?action_kouhyou_detail_004_kani=true&JigyosyoCd=2670601638-00&ServiceCd=110&Type=search", "url2": null }, "geometry": { "type": "Point", "coordinates": [ 135.778487040475426, 35.012372912781586 ] } },
{ "type": "Feature", "properties": { "内容": "訪問介護　まごのて下鴨【訪問介護】京都府京都市左京区下鴨松ノ木町4番地", "url": "https://www.kaigokensaku.mhlw.go.jp/26/index.php?action_kouhyou_detail_004_kani=true&JigyosyoCd=2670601273-00&ServiceCd=110&Type=search", "url2": null }, "geometry": { "type": "Point", "coordinates": [ 135.769992600000023, 35.0415418 ] } },
{ "type": "Feature", "properties": { "内容": "株式会社びりーぶ　訪問介護まごのて左京【訪問介護】京都府京都市左京区山端大塚町16番地34", "url": "https://www.kaigokensaku.mhlw.go.jp/26/index.php?action_kouhyou_detail_004_kani=true&JigyosyoCd=2670600986-00&ServiceCd=110&Type=search", "url2": "http://www.magonote-group.com/" }, "geometry": { "type": "Point", "coordinates": [ 135.7914379, 35.0564956 ] } },
{ "type": "Feature", "properties": { "内容": "有限会社友愛【訪問介護】京都府京都市左京区下鴨松原町28-4", "url": "https://www.kaigokensaku.mhlw.go.jp/26/index.php?action_kouhyou_detail_004_kani=true&JigyosyoCd=2670601349-00&ServiceCd=110&Type=search", "url2": null }, "geometry": { "type": "Point", "coordinates": [ 135.7703616, 35.0358768 ] } },
{ "type": "Feature", "properties": { "内容": "ヘルパースクエア高野【訪問介護】高野竹屋町46番地1", "url": "https://www.kaigokensaku.mhlw.go.jp/26/index.php?action_kouhyou_detail_004_kani=true&JigyosyoCd=2670601398-00&ServiceCd=110&Type=search", "url2": "https://sites.google.com/view/squaretakano/" }, "geometry": { "type": "Point", "coordinates": [ 135.7814913, 35.042236 ] } },
{ "type": "Feature", "properties": { "内容": "在宅サポート・北白川【訪問介護】京都市左京区北白川西平井町14-4", "url": "https://www.kaigokensaku.mhlw.go.jp/26/index.php?action_kouhyou_detail_004_kani=true&JigyosyoCd=2670600523-00&ServiceCd=110&Type=search", "url2": "http://caringkyoto.com" }, "geometry": { "type": "Point", "coordinates": [ 135.786508419960001, 35.035910700500445 ] } },
{ "type": "Feature", "properties": { "内容": "訪問介護たらちね【訪問介護】京都市左京区一乗寺東杉ノ宮町42Ｓａｋｕｒａ　Ｒｅｓｉｄｅｎｃｅ一乗寺１０２号室", "url": "https://www.kaigokensaku.mhlw.go.jp/26/index.php?action_kouhyou_detail_004_kani=true&JigyosyoCd=2670601356-00&ServiceCd=110&Type=search", "url2": null }, "geometry": { "type": "Point", "coordinates": [ 135.788098398192915, 35.046359394249791 ] } },
{ "type": "Feature", "properties": { "内容": "京都生協左京ホームヘルプサービス【訪問介護】京都市左京区松ヶ崎三反長町5-2", "url": "https://www.kaigokensaku.mhlw.go.jp/26/index.php?action_kouhyou_detail_004_kani=true&JigyosyoCd=2670600531-00&ServiceCd=110&Type=search", "url2": null }, "geometry": { "type": "Point", "coordinates": [ 135.775748755611403, 35.050284645314811 ] } },
{ "type": "Feature", "properties": { "内容": "訪問介護ステーションのぞみ【訪問介護】京都市左京区高野泉町71－2パレモデリア１A", "url": "https://www.kaigokensaku.mhlw.go.jp/26/index.php?action_kouhyou_detail_004_kani=true&JigyosyoCd=2670601406-00&ServiceCd=110&Type=search", "url2": null }, "geometry": { "type": "Point", "coordinates": [ 135.785055786087213, 35.045986275422315 ] } },
{ "type": "Feature", "properties": { "内容": "訪問介護事業所いろは【訪問介護】京都府京都市左京区上高野下荒蒔町４－１２", "url": "https://www.kaigokensaku.mhlw.go.jp/26/index.php?action_kouhyou_detail_004_kani=true&JigyosyoCd=2670601539-00&ServiceCd=110&Type=search", "url2": null }, "geometry": { "type": "Point", "coordinates": [ 135.7923457, 35.0570083 ] } },
{ "type": "Feature", "properties": { "内容": "プレザングラン京都円町【訪問介護】西ノ京塚本町3-1", "url": "https://www.kaigokensaku.mhlw.go.jp/26/index.php?action_kouhyou_detail_004_kani=true&JigyosyoCd=2670301346-00&ServiceCd=110&Type=search", "url2": null }, "geometry": { "type": "Point", "coordinates": [ 135.7274966, 35.0156323 ] } },
{ "type": "Feature", "properties": { "内容": "訪問介護事業所ほほえみ京都【訪問介護】京都府京都市中京区油小路通押小路下る押油小路町２５０番地", "url": "https://www.kaigokensaku.mhlw.go.jp/26/index.php?action_kouhyou_detail_004_kani=true&JigyosyoCd=2670300983-00&ServiceCd=110&Type=search", "url2": null }, "geometry": { "type": "Point", "coordinates": [ 135.751411400000052, 35.0104252 ] } },
{ "type": "Feature", "properties": { "内容": "ヘルパーステーションみる【訪問介護】京都市中京区六角通室町西入玉蔵町115番地1WAKOビル4階", "url": "https://www.kaigokensaku.mhlw.go.jp/26/index.php?action_kouhyou_detail_004_kani=true&JigyosyoCd=2670301411-00&ServiceCd=110&Type=search", "url2": "https://helpermiru.com/" }, "geometry": { "type": "Point", "coordinates": [ 135.756939, 35.0072196 ] } },
{ "type": "Feature", "properties": { "内容": "じょいんヘルパーステーション【訪問介護】京都府京都市中京区三条通烏丸東入梅忠町20-1烏丸アネックスⅡ　1118号", "url": "https://www.kaigokensaku.mhlw.go.jp/26/index.php?action_kouhyou_detail_004_kani=true&JigyosyoCd=2670300991-00&ServiceCd=110&Type=search", "url2": null }, "geometry": { "type": "Point", "coordinates": [ 135.7605414, 35.0082772 ] } },
{ "type": "Feature", "properties": { "内容": "ヘルパーステーション　錦【訪問介護】京都市中京区東洞院通蛸薬師下ル元竹田町638", "url": "https://www.kaigokensaku.mhlw.go.jp/26/index.php?action_kouhyou_detail_004_kani=true&JigyosyoCd=2670301106-00&ServiceCd=110&Type=search", "url2": null }, "geometry": { "type": "Point", "coordinates": [ 135.761047, 35.005945 ] } },
{ "type": "Feature", "properties": { "内容": "ヘルパーステーションＨＡＲＵ【訪問介護】京都市中京区壬生相合町18-9ウィズ高辻通2階205号", "url": "https://www.kaigokensaku.mhlw.go.jp/26/index.php?action_kouhyou_detail_004_kani=true&JigyosyoCd=2670301379-00&ServiceCd=110&Type=search", "url2": "http://hg-cc-haru.com" }, "geometry": { "type": "Point", "coordinates": [ 135.745768700000013, 35.0002233 ] } },
{ "type": "Feature", "properties": { "内容": "よりどころ訪問介護事業所【訪問介護】京都市中京区西ノ京船塚町15-39", "url": "https://www.kaigokensaku.mhlw.go.jp/26/index.php?action_kouhyou_detail_004_kani=true&JigyosyoCd=2670301437-00&ServiceCd=110&Type=search", "url2": "https://yoridokorogroup.com/" }, "geometry": { "type": "Point", "coordinates": [ 135.737124013474471, 35.011532042826566 ] } },
{ "type": "Feature", "properties": { "内容": "ホームヘルプステーションきこえの森【訪問介護】京都市中京区西ノ京東中合町２番地", "url": "https://www.kaigokensaku.mhlw.go.jp/26/index.php?action_kouhyou_detail_004_kani=true&JigyosyoCd=2670300033-00&ServiceCd=110&Type=search", "url2": "htttp://www.kyoto-chogen.or.jp/index.htm" }, "geometry": { "type": "Point", "coordinates": [ 135.730589281614698, 35.01334508406822 ] } },
{ "type": "Feature", "properties": { "内容": "ニチイケアセンター二条【訪問介護】京都市中京区烏丸通夷川上ル少将井町229-2　第七長谷ビル4F", "url": "https://www.kaigokensaku.mhlw.go.jp/26/index.php?action_kouhyou_detail_004_kani=true&JigyosyoCd=2670300199-00&ServiceCd=110&Type=search", "url2": "http://www." }, "geometry": { "type": "Point", "coordinates": [ 135.759281001249747, 35.015934731871958 ] } },
{ "type": "Feature", "properties": { "内容": "はないろ訪問介護ステーション【訪問介護】京都府京都市中京区壬生西土居ノ内町19ボイスビル701号室", "url": "https://www.kaigokensaku.mhlw.go.jp/26/index.php?action_kouhyou_detail_004_kani=true&JigyosyoCd=2670301486-00&ServiceCd=110&Type=search", "url2": null }, "geometry": { "type": "Point", "coordinates": [ 135.7329787, 35.0034261 ] } },
{ "type": "Feature", "properties": { "内容": "ヘルパーステーション「わをん」【訪問介護】西ノ京馬代町17-9", "url": "https://www.kaigokensaku.mhlw.go.jp/26/index.php?action_kouhyou_detail_004_kani=true&JigyosyoCd=2670300959-00&ServiceCd=110&Type=search", "url2": "waon-net" }, "geometry": { "type": "Point", "coordinates": [ 135.726010866093986, 35.019286738536486 ] } },
{ "type": "Feature", "properties": { "内容": "ホームヘルプサービス　ソラスト西院【訪問介護】京都府京都市中京区壬生西檜町31シャリテ壬生1F", "url": "https://www.kaigokensaku.mhlw.go.jp/26/index.php?action_kouhyou_detail_004_kani=true&JigyosyoCd=2670300652-00&ServiceCd=110&Type=search", "url2": "https://solasto-kaigo.com/care/area/solastosaiin.html" }, "geometry": { "type": "Point", "coordinates": [ 135.733560399999988, 34.999014600000017 ] } },
{ "type": "Feature", "properties": { "内容": "ファインケア株式会社訪問介護事業所ひまわり【訪問介護】京都市中京区壬生朱雀町27-1朱雀ハイツ２－Ｆ", "url": "https://www.kaigokensaku.mhlw.go.jp/26/index.php?action_kouhyou_detail_004_kani=true&JigyosyoCd=2670300330-00&ServiceCd=110&Type=search", "url2": "http://www.finecare-himawari.co.jp/" }, "geometry": { "type": "Point", "coordinates": [ 135.7424039, 35.0082335 ] } },
{ "type": "Feature", "properties": { "内容": "サポートオフィス・サターン【訪問介護】京都市中京区西ノ京原町56番地106号", "url": "https://www.kaigokensaku.mhlw.go.jp/26/index.php?action_kouhyou_detail_004_kani=true&JigyosyoCd=2670300512-00&ServiceCd=110&Type=search", "url2": null }, "geometry": { "type": "Point", "coordinates": [ 135.733485200000018, 35.0116385 ] } },
{ "type": "Feature", "properties": { "内容": "アクア京都訪問介護【訪問介護】京都府京都市中京区聚楽廻東町6-1", "url": "https://www.kaigokensaku.mhlw.go.jp/26/index.php?action_kouhyou_detail_004_kani=true&JigyosyoCd=2670301353-00&ServiceCd=110&Type=search", "url2": null }, "geometry": { "type": "Point", "coordinates": [ 135.7424138, 35.0179115 ] } },
{ "type": "Feature", "properties": { "内容": "ケアセンターまれびと【訪問介護】京都市中京区西ノ京伯楽町14-52マンションいそい伯楽302", "url": "https://www.kaigokensaku.mhlw.go.jp/26/index.php?action_kouhyou_detail_004_kani=true&JigyosyoCd=2670300744-00&ServiceCd=110&Type=search", "url2": null }, "geometry": { "type": "Point", "coordinates": [ 135.727530239286807, 35.019799912282089 ] } },
{ "type": "Feature", "properties": { "内容": "介護ステーションたいよう【訪問介護】京都市中京区西ノ京内畑町２３番地", "url": "https://www.kaigokensaku.mhlw.go.jp/26/index.php?action_kouhyou_detail_004_kani=true&JigyosyoCd=2670301023-00&ServiceCd=110&Type=search", "url2": null }, "geometry": { "type": "Point", "coordinates": [ 135.739727419274573, 35.015509490444522 ] } },
{ "type": "Feature", "properties": { "内容": "ケアサポートうらら【訪問介護】京都府京都市中京区西ノ京壺ノ内町15-17", "url": "https://www.kaigokensaku.mhlw.go.jp/26/index.php?action_kouhyou_detail_004_kani=true&JigyosyoCd=2670301304-00&ServiceCd=110&Type=search", "url2": null }, "geometry": { "type": "Point", "coordinates": [ 135.7268676, 35.0168643 ] } },
{ "type": "Feature", "properties": { "内容": "株式会社ハッピーナビゲーション【訪問介護】京都市中京区西洞院通夷川上る毘沙門町397-2二条城東グランドハイツ１０８", "url": "https://www.kaigokensaku.mhlw.go.jp/26/index.php?action_kouhyou_detail_004_kani=true&JigyosyoCd=2670300611-00&ServiceCd=110&Type=search", "url2": "http://www.happynaviegao.com" }, "geometry": { "type": "Point", "coordinates": [ 135.754860720793204, 35.015170273547554 ] } },
{ "type": "Feature", "properties": { "内容": "ヘルパーステーション三条大宮【訪問介護】猪熊通姉小路下る姉猪熊町332番地", "url": "https://www.kaigokensaku.mhlw.go.jp/26/index.php?action_kouhyou_detail_004_kani=true&JigyosyoCd=2670301163-00&ServiceCd=110&Type=search", "url2": "https://cs-lcj.tkc.best-hp.jp" }, "geometry": { "type": "Point", "coordinates": [ 135.750408474437336, 35.009510051417109 ] } },
{ "type": "Feature", "properties": { "内容": "ケア２１円町【訪問介護】京都府京都市中京区西ノ京円町23-2ヤマシロビル２階", "url": "https://www.kaigokensaku.mhlw.go.jp/26/index.php?action_kouhyou_detail_004_kani=true&JigyosyoCd=2670301213-00&ServiceCd=110&Type=search", "url2": null }, "geometry": { "type": "Point", "coordinates": [ 135.7321316, 35.0188146 ] } },
{ "type": "Feature", "properties": { "内容": "社会福祉法人京都福祉サービス協会　朱雀事務所【訪問介護】京都市中京区壬生御所ノ内町３９番５", "url": "https://www.kaigokensaku.mhlw.go.jp/26/index.php?action_kouhyou_detail_004_kani=true&JigyosyoCd=2670300785-00&ServiceCd=110&Type=search", "url2": "http://kyoto-fukushi.org" }, "geometry": { "type": "Point", "coordinates": [ 135.742434230280367, 35.004943379574357 ] } },
{ "type": "Feature", "properties": { "内容": "主婦の友サービス【訪問介護】三条通烏丸東入梅忠町20-1烏丸アネックス0402", "url": "https://www.kaigokensaku.mhlw.go.jp/26/index.php?action_kouhyou_detail_004_kani=true&JigyosyoCd=2670300355-00&ServiceCd=110&Type=search", "url2": "http://www." }, "geometry": { "type": "Point", "coordinates": [ 135.765485400000017, 35.0078621 ] } },
{ "type": "Feature", "properties": { "内容": "ヒューマンライフサービス有限会社　中央ステーション【訪問介護】京都市中京区聚楽廻南町19", "url": "https://www.kaigokensaku.mhlw.go.jp/26/index.php?action_kouhyou_detail_004_kani=true&JigyosyoCd=2670300439-00&ServiceCd=110&Type=search", "url2": null }, "geometry": { "type": "Point", "coordinates": [ 135.741381439425624, 35.015632080304158 ] } },
{ "type": "Feature", "properties": { "内容": "洛和ヘルパーステーション丸太町【訪問介護】聚楽廻松下町1-9芙蓉ビル３階", "url": "https://www.kaigokensaku.mhlw.go.jp/26/index.php?action_kouhyou_detail_004_kani=true&JigyosyoCd=2670301320-00&ServiceCd=110&Type=search", "url2": "ｈｔｔｐ：//ｗｗｗ.rakuwa.or.jp" }, "geometry": { "type": "Point", "coordinates": [ 135.739186100000012, 35.0180502 ] } },
{ "type": "Feature", "properties": { "内容": "ヘルパーステーションスイート二条城前【訪問介護】黒門通姉小路下ル上一文字町289-2城南ハイツ１F", "url": "https://www.kaigokensaku.mhlw.go.jp/26/index.php?action_kouhyou_detail_004_kani=true&JigyosyoCd=2670301429-00&ServiceCd=110&Type=search", "url2": null }, "geometry": { "type": "Point", "coordinates": [ 135.7495403, 35.0094465 ] } },
{ "type": "Feature", "properties": { "内容": "ユニカンヘルパーステーション【訪問介護】京都府京都市中京区西ノ京小倉町１０６番地ミルフローラSＫ二条1階", "url": "https://www.kaigokensaku.mhlw.go.jp/26/index.php?action_kouhyou_detail_004_kani=true&JigyosyoCd=2670301510-00&ServiceCd=110&Type=search", "url2": "https://unican.jp" }, "geometry": { "type": "Point", "coordinates": [ 135.739546840475469, 35.010473325155992 ] } },
{ "type": "Feature", "properties": { "内容": "社会福祉法人　京都福祉サービス協会　西ノ京訪問介護ステーション【訪問介護】京都府京都市中京区西ノ京銅駝町３７番地２", "url": "https://www.kaigokensaku.mhlw.go.jp/26/index.php?action_kouhyou_detail_004_kani=true&JigyosyoCd=2670301536-00&ServiceCd=110&Type=search", "url2": "https://www.kyoto-fukushi.org" }, "geometry": { "type": "Point", "coordinates": [ 135.7346538, 35.0117318 ] } },
{ "type": "Feature", "properties": { "内容": "ヘルパーステーションAKIRA【訪問介護】京都府京都市中京区壬生森前町10コスモフォーラム四条712", "url": "https://www.kaigokensaku.mhlw.go.jp/26/index.php?action_kouhyou_detail_004_kani=true&JigyosyoCd=2670301189-00&ServiceCd=110&Type=search", "url2": null }, "geometry": { "type": "Point", "coordinates": [ 135.73795290000001, 35.0033229 ] } },
{ "type": "Feature", "properties": { "内容": "訪問介護まごのて烏丸【訪問介護】京都府京都市中京区蛸薬師通新町西入不動町167開森ビル1F", "url": "https://www.kaigokensaku.mhlw.go.jp/26/index.php?action_kouhyou_detail_004_kani=true&JigyosyoCd=2670301221-00&ServiceCd=110&Type=search", "url2": "https://green-life.care/" }, "geometry": { "type": "Point", "coordinates": [ 135.755336179098549, 35.0062217 ] } },
{ "type": "Feature", "properties": { "内容": "ヘルパーステーションSHIN！【訪問介護】京都府京都市中京区町頭町87-4", "url": "https://www.kaigokensaku.mhlw.go.jp/26/index.php?action_kouhyou_detail_004_kani=true&JigyosyoCd=2670301361-00&ServiceCd=110&Type=search", "url2": "https://kyotohelper-shin.com/" }, "geometry": { "type": "Point", "coordinates": [ 135.75655919999997, 35.009712199999989 ] } },
{ "type": "Feature", "properties": { "内容": "訪問介護まごのて中京【訪問介護】京都府京都市中京区壬生馬場町４６番地１４", "url": "https://www.kaigokensaku.mhlw.go.jp/26/index.php?action_kouhyou_detail_004_kani=true&JigyosyoCd=2670301031-00&ServiceCd=110&Type=search", "url2": "http://www.komitsu.com" }, "geometry": { "type": "Point", "coordinates": [ 135.746842499999957, 35.0062866 ] } },
{ "type": "Feature", "properties": { "内容": "きらりケアセンター【訪問介護】京都府京都市中京区壬生賀陽所町3番地26アイハウス402", "url": "https://www.kaigokensaku.mhlw.go.jp/26/index.php?action_kouhyou_detail_004_kani=true&JigyosyoCd=2670301569-00&ServiceCd=110&Type=search", "url2": null }, "geometry": { "type": "Point", "coordinates": [ 135.733120899999989, 34.9912992 ] } },
{ "type": "Feature", "properties": { "内容": "しんせいケアサービス【訪問介護】京都府京都市中京区壬生森町５６番地ー１１ベストプラザ　206号", "url": "https://www.kaigokensaku.mhlw.go.jp/26/index.php?action_kouhyou_detail_004_kani=true&JigyosyoCd=2670300769-00&ServiceCd=110&Type=search", "url2": null }, "geometry": { "type": "Point", "coordinates": [ 135.736849841664139, 35.003790176283751 ] } },
{ "type": "Feature", "properties": { "内容": "訪問介護まごのて円町【訪問介護】京都府京都市中京区聚楽廻西町188番地3", "url": "https://www.kaigokensaku.mhlw.go.jp/26/index.php?action_kouhyou_detail_004_kani=true&JigyosyoCd=2670301247-00&ServiceCd=110&Type=search", "url2": "https://kuroyan.co.jp" }, "geometry": { "type": "Point", "coordinates": [ 135.7391893, 35.0161675 ] } },
{ "type": "Feature", "properties": { "内容": "まどかプランニング【訪問介護】京都市中京区西ノ京冷泉町35番地", "url": "https://www.kaigokensaku.mhlw.go.jp/26/index.php?action_kouhyou_detail_004_kani=true&JigyosyoCd=2670300322-00&ServiceCd=110&Type=search", "url2": null }, "geometry": { "type": "Point", "coordinates": [ 135.734707407066679, 35.015224987131035 ] } },
{ "type": "Feature", "properties": { "内容": "訪問介護ステーション宝生【訪問介護】京都市東山区新宮川町通松原下る西御門町463番地", "url": "https://www.kaigokensaku.mhlw.go.jp/26/index.php?action_kouhyou_detail_004_kani=true&JigyosyoCd=2670800438-00&ServiceCd=110&Type=search", "url2": null }, "geometry": { "type": "Point", "coordinates": [ 135.7707996, 34.9985019 ] } },
{ "type": "Feature", "properties": { "内容": "公益社団法人信和会　訪問看護ステーションどんぐり併設ヘルパーステーションくるみ【訪問介護】京都市東山区泉涌寺門前町26-4音羽屋ビル1階", "url": "https://www.kaigokensaku.mhlw.go.jp/26/index.php?action_kouhyou_detail_004_kani=true&JigyosyoCd=2660890035-00&ServiceCd=110&Type=search", "url2": "http://shinwakai-min.com/higashiyama/" }, "geometry": { "type": "Point", "coordinates": [ 135.773651702377293, 34.982805653796611 ] } },
{ "type": "Feature", "properties": { "内容": "ヘルパーステーションこくあ【訪問介護】本町１７丁目３２６シャトレ月輪101", "url": "https://www.kaigokensaku.mhlw.go.jp/26/index.php?action_kouhyou_detail_004_kani=true&JigyosyoCd=2670800495-00&ServiceCd=110&Type=search", "url2": null }, "geometry": { "type": "Point", "coordinates": [ 135.77032102822568, 34.977779777130557 ] } },
{ "type": "Feature", "properties": { "内容": "福祉サービス居場所【訪問介護】京都府京都市東山区大和大路通四条下る4丁目小松町11-40メゾンエリジア107号", "url": "https://www.kaigokensaku.mhlw.go.jp/26/index.php?action_kouhyou_detail_004_kani=true&JigyosyoCd=2670800420-00&ServiceCd=110&Type=search", "url2": "https://my-whereabouts.jimdofree.com/" }, "geometry": { "type": "Point", "coordinates": [ 135.776463940475452, 34.99808540283999 ] } },
{ "type": "Feature", "properties": { "内容": "有限会社　ケアサービス信愛【訪問介護】京都府京都市東山区本町新五丁目163-4", "url": "https://www.kaigokensaku.mhlw.go.jp/26/index.php?action_kouhyou_detail_004_kani=true&JigyosyoCd=2670800016-00&ServiceCd=110&Type=search", "url2": null }, "geometry": { "type": "Point", "coordinates": [ 135.769698799999986, 34.9911883 ] } },
{ "type": "Feature", "properties": { "内容": "ケアサービス　あかり【訪問介護】京都市東山区本町１２丁目２２４－２", "url": "https://www.kaigokensaku.mhlw.go.jp/26/index.php?action_kouhyou_detail_004_kani=true&JigyosyoCd=2670800149-00&ServiceCd=110&Type=search", "url2": "https://care-akari.com" }, "geometry": { "type": "Point", "coordinates": [ 135.770507100000032, 34.9817865 ] } },
{ "type": "Feature", "properties": { "内容": "洛東園ホームヘルプサービス【訪問介護】京都府京都市東山区本町15丁目794番地", "url": "https://www.kaigokensaku.mhlw.go.jp/26/index.php?action_kouhyou_detail_004_kani=true&JigyosyoCd=2670800032-00&ServiceCd=110&Type=search", "url2": "http://www.wf-rakutouen.com" }, "geometry": { "type": "Point", "coordinates": [ 135.7731652, 34.9798535 ] } },
{ "type": "Feature", "properties": { "内容": "ニチイケアセンター京都岡崎【訪問介護】京都府京都市東山区三条通大橋東二町目73-2京都三条大橋ビル5F", "url": "https://www.kaigokensaku.mhlw.go.jp/26/index.php?action_kouhyou_detail_004_kani=true&JigyosyoCd=2670800222-00&ServiceCd=110&Type=search", "url2": "http://www." }, "geometry": { "type": "Point", "coordinates": [ 135.768029399999932, 35.0116363 ] } },
{ "type": "Feature", "properties": { "内容": "医療法人社団育生会　訪問介護事業所笑門【訪問介護】本町21丁目462-4", "url": "https://www.kaigokensaku.mhlw.go.jp/26/index.php?action_kouhyou_detail_004_kani=true&JigyosyoCd=2670800446-00&ServiceCd=110&Type=search", "url2": null }, "geometry": { "type": "Point", "coordinates": [ 135.770993899999979, 34.97171010000001 ] } },
{ "type": "Feature", "properties": { "内容": "訪問介護まごのて清水【訪問介護】京都府京都市東山区渋谷通東大路東入常盤町471ラフェンテ友1F", "url": "https://www.kaigokensaku.mhlw.go.jp/26/index.php?action_kouhyou_detail_004_kani=true&JigyosyoCd=2670800453-00&ServiceCd=110&Type=search", "url2": "https://hygge-kyoto.care/" }, "geometry": { "type": "Point", "coordinates": [ 135.7757681, 34.9925085 ] } },
{ "type": "Feature", "properties": { "内容": "訪問介護まごのて洛東【訪問介護】京都府京都市東山区東分木町282番地", "url": "https://www.kaigokensaku.mhlw.go.jp/26/index.php?action_kouhyou_detail_004_kani=true&JigyosyoCd=2670800461-00&ServiceCd=110&Type=search", "url2": "https://just-life.info/" }, "geometry": { "type": "Point", "coordinates": [ 135.7880752, 35.0095247 ] } },
{ "type": "Feature", "properties": { "内容": "訪問介護ステーションすばる【訪問介護】京都府京都市東山区本町八丁目７５番地", "url": "https://www.kaigokensaku.mhlw.go.jp/26/index.php?action_kouhyou_detail_004_kani=true&JigyosyoCd=2670800529-00&ServiceCd=110&Type=search", "url2": null }, "geometry": { "type": "Point", "coordinates": [ 135.769982, 34.9867849 ] } },
{ "type": "Feature", "properties": { "内容": "訪問介護まごのて東山【訪問介護】京都市東山区宮川筋7丁目382-1", "url": "https://www.kaigokensaku.mhlw.go.jp/26/index.php?action_kouhyou_detail_004_kani=true&JigyosyoCd=2670800305-00&ServiceCd=110&Type=search", "url2": "http://www.komitsu.com" }, "geometry": { "type": "Point", "coordinates": [ 135.769746, 34.997371 ] } },
{ "type": "Feature", "properties": { "内容": "訪問介護　ふたふみ【訪問介護】京都市下京区梅小路石橋町35番地１", "url": "https://www.kaigokensaku.mhlw.go.jp/26/index.php?action_kouhyou_detail_004_kani=true&JigyosyoCd=2670400718-00&ServiceCd=110&Type=search", "url2": null }, "geometry": { "type": "Point", "coordinates": [ 135.734232600000041, 34.9856131 ] } },
{ "type": "Feature", "properties": { "内容": "ヘルパーステーションロカ【訪問介護】京都府京都市下京区小稲荷町２３番地", "url": "https://www.kaigokensaku.mhlw.go.jp/26/index.php?action_kouhyou_detail_004_kani=true&JigyosyoCd=2670400759-00&ServiceCd=110&Type=search", "url2": null }, "geometry": { "type": "Point", "coordinates": [ 135.763017281614651, 34.988356118417855 ] } },
{ "type": "Feature", "properties": { "内容": "ヘルパーステーション　みなみ【訪問介護】京都市下京区七条御所ノ内西町68番地", "url": "https://www.kaigokensaku.mhlw.go.jp/26/index.php?action_kouhyou_detail_004_kani=true&JigyosyoCd=2670400254-00&ServiceCd=110&Type=search", "url2": "http://www.kyotominami.or.jp/" }, "geometry": { "type": "Point", "coordinates": [ 135.727751892700667, 34.987397243364114 ] } },
{ "type": "Feature", "properties": { "内容": "ほうもんかいご　るぽむろまちごじょう【訪問介護】室町通五条下る２丁目堺町231-2", "url": "https://www.kaigokensaku.mhlw.go.jp/26/index.php?action_kouhyou_detail_004_kani=true&JigyosyoCd=2670401245-00&ServiceCd=110&Type=search", "url2": null }, "geometry": { "type": "Point", "coordinates": [ 135.758386584061441, 34.994916829130361 ] } },
{ "type": "Feature", "properties": { "内容": "訪問介護　京都あじさい【訪問介護】京都府京都市下京区西七条南月読町32マンション春日103号室", "url": "https://www.kaigokensaku.mhlw.go.jp/26/index.php?action_kouhyou_detail_004_kani=true&JigyosyoCd=2670400585-00&ServiceCd=110&Type=search", "url2": "http://www.tsh-company.jp" }, "geometry": { "type": "Point", "coordinates": [ 135.730013413075312, 34.988052676909994 ] } },
{ "type": "Feature", "properties": { "内容": "ヘルパーステーション　スイート堀川松原【訪問介護】北門前町751ベルシーズ101号室", "url": "https://www.kaigokensaku.mhlw.go.jp/26/index.php?action_kouhyou_detail_004_kani=true&JigyosyoCd=2670401138-00&ServiceCd=110&Type=search", "url2": "info@hs-hm.net" }, "geometry": { "type": "Point", "coordinates": [ 135.7511493, 34.9986582 ] } },
{ "type": "Feature", "properties": { "内容": "つばき訪問介護事業所【訪問介護】京都市下京区不明門通り花屋町下る高槻町346番0の2サピエンスコート烏丸七条1階西側", "url": "https://www.kaigokensaku.mhlw.go.jp/26/index.php?action_kouhyou_detail_004_kani=true&JigyosyoCd=2670400544-00&ServiceCd=110&Type=search", "url2": "yuuai.companl@gmail.com" }, "geometry": { "type": "Point", "coordinates": [ 135.760641, 34.993049 ] } },
{ "type": "Feature", "properties": { "内容": "サポート愛【訪問介護】京都府京都市下京区富小路綾小路下る塗師屋町８２番地坂井ビル　3階", "url": "https://www.kaigokensaku.mhlw.go.jp/26/index.php?action_kouhyou_detail_004_kani=true&JigyosyoCd=2670400650-00&ServiceCd=110&Type=search", "url2": null }, "geometry": { "type": "Point", "coordinates": [ 135.764768195106541, 35.002200481841648 ] } },
{ "type": "Feature", "properties": { "内容": "訪問介護まごのて下京【訪問介護】京都府京都市下京区五条通新町西入西錺屋町１８番地トミタビル２Ｆ", "url": "https://www.kaigokensaku.mhlw.go.jp/26/index.php?action_kouhyou_detail_004_kani=true&JigyosyoCd=2670400783-00&ServiceCd=110&Type=search", "url2": "http://www.hotto.care/" }, "geometry": { "type": "Point", "coordinates": [ 135.7561, 34.996571 ] } },
{ "type": "Feature", "properties": { "内容": "ヘルパーステーション和心【訪問介護】京都市下京区西酢屋町6番地", "url": "https://www.kaigokensaku.mhlw.go.jp/26/index.php?action_kouhyou_detail_004_kani=true&JigyosyoCd=2670401187-00&ServiceCd=110&Type=search", "url2": "株式会社　和心" }, "geometry": { "type": "Point", "coordinates": [ 135.7461276, 34.9900996 ] } },
{ "type": "Feature", "properties": { "内容": "まごのて西七条【訪問介護】京都市下京区西七条南月読町30-3", "url": "https://www.kaigokensaku.mhlw.go.jp/26/index.php?action_kouhyou_detail_004_kani=true&JigyosyoCd=2670401294-00&ServiceCd=110&Type=search", "url2": "https://www.magonote-group.com/office/hoitto/" }, "geometry": { "type": "Point", "coordinates": [ 135.729746893254088, 34.988125988111435 ] } },
{ "type": "Feature", "properties": { "内容": "介護プラス訪問介護事業所【訪問介護】京都府京都市下京区中堂寺櫛笥町18-2くしげ五条305号室", "url": "https://www.kaigokensaku.mhlw.go.jp/26/index.php?action_kouhyou_detail_004_kani=true&JigyosyoCd=2670400767-00&ServiceCd=110&Type=search", "url2": "https://www.kaigo-plus0110.jp/" }, "geometry": { "type": "Point", "coordinates": [ 135.747148638623031, 34.996553516411545 ] } },
{ "type": "Feature", "properties": { "内容": "社会福祉法人京都福祉サービス協会西七条訪問介護ステーション【訪問介護】京都市下京区西七条八幡町29番地", "url": "https://www.kaigokensaku.mhlw.go.jp/26/index.php?action_kouhyou_detail_004_kani=true&JigyosyoCd=2670400197-00&ServiceCd=110&Type=search", "url2": null }, "geometry": { "type": "Point", "coordinates": [ 135.728960799999982, 34.9924401 ] } },
{ "type": "Feature", "properties": { "内容": "介護ステーション三協【訪問介護】京都市下京区西七条南衣田町27-2", "url": "https://www.kaigokensaku.mhlw.go.jp/26/index.php?action_kouhyou_detail_004_kani=true&JigyosyoCd=2670400999-00&ServiceCd=110&Type=search", "url2": "https://sankyou-system.com/" }, "geometry": { "type": "Point", "coordinates": [ 135.7320396, 34.9880481 ] } },
{ "type": "Feature", "properties": { "内容": "ヘルパーステーション　風雅【訪問介護】京都市下京区七条御所ノ内西町17-23", "url": "https://www.kaigokensaku.mhlw.go.jp/26/index.php?action_kouhyou_detail_004_kani=true&JigyosyoCd=2670401179-00&ServiceCd=110&Type=search", "url2": "http://www.fuga0419.net" }, "geometry": { "type": "Point", "coordinates": [ 135.7292133, 34.9868135 ] } },
{ "type": "Feature", "properties": { "内容": "医療法人啓信会　ヘルパーステーションリエゾン四条【訪問介護】京都府京都市下京区醒ヶ井四条下ル高野堂町406-1", "url": "https://www.kaigokensaku.mhlw.go.jp/26/index.php?action_kouhyou_detail_004_kani=true&JigyosyoCd=2670400486-00&ServiceCd=110&Type=search", "url2": "http://www.kyoto-keishinkai.or.jp" }, "geometry": { "type": "Point", "coordinates": [ 135.7555334, 34.9876552 ] } },
{ "type": "Feature", "properties": { "内容": "ケア21西七条【訪問介護】京都市下京区七条御所ノ内北町90三輝ビル1階103号室", "url": "https://www.kaigokensaku.mhlw.go.jp/26/index.php?action_kouhyou_detail_004_kani=true&JigyosyoCd=2670400874-00&ServiceCd=110&Type=search", "url2": null }, "geometry": { "type": "Point", "coordinates": [ 135.7330475, 34.9875121 ] } },
{ "type": "Feature", "properties": { "内容": "訪問介護　銭形【訪問介護】京都府京都市下京区黒門通五条下る柿本町594番地13", "url": "https://www.kaigokensaku.mhlw.go.jp/26/index.php?action_kouhyou_detail_004_kani=true&JigyosyoCd=2670401039-00&ServiceCd=110&Type=search", "url2": "http://www.zenigata-kyoto.com" }, "geometry": { "type": "Point", "coordinates": [ 135.75012670000001, 34.9955601 ] } },
{ "type": "Feature", "properties": { "内容": "ホームケアサポートcomecome【訪問介護】京都府京都市下京区柿本町588-31", "url": "https://www.kaigokensaku.mhlw.go.jp/26/index.php?action_kouhyou_detail_004_kani=true&JigyosyoCd=2670401252-00&ServiceCd=110&Type=search", "url2": null }, "geometry": { "type": "Point", "coordinates": [ 135.7497464, 34.9972657 ] } },
{ "type": "Feature", "properties": { "内容": "ＳＯＭＰＯケア　京都　訪問介護【訪問介護】京都府京都市下京区五条通河原町西入本覚寺前町801損保ジャパン京都ビル7Ｆ", "url": "https://www.kaigokensaku.mhlw.go.jp/26/index.php?action_kouhyou_detail_004_kani=true&JigyosyoCd=2670700695-00&ServiceCd=110&Type=search", "url2": "https://www.sompocare.com/" }, "geometry": { "type": "Point", "coordinates": [ 135.764898329732034, 34.996380035530329 ] } },
{ "type": "Feature", "properties": { "内容": "ニチイケアセンター京都駅前【訪問介護】京都府京都市下京区西洞院通五条下る小柳町513－2五条久保田ビル５階", "url": "https://www.kaigokensaku.mhlw.go.jp/26/index.php?action_kouhyou_detail_004_kani=true&JigyosyoCd=2670400098-00&ServiceCd=110&Type=search", "url2": "http://www.nichiigakkan.co.jp" }, "geometry": { "type": "Point", "coordinates": [ 135.755378348687714, 34.996003484759164 ] } },
{ "type": "Feature", "properties": { "内容": "ニチイケアセンター梅小路北【訪問介護】京都市下京区薬園町170-4メゾン・ド・ココ１階", "url": "https://www.kaigokensaku.mhlw.go.jp/26/index.php?action_kouhyou_detail_004_kani=true&JigyosyoCd=2670401021-00&ServiceCd=110&Type=search", "url2": "http://www.nichiigakkan.co.jp" }, "geometry": { "type": "Point", "coordinates": [ 135.7470047, 34.9926147 ] } },
{ "type": "Feature", "properties": { "内容": "シニアみまもり隊大宮【訪問介護】京都府京都市下京区大宮通高辻下る高辻大宮町123番地モンテベルデ壬生2階", "url": "https://www.kaigokensaku.mhlw.go.jp/26/index.php?action_kouhyou_detail_004_kani=true&JigyosyoCd=2670401120-00&ServiceCd=110&Type=search", "url2": "https://rakufuku.jp/" }, "geometry": { "type": "Point", "coordinates": [ 135.748985265123792, 34.999367159593803 ] } },
{ "type": "Feature", "properties": { "内容": "ケアステーション結【訪問介護】京都市下京区大宮通木津屋橋上る上之町417番地1ナカキンズフラット202号室", "url": "https://www.kaigokensaku.mhlw.go.jp/26/index.php?action_kouhyou_detail_004_kani=true&JigyosyoCd=2670401146-00&ServiceCd=110&Type=search", "url2": "http://www.care-ribbon.jp" }, "geometry": { "type": "Point", "coordinates": [ 135.7489536, 34.9886206 ] } },
{ "type": "Feature", "properties": { "内容": "株式会社キョウトアイケアサービス【訪問介護】京都府京都市下京区平野町764", "url": "https://www.kaigokensaku.mhlw.go.jp/26/index.php?action_kouhyou_detail_004_kani=true&JigyosyoCd=2670400213-00&ServiceCd=110&Type=search", "url2": "http://www.kyoto-aicare.co.jp" }, "geometry": { "type": "Point", "coordinates": [ 135.756967267347534, 34.991082935151965 ] } },
{ "type": "Feature", "properties": { "内容": "訪問介護DOORS【訪問介護】京都府京都市下京区西洞院通四条下る妙伝寺町720光悦ビル５階南東室", "url": "https://www.kaigokensaku.mhlw.go.jp/26/index.php?action_kouhyou_detail_004_kani=true&JigyosyoCd=2670401112-00&ServiceCd=110&Type=search", "url2": "https://unity2021.jp/" }, "geometry": { "type": "Point", "coordinates": [ 135.7553301, 35.002681699999982 ] } },
{ "type": "Feature", "properties": { "内容": "学研ココファン烏丸東ヘルパーセンター【訪問介護】京都府京都市下京区高倉通高辻下る葛籠屋町517-2ココファン烏丸東", "url": "https://www.kaigokensaku.mhlw.go.jp/26/index.php?action_kouhyou_detail_004_kani=true&JigyosyoCd=2670400957-00&ServiceCd=110&Type=search", "url2": "http://www.cocofump.co.jp" }, "geometry": { "type": "Point", "coordinates": [ 135.762482435582001, 34.99940173912848 ] } },
{ "type": "Feature", "properties": { "内容": "株式会社やさしい手京都北　下京訪問介護事業所【訪問介護】七条通間之町東入材木町477-1ＫＳビル6階2号室", "url": "https://www.kaigokensaku.mhlw.go.jp/26/index.php?action_kouhyou_detail_004_kani=true&JigyosyoCd=2670800321-00&ServiceCd=110&Type=search", "url2": "http://www.4193.co.jp/225/" }, "geometry": { "type": "Point", "coordinates": [ 135.7710237, 34.9955851 ] } },
{ "type": "Feature", "properties": { "内容": "訪問介護まごのて梅小路【訪問介護】京都市下京区西七条南西野町12-1", "url": "https://www.kaigokensaku.mhlw.go.jp/26/index.php?action_kouhyou_detail_004_kani=true&JigyosyoCd=2670401005-00&ServiceCd=110&Type=search", "url2": "https://aicare-life.com/" }, "geometry": { "type": "Point", "coordinates": [ 135.733167125846592, 34.988553544067514 ] } },
{ "type": "Feature", "properties": { "内容": "訪問介護まごのて丹波口【訪問介護】中堂寺南町１０番地２０", "url": "https://www.kaigokensaku.mhlw.go.jp/26/index.php?action_kouhyou_detail_004_kani=true&JigyosyoCd=2670401211-00&ServiceCd=110&Type=search", "url2": "https://lumiere.care/" }, "geometry": { "type": "Point", "coordinates": [ 135.7409294, 34.9944231 ] } },
{ "type": "Feature", "properties": { "内容": "はぴねすさぽーと【訪問介護】京都府京都市中京区阪東屋町658都証券ビル3階", "url": "https://www.kaigokensaku.mhlw.go.jp/26/index.php?action_kouhyou_detail_004_kani=true&JigyosyoCd=2674000746-00&ServiceCd=110&Type=search", "url2": null }, "geometry": { "type": "Point", "coordinates": [ 135.761033994652877, 35.004698074328246 ] } },
{ "type": "Feature", "properties": { "内容": "ケアサポート京【訪問介護】京都府京都市下京区天使突抜四丁目459-4", "url": "https://www.kaigokensaku.mhlw.go.jp/26/index.php?action_kouhyou_detail_004_kani=true&JigyosyoCd=2660490109-00&ServiceCd=110&Type=search", "url2": "https://sites.google.com/view/care-sup-kei" }, "geometry": { "type": "Point", "coordinates": [ 135.754101527539063, 34.995255333958603 ] } },
{ "type": "Feature", "properties": { "内容": "訪問介護サービス　十色【訪問介護】京都府京都市下京区高辻通新町西入堀之内町269-7京桝屋ビル1F", "url": "https://www.kaigokensaku.mhlw.go.jp/26/index.php?action_kouhyou_detail_004_kani=true&JigyosyoCd=2670401047-00&ServiceCd=110&Type=search", "url2": "castanet-kyoto.com" }, "geometry": { "type": "Point", "coordinates": [ 135.755785699999933, 35.0002136 ] } },
{ "type": "Feature", "properties": { "内容": "公益社団法人京都保健会ヘルパーステーション吉祥院【訪問介護】京都市南区吉祥院九条町４番地", "url": "https://www.kaigokensaku.mhlw.go.jp/26/index.php?action_kouhyou_detail_004_kani=true&JigyosyoCd=2670500178-00&ServiceCd=110&Type=search", "url2": "http://www.kyoto-hokenkai.or.jp" }, "geometry": { "type": "Point", "coordinates": [ 135.733296500000051, 34.9765805 ] } },
{ "type": "Feature", "properties": { "内容": "高齢者介護センター訪問介護事業所【訪問介護】京都市南区吉祥院九条町39番地6創栄吉祥院ビル2階", "url": "https://www.kaigokensaku.mhlw.go.jp/26/index.php?action_kouhyou_detail_004_kani=true&JigyosyoCd=2670500467-00&ServiceCd=110&Type=search", "url2": "http://www.kaigo-c.co.jp" }, "geometry": { "type": "Point", "coordinates": [ 135.734510300000011, 34.977961 ] } },
{ "type": "Feature", "properties": { "内容": "NEO【訪問介護】京都府京都市南区久世中久世町１丁目７５番地９", "url": "https://www.kaigokensaku.mhlw.go.jp/26/index.php?action_kouhyou_detail_004_kani=true&JigyosyoCd=2670501192-00&ServiceCd=110&Type=search", "url2": null }, "geometry": { "type": "Point", "coordinates": [ 135.711773599999987, 34.9612647 ] } },
{ "type": "Feature", "properties": { "内容": "久世ホーム訪問介護事業所【訪問介護】京都府京都市南区久世築山町７２", "url": "https://www.kaigokensaku.mhlw.go.jp/26/index.php?action_kouhyou_detail_004_kani=true&JigyosyoCd=2670501077-00&ServiceCd=110&Type=search", "url2": "https://www.seiwaen.or.jp" }, "geometry": { "type": "Point", "coordinates": [ 135.7245775, 34.9575156 ] } },
{ "type": "Feature", "properties": { "内容": "訪問介護　ゆりかご【訪問介護】京都府京都市南区吉祥院石原開町56　ﾜﾝﾃﾞｲﾊｳｽ2F", "url": "https://www.kaigokensaku.mhlw.go.jp/26/index.php?action_kouhyou_detail_004_kani=true&JigyosyoCd=2670500400-00&ServiceCd=110&Type=search", "url2": null }, "geometry": { "type": "Point", "coordinates": [ 135.743209500000034, 34.9740088 ] } },
{ "type": "Feature", "properties": { "内容": "公益財団法人ソーシャルサービス協会京都事業所【訪問介護】京都市南区上鳥羽仏現寺町43京都高齢者会館３階", "url": "https://www.kaigokensaku.mhlw.go.jp/26/index.php?action_kouhyou_detail_004_kani=true&JigyosyoCd=2670500137-00&ServiceCd=110&Type=search", "url2": "http://hp.kaipoke.biz/h0z/" }, "geometry": { "type": "Point", "coordinates": [ 135.751286599999958, 34.9701566 ] } },
{ "type": "Feature", "properties": { "内容": "SOMPOケア西大路八条　訪問介護【訪問介護】京都市南区吉祥院西ノ庄東屋敷町16-1そんぽの家S西大路八条", "url": "https://www.kaigokensaku.mhlw.go.jp/26/index.php?action_kouhyou_detail_004_kani=true&JigyosyoCd=2670501010-00&ServiceCd=110&Type=search", "url2": null }, "geometry": { "type": "Point", "coordinates": [ 135.7289759, 34.9848927 ] } },
{ "type": "Feature", "properties": { "内容": "吉祥院訪問介護事業所【訪問介護】京都府京都市南区吉祥院砂ノ町50", "url": "https://www.kaigokensaku.mhlw.go.jp/26/index.php?action_kouhyou_detail_004_kani=true&JigyosyoCd=2670500152-00&ServiceCd=110&Type=search", "url2": "https://www.seiwaen.or.jp/" }, "geometry": { "type": "Point", "coordinates": [ 135.732670500000012, 34.9685342 ] } },
{ "type": "Feature", "properties": { "内容": "訪問介護はくちょう【訪問介護】京都市南区西九条豊田町16番地", "url": "https://www.kaigokensaku.mhlw.go.jp/26/index.php?action_kouhyou_detail_004_kani=true&JigyosyoCd=2670500731-00&ServiceCd=110&Type=search", "url2": "hakuchou4165@gmail.com" }, "geometry": { "type": "Point", "coordinates": [ 135.743686700000012, 34.9754412 ] } },
{ "type": "Feature", "properties": { "内容": "夢どりーむ【訪問介護】京都府京都市南区東九条西明田町41-1", "url": "https://www.kaigokensaku.mhlw.go.jp/26/index.php?action_kouhyou_detail_004_kani=true&JigyosyoCd=2670100946-00&ServiceCd=110&Type=search", "url2": "https://www.tsubomico.jp" }, "geometry": { "type": "Point", "coordinates": [ 135.756670012362548, 34.976185010138984 ] } },
{ "type": "Feature", "properties": { "内容": "ヘルパー故郷の家・京都【訪問介護】京都府京都市南区東九条南松ノ木町４７", "url": "https://www.kaigokensaku.mhlw.go.jp/26/index.php?action_kouhyou_detail_004_kani=true&JigyosyoCd=2670500442-00&ServiceCd=110&Type=search", "url2": "http://www.kokorono.or.jp" }, "geometry": { "type": "Point", "coordinates": [ 135.76645469999994, 34.9767675 ] } },
{ "type": "Feature", "properties": { "内容": "サマサマ・ヘルパーステーション【訪問介護】京都市南区久世中久世町2-102", "url": "https://www.kaigokensaku.mhlw.go.jp/26/index.php?action_kouhyou_detail_004_kani=true&JigyosyoCd=2670500848-00&ServiceCd=110&Type=search", "url2": "info@villa-samasama.jp" }, "geometry": { "type": "Point", "coordinates": [ 135.713661900000034, 34.960043 ] } },
{ "type": "Feature", "properties": { "内容": "京都市ヘルパー室【訪問介護】京都府京都市南区西九条南田町９番地", "url": "https://www.kaigokensaku.mhlw.go.jp/26/index.php?action_kouhyou_detail_004_kani=true&JigyosyoCd=2670500954-00&ServiceCd=110&Type=search", "url2": null }, "geometry": { "type": "Point", "coordinates": [ 135.747429735968012, 34.978260377689018 ] } },
{ "type": "Feature", "properties": { "内容": "ヘルパーステーションＴＬＰ京都中央【訪問介護】京都市南区四ツ塚町59番地ラ・ファミーユ2階", "url": "https://www.kaigokensaku.mhlw.go.jp/26/index.php?action_kouhyou_detail_004_kani=true&JigyosyoCd=2670401013-00&ServiceCd=110&Type=search", "url2": "http://www.tlp-group.co.jp/" }, "geometry": { "type": "Point", "coordinates": [ 135.74424684565264, 34.978900903609158 ] } },
{ "type": "Feature", "properties": { "内容": "ヘルパーステーションクローバー【訪問介護】京都市南区久世上久世町357番地ﾗ･ｾｰﾇ南桂102号", "url": "https://www.kaigokensaku.mhlw.go.jp/26/index.php?action_kouhyou_detail_004_kani=true&JigyosyoCd=2670500541-00&ServiceCd=110&Type=search", "url2": null }, "geometry": { "type": "Point", "coordinates": [ 135.712781701852464, 34.963837930286765 ] } },
{ "type": "Feature", "properties": { "内容": "訪問介護　こころのね【訪問介護】京都府京都市南区久世上久世町441-1シャトープラザ101", "url": "https://www.kaigokensaku.mhlw.go.jp/26/index.php?action_kouhyou_detail_004_kani=true&JigyosyoCd=2670501275-00&ServiceCd=110&Type=search", "url2": "https://kokoro-homon.com/" }, "geometry": { "type": "Point", "coordinates": [ 135.7150421, 34.9639431 ] } },
{ "type": "Feature", "properties": { "内容": "むらさき【訪問介護】京都市南区西九条針小路町２１", "url": "https://www.kaigokensaku.mhlw.go.jp/26/index.php?action_kouhyou_detail_004_kani=true&JigyosyoCd=2670500871-00&ServiceCd=110&Type=search", "url2": null }, "geometry": { "type": "Point", "coordinates": [ 135.752089299999966, 34.9819861 ] } },
{ "type": "Feature", "properties": { "内容": "ヘルパーステーションいぶき【訪問介護】吉祥院三ノ宮西町85-2", "url": "https://www.kaigokensaku.mhlw.go.jp/26/index.php?action_kouhyou_detail_004_kani=true&JigyosyoCd=2670500590-00&ServiceCd=110&Type=search", "url2": null }, "geometry": { "type": "Point", "coordinates": [ 135.7275201, 34.9765394 ] } },
{ "type": "Feature", "properties": { "内容": "訪問介護ステーションスライヴケア【訪問介護】京都府京都市南区久世中久世町1丁目105コーポ西山206号室", "url": "https://www.kaigokensaku.mhlw.go.jp/26/index.php?action_kouhyou_detail_004_kani=true&JigyosyoCd=2670500632-00&ServiceCd=110&Type=search", "url2": "https://www.thrive-care.com/" }, "geometry": { "type": "Point", "coordinates": [ 135.712578719014374, 34.960829118120323 ] } },
{ "type": "Feature", "properties": { "内容": "訪問介護ピース【訪問介護】京都府京都市南区西九条南田町1-4東寺ハイム103号室", "url": "https://www.kaigokensaku.mhlw.go.jp/26/index.php?action_kouhyou_detail_004_kani=true&JigyosyoCd=2670501440-00&ServiceCd=110&Type=search", "url2": "https://peace-1.jp" }, "geometry": { "type": "Point", "coordinates": [ 135.746490399999971, 34.9762484 ] } },
{ "type": "Feature", "properties": { "内容": "ケアサービスセンターあさひ【訪問介護】京都府京都市南区八条内田町36－1", "url": "https://www.kaigokensaku.mhlw.go.jp/26/index.php?action_kouhyou_detail_004_kani=true&JigyosyoCd=2670501242-00&ServiceCd=110&Type=search", "url2": null }, "geometry": { "type": "Point", "coordinates": [ 135.74312230000001, 34.9815291 ] } },
{ "type": "Feature", "properties": { "内容": "アクア京都久世訪問介護【訪問介護】京都府京都市南区久世東土川町285-1", "url": "https://www.kaigokensaku.mhlw.go.jp/26/index.php?action_kouhyou_detail_004_kani=true&JigyosyoCd=2670501457-00&ServiceCd=110&Type=search", "url2": null }, "geometry": { "type": "Point", "coordinates": [ 135.720125, 34.9458062 ] } },
{ "type": "Feature", "properties": { "内容": "訪問介護まごのて東寺【訪問介護】吉祥院池ノ内町4番地メゾン・ド・レスポワール１階", "url": "https://www.kaigokensaku.mhlw.go.jp/26/index.php?action_kouhyou_detail_004_kani=true&JigyosyoCd=2670501044-00&ServiceCd=110&Type=search", "url2": "https://www.magonote-group.com/office/hkaigo-toji/" }, "geometry": { "type": "Point", "coordinates": [ 135.72742310000001, 34.9749072 ] } },
{ "type": "Feature", "properties": { "内容": "訪問介護華暦【訪問介護】東九条南烏丸町36番地23", "url": "https://www.kaigokensaku.mhlw.go.jp/26/index.php?action_kouhyou_detail_004_kani=true&JigyosyoCd=2670500509-00&ServiceCd=110&Type=search", "url2": "http://www.hana-koyomi.jp/recruit.html" }, "geometry": { "type": "Point", "coordinates": [ 135.760595099999989, 34.9769518 ] } },
{ "type": "Feature", "properties": { "内容": "ケアサポート　ルート【訪問介護】京都市南区唐橋堂ノ前町１５番地９エステート南ビル１Ｆ", "url": "https://www.kaigokensaku.mhlw.go.jp/26/index.php?action_kouhyou_detail_004_kani=true&JigyosyoCd=2670500566-00&ServiceCd=110&Type=search", "url2": null }, "geometry": { "type": "Point", "coordinates": [ 135.738319959663357, 34.978277551145183 ] } },
{ "type": "Feature", "properties": { "内容": "みんなのヘルパーステーション　みなみ【訪問介護】大宮通八条下る東寺東門前町67番地京都市南区大宮通八条下る東寺門前町67番地", "url": "https://www.kaigokensaku.mhlw.go.jp/26/index.php?action_kouhyou_detail_004_kani=true&JigyosyoCd=2660590262-00&ServiceCd=110&Type=search", "url2": "http://hp.kaipoke.biz/xmk/" }, "geometry": { "type": "Point", "coordinates": [ 135.7492852, 34.9823529 ] } },
{ "type": "Feature", "properties": { "内容": "（福）京都福祉サービス協会　南事務所【訪問介護】京都市南区西九条大国町48番地の２", "url": "https://www.kaigokensaku.mhlw.go.jp/26/index.php?action_kouhyou_detail_004_kani=true&JigyosyoCd=2670500038-00&ServiceCd=110&Type=search", "url2": "http://kyoto-fukushi.org" }, "geometry": { "type": "Point", "coordinates": [ 135.74302339999997, 34.9764364 ] } },
{ "type": "Feature", "properties": { "内容": "あいあいネットワーク　ヘルパーステーション【訪問介護】京都市南区吉祥院定成町33-53", "url": "https://www.kaigokensaku.mhlw.go.jp/26/index.php?action_kouhyou_detail_004_kani=true&JigyosyoCd=2670500145-00&ServiceCd=110&Type=search", "url2": "http://aiai-network.com/" }, "geometry": { "type": "Point", "coordinates": [ 135.7379128, 34.976314 ] } },
{ "type": "Feature", "properties": { "内容": "訪問介護事業所　エルファ【訪問介護】京都市南区東九条北松ノ木町12", "url": "https://www.kaigokensaku.mhlw.go.jp/26/index.php?action_kouhyou_detail_004_kani=true&JigyosyoCd=2670500251-00&ServiceCd=110&Type=search", "url2": "http://lfa-kyoto.org/" }, "geometry": { "type": "Point", "coordinates": [ 135.7663963, 34.9776647 ] } },
{ "type": "Feature", "properties": { "内容": "ヘルパーステーション　スミレ【訪問介護】京都市南区吉祥院井ノ口町10", "url": "https://www.kaigokensaku.mhlw.go.jp/26/index.php?action_kouhyou_detail_004_kani=true&JigyosyoCd=2670500533-00&ServiceCd=110&Type=search", "url2": "https://honey-lemonlemon.com/" }, "geometry": { "type": "Point", "coordinates": [ 135.731567498394753, 34.975890037285943 ] } },
{ "type": "Feature", "properties": { "内容": "ぽぷら介護京都南センター【訪問介護】京都府京都市南区吉祥院長田町550番地エステート吉祥院ビル2F", "url": "https://www.kaigokensaku.mhlw.go.jp/26/index.php?action_kouhyou_detail_004_kani=true&JigyosyoCd=2670501119-00&ServiceCd=110&Type=search", "url2": "https://www.elderly.jp/base/index.php?id=76" }, "geometry": { "type": "Point", "coordinates": [ 135.7341166, 34.9630125 ] } },
{ "type": "Feature", "properties": { "内容": "介護クラーク京都南【訪問介護】京都府京都市南区久世中久世町4-90-1", "url": "https://www.kaigokensaku.mhlw.go.jp/26/index.php?action_kouhyou_detail_004_kani=true&JigyosyoCd=2670501408-00&ServiceCd=110&Type=search", "url2": null }, "geometry": { "type": "Point", "coordinates": [ 135.7139104, 34.95824 ] } },
{ "type": "Feature", "properties": { "内容": "吉祥ホームホームヘルプサービスセンター【訪問介護】京都市南区吉祥院石原橋上1-4", "url": "https://www.kaigokensaku.mhlw.go.jp/26/index.php?action_kouhyou_detail_004_kani=true&JigyosyoCd=2670500020-00&ServiceCd=110&Type=search", "url2": "http://www.seiwaen.or.jp" }, "geometry": { "type": "Point", "coordinates": [ 135.723936200000026, 34.968156 ] } },
{ "type": "Feature", "properties": { "内容": "訪問介護事業所ビハーラ十条【訪問介護】吉祥院南落合町40番地4", "url": "https://www.kaigokensaku.mhlw.go.jp/26/index.php?action_kouhyou_detail_004_kani=true&JigyosyoCd=2670500350-00&ServiceCd=110&Type=search", "url2": null }, "geometry": { "type": "Point", "coordinates": [ 135.740851232540905, 34.972864738325583 ] } },
{ "type": "Feature", "properties": { "内容": "訪問介護まごのて洛南【訪問介護】京都市南区唐橋堂ノ前町1番地", "url": "https://www.kaigokensaku.mhlw.go.jp/26/index.php?action_kouhyou_detail_004_kani=true&JigyosyoCd=2670500905-00&ServiceCd=110&Type=search", "url2": "http://clover.care/" }, "geometry": { "type": "Point", "coordinates": [ 135.739393673016394, 34.978416535732386 ] } },
{ "type": "Feature", "properties": { "内容": "介護ステーションかすが【訪問介護】京都府京都市南区吉祥院西ノ庄東屋敷町33-2", "url": "https://www.kaigokensaku.mhlw.go.jp/26/index.php?action_kouhyou_detail_004_kani=true&JigyosyoCd=2670500939-00&ServiceCd=110&Type=search", "url2": "http://www.ks-kasuga.com" }, "geometry": { "type": "Point", "coordinates": [ 135.730263499999978, 34.9840353 ] } },
{ "type": "Feature", "properties": { "内容": "鳥羽ホームホームヘルプサービスセンター【訪問介護】京都府京都市南区上鳥羽堀子町88番地", "url": "https://www.kaigokensaku.mhlw.go.jp/26/index.php?action_kouhyou_detail_004_kani=true&JigyosyoCd=2670500996-00&ServiceCd=110&Type=search", "url2": "http://www.seiwaen.or.jp" }, "geometry": { "type": "Point", "coordinates": [ 135.744372964608829, 34.969215450224169 ] } },
{ "type": "Feature", "properties": { "内容": "ケアセンターにっこり【訪問介護】京都市南区吉祥院西ノ庄門口町７番地門口荘２号室・３号室", "url": "https://www.kaigokensaku.mhlw.go.jp/26/index.php?action_kouhyou_detail_004_kani=true&JigyosyoCd=2670501184-00&ServiceCd=110&Type=search", "url2": null }, "geometry": { "type": "Point", "coordinates": [ 135.742415200000011, 34.9825119 ] } },
{ "type": "Feature", "properties": { "内容": "訪問介護ステーションハレノヒ【訪問介護】京都府京都市南区東九条南河辺町65グレース11‐401号", "url": "https://www.kaigokensaku.mhlw.go.jp/26/index.php?action_kouhyou_detail_004_kani=true&JigyosyoCd=2670501267-00&ServiceCd=110&Type=search", "url2": null }, "geometry": { "type": "Point", "coordinates": [ 135.7589094, 34.9715024 ] } },
{ "type": "Feature", "properties": { "内容": "ケア２１上鳥羽【訪問介護】京都市南区上鳥羽北村山町78上鳥羽ハイツ1階F号室", "url": "https://www.kaigokensaku.mhlw.go.jp/26/index.php?action_kouhyou_detail_004_kani=true&JigyosyoCd=2670501358-00&ServiceCd=110&Type=search", "url2": null }, "geometry": { "type": "Point", "coordinates": [ 135.7411287, 34.966027 ] } },
{ "type": "Feature", "properties": { "内容": "医療法人同仁会（社団）ヘルパーステーションマム【訪問介護】京都府京都市南区唐橋羅城門町37番地5の2京都メディックスビル東館2階", "url": "https://www.kaigokensaku.mhlw.go.jp/26/index.php?action_kouhyou_detail_004_kani=true&JigyosyoCd=2670501366-00&ServiceCd=110&Type=search", "url2": "https://www.dojinkai.com/mam/brands/helper_station_mam.html" }, "geometry": { "type": "Point", "coordinates": [ 135.740308298147625, 34.978866102248581 ] } },
{ "type": "Feature", "properties": { "内容": "生活クラブ訪問介護まんまる【訪問介護】京都府京都市南区久世上久世町161番地生活クラブ京都エル・コープ　たすけあい活動スペースりんく・る　内1階", "url": "https://www.kaigokensaku.mhlw.go.jp/26/index.php?action_kouhyou_detail_004_kani=true&JigyosyoCd=2670501473-00&ServiceCd=110&Type=search", "url2": null }, "geometry": { "type": "Point", "coordinates": [ 135.7122812, 34.9648794 ] } },
{ "type": "Feature", "properties": { "内容": "訪問介護まごのて吉祥院【訪問介護】吉祥院内河原町3－2サクシード吉祥院100号室", "url": "https://www.kaigokensaku.mhlw.go.jp/26/index.php?action_kouhyou_detail_004_kani=true&JigyosyoCd=2670501291-00&ServiceCd=110&Type=search", "url2": "https://quon.care/" }, "geometry": { "type": "Point", "coordinates": [ 135.719566971163914, 34.981459024341483 ] } },
{ "type": "Feature", "properties": { "内容": "訪問介護まごのて上鳥羽【訪問介護】京都府京都市南区上鳥羽北花名町３武村ビル４階", "url": "https://www.kaigokensaku.mhlw.go.jp/26/index.php?action_kouhyou_detail_004_kani=true&JigyosyoCd=2670501333-00&ServiceCd=110&Type=search", "url2": "https://kyoto-komorebi.com" }, "geometry": { "type": "Point", "coordinates": [ 135.74701060000001, 34.966323 ] } },
{ "type": "Feature", "properties": { "内容": "訪問介護事業所くれあ【訪問介護】京都府京都市南区吉祥院西ノ庄西中町25-1スマートメゾン京都西大路101号室", "url": "https://www.kaigokensaku.mhlw.go.jp/26/index.php?action_kouhyou_detail_004_kani=true&JigyosyoCd=2670501481-00&ServiceCd=110&Type=search", "url2": "https://dst48.jp/" }, "geometry": { "type": "Point", "coordinates": [ 135.7273323, 34.983287 ] } },
{ "type": "Feature", "properties": { "内容": "居宅訪問介護レア【訪問介護】京都市南区久世上久世町587-1", "url": "https://www.kaigokensaku.mhlw.go.jp/26/index.php?action_kouhyou_detail_004_kani=true&JigyosyoCd=2670501176-00&ServiceCd=110&Type=search", "url2": "https://houmonkaigo-lea.com/" }, "geometry": { "type": "Point", "coordinates": [ 135.7160969, 34.965447 ] } },
{ "type": "Feature", "properties": { "内容": "訪問介護D-すまいる【訪問介護】京都府京都市南区東九条北松ノ木町40-16", "url": "https://www.kaigokensaku.mhlw.go.jp/26/index.php?action_kouhyou_detail_004_kani=true&JigyosyoCd=2670501499-00&ServiceCd=110&Type=search", "url2": "https://www.houmonkango-f.com/" }, "geometry": { "type": "Point", "coordinates": [ 135.766512799999987, 34.9782442 ] } },
{ "type": "Feature", "properties": { "内容": "訪問介護事業所あいわ【訪問介護】京都府京都市南区西九条蔵王町53-1京都プラザホテルオフィススクエア301", "url": "https://www.kaigokensaku.mhlw.go.jp/26/index.php?action_kouhyou_detail_004_kani=true&JigyosyoCd=2670501507-00&ServiceCd=110&Type=search", "url2": "https://kyotokaigo-aiwa.com/" }, "geometry": { "type": "Point", "coordinates": [ 135.7533315, 34.9817053 ] } },
{ "type": "Feature", "properties": { "内容": "e-ケア【訪問介護】京都府京都市南区久世東土川町１９４番地1", "url": "https://www.kaigokensaku.mhlw.go.jp/26/index.php?action_kouhyou_detail_004_kani=true&JigyosyoCd=2670501390-00&ServiceCd=110&Type=search", "url2": "https://relife-re.co.jp/" }, "geometry": { "type": "Point", "coordinates": [ 135.718816104581379, 34.944847737619426 ] } },
{ "type": "Feature", "properties": { "内容": "訪問介護事業所　いと【訪問介護】京都市南区東九条宇賀辺町77-5", "url": "https://www.kaigokensaku.mhlw.go.jp/26/index.php?action_kouhyou_detail_004_kani=true&JigyosyoCd=2670501515-00&ServiceCd=110&Type=search", "url2": "https://www.houmonkaigo-ito.com/" }, "geometry": { "type": "Point", "coordinates": [ 135.7648347, 34.9782135 ] } },
{ "type": "Feature", "properties": { "内容": "ケアセンターさくら【訪問介護】京都府京都市南区東九条南松田町38-3", "url": "https://www.kaigokensaku.mhlw.go.jp/26/index.php?action_kouhyou_detail_004_kani=true&JigyosyoCd=2670500889-00&ServiceCd=110&Type=search", "url2": "https://www.sakurasaku-cafe.com/" }, "geometry": { "type": "Point", "coordinates": [ 135.7559473, 34.971665 ] } },
{ "type": "Feature", "properties": { "内容": "わのみちヘルパーステーション京都駅【訪問介護】京都府京都市南区東九条西山王町1-41階", "url": "https://www.kaigokensaku.mhlw.go.jp/26/index.php?action_kouhyou_detail_004_kani=true&JigyosyoCd=2670501341-00&ServiceCd=110&Type=search", "url2": null }, "geometry": { "type": "Point", "coordinates": [ 135.760725, 34.982028900000024 ] } },
{ "type": "Feature", "properties": { "内容": "訪問介護アイナ【訪問介護】京都市南区唐橋平垣町24番地4メイツ京都西大路705号", "url": "https://www.kaigokensaku.mhlw.go.jp/26/index.php?action_kouhyou_detail_004_kani=true&JigyosyoCd=2670918230-00&ServiceCd=110&Type=search", "url2": "https://www.unitemind.net/" }, "geometry": { "type": "Point", "coordinates": [ 135.801618399999967, 34.935495 ] } },
{ "type": "Feature", "properties": { "内容": "ケアサービスまたあした訪問介護ステーション【訪問介護】花園扇野町２６番地６０", "url": "https://www.kaigokensaku.mhlw.go.jp/26/index.php?action_kouhyou_detail_004_kani=true&JigyosyoCd=2670702014-00&ServiceCd=110&Type=search", "url2": null }, "geometry": { "type": "Point", "coordinates": [ 135.715833800000041, 35.01748760000001 ] } },
{ "type": "Feature", "properties": { "内容": "訪問介護事業所　潮音【訪問介護】京都市右京区太秦安井松本町１－９", "url": "https://www.kaigokensaku.mhlw.go.jp/26/index.php?action_kouhyou_detail_004_kani=true&JigyosyoCd=2670701115-00&ServiceCd=110&Type=search", "url2": "介護・福祉サービス情報の公表等" }, "geometry": { "type": "Point", "coordinates": [ 135.717003299999988, 35.0127047 ] } },
{ "type": "Feature", "properties": { "内容": "ヘルパーステーションみやび【訪問介護】京都府京都市右京区西京極西川町２３番地１F", "url": "https://www.kaigokensaku.mhlw.go.jp/26/index.php?action_kouhyou_detail_004_kani=true&JigyosyoCd=2670701586-00&ServiceCd=110&Type=search", "url2": null }, "geometry": { "type": "Point", "coordinates": [ 135.718514499999969, 34.988443 ] } },
{ "type": "Feature", "properties": { "内容": "ケアサポートくじゃく【訪問介護】京都市右京区太秦中筋町６－４アーバンヒル太秦３０３号", "url": "https://www.kaigokensaku.mhlw.go.jp/26/index.php?action_kouhyou_detail_004_kani=true&JigyosyoCd=2670702295-00&ServiceCd=110&Type=search", "url2": null }, "geometry": { "type": "Point", "coordinates": [ 135.698252599999932, 35.0198867 ] } },
{ "type": "Feature", "properties": { "内容": "NPO法人　ほっと・サービス訪問介護事業所【訪問介護】京都府京都市右京区太秦面影町５番地サントピア太秦２０６号室", "url": "https://www.kaigokensaku.mhlw.go.jp/26/index.php?action_kouhyou_detail_004_kani=true&JigyosyoCd=2670702303-00&ServiceCd=110&Type=search", "url2": null }, "geometry": { "type": "Point", "coordinates": [ 135.7014601, 35.0116052 ] } },
{ "type": "Feature", "properties": { "内容": "京都市右京区花園内畑町３７【訪問介護】京都府京都市右京区花園内畑町３７", "url": "https://www.kaigokensaku.mhlw.go.jp/26/index.php?action_kouhyou_detail_004_kani=true&JigyosyoCd=2670702055-00&ServiceCd=110&Type=search", "url2": "https://naduna.jp" }, "geometry": { "type": "Point", "coordinates": [ 135.7145591, 35.0180495 ] } },
{ "type": "Feature", "properties": { "内容": "ヘルパーステーション　グレース【訪問介護】京都府京都市右京区西京極西池田町13-7豊成ビル2F", "url": "https://www.kaigokensaku.mhlw.go.jp/26/index.php?action_kouhyou_detail_004_kani=true&JigyosyoCd=2670701677-00&ServiceCd=110&Type=search", "url2": "www.hs-grace.com" }, "geometry": { "type": "Point", "coordinates": [ 135.719560800000011, 34.9918925 ] } },
{ "type": "Feature", "properties": { "内容": "ヘルパーステーションかどの【訪問介護】京都府京都市右京区西京極葛野町45", "url": "https://www.kaigokensaku.mhlw.go.jp/26/index.php?action_kouhyou_detail_004_kani=true&JigyosyoCd=2670701834-00&ServiceCd=110&Type=search", "url2": "//helper-k.net/" }, "geometry": { "type": "Point", "coordinates": [ 135.717526000375443, 34.997025081205287 ] } },
{ "type": "Feature", "properties": { "内容": "ヘルパ-ステ-ションHinata【訪問介護】西院西寿町27番地リッツハウスK3号室", "url": "https://www.kaigokensaku.mhlw.go.jp/26/index.php?action_kouhyou_detail_004_kani=true&JigyosyoCd=2670702980-00&ServiceCd=110&Type=search", "url2": null }, "geometry": { "type": "Point", "coordinates": [ 135.728715099999988, 34.9970925 ] } },
{ "type": "Feature", "properties": { "内容": "はなまる介護支援センター【訪問介護】京都府京都市右京区常盤御池町21-51F", "url": "https://www.kaigokensaku.mhlw.go.jp/26/index.php?action_kouhyou_detail_004_kani=true&JigyosyoCd=2670700307-00&ServiceCd=110&Type=search", "url2": "https://www.hanamarukaigo.jp/" }, "geometry": { "type": "Point", "coordinates": [ 135.710866418185446, 35.023677600935727 ] } },
{ "type": "Feature", "properties": { "内容": "優陽訪問介護事業所【訪問介護】京都府京都市右京区梅津北町48-4", "url": "https://www.kaigokensaku.mhlw.go.jp/26/index.php?action_kouhyou_detail_004_kani=true&JigyosyoCd=2670701495-00&ServiceCd=110&Type=search", "url2": null }, "geometry": { "type": "Point", "coordinates": [ 135.702167800000012, 35.0023422 ] } },
{ "type": "Feature", "properties": { "内容": "歩み訪問介護【訪問介護】京都府京都市右京区太秦安井松本町１０番地１５", "url": "https://www.kaigokensaku.mhlw.go.jp/26/index.php?action_kouhyou_detail_004_kani=true&JigyosyoCd=2670702527-00&ServiceCd=110&Type=search", "url2": null }, "geometry": { "type": "Point", "coordinates": [ 135.7170731, 35.0118469 ] } },
{ "type": "Feature", "properties": { "内容": "優河ケアステーション【訪問介護】北嵯峨北ノ段町50-142階", "url": "https://www.kaigokensaku.mhlw.go.jp/26/index.php?action_kouhyou_detail_004_kani=true&JigyosyoCd=2670702782-00&ServiceCd=110&Type=search", "url2": "lifesupportservicetugumi.com" }, "geometry": { "type": "Point", "coordinates": [ 135.6779055, 35.0304102 ] } },
{ "type": "Feature", "properties": { "内容": "ユウコム訪問介護事業所【訪問介護】京都府京都市右京区西京極南大入町86番地2", "url": "https://www.kaigokensaku.mhlw.go.jp/26/index.php?action_kouhyou_detail_004_kani=true&JigyosyoCd=2670702667-00&ServiceCd=110&Type=search", "url2": "https://www.ucom-ucom.com/" }, "geometry": { "type": "Point", "coordinates": [ 135.7163935, 34.9965541 ] } },
{ "type": "Feature", "properties": { "内容": "キャビック指定訪問介護事業所【訪問介護】京都市右京梅津段町8番地", "url": "https://www.kaigokensaku.mhlw.go.jp/26/index.php?action_kouhyou_detail_004_kani=true&JigyosyoCd=2670700216-00&ServiceCd=110&Type=search", "url2": "http://www.cabikcare.jp" }, "geometry": { "type": "Point", "coordinates": [ 135.706137799999965, 35.004136 ] } },
{ "type": "Feature", "properties": { "内容": "ヘルパーステーション小春日和【訪問介護】西京極西川町42番地", "url": "https://www.kaigokensaku.mhlw.go.jp/26/index.php?action_kouhyou_detail_004_kani=true&JigyosyoCd=2670701628-00&ServiceCd=110&Type=search", "url2": null }, "geometry": { "type": "Point", "coordinates": [ 135.718628399999943, 34.9896984 ] } },
{ "type": "Feature", "properties": { "内容": "訪問介護ステーションnico【訪問介護】京都府京都市右京区西院月双町105グリシーヌ京都507号", "url": "https://www.kaigokensaku.mhlw.go.jp/26/index.php?action_kouhyou_detail_004_kani=true&JigyosyoCd=2670702774-00&ServiceCd=110&Type=search", "url2": "http://hp.kaipoke.biz/6n5" }, "geometry": { "type": "Point", "coordinates": [ 135.72008823925205, 34.996923766639405 ] } },
{ "type": "Feature", "properties": { "内容": "訪問介護事業所たまねぎ【訪問介護】京都市右京区太秦東蜂岡町2レックスつばき第6ビル３ーＡ", "url": "https://www.kaigokensaku.mhlw.go.jp/26/index.php?action_kouhyou_detail_004_kani=true&JigyosyoCd=2670702311-00&ServiceCd=110&Type=search", "url2": "tamanegi-kaigo.com" }, "geometry": { "type": "Point", "coordinates": [ 135.7088057, 35.0151457 ] } },
{ "type": "Feature", "properties": { "内容": "けあすてーしょん　あんじぇす嵯峨広沢【訪問介護】京都府京都市嵯峨一本木町52-5", "url": "https://www.kaigokensaku.mhlw.go.jp/26/index.php?action_kouhyou_detail_004_kani=true&JigyosyoCd=2670702469-00&ServiceCd=110&Type=search", "url2": "http://www.t-s-i.jp" }, "geometry": { "type": "Point", "coordinates": [ 135.685910400000012, 35.0251627 ] } },
{ "type": "Feature", "properties": { "内容": "あやとりホームヘルパーステーション天神川【訪問介護】京都府京都市右京区西院西貝川町96番地", "url": "https://www.kaigokensaku.mhlw.go.jp/26/index.php?action_kouhyou_detail_004_kani=true&JigyosyoCd=2670701594-00&ServiceCd=110&Type=search", "url2": "http://www.kayatorikaigo.jp/" }, "geometry": { "type": "Point", "coordinates": [ 135.715187573016351, 35.000036104587302 ] } },
{ "type": "Feature", "properties": { "内容": "グランユニライフホームヘルパーステーション京都嵐山Ⅱ【訪問介護】京都府京都市右京区嵯峨天龍寺油掛町10-24グランメゾン迎賓館京都嵐山Ⅱ", "url": "https://www.kaigokensaku.mhlw.go.jp/26/index.php?action_kouhyou_detail_004_kani=true&JigyosyoCd=2670702840-00&ServiceCd=110&Type=search", "url2": "https://www.grand-maison.jp/" }, "geometry": { "type": "Point", "coordinates": [ 135.6866674, 35.019288200000041 ] } },
{ "type": "Feature", "properties": { "内容": "Bonds　西京極支店【訪問介護】京都府京都市右京区西京極畑田町10パルテ西京極5階501号", "url": "https://www.kaigokensaku.mhlw.go.jp/26/index.php?action_kouhyou_detail_004_kani=true&JigyosyoCd=2670703012-00&ServiceCd=110&Type=search", "url2": null }, "geometry": { "type": "Point", "coordinates": [ 135.7205319, 34.9853337 ] } },
{ "type": "Feature", "properties": { "内容": "ヘルパーステーションカプリス【訪問介護】京都府京都市右京区山ノ内五反田町7-4", "url": "https://www.kaigokensaku.mhlw.go.jp/26/index.php?action_kouhyou_detail_004_kani=true&JigyosyoCd=2670701172-00&ServiceCd=110&Type=search", "url2": "https://www.daiki.kyoto/" }, "geometry": { "type": "Point", "coordinates": [ 135.720905799999969, 35.0103438 ] } },
{ "type": "Feature", "properties": { "内容": "ヘルパーステーション花咲み【訪問介護】京都市右京区梅津南上田町2", "url": "https://www.kaigokensaku.mhlw.go.jp/26/index.php?action_kouhyou_detail_004_kani=true&JigyosyoCd=2670702261-00&ServiceCd=110&Type=search", "url2": null }, "geometry": { "type": "Point", "coordinates": [ 135.7040527, 35.003324 ] } },
{ "type": "Feature", "properties": { "内容": "訪問介護事業所セレーネ【訪問介護】京都市右京区梅津南広町51番地8", "url": "https://www.kaigokensaku.mhlw.go.jp/26/index.php?action_kouhyou_detail_004_kani=true&JigyosyoCd=2670702345-00&ServiceCd=110&Type=search", "url2": null }, "geometry": { "type": "Point", "coordinates": [ 135.713072199999942, 35.0030896 ] } },
{ "type": "Feature", "properties": { "内容": "アクア京都太秦訪問介護【訪問介護】京都府京都市右京区太秦樋ノ内町10-6", "url": "https://www.kaigokensaku.mhlw.go.jp/26/index.php?action_kouhyou_detail_004_kani=true&JigyosyoCd=2670703004-00&ServiceCd=110&Type=search", "url2": null }, "geometry": { "type": "Point", "coordinates": [ 135.706610899999987, 35.0060845 ] } },
{ "type": "Feature", "properties": { "内容": "社会福祉法人　京都福祉サービス協会太秦訪問介護ステーション【訪問介護】京都市右京区常盤一ノ井町８－３カリオン大町１F", "url": "https://www.kaigokensaku.mhlw.go.jp/26/index.php?action_kouhyou_detail_004_kani=true&JigyosyoCd=2670700687-00&ServiceCd=110&Type=search", "url2": "http://kyoto-fukushi.org/" }, "geometry": { "type": "Point", "coordinates": [ 135.7115675, 35.0190152 ] } },
{ "type": "Feature", "properties": { "内容": "訪問介護事業所こうめ【訪問介護】京都府京都市右京区西京極西池田町13-2林ビル201", "url": "https://www.kaigokensaku.mhlw.go.jp/26/index.php?action_kouhyou_detail_004_kani=true&JigyosyoCd=2670702238-00&ServiceCd=110&Type=search", "url2": "https://koume.imatoku-medic.com/koume-service" }, "geometry": { "type": "Point", "coordinates": [ 135.719567900000015, 34.9918093 ] } },
{ "type": "Feature", "properties": { "内容": "ケアサポート花水木【訪問介護】京都府京都市右京区梅津前田町5", "url": "https://www.kaigokensaku.mhlw.go.jp/26/index.php?action_kouhyou_detail_004_kani=true&JigyosyoCd=2670702998-00&ServiceCd=110&Type=search", "url2": null }, "geometry": { "type": "Point", "coordinates": [ 135.6918608, 35.003645 ] } },
{ "type": "Feature", "properties": { "内容": "あおば訪問介護ステーション【訪問介護】西院矢掛町25-1　シュールメゾン105", "url": "https://www.kaigokensaku.mhlw.go.jp/26/index.php?action_kouhyou_detail_004_kani=true&JigyosyoCd=2670201223-00&ServiceCd=110&Type=search", "url2": null }, "geometry": { "type": "Point", "coordinates": [ 135.730430118611309, 35.000561936119354 ] } },
{ "type": "Feature", "properties": { "内容": "京都生協右京ホームヘルプサービス【訪問介護】京都市右京区太秦開日町10-6", "url": "https://www.kaigokensaku.mhlw.go.jp/26/index.php?action_kouhyou_detail_004_kani=true&JigyosyoCd=2670700448-00&ServiceCd=110&Type=search", "url2": null }, "geometry": { "type": "Point", "coordinates": [ 135.698229699999956, 35.02149 ] } },
{ "type": "Feature", "properties": { "内容": "ホームヘルパーステーションさくら【訪問介護】京都市右京区京北周山町上寺田1-1", "url": "https://www.kaigokensaku.mhlw.go.jp/26/index.php?action_kouhyou_detail_004_kani=true&JigyosyoCd=2670700505-00&ServiceCd=110&Type=search", "url2": null }, "geometry": { "type": "Point", "coordinates": [ 135.633108, 35.1558354 ] } },
{ "type": "Feature", "properties": { "内容": "ホームヘルプサービス　ソラスト梅津【訪問介護】京都府京都市右京区梅津南上田町26番地YNGビル１階", "url": "https://www.kaigokensaku.mhlw.go.jp/26/index.php?action_kouhyou_detail_004_kani=true&JigyosyoCd=2670701404-00&ServiceCd=110&Type=search", "url2": "https://solasto-kaigo.com/care/area/solastoumedu.html" }, "geometry": { "type": "Point", "coordinates": [ 135.705812661991558, 35.003263539798688 ] } },
{ "type": "Feature", "properties": { "内容": "訪問介護エス・フォー西院【訪問介護】京都市右京区西院東貝川町１３番地レガシー２５・１階", "url": "https://www.kaigokensaku.mhlw.go.jp/26/index.php?action_kouhyou_detail_004_kani=true&JigyosyoCd=2670701727-00&ServiceCd=110&Type=search", "url2": "https://www.esufor.com" }, "geometry": { "type": "Point", "coordinates": [ 135.718178601852401, 35.002638511735938 ] } },
{ "type": "Feature", "properties": { "内容": "ヘルパーステーション　大地【訪問介護】京都市右京区西院平町33-1サンフェニ西院1階", "url": "https://www.kaigokensaku.mhlw.go.jp/26/index.php?action_kouhyou_detail_004_kani=true&JigyosyoCd=2670400908-00&ServiceCd=110&Type=search", "url2": null }, "geometry": { "type": "Point", "coordinates": [ 135.732372454190966, 34.999464094497256 ] } },
{ "type": "Feature", "properties": { "内容": "ニチイケアセンター嵯峨野【訪問介護】京都市右京区嵯峨野神ノ木町32-1レノヴァシオン嵯峨野102号", "url": "https://www.kaigokensaku.mhlw.go.jp/26/index.php?action_kouhyou_detail_004_kani=true&JigyosyoCd=2670700174-00&ServiceCd=110&Type=search", "url2": "http://www." }, "geometry": { "type": "Point", "coordinates": [ 135.695155235581979, 35.014392380503928 ] } },
{ "type": "Feature", "properties": { "内容": "ニチイケアセンター右京【訪問介護】京都市右京区西院平町5番地ＪＯ－ＩＮビル6階", "url": "https://www.kaigokensaku.mhlw.go.jp/26/index.php?action_kouhyou_detail_004_kani=true&JigyosyoCd=2670700828-00&ServiceCd=110&Type=search", "url2": null }, "geometry": { "type": "Point", "coordinates": [ 135.731798, 34.9998151 ] } },
{ "type": "Feature", "properties": { "内容": "訪問介護事業所　ゆとり【訪問介護】京都府京都市右京区西京極野田18番地1", "url": "https://www.kaigokensaku.mhlw.go.jp/26/index.php?action_kouhyou_detail_004_kani=true&JigyosyoCd=2670701479-00&ServiceCd=110&Type=search", "url2": "https://www.yutoriken.jp/" }, "geometry": { "type": "Point", "coordinates": [ 135.716989671952661, 34.995253259647072 ] } },
{ "type": "Feature", "properties": { "内容": "GTLケアサービス嵯峨有栖川【訪問介護】京都府京都市右京区嵯峨明星町1-31", "url": "https://www.kaigokensaku.mhlw.go.jp/26/index.php?action_kouhyou_detail_004_kani=true&JigyosyoCd=2670701875-00&ServiceCd=110&Type=search", "url2": null }, "geometry": { "type": "Point", "coordinates": [ 135.692147200000022, 35.0136629 ] } },
{ "type": "Feature", "properties": { "内容": "アドナース右京　訪問介護【訪問介護】京都市右京区太秦垣内町9-2", "url": "https://www.kaigokensaku.mhlw.go.jp/26/index.php?action_kouhyou_detail_004_kani=true&JigyosyoCd=2670701883-00&ServiceCd=110&Type=search", "url2": "http://adnurse.co.jp/" }, "geometry": { "type": "Point", "coordinates": [ 135.709879193891879, 35.013854548784465 ] } },
{ "type": "Feature", "properties": { "内容": "学研ココファン西院【訪問介護】京都府京都市右京区月双町115番ココファン西院", "url": "https://www.kaigokensaku.mhlw.go.jp/26/index.php?action_kouhyou_detail_004_kani=true&JigyosyoCd=2670702287-00&ServiceCd=110&Type=search", "url2": "https://www.cocofump.co.jp/facilities/saiin/" }, "geometry": { "type": "Point", "coordinates": [ 135.722396, 34.9971458 ] } },
{ "type": "Feature", "properties": { "内容": "ニチイケアセンター鹿王院【訪問介護】京都府京都市右京区嵯峨中又町27-1パストラル嵐山　405", "url": "https://www.kaigokensaku.mhlw.go.jp/26/index.php?action_kouhyou_detail_004_kani=true&JigyosyoCd=2670702337-00&ServiceCd=110&Type=search", "url2": null }, "geometry": { "type": "Point", "coordinates": [ 135.688593848826628, 35.017152345979675 ] } },
{ "type": "Feature", "properties": { "内容": "健光園あらしやまホームヘルプステーション【訪問介護】京都市右京区嵯峨柳田町36-5", "url": "https://www.kaigokensaku.mhlw.go.jp/26/index.php?action_kouhyou_detail_004_kani=true&JigyosyoCd=2660790052-00&ServiceCd=110&Type=search", "url2": "http://www.kenkouen.jp/" }, "geometry": { "type": "Point", "coordinates": [ 135.687539199999947, 35.0121353 ] } },
{ "type": "Feature", "properties": { "内容": "アリア京都鴨川御所東ケアステーション【訪問介護】御車道通清和院口上る東側梶井町457-1", "url": "https://www.kaigokensaku.mhlw.go.jp/26/index.php?action_kouhyou_detail_004_kani=true&JigyosyoCd=2670201280-00&ServiceCd=110&Type=search", "url2": null }, "geometry": { "type": "Point", "coordinates": [ 135.770235500000013, 35.0260497 ] } },
{ "type": "Feature", "properties": { "内容": "エールパートナーズ【訪問介護】梅津構口町43-３", "url": "https://www.kaigokensaku.mhlw.go.jp/26/index.php?action_kouhyou_detail_004_kani=true&JigyosyoCd=2670301007-00&ServiceCd=110&Type=search", "url2": null }, "geometry": { "type": "Point", "coordinates": [ 135.7035323, 35.0026812 ] } },
{ "type": "Feature", "properties": { "内容": "ホームヘルプサービス　ソラスト西京都【訪問介護】京都府京都市右京区嵯峨明星町25", "url": "https://www.kaigokensaku.mhlw.go.jp/26/index.php?action_kouhyou_detail_004_kani=true&JigyosyoCd=2670700232-00&ServiceCd=110&Type=search", "url2": "https://solasto-kaigo.com/care/area/solastonishikyoto.html" }, "geometry": { "type": "Point", "coordinates": [ 135.689353, 35.0137074 ] } },
{ "type": "Feature", "properties": { "内容": "訪問介護事業所豊和園【訪問介護】京都市右京区京北上中町宮ノ下22番地", "url": "https://www.kaigokensaku.mhlw.go.jp/26/index.php?action_kouhyou_detail_004_kani=true&JigyosyoCd=2670700463-00&ServiceCd=110&Type=search", "url2": "http://www.hokusoukai.com" }, "geometry": { "type": "Point", "coordinates": [ 135.6369449, 35.2022886 ] } },
{ "type": "Feature", "properties": { "内容": "やさしい手京都北西院訪問介護事業所【訪問介護】京都市右京区西院矢掛町32　SOMビル2F", "url": "https://www.kaigokensaku.mhlw.go.jp/26/index.php?action_kouhyou_detail_004_kani=true&JigyosyoCd=2670700596-00&ServiceCd=110&Type=search", "url2": "http://www.4193.co.jp/" }, "geometry": { "type": "Point", "coordinates": [ 135.730547930935728, 34.999854655020066 ] } },
{ "type": "Feature", "properties": { "内容": "ケアサービス　おりづる【訪問介護】京都市右京区常盤西町１９－２７", "url": "https://www.kaigokensaku.mhlw.go.jp/26/index.php?action_kouhyou_detail_004_kani=true&JigyosyoCd=2670700638-00&ServiceCd=110&Type=search", "url2": null }, "geometry": { "type": "Point", "coordinates": [ 135.707039240228227, 35.020020480290718 ] } },
{ "type": "Feature", "properties": { "内容": "公益社団法人京都保健会ヘルパーステーション太秦安井【訪問介護】京都市右京区太秦安井藤ノ木町２－２", "url": "https://www.kaigokensaku.mhlw.go.jp/26/index.php?action_kouhyou_detail_004_kani=true&JigyosyoCd=2670700968-00&ServiceCd=110&Type=search", "url2": "http://kyoto-hokenkai.or.jp" }, "geometry": { "type": "Point", "coordinates": [ 135.724055300000032, 35.0155489 ] } },
{ "type": "Feature", "properties": { "内容": "ニチイケアセンター天神川【訪問介護】京都市右京区梅津南広町　93", "url": "https://www.kaigokensaku.mhlw.go.jp/26/index.php?action_kouhyou_detail_004_kani=true&JigyosyoCd=2670701107-00&ServiceCd=110&Type=search", "url2": "http://www.nichiigakkan.co.jp" }, "geometry": { "type": "Point", "coordinates": [ 135.71277340000006, 35.0021612 ] } },
{ "type": "Feature", "properties": { "内容": "メルシーうずまさ訪問介護事業所【訪問介護】京都市右京区太秦一ノ井町41", "url": "https://www.kaigokensaku.mhlw.go.jp/26/index.php?action_kouhyou_detail_004_kani=true&JigyosyoCd=2670701164-00&ServiceCd=110&Type=search", "url2": null }, "geometry": { "type": "Point", "coordinates": [ 135.710987222159588, 35.017947575519955 ] } },
{ "type": "Feature", "properties": { "内容": "グランダ山ノ内ケアステーション【訪問介護】京都府京都市右京区山ノ内養老町7番1号", "url": "https://www.kaigokensaku.mhlw.go.jp/26/index.php?action_kouhyou_detail_004_kani=true&JigyosyoCd=2670701610-00&ServiceCd=110&Type=search", "url2": "http://www.benesse-style-care.co.jp" }, "geometry": { "type": "Point", "coordinates": [ 135.724882292729149, 35.0081694268357 ] } },
{ "type": "Feature", "properties": { "内容": "アリア嵯峨嵐山ケアステーション【訪問介護】京都府京都市右京区嵯峨天龍寺立石町5-10", "url": "https://www.kaigokensaku.mhlw.go.jp/26/index.php?action_kouhyou_detail_004_kani=true&JigyosyoCd=2670702162-00&ServiceCd=110&Type=search", "url2": null }, "geometry": { "type": "Point", "coordinates": [ 135.675456219643365, 35.018981230255136 ] } },
{ "type": "Feature", "properties": { "内容": "ヘルパーステーションごりき【訪問介護】京都市右京区西京極午塚町96-8", "url": "https://www.kaigokensaku.mhlw.go.jp/26/index.php?action_kouhyou_detail_004_kani=true&JigyosyoCd=2670702188-00&ServiceCd=110&Type=search", "url2": "https://herupa-goriki.com" }, "geometry": { "type": "Point", "coordinates": [ 135.71423409999997, 34.999153400000012 ] } },
{ "type": "Feature", "properties": { "内容": "ヘルパーステーションラポールしらゆきの森【訪問介護】京都府京都市右京区山ノ内西裏町10-1", "url": "https://www.kaigokensaku.mhlw.go.jp/26/index.php?action_kouhyou_detail_004_kani=true&JigyosyoCd=2670702279-00&ServiceCd=110&Type=search", "url2": null }, "geometry": { "type": "Point", "coordinates": [ 135.720652200000018, 35.0070577 ] } },
{ "type": "Feature", "properties": { "内容": "ニチイケアセンター北梅津【訪問介護】京都市右京区梅津西浦町16ハイツライラック1階", "url": "https://www.kaigokensaku.mhlw.go.jp/26/index.php?action_kouhyou_detail_004_kani=true&JigyosyoCd=2670702329-00&ServiceCd=110&Type=search", "url2": "http://www.nichiigakkan.co.jp" }, "geometry": { "type": "Point", "coordinates": [ 135.697247100000027, 35.0033214 ] } },
{ "type": "Feature", "properties": { "内容": "ヘルパーステーションこのみち【訪問介護】京都市右京区太秦一町芝町8番地16", "url": "https://www.kaigokensaku.mhlw.go.jp/26/index.php?action_kouhyou_detail_004_kani=true&JigyosyoCd=2670702584-00&ServiceCd=110&Type=search", "url2": "http://sagatouro.com/konomichi" }, "geometry": { "type": "Point", "coordinates": [ 135.696902486508151, 35.01752663334009 ] } },
{ "type": "Feature", "properties": { "内容": "ケアサポートりんく【訪問介護】京都市右京区常盤窪町10番地3", "url": "https://www.kaigokensaku.mhlw.go.jp/26/index.php?action_kouhyou_detail_004_kani=true&JigyosyoCd=2670702808-00&ServiceCd=110&Type=search", "url2": "https://link-g.life/" }, "geometry": { "type": "Point", "coordinates": [ 135.7056227, 35.0209534 ] } },
{ "type": "Feature", "properties": { "内容": "ヘルパーステーションスイート梅津【訪問介護】京都市右京区梅津後藤町4-3スカイロードマンション1F", "url": "https://www.kaigokensaku.mhlw.go.jp/26/index.php?action_kouhyou_detail_004_kani=true&JigyosyoCd=2670702857-00&ServiceCd=110&Type=search", "url2": null }, "geometry": { "type": "Point", "coordinates": [ 135.70292, 35.0037952 ] } },
{ "type": "Feature", "properties": { "内容": "ＳＯＭＰＯケア　京都西　訪問介護【訪問介護】京都府京都市右京区山ノ内五反田町9-1かどの御池ビル３階", "url": "https://www.kaigokensaku.mhlw.go.jp/26/index.php?action_kouhyou_detail_004_kani=true&JigyosyoCd=2670702972-00&ServiceCd=110&Type=search", "url2": "https://corporate.sompocare.com/" }, "geometry": { "type": "Point", "coordinates": [ 135.720578100000012, 35.0106173 ] } },
{ "type": "Feature", "properties": { "内容": "ＰＤハウス西京極【訪問介護】西京極徳大寺団子田町45－1", "url": "https://www.kaigokensaku.mhlw.go.jp/26/index.php?action_kouhyou_detail_004_kani=true&JigyosyoCd=2670703020-00&ServiceCd=110&Type=search", "url2": "https://sunwels.jp/pdh/company/" }, "geometry": { "type": "Point", "coordinates": [ 135.7159818, 34.9889076 ] } },
{ "type": "Feature", "properties": { "内容": "訪問介護事業所「ふくろう」【訪問介護】京都市右京区梅津後藤町11-12", "url": "https://www.kaigokensaku.mhlw.go.jp/26/index.php?action_kouhyou_detail_004_kani=true&JigyosyoCd=2670703095-00&ServiceCd=110&Type=search", "url2": "https://fukurou-care.jp/" }, "geometry": { "type": "Point", "coordinates": [ 135.7021795, 35.0044859 ] } },
{ "type": "Feature", "properties": { "内容": "ヒューマンライフケア京都西院【訪問介護】京都府京都市右京区西院清水町５番地", "url": "https://www.kaigokensaku.mhlw.go.jp/26/index.php?action_kouhyou_detail_004_kani=true&JigyosyoCd=2670700810-00&ServiceCd=110&Type=search", "url2": "http://hlc.athuman.com/caresearch/kyoto/354211/index.php?sisetu=42" }, "geometry": { "type": "Point", "coordinates": [ 135.723955700000033, 34.999542 ] } },
{ "type": "Feature", "properties": { "内容": "ロングライフ京都嵐山ケアセンター【訪問介護】京都府京都市右京区太秦中山町19-6ロングライフ京都嵐山", "url": "https://www.kaigokensaku.mhlw.go.jp/26/index.php?action_kouhyou_detail_004_kani=true&JigyosyoCd=2670701248-00&ServiceCd=110&Type=search", "url2": null }, "geometry": { "type": "Point", "coordinates": [ 135.701844415344226, 35.027147200604176 ] } },
{ "type": "Feature", "properties": { "内容": "ヘルパーステーションルイ合同会社【訪問介護】太秦帷子ケ辻町11-72", "url": "https://www.kaigokensaku.mhlw.go.jp/26/index.php?action_kouhyou_detail_004_kani=true&JigyosyoCd=2670701768-00&ServiceCd=110&Type=search", "url2": null }, "geometry": { "type": "Point", "coordinates": [ 135.699324199999978, 35.0150628 ] } },
{ "type": "Feature", "properties": { "内容": "株式会社ケリー【訪問介護】京都府京都市右京区大縄場町21番地20号山栄ビル1階", "url": "https://www.kaigokensaku.mhlw.go.jp/26/index.php?action_kouhyou_detail_004_kani=true&JigyosyoCd=2670702394-00&ServiceCd=110&Type=search", "url2": "kelly-kyoto.com" }, "geometry": { "type": "Point", "coordinates": [ 135.690486, 35.003754300000011 ] } },
{ "type": "Feature", "properties": { "内容": "訪問介護ぽらりす【訪問介護】京都市右京区西京極午塚町74番地奥田マンション102", "url": "https://www.kaigokensaku.mhlw.go.jp/26/index.php?action_kouhyou_detail_004_kani=true&JigyosyoCd=2670702931-00&ServiceCd=110&Type=search", "url2": null }, "geometry": { "type": "Point", "coordinates": [ 135.713132699999989, 34.9991776 ] } },
{ "type": "Feature", "properties": { "内容": "訪問介護まごのて太秦【訪問介護】京都府京都市右京区常盤西町１８グランドールトキ　１階１０２号室", "url": "https://www.kaigokensaku.mhlw.go.jp/26/index.php?action_kouhyou_detail_004_kani=true&JigyosyoCd=2670702816-00&ServiceCd=110&Type=search", "url2": "https://green-life.care/" }, "geometry": { "type": "Point", "coordinates": [ 135.7076807, 35.0199662 ] } },
{ "type": "Feature", "properties": { "内容": "訪問介護まごのて右京【訪問介護】京都府京都市右京区西京極午塚町50番地1ハウス朝川1F", "url": "https://www.kaigokensaku.mhlw.go.jp/26/index.php?action_kouhyou_detail_004_kani=true&JigyosyoCd=2674000662-00&ServiceCd=110&Type=search", "url2": "https://green-life.care/" }, "geometry": { "type": "Point", "coordinates": [ 135.71238459999995, 34.9992865 ] } },
{ "type": "Feature", "properties": { "内容": "ヘルパーステーションSHIN！梅津【訪問介護】京都府京都市右京区梅津北浦町14番地17", "url": "https://www.kaigokensaku.mhlw.go.jp/26/index.php?action_kouhyou_detail_004_kani=true&JigyosyoCd=2670703087-00&ServiceCd=110&Type=search", "url2": "https://kyotohelper-shin.com/" }, "geometry": { "type": "Point", "coordinates": [ 135.7009382, 35.0043725 ] } },
{ "type": "Feature", "properties": { "内容": "訪問介護未来ファミリー【訪問介護】京都市右京区太秦中筋町７番地107号室", "url": "https://www.kaigokensaku.mhlw.go.jp/26/index.php?action_kouhyou_detail_004_kani=true&JigyosyoCd=2670703129-00&ServiceCd=110&Type=search", "url2": "https://mirai-family.jp/" }, "geometry": { "type": "Point", "coordinates": [ 135.6981537, 35.020396 ] } },
{ "type": "Feature", "properties": { "内容": "ユースタイルケア　右京センター【訪問介護】京都府京都市右京区西京極西池田町29サンハイツ西京極507号", "url": "https://www.kaigokensaku.mhlw.go.jp/26/index.php?action_kouhyou_detail_004_kani=true&JigyosyoCd=2670703137-00&ServiceCd=110&Type=search", "url2": null }, "geometry": { "type": "Point", "coordinates": [ 135.7182943, 34.9920541 ] } },
{ "type": "Feature", "properties": { "内容": "ヘルパーステーション　エルケアー【訪問介護】京都市右京区西院西貝川町64エル・ファミーユ１階", "url": "https://www.kaigokensaku.mhlw.go.jp/26/index.php?action_kouhyou_detail_004_kani=true&JigyosyoCd=2670700737-00&ServiceCd=110&Type=search", "url2": null }, "geometry": { "type": "Point", "coordinates": [ 135.714701, 35.001794600000018 ] } },
{ "type": "Feature", "properties": { "内容": "嵐山寮ホームヘルプサービス【訪問介護】京都市右京区嵯峨天竜寺北造路町17番地", "url": "https://www.kaigokensaku.mhlw.go.jp/26/index.php?action_kouhyou_detail_004_kani=true&JigyosyoCd=2670700059-00&ServiceCd=110&Type=search", "url2": "http://www.arashiyamaryo.or.jp" }, "geometry": { "type": "Point", "coordinates": [ 135.716078399999986, 35.0101327 ] } },
{ "type": "Feature", "properties": { "内容": "ヘルパーステーション　ヘルプゆう【訪問介護】京都市右京区常盤窪町1-174", "url": "https://www.kaigokensaku.mhlw.go.jp/26/index.php?action_kouhyou_detail_004_kani=true&JigyosyoCd=2670700588-00&ServiceCd=110&Type=search", "url2": "http://www.help-yu.com" }, "geometry": { "type": "Point", "coordinates": [ 135.706584081803356, 35.019887336209045 ] } },
{ "type": "Feature", "properties": { "内容": "アリスケアステーション【訪問介護】京都府京都市右京区西院坤町56マンションV2　402", "url": "https://www.kaigokensaku.mhlw.go.jp/26/index.php?action_kouhyou_detail_004_kani=true&JigyosyoCd=2670702659-00&ServiceCd=110&Type=search", "url2": "https://arisu-caresteation.amebaownd.com" }, "geometry": { "type": "Point", "coordinates": [ 135.72640770000001, 35.0032832 ] } },
{ "type": "Feature", "properties": { "内容": "訪問介護ピース【訪問介護】京都市伏見区醍醐大高町1番地5", "url": "https://www.kaigokensaku.mhlw.go.jp/26/index.php?action_kouhyou_detail_004_kani=true&JigyosyoCd=2670917307-00&ServiceCd=110&Type=search", "url2": "http://www.piece.care" }, "geometry": { "type": "Point", "coordinates": [ 135.821430895674439, 34.957919887373563 ] } },
{ "type": "Feature", "properties": { "内容": "蘇生会ヘルパーステーション【訪問介護】京都府京都市伏見区下鳥羽上三栖町134番地", "url": "https://www.kaigokensaku.mhlw.go.jp/26/index.php?action_kouhyou_detail_004_kani=true&JigyosyoCd=2660990033-00&ServiceCd=110&Type=search", "url2": "http://www.soseikai.or.jp" }, "geometry": { "type": "Point", "coordinates": [ 135.746205499999974, 34.9336434 ] } },
{ "type": "Feature", "properties": { "内容": "あったかハート伏見東【訪問介護】京都市伏見区醍醐柏森町8番地10", "url": "https://www.kaigokensaku.mhlw.go.jp/26/index.php?action_kouhyou_detail_004_kani=true&JigyosyoCd=2670900303-00&ServiceCd=110&Type=search", "url2": "ttp://heartcare-g.co.jp/attaka/" }, "geometry": { "type": "Point", "coordinates": [ 135.81561320000003, 34.9424083 ] } },
{ "type": "Feature", "properties": { "内容": "株式会社訪問介護ヘルパーステーションあすか【訪問介護】京都府京都市伏見区横大路長畑町33番地", "url": "https://www.kaigokensaku.mhlw.go.jp/26/index.php?action_kouhyou_detail_004_kani=true&JigyosyoCd=2670917737-00&ServiceCd=110&Type=search", "url2": null }, "geometry": { "type": "Point", "coordinates": [ 135.732178100000027, 34.9234333 ] } },
{ "type": "Feature", "properties": { "内容": "365けあ【訪問介護】京都府京都市伏見区両替町13丁目205-2", "url": "https://www.kaigokensaku.mhlw.go.jp/26/index.php?action_kouhyou_detail_004_kani=true&JigyosyoCd=2670917745-00&ServiceCd=110&Type=search", "url2": null }, "geometry": { "type": "Point", "coordinates": [ 135.764028899999971, 34.9422273 ] } },
{ "type": "Feature", "properties": { "内容": "訪問介護　RakusaR【訪問介護】京都府京都市伏見区深草飯食町837番地朝日プラザ深草106", "url": "https://www.kaigokensaku.mhlw.go.jp/26/index.php?action_kouhyou_detail_004_kani=true&JigyosyoCd=2670917844-00&ServiceCd=110&Type=search", "url2": null }, "geometry": { "type": "Point", "coordinates": [ 135.769623578573572, 34.956432012002566 ] } },
{ "type": "Feature", "properties": { "内容": "カモミール【訪問介護】京町3-200-1メゾンブランシュ1階", "url": "https://www.kaigokensaku.mhlw.go.jp/26/index.php?action_kouhyou_detail_004_kani=true&JigyosyoCd=2670917919-00&ServiceCd=110&Type=search", "url2": "https://chamomile-cmb.com/" }, "geometry": { "type": "Point", "coordinates": [ 135.765111578898626, 34.931823547389875 ] } },
{ "type": "Feature", "properties": { "内容": "オリーブケアステーション【訪問介護】京都府京都市伏見区下鳥羽北ノ口町87番地オリーブハウス103号", "url": "https://www.kaigokensaku.mhlw.go.jp/26/index.php?action_kouhyou_detail_004_kani=true&JigyosyoCd=2670917992-00&ServiceCd=110&Type=search", "url2": null }, "geometry": { "type": "Point", "coordinates": [ 135.749091309956356, 34.940461204356851 ] } },
{ "type": "Feature", "properties": { "内容": "ヘルパーステーションまるお【訪問介護】京都市伏見区小栗栖小阪町43番1", "url": "https://www.kaigokensaku.mhlw.go.jp/26/index.php?action_kouhyou_detail_004_kani=true&JigyosyoCd=2670917299-00&ServiceCd=110&Type=search", "url2": "http://keiju-sakouju.com/" }, "geometry": { "type": "Point", "coordinates": [ 135.801480489549249, 34.945898031062683 ] } },
{ "type": "Feature", "properties": { "内容": "介護事業所アザレアプラス【訪問介護】下鳥羽北円面田町155番地クレセント21　107号室", "url": "https://www.kaigokensaku.mhlw.go.jp/26/index.php?action_kouhyou_detail_004_kani=true&JigyosyoCd=2670918180-00&ServiceCd=110&Type=search", "url2": null }, "geometry": { "type": "Point", "coordinates": [ 135.7418649, 34.9336711 ] } },
{ "type": "Feature", "properties": { "内容": "ヘルパーステーション　ベガ【訪問介護】京都市伏見区深草直違橋7丁目266-1", "url": "https://www.kaigokensaku.mhlw.go.jp/26/index.php?action_kouhyou_detail_004_kani=true&JigyosyoCd=2670900204-00&ServiceCd=110&Type=search", "url2": "http://www.care-net.biz/26/medical-t/" }, "geometry": { "type": "Point", "coordinates": [ 135.77147059999993, 34.9602609 ] } },
{ "type": "Feature", "properties": { "内容": "ヒューネット【訪問介護】京都府京都市伏見区竹田西段川原町54番地", "url": "https://www.kaigokensaku.mhlw.go.jp/26/index.php?action_kouhyou_detail_004_kani=true&JigyosyoCd=2670900881-00&ServiceCd=110&Type=search", "url2": "http://www.heartfreecare.com" }, "geometry": { "type": "Point", "coordinates": [ 135.753391599999986, 34.9595688 ] } },
{ "type": "Feature", "properties": { "内容": "特定非営利活動法人京都市コアラ【訪問介護】下鳥羽北ノ口町64グランディ－ル伏見204号", "url": "https://www.kaigokensaku.mhlw.go.jp/26/index.php?action_kouhyou_detail_004_kani=true&JigyosyoCd=2670500988-00&ServiceCd=110&Type=search", "url2": null }, "geometry": { "type": "Point", "coordinates": [ 135.7468053, 34.9408218 ] } },
{ "type": "Feature", "properties": { "内容": "ケアサポートえいみる【訪問介護】京都府京都市伏見区向島二ノ丸町59宮本ハイツ101", "url": "https://www.kaigokensaku.mhlw.go.jp/26/index.php?action_kouhyou_detail_004_kani=true&JigyosyoCd=2670918263-00&ServiceCd=110&Type=search", "url2": null }, "geometry": { "type": "Point", "coordinates": [ 135.772179035581985, 34.921573780279807 ] } },
{ "type": "Feature", "properties": { "内容": "ヘルパーステーション　こまくさ【訪問介護】瀬戸物町745番地の1（源空寺敷地内）", "url": "https://www.kaigokensaku.mhlw.go.jp/26/index.php?action_kouhyou_detail_004_kani=true&JigyosyoCd=2670917943-00&ServiceCd=110&Type=search", "url2": null }, "geometry": { "type": "Point", "coordinates": [ 135.762713609192645, 34.933442517245098 ] } },
{ "type": "Feature", "properties": { "内容": "LIFCARE-リフケア-【訪問介護】京都市伏見区横大路三栖山城屋敷町108番地MOLICAビル5F-1", "url": "https://www.kaigokensaku.mhlw.go.jp/26/index.php?action_kouhyou_detail_004_kani=true&JigyosyoCd=2670501259-00&ServiceCd=110&Type=search", "url2": "https://lifcare.jp" }, "geometry": { "type": "Point", "coordinates": [ 135.752885330792253, 34.932685479032635 ] } },
{ "type": "Feature", "properties": { "内容": "スターク訪問介護ステーション伏見【訪問介護】鍋島町22-1プレスト桃山1階", "url": "https://www.kaigokensaku.mhlw.go.jp/26/index.php?action_kouhyou_detail_004_kani=true&JigyosyoCd=2670917661-00&ServiceCd=110&Type=search", "url2": "https://star-q.jp/" }, "geometry": { "type": "Point", "coordinates": [ 135.768181300000037, 34.9317579 ] } },
{ "type": "Feature", "properties": { "内容": "訪問介護　もとい【訪問介護】京都市伏見区竹田中川原町387リンサンハイツ310", "url": "https://www.kaigokensaku.mhlw.go.jp/26/index.php?action_kouhyou_detail_004_kani=true&JigyosyoCd=2670917331-00&ServiceCd=110&Type=search", "url2": null }, "geometry": { "type": "Point", "coordinates": [ 135.760665900000049, 34.957983 ] } },
{ "type": "Feature", "properties": { "内容": "訪問介護るぽ伏見東町【訪問介護】京都府京都市伏見区東町204-1-1F", "url": "https://www.kaigokensaku.mhlw.go.jp/26/index.php?action_kouhyou_detail_004_kani=true&JigyosyoCd=2670918107-00&ServiceCd=110&Type=search", "url2": null }, "geometry": { "type": "Point", "coordinates": [ 135.760106902000189, 34.935404813398783 ] } },
{ "type": "Feature", "properties": { "内容": "カーム【訪問介護】竹田中川原町４５４番地ＮＰＯ法人なごみ1Ｆ", "url": "https://www.kaigokensaku.mhlw.go.jp/26/index.php?action_kouhyou_detail_004_kani=true&JigyosyoCd=2670918420-00&ServiceCd=110&Type=search", "url2": "ｈｔｔｐ：//ｗｅｌｃｒａｆｔ．ｏｒｇ/ｋｎｏｔｓｈｔｍｌ" }, "geometry": { "type": "Point", "coordinates": [ 135.7600123, 34.959597500000015 ] } },
{ "type": "Feature", "properties": { "内容": "Raian【訪問介護】京都市伏見区桃山町山ノ下48番地10", "url": "https://www.kaigokensaku.mhlw.go.jp/26/index.php?action_kouhyou_detail_004_kani=true&JigyosyoCd=2670918479-00&ServiceCd=110&Type=search", "url2": null }, "geometry": { "type": "Point", "coordinates": [ 135.7936054, 34.9374075 ] } },
{ "type": "Feature", "properties": { "内容": "訪問介護Daisy【訪問介護】京都市伏見区深草五反田町6-8２階", "url": "https://www.kaigokensaku.mhlw.go.jp/26/index.php?action_kouhyou_detail_004_kani=true&JigyosyoCd=2670917588-00&ServiceCd=110&Type=search", "url2": null }, "geometry": { "type": "Point", "coordinates": [ 135.7616964, 34.9563693 ] } },
{ "type": "Feature", "properties": { "内容": "訪問介護おむすび【訪問介護】京都市伏見区竹田桶ノ井町１５ＪＴスタジオ１０３", "url": "https://www.kaigokensaku.mhlw.go.jp/26/index.php?action_kouhyou_detail_004_kani=true&JigyosyoCd=2670918024-00&ServiceCd=110&Type=search", "url2": null }, "geometry": { "type": "Point", "coordinates": [ 135.754764901517149, 34.955438742885455 ] } },
{ "type": "Feature", "properties": { "内容": "ケアサポート　ラビスタ【訪問介護】醍醐下山口町4-7ラペリオ醍醐506", "url": "https://www.kaigokensaku.mhlw.go.jp/26/index.php?action_kouhyou_detail_004_kani=true&JigyosyoCd=2670918495-00&ServiceCd=110&Type=search", "url2": null }, "geometry": { "type": "Point", "coordinates": [ 135.8141732, 34.9425377 ] } },
{ "type": "Feature", "properties": { "内容": "訪問介護つなぐ【訪問介護】京都市伏見区深草西浦町7-12シャンブル深草1-C", "url": "https://www.kaigokensaku.mhlw.go.jp/26/index.php?action_kouhyou_detail_004_kani=true&JigyosyoCd=2670918537-00&ServiceCd=110&Type=search", "url2": null }, "geometry": { "type": "Point", "coordinates": [ 135.7637829, 34.9592213 ] } },
{ "type": "Feature", "properties": { "内容": "訪問介護　れんげ【訪問介護】京都府京都市伏見区下鳥羽中円面田町20サンライフ502号室", "url": "https://www.kaigokensaku.mhlw.go.jp/26/index.php?action_kouhyou_detail_004_kani=true&JigyosyoCd=2670918503-00&ServiceCd=110&Type=search", "url2": null }, "geometry": { "type": "Point", "coordinates": [ 135.7429559, 34.9329445 ] } },
{ "type": "Feature", "properties": { "内容": "アカスポ訪問介護ステーション【訪問介護】京都府京都市伏見区羽束師鴨川町352-7", "url": "https://www.kaigokensaku.mhlw.go.jp/26/index.php?action_kouhyou_detail_004_kani=true&JigyosyoCd=2670918370-00&ServiceCd=110&Type=search", "url2": "https://aca-spo.com/?page_id=22631" }, "geometry": { "type": "Point", "coordinates": [ 135.7336865, 34.9321337 ] } },
{ "type": "Feature", "properties": { "内容": "洛和ヘルパーステーション桃山【訪問介護】京都市伏見区桃山町大島38-528", "url": "https://www.kaigokensaku.mhlw.go.jp/26/index.php?action_kouhyou_detail_004_kani=true&JigyosyoCd=2670900022-00&ServiceCd=110&Type=search", "url2": "http://www.rakuwa.or.jp" }, "geometry": { "type": "Point", "coordinates": [ 135.790532100000064, 34.9254563 ] } },
{ "type": "Feature", "properties": { "内容": "訪問介護ステーションヴィラ稲荷山【訪問介護】深草正覚町24番", "url": "https://www.kaigokensaku.mhlw.go.jp/26/index.php?action_kouhyou_detail_004_kani=true&JigyosyoCd=2670900899-00&ServiceCd=110&Type=search", "url2": "https://www.takedahp.or.jp/group/welfare/index.html" }, "geometry": { "type": "Point", "coordinates": [ 135.77302370000001, 34.973239 ] } },
{ "type": "Feature", "properties": { "内容": "有限会社アテンド看護婦家政婦紹介所　訪問介護事業部【訪問介護】京都市伏見区淀本町167-18", "url": "https://www.kaigokensaku.mhlw.go.jp/26/index.php?action_kouhyou_detail_004_kani=true&JigyosyoCd=2670900394-00&ServiceCd=110&Type=search", "url2": "http://www." }, "geometry": { "type": "Point", "coordinates": [ 135.7190683, 34.905755 ] } },
{ "type": "Feature", "properties": { "内容": "あやとりホームヘルパーステーション醍醐【訪問介護】京都府京都市伏見区小栗栖牛ヶ渕町48-1あやとり　クレイドル醍醐", "url": "https://www.kaigokensaku.mhlw.go.jp/26/index.php?action_kouhyou_detail_004_kani=true&JigyosyoCd=2670917513-00&ServiceCd=110&Type=search", "url2": "www.ayatorikaigo.jp" }, "geometry": { "type": "Point", "coordinates": [ 135.8062137, 34.9484387 ] } },
{ "type": "Feature", "properties": { "内容": "訪問介護事業所　テイクケア【訪問介護】京都市伏見区石田内里町80-2", "url": "https://www.kaigokensaku.mhlw.go.jp/26/index.php?action_kouhyou_detail_004_kani=true&JigyosyoCd=2674101056-00&ServiceCd=110&Type=search", "url2": "http://hp.kaipoke.biz/sab/" }, "geometry": { "type": "Point", "coordinates": [ 135.806774997385787, 34.938267869960789 ] } },
{ "type": "Feature", "properties": { "内容": "訪問介護ステーションさくら【訪問介護】京都市伏見区深草大亀谷大山町30", "url": "https://www.kaigokensaku.mhlw.go.jp/26/index.php?action_kouhyou_detail_004_kani=true&JigyosyoCd=2670917679-00&ServiceCd=110&Type=search", "url2": "https://miccle.com/" }, "geometry": { "type": "Point", "coordinates": [ 135.778121199999987, 34.9478207 ] } },
{ "type": "Feature", "properties": { "内容": "やさしい手京都南　伏見訪問介護事業所【訪問介護】京都府京都市伏見区両替町9丁目254北川コンサイスビル104", "url": "https://www.kaigokensaku.mhlw.go.jp/26/index.php?action_kouhyou_detail_004_kani=true&JigyosyoCd=2670900782-00&ServiceCd=110&Type=search", "url2": "http://www.yasasiite.com" }, "geometry": { "type": "Point", "coordinates": [ 135.764371799999907, 34.9386218 ] } },
{ "type": "Feature", "properties": { "内容": "ホームヘルプサービスソラスト伏見【訪問介護】京都府京都市伏見区竹田田中宮町９１イナクビル１Ｆ", "url": "https://www.kaigokensaku.mhlw.go.jp/26/index.php?action_kouhyou_detail_004_kani=true&JigyosyoCd=2670916986-00&ServiceCd=110&Type=search", "url2": null }, "geometry": { "type": "Point", "coordinates": [ 135.753419099999974, 34.949439099999985 ] } },
{ "type": "Feature", "properties": { "内容": "訪問介護事業所　プラス・I【訪問介護】京都市伏見区石田内里町76-1タウンハイツ醍醐６０７号", "url": "https://www.kaigokensaku.mhlw.go.jp/26/index.php?action_kouhyou_detail_004_kani=true&JigyosyoCd=2670918669-00&ServiceCd=110&Type=search", "url2": null }, "geometry": { "type": "Point", "coordinates": [ 135.8061995, 34.938896 ] } },
{ "type": "Feature", "properties": { "内容": "有限会社オルグ　ケアサポートこといろ【訪問介護】京都市伏見区深草藪之内町44グランドテラス晴雲101", "url": "https://www.kaigokensaku.mhlw.go.jp/26/index.php?action_kouhyou_detail_004_kani=true&JigyosyoCd=2670916747-00&ServiceCd=110&Type=search", "url2": "kotoiro@sky.plala.or.jp" }, "geometry": { "type": "Point", "coordinates": [ 135.772073500000033, 34.9661465 ] } },
{ "type": "Feature", "properties": { "内容": "ヘルパーステーション空　醍醐事業所【訪問介護】石田大山町5-77藤井ビル", "url": "https://www.kaigokensaku.mhlw.go.jp/26/index.php?action_kouhyou_detail_004_kani=true&JigyosyoCd=2670917620-00&ServiceCd=110&Type=search", "url2": null }, "geometry": { "type": "Point", "coordinates": [ 135.8093804, 34.9402888 ] } },
{ "type": "Feature", "properties": { "内容": "ケアメイトぱるnext【訪問介護】京町10丁目1125-11サンルシエル伏見京町101", "url": "https://www.kaigokensaku.mhlw.go.jp/26/index.php?action_kouhyou_detail_004_kani=true&JigyosyoCd=2670918719-00&ServiceCd=110&Type=search", "url2": "http://carematepal.com" }, "geometry": { "type": "Point", "coordinates": [ 135.7651043, 34.9451061 ] } },
{ "type": "Feature", "properties": { "内容": "同和園ホームヘルプステーション【訪問介護】京都市伏見区醍醐上ノ山町11番地", "url": "https://www.kaigokensaku.mhlw.go.jp/26/index.php?action_kouhyou_detail_004_kani=true&JigyosyoCd=2670900188-00&ServiceCd=110&Type=search", "url2": "https://www.dowaen.jp/" }, "geometry": { "type": "Point", "coordinates": [ 135.814199499999972, 34.9569625 ] } },
{ "type": "Feature", "properties": { "内容": "訪問介護ステーションKUON【訪問介護】京都府京都市伏見区深草谷口町51-21コミュニティ藤森101", "url": "https://www.kaigokensaku.mhlw.go.jp/26/index.php?action_kouhyou_detail_004_kani=true&JigyosyoCd=2670918040-00&ServiceCd=110&Type=search", "url2": "https://kuonnosato.com" }, "geometry": { "type": "Point", "coordinates": [ 135.782853601852395, 34.9534279 ] } },
{ "type": "Feature", "properties": { "内容": "訪問介護えいと【訪問介護】京都府京都市伏見区久我森の宮町4番地", "url": "https://www.kaigokensaku.mhlw.go.jp/26/index.php?action_kouhyou_detail_004_kani=true&JigyosyoCd=2670917828-00&ServiceCd=110&Type=search", "url2": "https://8solution.co.jp" }, "geometry": { "type": "Point", "coordinates": [ 135.729429900000014, 34.9410179 ] } },
{ "type": "Feature", "properties": { "内容": "スターク訪問介護ステーション伏見【訪問介護】鍋島町22-1プレスト桃山1階", "url": "https://www.kaigokensaku.mhlw.go.jp/26/index.php?action_kouhyou_detail_004_kani=true&JigyosyoCd=2670918701-00&ServiceCd=110&Type=search", "url2": "https://star-q.jp/" }, "geometry": { "type": "Point", "coordinates": [ 135.7681743, 34.9317525 ] } },
{ "type": "Feature", "properties": { "内容": "グリムＫ醍醐【訪問介護】京都府京都市伏見区醍醐大構町28番3サンフラワー醍醐テナント南店舗１階", "url": "https://www.kaigokensaku.mhlw.go.jp/26/index.php?action_kouhyou_detail_004_kani=true&JigyosyoCd=2670918164-00&ServiceCd=110&Type=search", "url2": null }, "geometry": { "type": "Point", "coordinates": [ 135.809624899999989, 34.9478746 ] } },
{ "type": "Feature", "properties": { "内容": "安心ケア丹波橋【訪問介護】京都市伏見区京町六丁目69番地1", "url": "https://www.kaigokensaku.mhlw.go.jp/26/index.php?action_kouhyou_detail_004_kani=true&JigyosyoCd=2670916713-00&ServiceCd=110&Type=search", "url2": null }, "geometry": { "type": "Point", "coordinates": [ 135.7646442, 34.9369 ] } },
{ "type": "Feature", "properties": { "内容": "ヘルパーステーションVilla【訪問介護】京都府京都市伏見区羽束師菱川町532-4とうふう苑　別邸", "url": "https://www.kaigokensaku.mhlw.go.jp/26/index.php?action_kouhyou_detail_004_kani=true&JigyosyoCd=2670918750-00&ServiceCd=110&Type=search", "url2": null }, "geometry": { "type": "Point", "coordinates": [ 135.720569899999987, 34.9326356 ] } },
{ "type": "Feature", "properties": { "内容": "訪問介護まごのて向島【訪問介護】京都府京都市伏見区向島善阿弥町45リバーサイド観月103号室", "url": "https://www.kaigokensaku.mhlw.go.jp/26/index.php?action_kouhyou_detail_004_kani=true&JigyosyoCd=2670918578-00&ServiceCd=110&Type=search", "url2": "https://p-yes-p.care/" }, "geometry": { "type": "Point", "coordinates": [ 135.7697099, 34.9256987 ] } },
{ "type": "Feature", "properties": { "内容": "訪問介護リリィ【訪問介護】醍醐切レ戸町6-23", "url": "https://www.kaigokensaku.mhlw.go.jp/26/index.php?action_kouhyou_detail_004_kani=true&JigyosyoCd=2670918115-00&ServiceCd=110&Type=search", "url2": null }, "geometry": { "type": "Point", "coordinates": [ 135.8165251, 34.9563942 ] } },
{ "type": "Feature", "properties": { "内容": "こうふく介護サービス【訪問介護】向島四ツ谷池１４－１０", "url": "https://www.kaigokensaku.mhlw.go.jp/26/index.php?action_kouhyou_detail_004_kani=true&JigyosyoCd=2670901343-00&ServiceCd=110&Type=search", "url2": "https://hp.kaipoke.biz/pke/55894/index_0003.html" }, "geometry": { "type": "Point", "coordinates": [ 135.77640205695684, 34.919306781624229 ] } },
{ "type": "Feature", "properties": { "内容": "ファミリーサポート華暦【訪問介護】京都府京都市伏見区西町389-2スマートマンション夢ゾン大手筋101", "url": "https://www.kaigokensaku.mhlw.go.jp/26/index.php?action_kouhyou_detail_004_kani=true&JigyosyoCd=2670917380-00&ServiceCd=110&Type=search", "url2": null }, "geometry": { "type": "Point", "coordinates": [ 135.758712231490108, 34.935562932626311 ] } },
{ "type": "Feature", "properties": { "内容": "訪問介護　空【訪問介護】京都府京都市伏見区竹田七瀬川町1-6", "url": "https://www.kaigokensaku.mhlw.go.jp/26/index.php?action_kouhyou_detail_004_kani=true&JigyosyoCd=2670501002-00&ServiceCd=110&Type=search", "url2": "https://kyoto-kaigo.co.jp/" }, "geometry": { "type": "Point", "coordinates": [ 135.759428116195295, 34.954296207402471 ] } },
{ "type": "Feature", "properties": { "内容": "訪問介護事業所マザーズ【訪問介護】京都市伏見区醍醐下端山町16－17", "url": "https://www.kaigokensaku.mhlw.go.jp/26/index.php?action_kouhyou_detail_004_kani=true&JigyosyoCd=2670901632-00&ServiceCd=110&Type=search", "url2": null }, "geometry": { "type": "Point", "coordinates": [ 135.820065500000027, 34.9474802 ] } },
{ "type": "Feature", "properties": { "内容": "ふじのもりヘルパーステーション【訪問介護】深草僧坊町41", "url": "https://www.kaigokensaku.mhlw.go.jp/26/index.php?action_kouhyou_detail_004_kani=true&JigyosyoCd=2670916671-00&ServiceCd=110&Type=search", "url2": "http://www.KOUSEIKAI.COM" }, "geometry": { "type": "Point", "coordinates": [ 135.7757368, 34.9587917 ] } },
{ "type": "Feature", "properties": { "内容": "こうふく介護醍醐事務所【訪問介護】醍醐高畑町６８－６中野ビル２０５号", "url": "https://www.kaigokensaku.mhlw.go.jp/26/index.php?action_kouhyou_detail_004_kani=true&JigyosyoCd=2670916812-00&ServiceCd=110&Type=search", "url2": null }, "geometry": { "type": "Point", "coordinates": [ 135.808899022090174, 34.949222324014471 ] } },
{ "type": "Feature", "properties": { "内容": "訪問介護レモン【訪問介護】京都市伏見区横大路貴船21-7", "url": "https://www.kaigokensaku.mhlw.go.jp/26/index.php?action_kouhyou_detail_004_kani=true&JigyosyoCd=2670918487-00&ServiceCd=110&Type=search", "url2": "https://otoha-rojin-home.com/" }, "geometry": { "type": "Point", "coordinates": [ 135.7386348, 34.9297797 ] } },
{ "type": "Feature", "properties": { "内容": "訪問介護ソエルテ【訪問介護】京都府伏見区納所中河原3-41", "url": "https://www.kaigokensaku.mhlw.go.jp/26/index.php?action_kouhyou_detail_004_kani=true&JigyosyoCd=2670918552-00&ServiceCd=110&Type=search", "url2": null }, "geometry": { "type": "Point", "coordinates": [ 135.722637362048232, 34.913103536928539 ] } },
{ "type": "Feature", "properties": { "内容": "ヘルパーステーションもえぎ【訪問介護】石田桜木11-21ヴィラ伏見1-E", "url": "https://www.kaigokensaku.mhlw.go.jp/26/index.php?action_kouhyou_detail_004_kani=true&JigyosyoCd=2670918610-00&ServiceCd=110&Type=search", "url2": null }, "geometry": { "type": "Point", "coordinates": [ 135.79895350000001, 34.935737399999965 ] } },
{ "type": "Feature", "properties": { "内容": "ヘルパーステーション　スイート桃山【訪問介護】大阪町595-2グランカーサ日の又1F", "url": "https://www.kaigokensaku.mhlw.go.jp/26/index.php?action_kouhyou_detail_004_kani=true&JigyosyoCd=2670918321-00&ServiceCd=110&Type=search", "url2": "suzunagi.com" }, "geometry": { "type": "Point", "coordinates": [ 135.7624937, 34.9317705 ] } },
{ "type": "Feature", "properties": { "内容": "ヘルパーステーション　ヴィラ向島【訪問介護】京都市伏見区向島新上林町16", "url": "https://www.kaigokensaku.mhlw.go.jp/26/index.php?action_kouhyou_detail_004_kani=true&JigyosyoCd=2670900121-00&ServiceCd=110&Type=search", "url2": "https://www.mukaijima.jp" }, "geometry": { "type": "Point", "coordinates": [ 135.763473400000066, 34.9156207 ] } },
{ "type": "Feature", "properties": { "内容": "ニチイケアセンター伏見【訪問介護】京都市伏見区大阪町594", "url": "https://www.kaigokensaku.mhlw.go.jp/26/index.php?action_kouhyou_detail_004_kani=true&JigyosyoCd=2670900345-00&ServiceCd=110&Type=search", "url2": "http://www.nichiigakkan.co.jp" }, "geometry": { "type": "Point", "coordinates": [ 135.7624989, 34.93159720000002 ] } },
{ "type": "Feature", "properties": { "内容": "医療法人啓信会ヘルパーステーションリエゾン羽束師【訪問介護】京都市伏見区羽束師古川町168-1", "url": "https://www.kaigokensaku.mhlw.go.jp/26/index.php?action_kouhyou_detail_004_kani=true&JigyosyoCd=2670901095-00&ServiceCd=110&Type=search", "url2": "http:www.kyoto-keishinkai.or.jp" }, "geometry": { "type": "Point", "coordinates": [ 135.723449752149577, 34.926686914347833 ] } },
{ "type": "Feature", "properties": { "内容": "有限会社アシスト【訪問介護】京都市伏見区深草直違橋3丁目396", "url": "https://www.kaigokensaku.mhlw.go.jp/26/index.php?action_kouhyou_detail_004_kani=true&JigyosyoCd=2670901640-00&ServiceCd=110&Type=search", "url2": "https://assist243.com/company/" }, "geometry": { "type": "Point", "coordinates": [ 135.771026099999972, 34.9566418 ] } },
{ "type": "Feature", "properties": { "内容": "洛和ヘルパーステーション醍醐駅前【訪問介護】京都市伏見区醍醐高畑町29-3リバービル1階", "url": "https://www.kaigokensaku.mhlw.go.jp/26/index.php?action_kouhyou_detail_004_kani=true&JigyosyoCd=2670901665-00&ServiceCd=110&Type=search", "url2": "www.rakuwa.or.jp" }, "geometry": { "type": "Point", "coordinates": [ 135.810548531460512, 34.94959936640624 ] } },
{ "type": "Feature", "properties": { "内容": "ケア21伏見【訪問介護】京都府京都市伏見区深草泓ノ壷町16番地スペリオン伏見102号", "url": "https://www.kaigokensaku.mhlw.go.jp/26/index.php?action_kouhyou_detail_004_kani=true&JigyosyoCd=2670916846-00&ServiceCd=110&Type=search", "url2": null }, "geometry": { "type": "Point", "coordinates": [ 135.761409700000058, 34.9360295 ] } },
{ "type": "Feature", "properties": { "内容": "ケア２１醍醐【訪問介護】京都府京都市伏見区醍醐池田町10番地ラレーヴ1-A号室", "url": "https://www.kaigokensaku.mhlw.go.jp/26/index.php?action_kouhyou_detail_004_kani=true&JigyosyoCd=2670917018-00&ServiceCd=110&Type=search", "url2": null }, "geometry": { "type": "Point", "coordinates": [ 135.8097659, 34.9461683 ] } },
{ "type": "Feature", "properties": { "内容": "美郷会ホームヘルパーステーション向島【訪問介護】京都府京都市伏見区向島清水町189-1高齢者複合施設向島美郷", "url": "https://www.kaigokensaku.mhlw.go.jp/26/index.php?action_kouhyou_detail_004_kani=true&JigyosyoCd=2670917240-00&ServiceCd=110&Type=search", "url2": "http://www.misugikai.jp/mukaijimamisato/index.html" }, "geometry": { "type": "Point", "coordinates": [ 135.784261215977494, 34.916783255784274 ] } },
{ "type": "Feature", "properties": { "内容": "ニチイケアセンター醍醐新町【訪問介護】京都府京都市伏見区醍醐新町裏町26", "url": "https://www.kaigokensaku.mhlw.go.jp/26/index.php?action_kouhyou_detail_004_kani=true&JigyosyoCd=2670917802-00&ServiceCd=110&Type=search", "url2": null }, "geometry": { "type": "Point", "coordinates": [ 135.817457600000012, 34.9541769 ] } },
{ "type": "Feature", "properties": { "内容": "みんなのヘルパーステーション【訪問介護】竹田田中宮町97番地グリーンヴィレッジ吉田107号", "url": "https://www.kaigokensaku.mhlw.go.jp/26/index.php?action_kouhyou_detail_004_kani=true&JigyosyoCd=2660990512-00&ServiceCd=110&Type=search", "url2": "http://hp.kaipoke.biz/xmk/" }, "geometry": { "type": "Point", "coordinates": [ 135.753987300000063, 34.9488648 ] } },
{ "type": "Feature", "properties": { "内容": "社会福祉法人京都福祉サービス協会　醍醐事務所【訪問介護】醍醐大構町16番地内海ビル１階", "url": "https://www.kaigokensaku.mhlw.go.jp/26/index.php?action_kouhyou_detail_004_kani=true&JigyosyoCd=2670901376-00&ServiceCd=110&Type=search", "url2": "http://kyoto-fukushi.org/" }, "geometry": { "type": "Point", "coordinates": [ 135.810494299999959, 34.9491797 ] } },
{ "type": "Feature", "properties": { "内容": "ヘルパーステーション　ヴィラ観月橋【訪問介護】向島庚申町114－16", "url": "https://www.kaigokensaku.mhlw.go.jp/26/index.php?action_kouhyou_detail_004_kani=true&JigyosyoCd=2670917406-00&ServiceCd=110&Type=search", "url2": "https://www.mukaijima.jp/helper_kangetukyo.html" }, "geometry": { "type": "Point", "coordinates": [ 135.77385019999997, 34.9230923 ] } },
{ "type": "Feature", "properties": { "内容": "社会福祉法人　京都福祉サービス協会伏見訪問介護ステーション【訪問介護】京都市伏見区大宮町577番地の1ルミエール丹波橋１階１０１Ａ", "url": "https://www.kaigokensaku.mhlw.go.jp/26/index.php?action_kouhyou_detail_004_kani=true&JigyosyoCd=2670900097-00&ServiceCd=110&Type=search", "url2": "http://kyoto-fukushi.org" }, "geometry": { "type": "Point", "coordinates": [ 135.757837800000061, 34.9386291 ] } },
{ "type": "Feature", "properties": { "内容": "あんしんサポート伏見【訪問介護】京都市伏見区深草大亀谷東古御香町59番地60番地", "url": "https://www.kaigokensaku.mhlw.go.jp/26/index.php?action_kouhyou_detail_004_kani=true&JigyosyoCd=2670900139-00&ServiceCd=110&Type=search", "url2": "http://www.kyoro.or.jp" }, "geometry": { "type": "Point", "coordinates": [ 135.78790749999996, 34.9438934 ] } },
{ "type": "Feature", "properties": { "内容": "京都市東高瀬川センター　ヘルパーステーション【訪問介護】北端町44-7", "url": "https://www.kaigokensaku.mhlw.go.jp/26/index.php?action_kouhyou_detail_004_kani=true&JigyosyoCd=2670900154-00&ServiceCd=110&Type=search", "url2": "http://kyoro.or.jp" }, "geometry": { "type": "Point", "coordinates": [ 133.508841600000011, 33.5593926 ] } },
{ "type": "Feature", "properties": { "内容": "城南ホーム　訪問介護事業所【訪問介護】京都府京都市伏見区竹田中内畑町53", "url": "https://www.kaigokensaku.mhlw.go.jp/26/index.php?action_kouhyou_detail_004_kani=true&JigyosyoCd=2670900261-00&ServiceCd=110&Type=search", "url2": "https://www.seiwaen.or.jp/" }, "geometry": { "type": "Point", "coordinates": [ 135.7536609, 34.9534582 ] } },
{ "type": "Feature", "properties": { "内容": "ハーモニーきょうと【訪問介護】京都府京都市伏見区深草瓦町47フェリーチェ47　１階", "url": "https://www.kaigokensaku.mhlw.go.jp/26/index.php?action_kouhyou_detail_004_kani=true&JigyosyoCd=2670900402-00&ServiceCd=110&Type=search", "url2": "https://harmony-kyoto.jimdofree.com/" }, "geometry": { "type": "Point", "coordinates": [ 135.776173549790173, 34.956829314170911 ] } },
{ "type": "Feature", "properties": { "内容": "春日【訪問介護】京都市伏見区久我森ノ宮町2－275", "url": "https://www.kaigokensaku.mhlw.go.jp/26/index.php?action_kouhyou_detail_004_kani=true&JigyosyoCd=2670900428-00&ServiceCd=110&Type=search", "url2": "http://www." }, "geometry": { "type": "Point", "coordinates": [ 135.732572284655816, 34.94172289508824 ] } },
{ "type": "Feature", "properties": { "内容": "ももやまホームヘルプステーション【訪問介護】京都市伏見区桃山町立売１番６", "url": "https://www.kaigokensaku.mhlw.go.jp/26/index.php?action_kouhyou_detail_004_kani=true&JigyosyoCd=2670900444-00&ServiceCd=110&Type=search", "url2": "http://www.kenkouen.jp" }, "geometry": { "type": "Point", "coordinates": [ 135.770781100000022, 34.9320329 ] } },
{ "type": "Feature", "properties": { "内容": "あんしん在宅介護　えがお【訪問介護】京都府伏見区讃岐町163番地　桃山マンション1階", "url": "https://www.kaigokensaku.mhlw.go.jp/26/index.php?action_kouhyou_detail_004_kani=true&JigyosyoCd=2670900485-00&ServiceCd=110&Type=search", "url2": "http://www." }, "geometry": { "type": "Point", "coordinates": [ 135.765287100000023, 34.9316189 ] } },
{ "type": "Feature", "properties": { "内容": "ウェルフェア　ひかり【訪問介護】京都市伏見区深草ススハキ町16番地", "url": "https://www.kaigokensaku.mhlw.go.jp/26/index.php?action_kouhyou_detail_004_kani=true&JigyosyoCd=2670900626-00&ServiceCd=110&Type=search", "url2": "https://www.welfarehikari.com/" }, "geometry": { "type": "Point", "coordinates": [ 135.769532, 34.9654381 ] } },
{ "type": "Feature", "properties": { "内容": "訪問介護ステーションおをそら【訪問介護】京都市伏見区竹田中川原町454", "url": "https://www.kaigokensaku.mhlw.go.jp/26/index.php?action_kouhyou_detail_004_kani=true&JigyosyoCd=2670900832-00&ServiceCd=110&Type=search", "url2": "http://www.nagomi-npo.com/index.html" }, "geometry": { "type": "Point", "coordinates": [ 135.76000769999996, 34.9595967 ] } },
{ "type": "Feature", "properties": { "内容": "春日丘センター　ヘルパーステーション【訪問介護】京都市伏見区醍醐辰巳町12-1", "url": "https://www.kaigokensaku.mhlw.go.jp/26/index.php?action_kouhyou_detail_004_kani=true&JigyosyoCd=2670900931-00&ServiceCd=110&Type=search", "url2": "http://www.kyoro.or.jp" }, "geometry": { "type": "Point", "coordinates": [ 135.814139777284652, 34.940985525947966 ] } },
{ "type": "Feature", "properties": { "内容": "ニチイケアセンター醍醐【訪問介護】京都市伏見区醍醐鍵尾町14-3廣下事務所1F", "url": "https://www.kaigokensaku.mhlw.go.jp/26/index.php?action_kouhyou_detail_004_kani=true&JigyosyoCd=2670901053-00&ServiceCd=110&Type=search", "url2": "www.nichiigakkan.co.jp" }, "geometry": { "type": "Point", "coordinates": [ 135.808772200000021, 34.9452634 ] } },
{ "type": "Feature", "properties": { "内容": "ニチイケアセンター　京都みなみ【訪問介護】京都市伏見区深草西浦町5-53-1ペガサスプラザ204号", "url": "https://www.kaigokensaku.mhlw.go.jp/26/index.php?action_kouhyou_detail_004_kani=true&JigyosyoCd=2670901061-00&ServiceCd=110&Type=search", "url2": null }, "geometry": { "type": "Point", "coordinates": [ 135.767834099999959, 34.9573867 ] } },
{ "type": "Feature", "properties": { "内容": "訪問介護まごのて伏見【訪問介護】京都市伏見区竹田中島町220ハイクオリティクイナブリッジ１F", "url": "https://www.kaigokensaku.mhlw.go.jp/26/index.php?action_kouhyou_detail_004_kani=true&JigyosyoCd=2670901277-00&ServiceCd=110&Type=search", "url2": "http://just-life.info/" }, "geometry": { "type": "Point", "coordinates": [ 135.758857900000066, 34.9627436 ] } },
{ "type": "Feature", "properties": { "内容": "有限会社ビーオブエス　介護保険事業部【訪問介護】竹田北三ツ杭町51番地", "url": "https://www.kaigokensaku.mhlw.go.jp/26/index.php?action_kouhyou_detail_004_kani=true&JigyosyoCd=2670901350-00&ServiceCd=110&Type=search", "url2": "https://bofs.co.jp/" }, "geometry": { "type": "Point", "coordinates": [ 135.758948628974849, 34.959302093771534 ] } },
{ "type": "Feature", "properties": { "内容": "イルカトータル介護センター【訪問介護】久我石原町４番地３６", "url": "https://www.kaigokensaku.mhlw.go.jp/26/index.php?action_kouhyou_detail_004_kani=true&JigyosyoCd=2670901442-00&ServiceCd=110&Type=search", "url2": null }, "geometry": { "type": "Point", "coordinates": [ 135.730346200000014, 34.9499444 ] } },
{ "type": "Feature", "properties": { "内容": "ヘルパーステーションさいわい【訪問介護】向島本丸町28－2", "url": "https://www.kaigokensaku.mhlw.go.jp/26/index.php?action_kouhyou_detail_004_kani=true&JigyosyoCd=2670916994-00&ServiceCd=110&Type=search", "url2": "http://mukaijima-hospital.or.jp病院ＨＰよりお入り下さい。" }, "geometry": { "type": "Point", "coordinates": [ 135.771256, 34.9229589 ] } },
{ "type": "Feature", "properties": { "内容": "さくらハウス七瀬川【訪問介護】京都市伏見区深草小久保町261", "url": "https://www.kaigokensaku.mhlw.go.jp/26/index.php?action_kouhyou_detail_004_kani=true&JigyosyoCd=2670917570-00&ServiceCd=110&Type=search", "url2": "http://kyoro.or.jp" }, "geometry": { "type": "Point", "coordinates": [ 135.763118299999974, 34.9517003 ] } },
{ "type": "Feature", "properties": { "内容": "株式会社　玄武美建【訪問介護】京都市伏見区竹田内畑町269-4", "url": "https://www.kaigokensaku.mhlw.go.jp/26/index.php?action_kouhyou_detail_004_kani=true&JigyosyoCd=2670917760-00&ServiceCd=110&Type=search", "url2": "https://genbubiken-group.com/company/" }, "geometry": { "type": "Point", "coordinates": [ 135.758718291436423, 34.953060524057122 ] } },
{ "type": "Feature", "properties": { "内容": "ニチイケアセンター　観月橋【訪問介護】京都府京都市伏見区豊後橋町74番地パレス桃山101", "url": "https://www.kaigokensaku.mhlw.go.jp/26/index.php?action_kouhyou_detail_004_kani=true&JigyosyoCd=2670917794-00&ServiceCd=110&Type=search", "url2": "https://www.nichiigakkan.co.jp/" }, "geometry": { "type": "Point", "coordinates": [ 135.7687152, 34.9285052 ] } },
{ "type": "Feature", "properties": { "内容": "株式会社たくみ　ヘルパーステーションスイート竹田【訪問介護】竹田久保町62-1足立ハイツ竹田133号室", "url": "https://www.kaigokensaku.mhlw.go.jp/26/index.php?action_kouhyou_detail_004_kani=true&JigyosyoCd=2670917927-00&ServiceCd=110&Type=search", "url2": null }, "geometry": { "type": "Point", "coordinates": [ 135.761317100000014, 34.9623974 ] } },
{ "type": "Feature", "properties": { "内容": "ボンヌサンテ【訪問介護】深草一ノ坪町37", "url": "https://www.kaigokensaku.mhlw.go.jp/26/index.php?action_kouhyou_detail_004_kani=true&JigyosyoCd=2670917935-00&ServiceCd=110&Type=search", "url2": "https://www.yasuko-seikotsuin.com/bonnesante.html" }, "geometry": { "type": "Point", "coordinates": [ 135.7689575, 34.9689001 ] } },
{ "type": "Feature", "properties": { "内容": "訪問介護まごのて羽束師【訪問介護】京都市伏見区羽束師菱川町265", "url": "https://www.kaigokensaku.mhlw.go.jp/26/index.php?action_kouhyou_detail_004_kani=true&JigyosyoCd=2670917968-00&ServiceCd=110&Type=search", "url2": null }, "geometry": { "type": "Point", "coordinates": [ 135.718202371163983, 34.930680049908808 ] } },
{ "type": "Feature", "properties": { "内容": "訪問介護ひまわり【訪問介護】京都府京都市伏見区竹田浄菩提院町79メゾンドイッセイ竹田112号", "url": "https://www.kaigokensaku.mhlw.go.jp/26/index.php?action_kouhyou_detail_004_kani=true&JigyosyoCd=2670918008-00&ServiceCd=110&Type=search", "url2": null }, "geometry": { "type": "Point", "coordinates": [ 135.753361399999989, 34.9522575 ] } },
{ "type": "Feature", "properties": { "内容": "訪問介護事業所きいろいいと【訪問介護】京都府京都市伏見区石田大山町36グリンハイム轟205号室", "url": "https://www.kaigokensaku.mhlw.go.jp/26/index.php?action_kouhyou_detail_004_kani=true&JigyosyoCd=2670918073-00&ServiceCd=110&Type=search", "url2": "https://www.pop-llc.net/" }, "geometry": { "type": "Point", "coordinates": [ 135.8102151, 34.936720200000018 ] } },
{ "type": "Feature", "properties": { "内容": "京都伏見やわらぎ【訪問介護】京都府京都市伏見区竹田中島町２４０番地", "url": "https://www.kaigokensaku.mhlw.go.jp/26/index.php?action_kouhyou_detail_004_kani=true&JigyosyoCd=2670918248-00&ServiceCd=110&Type=search", "url2": "kyotofushimi@sunnylife-group.co.jp" }, "geometry": { "type": "Point", "coordinates": [ 135.7589467, 34.9618642 ] } },
{ "type": "Feature", "properties": { "内容": "訪問介護ステーション　グリム伏見【訪問介護】向島二ノ丸町87向島スタジオフラッツ1階C", "url": "https://www.kaigokensaku.mhlw.go.jp/26/index.php?action_kouhyou_detail_004_kani=true&JigyosyoCd=2670918255-00&ServiceCd=110&Type=search", "url2": "https://gurimufushimi.com/" }, "geometry": { "type": "Point", "coordinates": [ 135.7730247, 34.9217357 ] } },
{ "type": "Feature", "properties": { "内容": "アプリシェイト訪問介護ステーション【訪問介護】京都市伏見区醍醐西大路町59-2パルアベニュー醍醐105", "url": "https://www.kaigokensaku.mhlw.go.jp/26/index.php?action_kouhyou_detail_004_kani=true&JigyosyoCd=2670917273-00&ServiceCd=110&Type=search", "url2": "http://www.appreciate-group.com/" }, "geometry": { "type": "Point", "coordinates": [ 135.812038600000051, 34.9486021 ] } },
{ "type": "Feature", "properties": { "内容": "訪問介護Lin【訪問介護】京都府京都市伏見区深草柴田屋敷町3-14", "url": "https://www.kaigokensaku.mhlw.go.jp/26/index.php?action_kouhyou_detail_004_kani=true&JigyosyoCd=2670918388-00&ServiceCd=110&Type=search", "url2": "https://www.ling-kaigo.com/" }, "geometry": { "type": "Point", "coordinates": [ 135.7631744, 34.9479373 ] } },
{ "type": "Feature", "properties": { "内容": "ケアセンター　紫苑【訪問介護】京都市伏見区醍醐新開22-15", "url": "https://www.kaigokensaku.mhlw.go.jp/26/index.php?action_kouhyou_detail_004_kani=true&JigyosyoCd=2670918404-00&ServiceCd=110&Type=search", "url2": "https://en-gage.net/kyoto-fushimi-center/" }, "geometry": { "type": "Point", "coordinates": [ 135.810440799475117, 34.943160521413688 ] } },
{ "type": "Feature", "properties": { "内容": "ケアフリー伏見【訪問介護】京都市伏見区両替町14-176", "url": "https://www.kaigokensaku.mhlw.go.jp/26/index.php?action_kouhyou_detail_004_kani=true&JigyosyoCd=2670918446-00&ServiceCd=110&Type=search", "url2": "https://www.carefree.co.jp/" }, "geometry": { "type": "Point", "coordinates": [ 135.7640762, 34.9432816 ] } },
{ "type": "Feature", "properties": { "内容": "ご自宅で介護と支援　時代の音（ときのおと）【訪問介護】京都府京都市伏見区桃山町安芸山1-6", "url": "https://www.kaigokensaku.mhlw.go.jp/26/index.php?action_kouhyou_detail_004_kani=true&JigyosyoCd=2670916929-00&ServiceCd=110&Type=search", "url2": null }, "geometry": { "type": "Point", "coordinates": [ 135.792188006745846, 34.936699500378971 ] } },
{ "type": "Feature", "properties": { "内容": "訪問介護まごのて下鳥羽【訪問介護】京都府京都市伏見区下鳥羽北円面田町146番地ヤムズビレッジ201号室", "url": "https://www.kaigokensaku.mhlw.go.jp/26/index.php?action_kouhyou_detail_004_kani=true&JigyosyoCd=2670917422-00&ServiceCd=110&Type=search", "url2": "http://www.sunflower.care" }, "geometry": { "type": "Point", "coordinates": [ 135.746998600000012, 34.9663251 ] } },
{ "type": "Feature", "properties": { "内容": "ピアサポートアスター【訪問介護】京都市伏見区久我本町7番地93", "url": "https://www.kaigokensaku.mhlw.go.jp/26/index.php?action_kouhyou_detail_004_kani=true&JigyosyoCd=2670917653-00&ServiceCd=110&Type=search", "url2": "https://aster.localinfo.jp/" }, "geometry": { "type": "Point", "coordinates": [ 135.7305122, 34.9448391 ] } },
{ "type": "Feature", "properties": { "内容": "訪問介護ステーション　グリム桃山【訪問介護】京都府京都市伏見区桃山町養斉17-10養斉ビル1階", "url": "https://www.kaigokensaku.mhlw.go.jp/26/index.php?action_kouhyou_detail_004_kani=true&JigyosyoCd=2670918743-00&ServiceCd=110&Type=search", "url2": "https://gurimumomoyama.com/" }, "geometry": { "type": "Point", "coordinates": [ 135.7850417, 34.929438800000014 ] } },
{ "type": "Feature", "properties": { "内容": "訪問介護　あいのかたち【訪問介護】醍醐上山口町60醍醐南市住宅５棟106号", "url": "https://www.kaigokensaku.mhlw.go.jp/26/index.php?action_kouhyou_detail_004_kani=true&JigyosyoCd=2670918792-00&ServiceCd=110&Type=search", "url2": null }, "geometry": { "type": "Point", "coordinates": [ 135.8175928, 34.9411516 ] } },
{ "type": "Feature", "properties": { "内容": "スローハンドケア暮らし支援ステーション【訪問介護】京都市伏見区阿波橋町４１４　１Ｆ", "url": "https://www.kaigokensaku.mhlw.go.jp/26/index.php?action_kouhyou_detail_004_kani=true&JigyosyoCd=2670918818-00&ServiceCd=110&Type=search", "url2": "https://slowhandcare.com" }, "geometry": { "type": "Point", "coordinates": [ 135.7556284, 34.931255 ] } },
{ "type": "Feature", "properties": { "内容": "ケアセンターロセウム【訪問介護】京都府京都市伏見区竹田真幡木町146番地", "url": "https://www.kaigokensaku.mhlw.go.jp/26/index.php?action_kouhyou_detail_004_kani=true&JigyosyoCd=2670918842-00&ServiceCd=110&Type=search", "url2": "https://www.roseumu.com/" }, "geometry": { "type": "Point", "coordinates": [ 135.7538901, 34.9550549 ] } },
{ "type": "Feature", "properties": { "内容": "ケアフレンズ夢前【訪問介護】京都府京都市伏見区向島四ツ谷池14番地19向島ニュータウンセンター商店街　A棟－18号", "url": "https://www.kaigokensaku.mhlw.go.jp/26/index.php?action_kouhyou_detail_004_kani=true&JigyosyoCd=2670916903-00&ServiceCd=110&Type=search", "url2": "https://care-yume.com" }, "geometry": { "type": "Point", "coordinates": [ 135.778484993169769, 34.918359394167119 ] } },
{ "type": "Feature", "properties": { "内容": "アイクオリティ【訪問介護】横大路下三栖里ノ内64-1", "url": "https://www.kaigokensaku.mhlw.go.jp/26/index.php?action_kouhyou_detail_004_kani=true&JigyosyoCd=2670917893-00&ServiceCd=110&Type=search", "url2": "https://iquo.jp/" }, "geometry": { "type": "Point", "coordinates": [ 135.7520563, 34.9242963 ] } },
{ "type": "Feature", "properties": { "内容": "ケアセンターカインド桃山【訪問介護】京都府京都市伏見区桃山町本多上野74-3シニアハウス桃山", "url": "https://www.kaigokensaku.mhlw.go.jp/26/index.php?action_kouhyou_detail_004_kani=true&JigyosyoCd=2670918339-00&ServiceCd=110&Type=search", "url2": null }, "geometry": { "type": "Point", "coordinates": [ 135.7710559, 34.9324155 ] } },
{ "type": "Feature", "properties": { "内容": "らいふ竹田【訪問介護】京都府京都市伏見区竹田久保町７０－７", "url": "https://www.kaigokensaku.mhlw.go.jp/26/index.php?action_kouhyou_detail_004_kani=true&JigyosyoCd=2670918685-00&ServiceCd=110&Type=search", "url2": "kaigo.lifeyouth.co.jp" }, "geometry": { "type": "Point", "coordinates": [ 135.761426199999988, 34.9613682 ] } },
{ "type": "Feature", "properties": { "内容": "ヘルパーステーションOne【訪問介護】京都府京都市伏見区羽束師菱川町559-154", "url": "https://www.kaigokensaku.mhlw.go.jp/26/index.php?action_kouhyou_detail_004_kani=true&JigyosyoCd=2670918925-00&ServiceCd=110&Type=search", "url2": null }, "geometry": { "type": "Point", "coordinates": [ 135.718196400000011, 34.936168 ] } },
{ "type": "Feature", "properties": { "内容": "ライフケアサポート綾風【訪問介護】京都府京都市伏見区海老屋町1010プレミール丹波橋1F", "url": "https://www.kaigokensaku.mhlw.go.jp/26/index.php?action_kouhyou_detail_004_kani=true&JigyosyoCd=2670917034-00&ServiceCd=110&Type=search", "url2": "http://ayakaze-madoito.com" }, "geometry": { "type": "Point", "coordinates": [ 135.7581607, 34.9403276 ] } },
{ "type": "Feature", "properties": { "内容": "居宅介護支援事業所　フルーツ屋さん【訪問介護】京都府　京都市　伏見区　羽束師　165-190", "url": "https://www.kaigokensaku.mhlw.go.jp/26/index.php?action_kouhyou_detail_004_kani=true&JigyosyoCd=2670917083-00&ServiceCd=110&Type=search", "url2": null }, "geometry": { "type": "Point", "coordinates": [ 135.724651699999981, 34.9286829 ] } },
{ "type": "Feature", "properties": { "内容": "訪問介護事業所ナンバーワン伏見【訪問介護】京都府京都市伏見区淀池上町１７４番地６７キーストンハウス１階", "url": "https://www.kaigokensaku.mhlw.go.jp/26/index.php?action_kouhyou_detail_004_kani=true&JigyosyoCd=2670918834-00&ServiceCd=110&Type=search", "url2": null }, "geometry": { "type": "Point", "coordinates": [ 135.7186265, 34.9034198 ] } },
{ "type": "Feature", "properties": { "内容": "訪問介護プレモ【訪問介護】京都府京都市伏見区豊後橋町７４パレス桃山１０２号室", "url": "https://www.kaigokensaku.mhlw.go.jp/26/index.php?action_kouhyou_detail_004_kani=true&JigyosyoCd=2670919113-00&ServiceCd=110&Type=search", "url2": "https://kyoto-foresta,com" }, "geometry": { "type": "Point", "coordinates": [ 135.768656191401675, 34.928443526436929 ] } },
{ "type": "Feature", "properties": { "内容": "訪問ヘルパーステーション　ドロップス【訪問介護】京都府京都市山科区小山姫子町9番地3", "url": "https://www.kaigokensaku.mhlw.go.jp/26/index.php?action_kouhyou_detail_004_kani=true&JigyosyoCd=2674101460-00&ServiceCd=110&Type=search", "url2": null }, "geometry": { "type": "Point", "coordinates": [ 135.8323368, 34.9854237 ] } },
{ "type": "Feature", "properties": { "内容": "訪問介護ステーションこころ【訪問介護】京都市山科区御陵進藤町15-3テラスみささぎ206号室", "url": "https://www.kaigokensaku.mhlw.go.jp/26/index.php?action_kouhyou_detail_004_kani=true&JigyosyoCd=2674101049-00&ServiceCd=110&Type=search", "url2": "http://hp.kaipoke.biz/48v/" }, "geometry": { "type": "Point", "coordinates": [ 135.806572700000061, 34.9915807 ] } },
{ "type": "Feature", "properties": { "内容": "ヘルパーステーションさと【訪問介護】京都市山科区北花山河原町27-7", "url": "https://www.kaigokensaku.mhlw.go.jp/26/index.php?action_kouhyou_detail_004_kani=true&JigyosyoCd=2674101130-00&ServiceCd=110&Type=search", "url2": null }, "geometry": { "type": "Point", "coordinates": [ 135.799881899999946, 34.989178 ] } },
{ "type": "Feature", "properties": { "内容": "訪問看護ステーショングリム本社【訪問介護】京都府山科区大宅沢町3ハイムシエナ2-3", "url": "https://www.kaigokensaku.mhlw.go.jp/26/index.php?action_kouhyou_detail_004_kani=true&JigyosyoCd=2674101353-00&ServiceCd=110&Type=search", "url2": "https://www.gurimu-kaigo.com/" }, "geometry": { "type": "Point", "coordinates": [ 135.8166664, 34.9698946 ] } },
{ "type": "Feature", "properties": { "内容": "有限会社小林介護サービスの家【訪問介護】京都市山科区大塚元屋敷町60番地の5", "url": "https://www.kaigokensaku.mhlw.go.jp/26/index.php?action_kouhyou_detail_004_kani=true&JigyosyoCd=2674100538-00&ServiceCd=110&Type=search", "url2": null }, "geometry": { "type": "Point", "coordinates": [ 135.8272955, 34.9774079 ] } },
{ "type": "Feature", "properties": { "内容": "ヘルパーステーション愛生会おおやけの里【訪問介護】京都市山科区大宅向山10番5", "url": "https://www.kaigokensaku.mhlw.go.jp/26/index.php?action_kouhyou_detail_004_kani=true&JigyosyoCd=2674100090-00&ServiceCd=110&Type=search", "url2": "http://www.aiseikaihp.or.jp/" }, "geometry": { "type": "Point", "coordinates": [ 135.82083769999997, 34.9646703 ] } },
{ "type": "Feature", "properties": { "内容": "アップル介護【訪問介護】京都府京都市山科区東野南井ノ上町12-58メゾンソレイユ１０２号", "url": "https://www.kaigokensaku.mhlw.go.jp/26/index.php?action_kouhyou_detail_004_kani=true&JigyosyoCd=2674101700-00&ServiceCd=110&Type=search", "url2": "https://www.heartfreecare.com/apple/" }, "geometry": { "type": "Point", "coordinates": [ 135.820384600000011, 34.9775072 ] } },
{ "type": "Feature", "properties": { "内容": "訪問介護ステーショングリム山科東【訪問介護】京都府京都市山科区音羽初田6-1第二エバグレース音羽102号室", "url": "https://www.kaigokensaku.mhlw.go.jp/26/index.php?action_kouhyou_detail_004_kani=true&JigyosyoCd=2674101981-00&ServiceCd=110&Type=search", "url2": "http://hp.kaipoke.biz/r9h/" }, "geometry": { "type": "Point", "coordinates": [ 135.8207668, 34.9860278 ] } },
{ "type": "Feature", "properties": { "内容": "洛和ヘルパーステーション山科【訪問介護】京都府京都市山科区音羽珍事町54番地1", "url": "https://www.kaigokensaku.mhlw.go.jp/26/index.php?action_kouhyou_detail_004_kani=true&JigyosyoCd=2674101775-00&ServiceCd=110&Type=search", "url2": "http://www.rakuwa.or.jp/kaigo/" }, "geometry": { "type": "Point", "coordinates": [ 135.8305662, 34.9886567 ] } },
{ "type": "Feature", "properties": { "内容": "生活サポートセンター『ほっと』（共生型訪問介護）【訪問介護】京都府京都市山科区東野中井ノ上町1-17", "url": "https://www.kaigokensaku.mhlw.go.jp/26/index.php?action_kouhyou_detail_004_kani=true&JigyosyoCd=2674102013-00&ServiceCd=110&Type=search", "url2": null }, "geometry": { "type": "Point", "coordinates": [ 135.818793629499794, 34.9810803 ] } },
{ "type": "Feature", "properties": { "内容": "株式会社アライブ【訪問介護】京都府京都市山科区勧修寺仁王堂町２０－２", "url": "https://www.kaigokensaku.mhlw.go.jp/26/index.php?action_kouhyou_detail_004_kani=true&JigyosyoCd=2674101270-00&ServiceCd=110&Type=search", "url2": "https://alive-kyoto.jp/" }, "geometry": { "type": "Point", "coordinates": [ 135.809097299999962, 34.960437 ] } },
{ "type": "Feature", "properties": { "内容": "結の和み山科事業所【訪問介護】京都府京都市山科区西野広見町37", "url": "https://www.kaigokensaku.mhlw.go.jp/26/index.php?action_kouhyou_detail_004_kani=true&JigyosyoCd=2674102088-00&ServiceCd=110&Type=search", "url2": null }, "geometry": { "type": "Point", "coordinates": [ 135.807613800000041, 34.981603682233015 ] } },
{ "type": "Feature", "properties": { "内容": "訪問介護ステーションかおり山科【訪問介護】小山谷田町44‐13", "url": "https://www.kaigokensaku.mhlw.go.jp/26/index.php?action_kouhyou_detail_004_kani=true&JigyosyoCd=2674101411-00&ServiceCd=110&Type=search", "url2": null }, "geometry": { "type": "Point", "coordinates": [ 135.8378217, 34.985158900000037 ] } },
{ "type": "Feature", "properties": { "内容": "CircleSupport【訪問介護】京都市山科区北花山横田町19番地20アトリエイオス2階", "url": "https://www.kaigokensaku.mhlw.go.jp/26/index.php?action_kouhyou_detail_004_kani=true&JigyosyoCd=2674101973-00&ServiceCd=110&Type=search", "url2": null }, "geometry": { "type": "Point", "coordinates": [ 135.8025165, 34.9879999 ] } },
{ "type": "Feature", "properties": { "内容": "支援センターひまわり【訪問介護】京都府京都市山科区大宅甲ノ辻町1ｸﾞﾗﾝﾃﾞｨｵｽ京都東302", "url": "https://www.kaigokensaku.mhlw.go.jp/26/index.php?action_kouhyou_detail_004_kani=true&JigyosyoCd=2674102054-00&ServiceCd=110&Type=search", "url2": "https://www.big-advance.site/s/161/2931" }, "geometry": { "type": "Point", "coordinates": [ 135.8182971, 34.9689705 ] } },
{ "type": "Feature", "properties": { "内容": "在宅介護　ホーネスト【訪問介護】京都府京都市山科区竹鼻扇町7番地イマージノイ102号", "url": "https://www.kaigokensaku.mhlw.go.jp/26/index.php?action_kouhyou_detail_004_kani=true&JigyosyoCd=2674100447-00&ServiceCd=110&Type=search", "url2": null }, "geometry": { "type": "Point", "coordinates": [ 135.823617, 34.9892803 ] } },
{ "type": "Feature", "properties": { "内容": "コンティーゴ【訪問介護】京都市山科区御陵天徳町16-6コスモ山科御陵103", "url": "https://www.kaigokensaku.mhlw.go.jp/26/index.php?action_kouhyou_detail_004_kani=true&JigyosyoCd=2674101247-00&ServiceCd=110&Type=search", "url2": null }, "geometry": { "type": "Point", "coordinates": [ 135.810160900000028, 34.9916502 ] } },
{ "type": "Feature", "properties": { "内容": "ヘルパーステーション介人【訪問介護】京都府京都市山科区北花山中道町３５－１４", "url": "https://www.kaigokensaku.mhlw.go.jp/26/index.php?action_kouhyou_detail_004_kani=true&JigyosyoCd=2674101528-00&ServiceCd=110&Type=search", "url2": "https://sites.google.com/kaigo-kaito.com/kaito-llc?usp=sharing" }, "geometry": { "type": "Point", "coordinates": [ 135.801942700000041, 34.9872394 ] } },
{ "type": "Feature", "properties": { "内容": "洛和ヘルパーステーション北花山【訪問介護】北花山中道町78-42階", "url": "https://www.kaigokensaku.mhlw.go.jp/26/index.php?action_kouhyou_detail_004_kani=true&JigyosyoCd=2674101999-00&ServiceCd=110&Type=search", "url2": null }, "geometry": { "type": "Point", "coordinates": [ 135.801146101258098, 34.98586072832466 ] } },
{ "type": "Feature", "properties": { "内容": "訪問介護ステーションナース原【訪問介護】勧修寺泉玉町6-3", "url": "https://www.kaigokensaku.mhlw.go.jp/26/index.php?action_kouhyou_detail_004_kani=true&JigyosyoCd=2674102146-00&ServiceCd=110&Type=search", "url2": "https://r.goope.jp/nshara/" }, "geometry": { "type": "Point", "coordinates": [ 135.805278, 34.9645649 ] } },
{ "type": "Feature", "properties": { "内容": "ヘルパーステーション　ＴＬＰ【訪問介護】京都市山科区西野山中鳥井町43-5", "url": "https://www.kaigokensaku.mhlw.go.jp/26/index.php?action_kouhyou_detail_004_kani=true&JigyosyoCd=2674100926-00&ServiceCd=110&Type=search", "url2": "www.tlp-group.co.jp" }, "geometry": { "type": "Point", "coordinates": [ 135.799025544323285, 34.970091876540145 ] } },
{ "type": "Feature", "properties": { "内容": "笑う門には福がある【訪問介護】四ノ宮鎌手町23-12あめにてぃー102号", "url": "https://www.kaigokensaku.mhlw.go.jp/26/index.php?action_kouhyou_detail_004_kani=true&JigyosyoCd=2674102047-00&ServiceCd=110&Type=search", "url2": null }, "geometry": { "type": "Point", "coordinates": [ 135.8276582, 34.9905341 ] } },
{ "type": "Feature", "properties": { "内容": "ヘルパーステーション　介心【訪問介護】音羽沢町34-1レナジア音羽1F", "url": "https://www.kaigokensaku.mhlw.go.jp/26/index.php?action_kouhyou_detail_004_kani=true&JigyosyoCd=2674102153-00&ServiceCd=110&Type=search", "url2": "https://sites.google.com/kaigo-kaito.com/kaito-llc?usp=sharing" }, "geometry": { "type": "Point", "coordinates": [ 135.8206552, 34.9872317 ] } },
{ "type": "Feature", "properties": { "内容": "ヘルパーステーション　桃の郷　京都東山【訪問介護】京都市山科区四ノ宮小金塚1番地21", "url": "https://www.kaigokensaku.mhlw.go.jp/26/index.php?action_kouhyou_detail_004_kani=true&JigyosyoCd=2674101338-00&ServiceCd=110&Type=search", "url2": "http://momonosato.biz/" }, "geometry": { "type": "Point", "coordinates": [ 135.833323, 35.0036273 ] } },
{ "type": "Feature", "properties": { "内容": "ひかり訪問介護事業所【訪問介護】京都府京都市山科区西野山中鳥井町161-7", "url": "https://www.kaigokensaku.mhlw.go.jp/26/index.php?action_kouhyou_detail_004_kani=true&JigyosyoCd=2674101437-00&ServiceCd=110&Type=search", "url2": null }, "geometry": { "type": "Point", "coordinates": [ 135.814038500000038, 34.9736386 ] } },
{ "type": "Feature", "properties": { "内容": "すずらん訪問介護事業所【訪問介護】京都府京都市山科区西野今屋敷町19番地1井上ビル2階", "url": "https://www.kaigokensaku.mhlw.go.jp/26/index.php?action_kouhyou_detail_004_kani=true&JigyosyoCd=2674101957-00&ServiceCd=110&Type=search", "url2": "https://suzuran-kaigo.com" }, "geometry": { "type": "Point", "coordinates": [ 135.811773199999976, 34.9865662 ] } },
{ "type": "Feature", "properties": { "内容": "ケアセンター雅【訪問介護】京都市山科区東野森野町23-20", "url": "https://www.kaigokensaku.mhlw.go.jp/26/index.php?action_kouhyou_detail_004_kani=true&JigyosyoCd=2674101379-00&ServiceCd=110&Type=search", "url2": null }, "geometry": { "type": "Point", "coordinates": [ 135.807378012889103, 34.973781722535058 ] } },
{ "type": "Feature", "properties": { "内容": "ヘルパーステーション　いちご【訪問介護】京都府京都市山科区北花山中道町35番地3", "url": "https://www.kaigokensaku.mhlw.go.jp/26/index.php?action_kouhyou_detail_004_kani=true&JigyosyoCd=2674102187-00&ServiceCd=110&Type=search", "url2": "https://www.helper-ichigo.com" }, "geometry": { "type": "Point", "coordinates": [ 135.801445539895013, 34.98726911289058 ] } },
{ "type": "Feature", "properties": { "内容": "エヌリンク・ケアステーション【訪問介護】京都府京都市山科区椥辻池尻町３番地５", "url": "https://www.kaigokensaku.mhlw.go.jp/26/index.php?action_kouhyou_detail_004_kani=true&JigyosyoCd=2674102120-00&ServiceCd=110&Type=search", "url2": "https://enulink.com" }, "geometry": { "type": "Point", "coordinates": [ 135.8144991, 34.9737702 ] } },
{ "type": "Feature", "properties": { "内容": "はーとふるセゾン京都山科【訪問介護】京都市山科区竹鼻堂ノ前町40番地1ハウスセゾン京都山科1階", "url": "https://www.kaigokensaku.mhlw.go.jp/26/index.php?action_kouhyou_detail_004_kani=true&JigyosyoCd=2674100785-00&ServiceCd=110&Type=search", "url2": "k-yamashina@heartfulsaison.co.jp" }, "geometry": { "type": "Point", "coordinates": [ 135.817652, 34.9866372 ] } },
{ "type": "Feature", "properties": { "内容": "訪問介護　華暦　山科営業所【訪問介護】京都市山科区東野門口町27-10JS山科ビル1F", "url": "https://www.kaigokensaku.mhlw.go.jp/26/index.php?action_kouhyou_detail_004_kani=true&JigyosyoCd=2674101825-00&ServiceCd=110&Type=search", "url2": null }, "geometry": { "type": "Point", "coordinates": [ 135.8161193, 34.9790374 ] } },
{ "type": "Feature", "properties": { "内容": "社会福祉法人京都福祉サービス協会　山科事務所【訪問介護】椥辻平田町１８４番地", "url": "https://www.kaigokensaku.mhlw.go.jp/26/index.php?action_kouhyou_detail_004_kani=true&JigyosyoCd=2674100504-00&ServiceCd=110&Type=search", "url2": "http://www.kyoto-fukushi.org" }, "geometry": { "type": "Point", "coordinates": [ 135.813282864418056, 34.968162872344344 ] } },
{ "type": "Feature", "properties": { "内容": "ちとせ介護サービス【訪問介護】京都市山科区椥辻草海道町38-40山科ＩＭビル102号", "url": "https://www.kaigokensaku.mhlw.go.jp/26/index.php?action_kouhyou_detail_004_kani=true&JigyosyoCd=2674100736-00&ServiceCd=110&Type=search", "url2": "https://chitose-kaigo.com/" }, "geometry": { "type": "Point", "coordinates": [ 135.8150536, 34.9725123 ] } },
{ "type": "Feature", "properties": { "内容": "社会福祉法人　栄光会　ヘルパーステーションきよみず苑【訪問介護】川田御出町29番地きよみず苑・京都東", "url": "https://www.kaigokensaku.mhlw.go.jp/26/index.php?action_kouhyou_detail_004_kani=true&JigyosyoCd=2674101171-00&ServiceCd=110&Type=search", "url2": "https://eikoukaikyoto.jp" }, "geometry": { "type": "Point", "coordinates": [ 135.794331757672126, 34.978075814439435 ] } },
{ "type": "Feature", "properties": { "内容": "洛和会音羽リハビリテーション病院ヘルパーステーション【訪問介護】小山北溝町32-1", "url": "https://www.kaigokensaku.mhlw.go.jp/26/index.php?action_kouhyou_detail_004_kani=true&JigyosyoCd=2674102138-00&ServiceCd=110&Type=search", "url2": "https://www.rakuwa.or.jp/otowareha/lp-home-nursing/service/type/index.html#helper" }, "geometry": { "type": "Point", "coordinates": [ 135.8304609, 34.9857667 ] } },
{ "type": "Feature", "properties": { "内容": "ケア21山科【訪問介護】京都府京都市山科区竹鼻堂ノ前町24-6大栄外環ビル8階", "url": "https://www.kaigokensaku.mhlw.go.jp/26/index.php?action_kouhyou_detail_004_kani=true&JigyosyoCd=2674100801-00&ServiceCd=110&Type=search", "url2": null }, "geometry": { "type": "Point", "coordinates": [ 135.8172405, 34.98730650000001 ] } },
{ "type": "Feature", "properties": { "内容": "訪問介護　ハートランド山科【訪問介護】京都市山科区勧修寺福岡町311-1", "url": "https://www.kaigokensaku.mhlw.go.jp/26/index.php?action_kouhyou_detail_004_kani=true&JigyosyoCd=2674101023-00&ServiceCd=110&Type=search", "url2": null }, "geometry": { "type": "Point", "coordinates": [ 135.805822132679737, 34.962421855298075 ] } },
{ "type": "Feature", "properties": { "内容": "リフレイン　森野【訪問介護】京都府京都市山科区東野森野町１１番地１リフレイン森野", "url": "https://www.kaigokensaku.mhlw.go.jp/26/index.php?action_kouhyou_detail_004_kani=true&JigyosyoCd=2674101312-00&ServiceCd=110&Type=search", "url2": null }, "geometry": { "type": "Point", "coordinates": [ 135.808015710882387, 34.974882212780102 ] } },
{ "type": "Feature", "properties": { "内容": "ニチイケアセンター東野【訪問介護】京都府京都市山科区東野中井ノ上町13-19ヴォルフガングビル1F号室", "url": "https://www.kaigokensaku.mhlw.go.jp/26/index.php?action_kouhyou_detail_004_kani=true&JigyosyoCd=2674101635-00&ServiceCd=110&Type=search", "url2": null }, "geometry": { "type": "Point", "coordinates": [ 135.8223001, 34.9810476 ] } },
{ "type": "Feature", "properties": { "内容": "訪問介護ステーションアニモ【訪問介護】京都府京都市山科区大宅御供田町1番地サントスクエアーガーデンウエスト1階", "url": "https://www.kaigokensaku.mhlw.go.jp/26/index.php?action_kouhyou_detail_004_kani=true&JigyosyoCd=2674101692-00&ServiceCd=110&Type=search", "url2": null }, "geometry": { "type": "Point", "coordinates": [ 135.813692277909837, 34.969835383575045 ] } },
{ "type": "Feature", "properties": { "内容": "健やか倶楽部らくとう介護ステーション【訪問介護】西野山射庭ノ上町67-631階", "url": "https://www.kaigokensaku.mhlw.go.jp/26/index.php?action_kouhyou_detail_004_kani=true&JigyosyoCd=2674101783-00&ServiceCd=110&Type=search", "url2": null }, "geometry": { "type": "Point", "coordinates": [ 135.7966993, 34.9726537 ] } },
{ "type": "Feature", "properties": { "内容": "御陵洛東園ホームヘルプサービス【訪問介護】京都市山科区御陵岡町1番地2", "url": "https://www.kaigokensaku.mhlw.go.jp/26/index.php?action_kouhyou_detail_004_kani=true&JigyosyoCd=2674101809-00&ServiceCd=110&Type=search", "url2": "http://www.wf-rakutouen.com/" }, "geometry": { "type": "Point", "coordinates": [ 135.8027626, 34.9937736 ] } },
{ "type": "Feature", "properties": { "内容": "ケアフリー山科【訪問介護】京都府京都市山科区東野南井ノ上町16-21", "url": "https://www.kaigokensaku.mhlw.go.jp/26/index.php?action_kouhyou_detail_004_kani=true&JigyosyoCd=2674102070-00&ServiceCd=110&Type=search", "url2": "https://www.carefree.co.jp" }, "geometry": { "type": "Point", "coordinates": [ 135.822532099999989, 34.9775169 ] } },
{ "type": "Feature", "properties": { "内容": "訪問介護ステーション　ヴィラ山科【訪問介護】京都市山科区大宅御所田町115-1", "url": "https://www.kaigokensaku.mhlw.go.jp/26/index.php?action_kouhyou_detail_004_kani=true&JigyosyoCd=2674100041-00&ServiceCd=110&Type=search", "url2": "http://www.takedahp.or.jp/" }, "geometry": { "type": "Point", "coordinates": [ 135.826063695428502, 34.971186683632723 ] } },
{ "type": "Feature", "properties": { "内容": "ニチイケアセンター　山科【訪問介護】京都市山科区音羽役出町1番地28古原ビル4F", "url": "https://www.kaigokensaku.mhlw.go.jp/26/index.php?action_kouhyou_detail_004_kani=true&JigyosyoCd=2674100165-00&ServiceCd=110&Type=search", "url2": "http://www.nichiigakkan.co.jp" }, "geometry": { "type": "Point", "coordinates": [ 135.818924, 34.9854429 ] } },
{ "type": "Feature", "properties": { "内容": "ヘルパーステーションつぐみ【訪問介護】京都府京都市山科区勧修寺柴山15-37", "url": "https://www.kaigokensaku.mhlw.go.jp/26/index.php?action_kouhyou_detail_004_kani=true&JigyosyoCd=2674100751-00&ServiceCd=110&Type=search", "url2": null }, "geometry": { "type": "Point", "coordinates": [ 135.801968128445225, 34.966349172117631 ] } },
{ "type": "Feature", "properties": { "内容": "訪問介護まごのて山科【訪問介護】京都府京都市山科区西野山中鳥井町６９－１", "url": "https://www.kaigokensaku.mhlw.go.jp/26/index.php?action_kouhyou_detail_004_kani=true&JigyosyoCd=2674100991-00&ServiceCd=110&Type=search", "url2": "http://just-life.info/" }, "geometry": { "type": "Point", "coordinates": [ 135.815749399999959, 34.9731554 ] } },
{ "type": "Feature", "properties": { "内容": "ヘルパーステーションスイート山科花山【訪問介護】京都市山科区北花山山田町64-16", "url": "https://www.kaigokensaku.mhlw.go.jp/26/index.php?action_kouhyou_detail_004_kani=true&JigyosyoCd=2674101940-00&ServiceCd=110&Type=search", "url2": "qrcode_hp.kaipoke.bez.png" }, "geometry": { "type": "Point", "coordinates": [ 135.798480500000011, 34.9937295 ] } },
{ "type": "Feature", "properties": { "内容": "ヘルパーステーション　スイート山科大塚【訪問介護】京都市山科区大塚野溝町94-3コーポ中村106", "url": "https://www.kaigokensaku.mhlw.go.jp/26/index.php?action_kouhyou_detail_004_kani=true&JigyosyoCd=2674101965-00&ServiceCd=110&Type=search", "url2": null }, "geometry": { "type": "Point", "coordinates": [ 135.8262469, 34.9822072 ] } },
{ "type": "Feature", "properties": { "内容": "訪問介護ステーション夢眠やましな【訪問介護】京都府京都市山科区勧修寺御所内町20-1", "url": "https://www.kaigokensaku.mhlw.go.jp/26/index.php?action_kouhyou_detail_004_kani=true&JigyosyoCd=2674101544-00&ServiceCd=110&Type=search", "url2": null }, "geometry": { "type": "Point", "coordinates": [ 135.810379891401681, 34.957454948389696 ] } },
{ "type": "Feature", "properties": { "内容": "訪問介護まごのて椥辻【訪問介護】京都府京都市山科区椥辻草海道町9番地１山本ハイツ　１F", "url": "https://www.kaigokensaku.mhlw.go.jp/26/index.php?action_kouhyou_detail_004_kani=true&JigyosyoCd=2674101866-00&ServiceCd=110&Type=search", "url2": "https://kyoto-roots.com/" }, "geometry": { "type": "Point", "coordinates": [ 135.815821181465566, 34.973227095527193 ] } },
{ "type": "Feature", "properties": { "内容": "とーたるさぽーと　ぽあっと【訪問介護】京都府京都市山科区西野後藤1番地75", "url": "https://www.kaigokensaku.mhlw.go.jp/26/index.php?action_kouhyou_detail_004_kani=true&JigyosyoCd=2674102229-00&ServiceCd=110&Type=search", "url2": null }, "geometry": { "type": "Point", "coordinates": [ 135.803287179762265, 34.977568076903005 ] } },
{ "type": "Feature", "properties": { "内容": "まごのて勧修寺【訪問介護】京都府京都市山科区大宅神納町174番地", "url": "https://www.kaigokensaku.mhlw.go.jp/26/index.php?action_kouhyou_detail_004_kani=true&JigyosyoCd=2674101890-00&ServiceCd=110&Type=search", "url2": "https://kyoto-bloom.com" }, "geometry": { "type": "Point", "coordinates": [ 135.8189343, 34.9654625 ] } },
{ "type": "Feature", "properties": { "内容": "京しぐれ【訪問介護】京都市山科区小野西浦67-1ｸﾞﾘｰﾝﾋﾙｽﾞ小野A号", "url": "https://www.kaigokensaku.mhlw.go.jp/26/index.php?action_kouhyou_detail_004_kani=true&JigyosyoCd=2674101650-00&ServiceCd=110&Type=search", "url2": "http://shigure-kyoto.com/" }, "geometry": { "type": "Point", "coordinates": [ 135.814669, 34.960027 ] } },
{ "type": "Feature", "properties": { "内容": "訪問ケアサービスCOCOそら【訪問介護】竹鼻扇町７番地イマージノイ１０２号", "url": "https://www.kaigokensaku.mhlw.go.jp/26/index.php?action_kouhyou_detail_004_kani=true&JigyosyoCd=2674102237-00&ServiceCd=110&Type=search", "url2": null }, "geometry": { "type": "Point", "coordinates": [ 135.822486199999986, 34.988851 ] } },
{ "type": "Feature", "properties": { "内容": "訪問介護ステーションケアプロ京都山科【訪問介護】京都府京都市山科区勧修寺縄手町28ロイヤルハイツ和田１０I", "url": "https://www.kaigokensaku.mhlw.go.jp/26/index.php?action_kouhyou_detail_004_kani=true&JigyosyoCd=2674101924-00&ServiceCd=110&Type=search", "url2": "toufu-kai.com" }, "geometry": { "type": "Point", "coordinates": [ 135.811065400000018, 34.962177100000019 ] } },
{ "type": "Feature", "properties": { "内容": "りぶらん介護ステーション【訪問介護】大枝沓掛町3-35", "url": "https://www.kaigokensaku.mhlw.go.jp/26/index.php?action_kouhyou_detail_004_kani=true&JigyosyoCd=2674000498-00&ServiceCd=110&Type=search", "url2": null }, "geometry": { "type": "Point", "coordinates": [ 135.665674, 34.9776745 ] } },
{ "type": "Feature", "properties": { "内容": "訪問介護　ゆきだるま【訪問介護】京都府京都市西京区樫原佃5-1サンフラワー110号室", "url": "https://www.kaigokensaku.mhlw.go.jp/26/index.php?action_kouhyou_detail_004_kani=true&JigyosyoCd=2674001090-00&ServiceCd=110&Type=search", "url2": null }, "geometry": { "type": "Point", "coordinates": [ 135.695431699999972, 34.976030762171781 ] } },
{ "type": "Feature", "properties": { "内容": "在宅介護　ぷりーす【訪問介護】京都府京都市西京区桂巽町11番地1", "url": "https://www.kaigokensaku.mhlw.go.jp/26/index.php?action_kouhyou_detail_004_kani=true&JigyosyoCd=2674001181-00&ServiceCd=110&Type=search", "url2": null }, "geometry": { "type": "Point", "coordinates": [ 135.70191049999994, 34.9832629 ] } },
{ "type": "Feature", "properties": { "内容": "ヘルパーステーションNEXUSPLUS【訪問介護】京都府京都市西京区川島有栖川９０番地の１メゾン有栖川１０２号", "url": "https://www.kaigokensaku.mhlw.go.jp/26/index.php?action_kouhyou_detail_004_kani=true&JigyosyoCd=2670300918-00&ServiceCd=110&Type=search", "url2": null }, "geometry": { "type": "Point", "coordinates": [ 135.701392199999987, 34.9782176 ] } },
{ "type": "Feature", "properties": { "内容": "介護サービスレガリア【訪問介護】京都市西京区樫原蛸田町４０－９", "url": "https://www.kaigokensaku.mhlw.go.jp/26/index.php?action_kouhyou_detail_004_kani=true&JigyosyoCd=2674001660-00&ServiceCd=110&Type=search", "url2": "https://k-fioretto.co.jp/" }, "geometry": { "type": "Point", "coordinates": [ 135.6887626, 34.97583 ] } },
{ "type": "Feature", "properties": { "内容": "ケアサポート千鶴【訪問介護】桂池尻町３７-31", "url": "https://www.kaigokensaku.mhlw.go.jp/26/index.php?action_kouhyou_detail_004_kani=true&JigyosyoCd=2674001694-00&ServiceCd=110&Type=search", "url2": "http://yukokai.org/" }, "geometry": { "type": "Point", "coordinates": [ 135.703423758895497, 34.986474592500585 ] } },
{ "type": "Feature", "properties": { "内容": "ヘルパーステーションえんクローバー【訪問介護】京都市西京区牛ケ瀬堂田町42", "url": "https://www.kaigokensaku.mhlw.go.jp/26/index.php?action_kouhyou_detail_004_kani=true&JigyosyoCd=2674001686-00&ServiceCd=110&Type=search", "url2": "hp.kaipoke.biz" }, "geometry": { "type": "Point", "coordinates": [ 135.7172483, 34.9686624 ] } },
{ "type": "Feature", "properties": { "内容": "医療法人京都翔医会　西京都病院　ヘルパーステーション　洛桂の郷【訪問介護】京都市西京区牛ヶ瀬奥ノ防町104", "url": "https://www.kaigokensaku.mhlw.go.jp/26/index.php?action_kouhyou_detail_004_kani=true&JigyosyoCd=2674000837-00&ServiceCd=110&Type=search", "url2": "https://www.hospynkh.jp/rakukei/" }, "geometry": { "type": "Point", "coordinates": [ 135.7163147, 34.9741915 ] } },
{ "type": "Feature", "properties": { "内容": "髙録ケアステーション【訪問介護】京都府京都市西京区桂下豆田町１－１７インペリアル桜　１０３号", "url": "https://www.kaigokensaku.mhlw.go.jp/26/index.php?action_kouhyou_detail_004_kani=true&JigyosyoCd=2674001744-00&ServiceCd=110&Type=search", "url2": "https://www.kouroku.jp/" }, "geometry": { "type": "Point", "coordinates": [ 135.7024063, 34.9833123 ] } },
{ "type": "Feature", "properties": { "内容": "カーラ京都【訪問介護】京都府京都市西京区樫原石畑町13-2フラットオークス１F", "url": "https://www.kaigokensaku.mhlw.go.jp/26/index.php?action_kouhyou_detail_004_kani=true&JigyosyoCd=2674001355-00&ServiceCd=110&Type=search", "url2": "https://www.amadocoro.com/" }, "geometry": { "type": "Point", "coordinates": [ 135.6962974, 34.9754347 ] } },
{ "type": "Feature", "properties": { "内容": "ヘルパーステーション元気館【訪問介護】大枝東長町2-3クロスオーバービル1階", "url": "https://www.kaigokensaku.mhlw.go.jp/26/index.php?action_kouhyou_detail_004_kani=true&JigyosyoCd=2674001736-00&ServiceCd=110&Type=search", "url2": "ds-genkikan.com" }, "geometry": { "type": "Point", "coordinates": [ 135.67735032139899, 34.965373587971065 ] } },
{ "type": "Feature", "properties": { "内容": "ホームヘルプサービス　ソラスト桂坂【訪問介護】京都府京都市西京区御陵鴫谷9-5メゾンドノアン1階", "url": "https://www.kaigokensaku.mhlw.go.jp/26/index.php?action_kouhyou_detail_004_kani=true&JigyosyoCd=2674000654-00&ServiceCd=110&Type=search", "url2": "https://solasto-kaigo.com/care/area/solastokatsurazaka.html" }, "geometry": { "type": "Point", "coordinates": [ 135.687615477909844, 34.976368555438611 ] } },
{ "type": "Feature", "properties": { "内容": "社会福祉法人京都福祉サービス協会西京事務所【訪問介護】桂下豆田町１４番地７", "url": "https://www.kaigokensaku.mhlw.go.jp/26/index.php?action_kouhyou_detail_004_kani=true&JigyosyoCd=2674000795-00&ServiceCd=110&Type=search", "url2": "http://kyoto-fukushi.org/" }, "geometry": { "type": "Point", "coordinates": [ 135.7039992, 34.98281570000001 ] } },
{ "type": "Feature", "properties": { "内容": "ヘルパーステーション結愛【訪問介護】京都市西京区御陵大枝山町5丁目30番地4", "url": "https://www.kaigokensaku.mhlw.go.jp/26/index.php?action_kouhyou_detail_004_kani=true&JigyosyoCd=2674001223-00&ServiceCd=110&Type=search", "url2": "http://kindness1109.com" }, "geometry": { "type": "Point", "coordinates": [ 135.6650544, 34.9844498 ] } },
{ "type": "Feature", "properties": { "内容": "介護・支援センターなでしこ【訪問介護】京都府京都市西京区松室吾田神町204エクセル吾田神B-105", "url": "https://www.kaigokensaku.mhlw.go.jp/26/index.php?action_kouhyou_detail_004_kani=true&JigyosyoCd=2674000613-00&ServiceCd=110&Type=search", "url2": null }, "geometry": { "type": "Point", "coordinates": [ 135.69445840000003, 34.9950313 ] } },
{ "type": "Feature", "properties": { "内容": "訪問介護なる【訪問介護】京都府京都市西京区御陵溝浦町３３マレ・オット１０６", "url": "https://www.kaigokensaku.mhlw.go.jp/26/index.php?action_kouhyou_detail_004_kani=true&JigyosyoCd=2674001769-00&ServiceCd=110&Type=search", "url2": "https://naru.care" }, "geometry": { "type": "Point", "coordinates": [ 135.6929537, 34.9789965 ] } },
{ "type": "Feature", "properties": { "内容": "訪問介護まごのて桂川【訪問介護】京都府京都市西京区桂畑ケ田町96", "url": "https://www.kaigokensaku.mhlw.go.jp/26/index.php?action_kouhyou_detail_004_kani=true&JigyosyoCd=2674001801-00&ServiceCd=110&Type=search", "url2": "http://www.kyoto-oasis.care/" }, "geometry": { "type": "Point", "coordinates": [ 135.7044842, 34.9935366 ] } },
{ "type": "Feature", "properties": { "内容": "優暖ケアステーション【訪問介護】京都市西京区山田開キ町10番地22", "url": "https://www.kaigokensaku.mhlw.go.jp/26/index.php?action_kouhyou_detail_004_kani=true&JigyosyoCd=2674001454-00&ServiceCd=110&Type=search", "url2": null }, "geometry": { "type": "Point", "coordinates": [ 135.687526, 34.9890693 ] } },
{ "type": "Feature", "properties": { "内容": "ヘルパーステーションひまわり【訪問介護】京都市西京区桂徳大寺北町57", "url": "https://www.kaigokensaku.mhlw.go.jp/26/index.php?action_kouhyou_detail_004_kani=true&JigyosyoCd=2674001017-00&ServiceCd=110&Type=search", "url2": null }, "geometry": { "type": "Point", "coordinates": [ 135.705455181038644, 34.991296771882503 ] } },
{ "type": "Feature", "properties": { "内容": "ケア21桂【訪問介護】京都府京都市西京区川島東代町45-2カプチーノ川島1階", "url": "https://www.kaigokensaku.mhlw.go.jp/26/index.php?action_kouhyou_detail_004_kani=true&JigyosyoCd=2674001330-00&ServiceCd=110&Type=search", "url2": null }, "geometry": { "type": "Point", "coordinates": [ 135.706558900000033, 34.9747778 ] } },
{ "type": "Feature", "properties": { "内容": "ニチイケアセンター洛西【訪問介護】京都市西京区大原野東境谷町2-5-9洛西ニュータウンセンタービル402号", "url": "https://www.kaigokensaku.mhlw.go.jp/26/index.php?action_kouhyou_detail_004_kani=true&JigyosyoCd=2674000159-00&ServiceCd=110&Type=search", "url2": "http://www.nichiigakkan.co.jp" }, "geometry": { "type": "Point", "coordinates": [ 135.675276199999985, 34.963509 ] } },
{ "type": "Feature", "properties": { "内容": "医療法人清仁会　ヘルパーステーション「シミズ」【訪問介護】京都市西京区大枝沓掛町13-222", "url": "https://www.kaigokensaku.mhlw.go.jp/26/index.php?action_kouhyou_detail_004_kani=true&JigyosyoCd=2674000282-00&ServiceCd=110&Type=search", "url2": "http://www.shimizu-hospital.or.jp/" }, "geometry": { "type": "Point", "coordinates": [ 135.6666851, 34.9752747 ] } },
{ "type": "Feature", "properties": { "内容": "ヘルパーステーション　洛らく【訪問介護】京都市西京区大枝北福西町三丁目2-17", "url": "https://www.kaigokensaku.mhlw.go.jp/26/index.php?action_kouhyou_detail_004_kani=true&JigyosyoCd=2674000399-00&ServiceCd=110&Type=search", "url2": "http://rakuraku-nishikyo.org/" }, "geometry": { "type": "Point", "coordinates": [ 135.683084, 34.9598372 ] } },
{ "type": "Feature", "properties": { "内容": "ヘルパーステーション空　桂事業所【訪問介護】川島滑樋町38番地15", "url": "https://www.kaigokensaku.mhlw.go.jp/26/index.php?action_kouhyou_detail_004_kani=true&JigyosyoCd=2674000696-00&ServiceCd=110&Type=search", "url2": "http://www.sora-kaigo.jp" }, "geometry": { "type": "Point", "coordinates": [ 135.704346399999963, 34.9737471 ] } },
{ "type": "Feature", "properties": { "内容": "アドナース洛西　訪問介護【訪問介護】京都府京都市大原野西境谷町２丁目１４－１０", "url": "https://www.kaigokensaku.mhlw.go.jp/26/index.php?action_kouhyou_detail_004_kani=true&JigyosyoCd=2674000852-00&ServiceCd=110&Type=search", "url2": "http://adnurse.co.jp/" }, "geometry": { "type": "Point", "coordinates": [ 135.66901, 34.96225350000001 ] } },
{ "type": "Feature", "properties": { "内容": "訪問介護ハートランド桂【訪問介護】京都府京都市西京区桂芝ノ下町３３番地の１ハートランド桂", "url": "https://www.kaigokensaku.mhlw.go.jp/26/index.php?action_kouhyou_detail_004_kani=true&JigyosyoCd=2674001066-00&ServiceCd=110&Type=search", "url2": "http://kawasho-hl.jp/" }, "geometry": { "type": "Point", "coordinates": [ 135.705864737666843, 34.982518640616249 ] } },
{ "type": "Feature", "properties": { "内容": "アドナース西京　訪問介護【訪問介護】京都市西京区上桂森下町１－６８－３", "url": "https://www.kaigokensaku.mhlw.go.jp/26/index.php?action_kouhyou_detail_004_kani=true&JigyosyoCd=2674001082-00&ServiceCd=110&Type=search", "url2": "http://adnurse.co.jp/" }, "geometry": { "type": "Point", "coordinates": [ 135.6943695, 34.9856543 ] } },
{ "type": "Feature", "properties": { "内容": "訪問介護ステーションワトレイ【訪問介護】京都市西京区大枝西新林町5丁目１-１４", "url": "https://www.kaigokensaku.mhlw.go.jp/26/index.php?action_kouhyou_detail_004_kani=true&JigyosyoCd=2660790284-00&ServiceCd=110&Type=search", "url2": "http://www.watorei.jp" }, "geometry": { "type": "Point", "coordinates": [ 135.667274, 34.9683753 ] } },
{ "type": "Feature", "properties": { "内容": "ウェルスタイル京都桂川訪問介護事業所【訪問介護】京都府京都市西京区下津林南大般若町41トートイス京都桂川　4F", "url": "https://www.kaigokensaku.mhlw.go.jp/26/index.php?action_kouhyou_detail_004_kani=true&JigyosyoCd=2664090277-00&ServiceCd=110&Type=search", "url2": "https://www.frontier-ph.com/" }, "geometry": { "type": "Point", "coordinates": [ 135.7137932, 34.9744354 ] } },
{ "type": "Feature", "properties": { "内容": "ヒューマンライフサービス有限会社桂ステーション【訪問介護】京都市西京区大枝中山町3-6ﾕﾆｳﾞｪｰﾙ洛西101号室", "url": "https://www.kaigokensaku.mhlw.go.jp/26/index.php?action_kouhyou_detail_004_kani=true&JigyosyoCd=2674000217-00&ServiceCd=110&Type=search", "url2": "http://www.human-life-service.net/" }, "geometry": { "type": "Point", "coordinates": [ 135.676378437747417, 34.968265633642126 ] } },
{ "type": "Feature", "properties": { "内容": "ラポールらくさい【訪問介護】京都市西京区大原野石見町7-36", "url": "https://www.kaigokensaku.mhlw.go.jp/26/index.php?action_kouhyou_detail_004_kani=true&JigyosyoCd=2674000357-00&ServiceCd=110&Type=search", "url2": "https://rapor-rakusai.jimdofree.com" }, "geometry": { "type": "Point", "coordinates": [ 135.676937, 34.9503407 ] } },
{ "type": "Feature", "properties": { "内容": "介護サービスセンターひより【訪問介護】京都府京都市西京区下津林前泓町４０－３ル・プルミエール桂２階", "url": "https://www.kaigokensaku.mhlw.go.jp/26/index.php?action_kouhyou_detail_004_kani=true&JigyosyoCd=2674000431-00&ServiceCd=110&Type=search", "url2": null }, "geometry": { "type": "Point", "coordinates": [ 135.710995799999978, 34.9731721 ] } },
{ "type": "Feature", "properties": { "内容": "ニチイケアセンター京都西【訪問介護】京都府京都市西京区桂南巽町77番地1桂グランビルディング208号", "url": "https://www.kaigokensaku.mhlw.go.jp/26/index.php?action_kouhyou_detail_004_kani=true&JigyosyoCd=2674000506-00&ServiceCd=110&Type=search", "url2": null }, "geometry": { "type": "Point", "coordinates": [ 135.702355687827321, 34.980869894682606 ] } },
{ "type": "Feature", "properties": { "内容": "訪問介護事業所くつかけ【訪問介護】京都市西京区大枝沓掛町25番地22", "url": "https://www.kaigokensaku.mhlw.go.jp/26/index.php?action_kouhyou_detail_004_kani=true&JigyosyoCd=2674000597-00&ServiceCd=110&Type=search", "url2": "https://rakufuku.jp" }, "geometry": { "type": "Point", "coordinates": [ 135.653098199999931, 34.9860015 ] } },
{ "type": "Feature", "properties": { "内容": "ヘルパーステーション　結【訪問介護】京都府京都市西京区大枝沓掛町8番地25レジデンス西小路108号", "url": "https://www.kaigokensaku.mhlw.go.jp/26/index.php?action_kouhyou_detail_004_kani=true&JigyosyoCd=2674000621-00&ServiceCd=110&Type=search", "url2": "http://hs-yui.com/" }, "geometry": { "type": "Point", "coordinates": [ 135.660285400000021, 34.9775634 ] } },
{ "type": "Feature", "properties": { "内容": "ホームヘルプセンターぴかピカ洛西【訪問介護】京都市西京区大枝西新林町5丁目１番9", "url": "https://www.kaigokensaku.mhlw.go.jp/26/index.php?action_kouhyou_detail_004_kani=true&JigyosyoCd=2674000647-00&ServiceCd=110&Type=search", "url2": "http://www.npo-pikapika.com/rakusai/index.html" }, "geometry": { "type": "Point", "coordinates": [ 135.667697610975694, 34.968402492382921 ] } },
{ "type": "Feature", "properties": { "内容": "ぐりっど洛西訪問介護センター【訪問介護】京都市西京区大枝北福西町３－２ー１８", "url": "https://www.kaigokensaku.mhlw.go.jp/26/index.php?action_kouhyou_detail_004_kani=true&JigyosyoCd=2674000688-00&ServiceCd=110&Type=search", "url2": "https://gridrakusai.com/" }, "geometry": { "type": "Point", "coordinates": [ 135.683975499999974, 34.9573374 ] } },
{ "type": "Feature", "properties": { "内容": "福祉処かえで【訪問介護】京都府京都市西京区嵐山茶尻町24-2", "url": "https://www.kaigokensaku.mhlw.go.jp/26/index.php?action_kouhyou_detail_004_kani=true&JigyosyoCd=2674000969-00&ServiceCd=110&Type=search", "url2": null }, "geometry": { "type": "Point", "coordinates": [ 135.683569900000066, 35.0101966 ] } },
{ "type": "Feature", "properties": { "内容": "ケアメイトぱる【訪問介護】桂徳大寺北町12番地", "url": "https://www.kaigokensaku.mhlw.go.jp/26/index.php?action_kouhyou_detail_004_kani=true&JigyosyoCd=2674001116-00&ServiceCd=110&Type=search", "url2": "carematepal.com" }, "geometry": { "type": "Point", "coordinates": [ 135.705447012966943, 34.991834067514034 ] } },
{ "type": "Feature", "properties": { "内容": "訪問介護　あんくぅる【訪問介護】京都市西京区大枝中山町2番地118ボワヴィラージュ101号室", "url": "https://www.kaigokensaku.mhlw.go.jp/26/index.php?action_kouhyou_detail_004_kani=true&JigyosyoCd=2674001157-00&ServiceCd=110&Type=search", "url2": "https://uncoeur-kyoto.jp/" }, "geometry": { "type": "Point", "coordinates": [ 135.676740099999961, 34.971155700000011 ] } },
{ "type": "Feature", "properties": { "内容": "ホームヘルプサービス　ソラストさくらんぼ【訪問介護】下津林南大般若町120湧昇閣", "url": "https://www.kaigokensaku.mhlw.go.jp/26/index.php?action_kouhyou_detail_004_kani=true&JigyosyoCd=2674001470-00&ServiceCd=110&Type=search", "url2": null }, "geometry": { "type": "Point", "coordinates": [ 135.71134, 34.9736759 ] } },
{ "type": "Feature", "properties": { "内容": "ホームケア２４くつかけ七彩の家【訪問介護】大枝北沓掛町1丁目3番地1七彩すまいる館", "url": "https://www.kaigokensaku.mhlw.go.jp/26/index.php?action_kouhyou_detail_004_kani=true&JigyosyoCd=2674001520-00&ServiceCd=110&Type=search", "url2": "https://www.rakufuku.jp" }, "geometry": { "type": "Point", "coordinates": [ 135.6550493, 34.9882675 ] } },
{ "type": "Feature", "properties": { "内容": "ヘルパーステーションスイート桂【訪問介護】京都府京都市西京区桂坤町49-10", "url": "https://www.kaigokensaku.mhlw.go.jp/26/index.php?action_kouhyou_detail_004_kani=true&JigyosyoCd=2674001645-00&ServiceCd=110&Type=search", "url2": null }, "geometry": { "type": "Point", "coordinates": [ 135.688175300000012, 34.9825921 ] } },
{ "type": "Feature", "properties": { "内容": "訪問介護一休京都山田【訪問介護】京都府京都市西京区山田畑田町24番地2", "url": "https://www.kaigokensaku.mhlw.go.jp/26/index.php?action_kouhyou_detail_004_kani=true&JigyosyoCd=2674001843-00&ServiceCd=110&Type=search", "url2": null }, "geometry": { "type": "Point", "coordinates": [ 135.6922682, 34.9897148 ] } },
{ "type": "Feature", "properties": { "内容": "訪問介護まごのて嵐山【訪問介護】京都府京都市西京区嵐山上海道町46番地3", "url": "https://www.kaigokensaku.mhlw.go.jp/26/index.php?action_kouhyou_detail_004_kani=true&JigyosyoCd=2674001033-00&ServiceCd=110&Type=search", "url2": "https://www.kyoto-oasis.care/" }, "geometry": { "type": "Point", "coordinates": [ 135.682408597347376, 35.008216505323631 ] } },
{ "type": "Feature", "properties": { "内容": "ヘルパーランド洛西【訪問介護】京都市西京区大枝東長町1-305グランドハイツ洛西１０２号", "url": "https://www.kaigokensaku.mhlw.go.jp/26/index.php?action_kouhyou_detail_004_kani=true&JigyosyoCd=2674000894-00&ServiceCd=110&Type=search", "url2": "helperland-rakusai@hyper.ocn.ne.jp" }, "geometry": { "type": "Point", "coordinates": [ 135.677647320237725, 34.965178792287006 ] } },
{ "type": "Feature", "properties": { "内容": "訪問介護ステーション笑み【訪問介護】京都府京都市西京区上桂宮ノ後町39", "url": "https://www.kaigokensaku.mhlw.go.jp/26/index.php?action_kouhyou_detail_004_kani=true&JigyosyoCd=2674001850-00&ServiceCd=110&Type=search", "url2": "https://npo-nanten.com/" }, "geometry": { "type": "Point", "coordinates": [ 135.6952916, 34.9903716 ] } },
{ "type": "Feature", "properties": { "内容": "ヘルパーステーションしおり【訪問介護】京都府京都市西京区桂上野東町173上桂J&I103号室", "url": "https://www.kaigokensaku.mhlw.go.jp/26/index.php?action_kouhyou_detail_004_kani=true&JigyosyoCd=2674001868-00&ServiceCd=110&Type=search", "url2": null }, "geometry": { "type": "Point", "coordinates": [ 135.703739500000012, 34.9941611 ] } },
{ "type": "Feature", "properties": { "内容": "春花ヘルパーステーション　上桂事業所【訪問介護】京都府京都市西京区桂上野西町284", "url": "https://www.kaigokensaku.mhlw.go.jp/26/index.php?action_kouhyou_detail_004_kani=true&JigyosyoCd=2674001207-00&ServiceCd=110&Type=search", "url2": "http://www.haru.care" }, "geometry": { "type": "Point", "coordinates": [ 135.699742467103704, 34.995774084931405 ] } },
{ "type": "Feature", "properties": { "内容": "ラビット桂　介護ステーション【訪問介護】桂稲荷山町18－3", "url": "https://www.kaigokensaku.mhlw.go.jp/26/index.php?action_kouhyou_detail_004_kani=true&JigyosyoCd=2674001439-00&ServiceCd=110&Type=search", "url2": "rabbitkatura01132015" }, "geometry": { "type": "Point", "coordinates": [ 135.7087462, 34.9770583 ] } },
{ "type": "Feature", "properties": { "内容": "サポート桂【訪問介護】京都市西京区山田猫塚町12番地4", "url": "https://www.kaigokensaku.mhlw.go.jp/26/index.php?action_kouhyou_detail_004_kani=true&JigyosyoCd=2674000464-00&ServiceCd=110&Type=search", "url2": "https://www.katsura-care.jp/" }, "geometry": { "type": "Point", "coordinates": [ 135.689266800000013, 34.9832441 ] } },
{ "type": "Feature", "properties": { "内容": "Ｊフリード訪問介護事業所【訪問介護】京都市西京区桂上野東町78番地", "url": "https://www.kaigokensaku.mhlw.go.jp/26/index.php?action_kouhyou_detail_004_kani=true&JigyosyoCd=2674001298-00&ServiceCd=110&Type=search", "url2": "http://kodamajfreed.com/" }, "geometry": { "type": "Point", "coordinates": [ 135.703496586631047, 34.995171963215896 ] } },
{ "type": "Feature", "properties": { "内容": "三愛荘指定訪問介護事業所【訪問介護】京都府福知山市字猪崎25-1", "url": "https://www.kaigokensaku.mhlw.go.jp/26/index.php?action_kouhyou_detail_004_kani=true&JigyosyoCd=2672600109-00&ServiceCd=110&Type=search", "url2": "http://www.mitsumi.or.jp/san_ai/" }, "geometry": { "type": "Point", "coordinates": [ 135.142555600000037, 35.30781 ] } },
{ "type": "Feature", "properties": { "内容": "京都生協福祉事業部福知山ホームヘルプサービスセンター【訪問介護】福知山市駅南町2丁目270番地駅南ニコニコハウス2階", "url": "https://www.kaigokensaku.mhlw.go.jp/26/index.php?action_kouhyou_detail_004_kani=true&JigyosyoCd=2672600281-00&ServiceCd=110&Type=search", "url2": "https://www.kyoto.coop/fukushi/" }, "geometry": { "type": "Point", "coordinates": [ 135.118213700000069, 35.294203 ] } },
{ "type": "Feature", "properties": { "内容": "社会福祉法人福知山市社会福祉協議会三和支所訪問介護【訪問介護】京都府福知山市三和町千束515", "url": "https://www.kaigokensaku.mhlw.go.jp/26/index.php?action_kouhyou_detail_004_kani=true&JigyosyoCd=2672600372-00&ServiceCd=110&Type=search", "url2": "http://www.fukuchiyama-shakyo.org" }, "geometry": { "type": "Point", "coordinates": [ 135.23298879999993, 35.21535410000002 ] } },
{ "type": "Feature", "properties": { "内容": "社会福祉法人福知山シルバーニコニコハウスヘルパーステーション【訪問介護】京都府福知山市字牧小字狭間250番5社会福祉法人福知山シルバー", "url": "https://www.kaigokensaku.mhlw.go.jp/26/index.php?action_kouhyou_detail_004_kani=true&JigyosyoCd=2672600661-00&ServiceCd=110&Type=search", "url2": "http://www.nikonikoplaza.com/" }, "geometry": { "type": "Point", "coordinates": [ 135.098137945316012, 35.332492229536662 ] } },
{ "type": "Feature", "properties": { "内容": "ニチイケアセンター福知山【訪問介護】京都府福知山市末広町６丁目４番地福井ビル１Ｆ", "url": "https://www.kaigokensaku.mhlw.go.jp/26/index.php?action_kouhyou_detail_004_kani=true&JigyosyoCd=2672600190-00&ServiceCd=110&Type=search", "url2": null }, "geometry": { "type": "Point", "coordinates": [ 135.1185663, 35.2992994 ] } },
{ "type": "Feature", "properties": { "内容": "岩戸ホーム【訪問介護】京都府福知山市字猪野々31-1", "url": "https://www.kaigokensaku.mhlw.go.jp/26/index.php?action_kouhyou_detail_004_kani=true&JigyosyoCd=2672600083-00&ServiceCd=110&Type=search", "url2": "https://swc-seikouen.jp/iwato/" }, "geometry": { "type": "Point", "coordinates": [ 135.043047900000033, 35.3280343 ] } },
{ "type": "Feature", "properties": { "内容": "社会福祉法人　成光苑　サンヒルズ紫豊館【訪問介護】京都府福知山市字榎原小字平180-2", "url": "https://www.kaigokensaku.mhlw.go.jp/26/index.php?action_kouhyou_detail_004_kani=true&JigyosyoCd=2672600075-00&ServiceCd=110&Type=search", "url2": "http://swc-seikouen.jp/shihoukan/index.html" }, "geometry": { "type": "Point", "coordinates": [ 135.126562799999988, 35.2967 ] } },
{ "type": "Feature", "properties": { "内容": "有限会社　コアライフ【訪問介護】京都府福知山市厚235番地", "url": "https://www.kaigokensaku.mhlw.go.jp/26/index.php?action_kouhyou_detail_004_kani=true&JigyosyoCd=2672600315-00&ServiceCd=110&Type=search", "url2": null }, "geometry": { "type": "Point", "coordinates": [ 135.1053233, 35.303696 ] } },
{ "type": "Feature", "properties": { "内容": "ミストラル介護センター【訪問介護】京都府福知山市長田大野下2737番地12", "url": "https://www.kaigokensaku.mhlw.go.jp/26/index.php?action_kouhyou_detail_004_kani=true&JigyosyoCd=2672600034-00&ServiceCd=110&Type=search", "url2": "http://www.mistralservice.co.jp/" }, "geometry": { "type": "Point", "coordinates": [ 135.166473900000028, 35.2779565 ] } },
{ "type": "Feature", "properties": { "内容": "福知山市社会福祉協議会　訪問介護事業所【訪問介護】福知山市内記10番地の18　総合福祉会館内", "url": "https://www.kaigokensaku.mhlw.go.jp/26/index.php?action_kouhyou_detail_004_kani=true&JigyosyoCd=2672600067-00&ServiceCd=110&Type=search", "url2": "http://www.fukuchiyama-shakyo.org" }, "geometry": { "type": "Point", "coordinates": [ 135.12807650000002, 35.2979721 ] } },
{ "type": "Feature", "properties": { "内容": "社会福祉法人　福知山市社会福祉協議会　夜久野支所　訪問介護事業所【訪問介護】京都府福知山市夜久野町平野1030　　ふれあいの里福祉センター内", "url": "https://www.kaigokensaku.mhlw.go.jp/26/index.php?action_kouhyou_detail_004_kani=true&JigyosyoCd=2672600398-00&ServiceCd=110&Type=search", "url2": "http://www.fukuchiyama-shakyo.org" }, "geometry": { "type": "Point", "coordinates": [ 134.9356593, 35.344289 ] } },
{ "type": "Feature", "properties": { "内容": "株式会社栄光サービスセンター【訪問介護】京都府福知山市字内記48番地の7", "url": "https://www.kaigokensaku.mhlw.go.jp/26/index.php?action_kouhyou_detail_004_kani=true&JigyosyoCd=2672600216-00&ServiceCd=110&Type=search", "url2": "https://eikou-service.com/" }, "geometry": { "type": "Point", "coordinates": [ 135.127415400000018, 35.2980915 ] } },
{ "type": "Feature", "properties": { "内容": "町の訪問かいご屋さん　あず鬼【訪問介護】京都府福知山市大江町南有路１３９３番地", "url": "https://www.kaigokensaku.mhlw.go.jp/26/index.php?action_kouhyou_detail_004_kani=true&JigyosyoCd=2672600737-00&ServiceCd=110&Type=search", "url2": "http://www.azuki3.co.jp" }, "geometry": { "type": "Point", "coordinates": [ 135.1789958374344, 35.388154993727561 ] } },
{ "type": "Feature", "properties": { "内容": "南風訪問介護事業所【訪問介護】京都府福知山市字堀小字宮ノ下2415番地の6", "url": "https://www.kaigokensaku.mhlw.go.jp/26/index.php?action_kouhyou_detail_004_kani=true&JigyosyoCd=2672600729-00&ServiceCd=110&Type=search", "url2": "http://hp.kaipoke.biz/z5n/143979/index_0003.html" }, "geometry": { "type": "Point", "coordinates": [ 135.131676892135488, 35.290685277172166 ] } },
{ "type": "Feature", "properties": { "内容": "社会福祉法人福知山市社会福祉協議会　大江支所【訪問介護】京都府福知山市大江町河守252番地北部保健福祉センター内", "url": "https://www.kaigokensaku.mhlw.go.jp/26/index.php?action_kouhyou_detail_004_kani=true&JigyosyoCd=2672600406-00&ServiceCd=110&Type=search", "url2": "http://www.fukuchiyama-shakyo.org" }, "geometry": { "type": "Point", "coordinates": [ 135.147110533776839, 35.39152319143021 ] } },
{ "type": "Feature", "properties": { "内容": "ケア・オフィス　夢咲【訪問介護】字引土小字河原田470番地", "url": "https://www.kaigokensaku.mhlw.go.jp/26/index.php?action_kouhyou_detail_004_kani=true&JigyosyoCd=2672700735-00&ServiceCd=110&Type=search", "url2": null }, "geometry": { "type": "Point", "coordinates": [ 135.323039, 35.4401909 ] } },
{ "type": "Feature", "properties": { "内容": "医療法人岸本病院ヘルパーステーションハーティ【訪問介護】京都府舞鶴市南浜町１-３", "url": "https://www.kaigokensaku.mhlw.go.jp/26/index.php?action_kouhyou_detail_004_kani=true&JigyosyoCd=2672700321-00&ServiceCd=110&Type=search", "url2": null }, "geometry": { "type": "Point", "coordinates": [ 135.3966408, 35.4698144 ] } },
{ "type": "Feature", "properties": { "内容": "ケアステーションてとて【訪問介護】京都府舞鶴市字七日市28番地の1BORON9　A-102", "url": "https://www.kaigokensaku.mhlw.go.jp/26/index.php?action_kouhyou_detail_004_kani=true&JigyosyoCd=2672700768-00&ServiceCd=110&Type=search", "url2": null }, "geometry": { "type": "Point", "coordinates": [ 135.3323087, 35.4279943 ] } },
{ "type": "Feature", "properties": { "内容": "株式会社　にっぷく【訪問介護】京都府舞鶴市字平野屋19番地", "url": "https://www.kaigokensaku.mhlw.go.jp/26/index.php?action_kouhyou_detail_004_kani=true&JigyosyoCd=2672700628-00&ServiceCd=110&Type=search", "url2": null }, "geometry": { "type": "Point", "coordinates": [ 135.327628199999936, 35.4492799 ] } },
{ "type": "Feature", "properties": { "内容": "社会福祉法人　舞鶴市社会福祉協議会【訪問介護】京都府舞鶴市字余部下１167番地　中総合会館３階舞鶴市中総合会館", "url": "https://www.kaigokensaku.mhlw.go.jp/26/index.php?action_kouhyou_detail_004_kani=true&JigyosyoCd=2672700065-00&ServiceCd=110&Type=search", "url2": "https://sites.google.com/view/maizuru-shakyo/home" }, "geometry": { "type": "Point", "coordinates": [ 135.367798900000025, 35.4759465 ] } },
{ "type": "Feature", "properties": { "内容": "株式会社メタルエッグ介護事業部あっぷる【訪問介護】京都府舞鶴市字小倉222-5", "url": "https://www.kaigokensaku.mhlw.go.jp/26/index.php?action_kouhyou_detail_004_kani=true&JigyosyoCd=2672700149-00&ServiceCd=110&Type=search", "url2": null }, "geometry": { "type": "Point", "coordinates": [ 135.4243328, 35.4812909 ] } },
{ "type": "Feature", "properties": { "内容": "公益社団法人京都保健会ふれあいステーションゆきわり【訪問介護】舞鶴市字上安小字水力１９９－２９", "url": "https://www.kaigokensaku.mhlw.go.jp/26/index.php?action_kouhyou_detail_004_kani=true&JigyosyoCd=2662790043-00&ServiceCd=110&Type=search", "url2": "http://www.kyoto-hokenkai.oor.jp/" }, "geometry": { "type": "Point", "coordinates": [ 135.343857299999968, 35.4502051 ] } },
{ "type": "Feature", "properties": { "内容": "ヘルパーステーションきょうらく【訪問介護】舞鶴市字余部下816", "url": "https://www.kaigokensaku.mhlw.go.jp/26/index.php?action_kouhyou_detail_004_kani=true&JigyosyoCd=2662790084-00&ServiceCd=110&Type=search", "url2": "kyouraku@seihoukai.com" }, "geometry": { "type": "Point", "coordinates": [ 135.365271300000018, 35.4775741 ] } },
{ "type": "Feature", "properties": { "内容": "有限会社　コアライフ舞鶴【訪問介護】京都府舞鶴市森本町28-9", "url": "https://www.kaigokensaku.mhlw.go.jp/26/index.php?action_kouhyou_detail_004_kani=true&JigyosyoCd=2672700438-00&ServiceCd=110&Type=search", "url2": null }, "geometry": { "type": "Point", "coordinates": [ 135.390930499999968, 35.461471 ] } },
{ "type": "Feature", "properties": { "内容": "ヘルパーステーション安寿【訪問介護】京都府舞鶴市上安481", "url": "https://www.kaigokensaku.mhlw.go.jp/26/index.php?action_kouhyou_detail_004_kani=true&JigyosyoCd=2672700032-00&ServiceCd=110&Type=search", "url2": "https://maizuru-anjukai.net/" }, "geometry": { "type": "Point", "coordinates": [ 135.344651500000026, 35.455596 ] } },
{ "type": "Feature", "properties": { "内容": "ケア・オフィス舞夢【訪問介護】舞鶴市字桑飼上小字深田１０８８番地１", "url": "https://www.kaigokensaku.mhlw.go.jp/26/index.php?action_kouhyou_detail_004_kani=true&JigyosyoCd=2672700388-00&ServiceCd=110&Type=search", "url2": "http://www.maimu.jp/" }, "geometry": { "type": "Point", "coordinates": [ 135.218924, 35.4222532 ] } },
{ "type": "Feature", "properties": { "内容": "訪問介護事業所ユアサイド【訪問介護】京都府舞鶴市字福来893-19", "url": "https://www.kaigokensaku.mhlw.go.jp/26/index.php?action_kouhyou_detail_004_kani=true&JigyosyoCd=2672700610-00&ServiceCd=110&Type=search", "url2": null }, "geometry": { "type": "Point", "coordinates": [ 135.346814492555154, 35.443882038373864 ] } },
{ "type": "Feature", "properties": { "内容": "ライフケアサポート【訪問介護】京都府舞鶴市字万願寺92番地11", "url": "https://www.kaigokensaku.mhlw.go.jp/26/index.php?action_kouhyou_detail_004_kani=true&JigyosyoCd=2672700776-00&ServiceCd=110&Type=search", "url2": null }, "geometry": { "type": "Point", "coordinates": [ 135.3356805, 35.4313498 ] } },
{ "type": "Feature", "properties": { "内容": "訪問介護事業所　音色【訪問介護】京都府舞鶴市字南田辺19-7南田辺ビル　１A", "url": "https://www.kaigokensaku.mhlw.go.jp/26/index.php?action_kouhyou_detail_004_kani=true&JigyosyoCd=2672700719-00&ServiceCd=110&Type=search", "url2": null }, "geometry": { "type": "Point", "coordinates": [ 135.331523800000014, 35.4448598 ] } },
{ "type": "Feature", "properties": { "内容": "ニチイケアセンター舞鶴【訪問介護】京都府舞鶴市喜多1105-1　舞鶴21ビル　1・3Ｆ", "url": "https://www.kaigokensaku.mhlw.go.jp/26/index.php?action_kouhyou_detail_004_kani=true&JigyosyoCd=2672700156-00&ServiceCd=110&Type=search", "url2": null }, "geometry": { "type": "Point", "coordinates": [ 135.312876800000026, 35.4511933 ] } },
{ "type": "Feature", "properties": { "内容": "ヘルパーステーション　真愛【訪問介護】京都府舞鶴市字上安小字中ノ脇１６９７番地３６", "url": "https://www.kaigokensaku.mhlw.go.jp/26/index.php?action_kouhyou_detail_004_kani=true&JigyosyoCd=2672700040-00&ServiceCd=110&Type=search", "url2": "http://www.sinainoie.org" }, "geometry": { "type": "Point", "coordinates": [ 135.385991800000056, 35.4747971 ] } },
{ "type": "Feature", "properties": { "内容": "ニチイケアセンター綾部【訪問介護】京都府綾部市青野町舘ノ後47", "url": "https://www.kaigokensaku.mhlw.go.jp/26/index.php?action_kouhyou_detail_004_kani=true&JigyosyoCd=2671800106-00&ServiceCd=110&Type=search", "url2": "http://www.nichiigakkan.co.jp" }, "geometry": { "type": "Point", "coordinates": [ 135.2623423, 35.3031769 ] } },
{ "type": "Feature", "properties": { "内容": "ミストラル介護センター綾部【訪問介護】京都府綾部市栗町土居ノ内31番地", "url": "https://www.kaigokensaku.mhlw.go.jp/26/index.php?action_kouhyou_detail_004_kani=true&JigyosyoCd=2671800189-00&ServiceCd=110&Type=search", "url2": "http://www.mistralservice.co.jp/" }, "geometry": { "type": "Point", "coordinates": [ 135.22428119999995, 35.3159055 ] } },
{ "type": "Feature", "properties": { "内容": "綾部市社会福祉協議会【訪問介護】綾部市川糸町南古屋敷5の1", "url": "https://www.kaigokensaku.mhlw.go.jp/26/index.php?action_kouhyou_detail_004_kani=true&JigyosyoCd=2671800015-00&ServiceCd=110&Type=search", "url2": "http://www.ayabe-shakyo.or.jp" }, "geometry": { "type": "Point", "coordinates": [ 135.261184100000037, 35.2984024 ] } },
{ "type": "Feature", "properties": { "内容": "綾部東部在宅介護支援センター【訪問介護】京都府綾部市十倉名畑町欠戸２９番地の１", "url": "https://www.kaigokensaku.mhlw.go.jp/26/index.php?action_kouhyou_detail_004_kani=true&JigyosyoCd=2671800239-00&ServiceCd=110&Type=search", "url2": "http://www.kyoto-chogen.or.jp" }, "geometry": { "type": "Point", "coordinates": [ 135.345802300000059, 35.33530709999998 ] } },
{ "type": "Feature", "properties": { "内容": "ふきのとう　訪問介護事業所　あやべ【訪問介護】京都府綾部市岡町長田3-1", "url": "https://www.kaigokensaku.mhlw.go.jp/26/index.php?action_kouhyou_detail_004_kani=true&JigyosyoCd=2671800353-00&ServiceCd=110&Type=search", "url2": "https://fukinotou-ayabe.com/" }, "geometry": { "type": "Point", "coordinates": [ 135.2393921, 35.3015813 ] } },
{ "type": "Feature", "properties": { "内容": "公益社団法人京都保健会在宅ケアステーションげんき【訪問介護】京都府綾部市駅前通1番地", "url": "https://www.kaigokensaku.mhlw.go.jp/26/index.php?action_kouhyou_detail_004_kani=true&JigyosyoCd=2661890026-00&ServiceCd=110&Type=search", "url2": "http://www.kyoto-hokenkai.or.jp/" }, "geometry": { "type": "Point", "coordinates": [ 135.252361284655763, 35.299235196709184 ] } },
{ "type": "Feature", "properties": { "内容": "松寿苑訪問介護事業所【訪問介護】京都府綾部市田野町田野山1番地169", "url": "https://www.kaigokensaku.mhlw.go.jp/26/index.php?action_kouhyou_detail_004_kani=true&JigyosyoCd=2671800031-00&ServiceCd=110&Type=search", "url2": "http://www.asjn.jp" }, "geometry": { "type": "Point", "coordinates": [ 135.247749399999947, 35.2883398 ] } },
{ "type": "Feature", "properties": { "内容": "特定非営利活動法人コミュニテイCASAケア・サービス青葉【訪問介護】京都府宇治市広野町茶屋裏２番地４グローバル宇治大久保II　３０５号", "url": "https://www.kaigokensaku.mhlw.go.jp/26/index.php?action_kouhyou_detail_004_kani=true&JigyosyoCd=2671200521-00&ServiceCd=110&Type=search", "url2": "ｑｑｐｋ8ｈ5ｈ9＠piano.ocn.ne.jp" }, "geometry": { "type": "Point", "coordinates": [ 135.77868490000003, 34.8736784 ] } },
{ "type": "Feature", "properties": { "内容": "ケアステーションあんじぇす宇治木幡【訪問介護】京都府宇治市五ヶ庄西田1-1", "url": "https://www.kaigokensaku.mhlw.go.jp/26/index.php?action_kouhyou_detail_004_kani=true&JigyosyoCd=2671201164-00&ServiceCd=110&Type=search", "url2": "http://www.t-s-i.jp/" }, "geometry": { "type": "Point", "coordinates": [ 135.792781900000023, 34.9183625 ] } },
{ "type": "Feature", "properties": { "内容": "介護の花たば【訪問介護】京都府宇治市五ケ庄一番割59-1壱番館501号", "url": "https://www.kaigokensaku.mhlw.go.jp/26/index.php?action_kouhyou_detail_004_kani=true&JigyosyoCd=2671200950-00&ServiceCd=110&Type=search", "url2": null }, "geometry": { "type": "Point", "coordinates": [ 135.8085008, 34.90768 ] } },
{ "type": "Feature", "properties": { "内容": "ファインケア宇治【訪問介護】京都府宇治市莵道門前27-1サンベルナール271　203号", "url": "https://www.kaigokensaku.mhlw.go.jp/26/index.php?action_kouhyou_detail_004_kani=true&JigyosyoCd=2671201412-00&ServiceCd=110&Type=search", "url2": "https://www.finecareuji-guss.com/" }, "geometry": { "type": "Point", "coordinates": [ 135.812051900000029, 34.898536800000016 ] } },
{ "type": "Feature", "properties": { "内容": "訪問介護ありがとう【訪問介護】京都府宇治市伊勢田町中山52ラヴェイル京都202", "url": "https://www.kaigokensaku.mhlw.go.jp/26/index.php?action_kouhyou_detail_004_kani=true&JigyosyoCd=2671201420-00&ServiceCd=110&Type=search", "url2": "thanks-kyoto.com" }, "geometry": { "type": "Point", "coordinates": [ 135.779036100000013, 34.8830281 ] } },
{ "type": "Feature", "properties": { "内容": "ケアセンターうさかめ【訪問介護】京都府宇治市伊勢田町砂田144－2", "url": "https://www.kaigokensaku.mhlw.go.jp/26/index.php?action_kouhyou_detail_004_kani=true&JigyosyoCd=2671201149-00&ServiceCd=110&Type=search", "url2": null }, "geometry": { "type": "Point", "coordinates": [ 135.765636, 34.888035 ] } },
{ "type": "Feature", "properties": { "内容": "訪問介護　空　木幡店【訪問介護】京都府宇治市木幡内畑34‐11ハイショップビル102ハイショップビル102", "url": "https://www.kaigokensaku.mhlw.go.jp/26/index.php?action_kouhyou_detail_004_kani=true&JigyosyoCd=2671201537-00&ServiceCd=110&Type=search", "url2": null }, "geometry": { "type": "Point", "coordinates": [ 135.795529118941658, 34.925542374096203 ] } },
{ "type": "Feature", "properties": { "内容": "ケアサポート　レジリエンスプラス【訪問介護】京都府宇治市大久保町久保23番地16メイクス久保101号", "url": "https://www.kaigokensaku.mhlw.go.jp/26/index.php?action_kouhyou_detail_004_kani=true&JigyosyoCd=2671201529-00&ServiceCd=110&Type=search", "url2": "https://hp.kaipoke.biz/2m2/index.html" }, "geometry": { "type": "Point", "coordinates": [ 135.7807042, 34.8705735 ] } },
{ "type": "Feature", "properties": { "内容": "訪問介護事業所すずらん【訪問介護】京都府宇治市宇治蔭山27-1アベニュー中路105号", "url": "https://www.kaigokensaku.mhlw.go.jp/26/index.php?action_kouhyou_detail_004_kani=true&JigyosyoCd=2671201503-00&ServiceCd=110&Type=search", "url2": "https://suzuran-hc.jp/" }, "geometry": { "type": "Point", "coordinates": [ 135.791024144170763, 34.889754856927645 ] } },
{ "type": "Feature", "properties": { "内容": "ヘルパーステーションあか利【訪問介護】宇治市小倉町天王40-12中嶋ビル2階", "url": "https://www.kaigokensaku.mhlw.go.jp/26/index.php?action_kouhyou_detail_004_kani=true&JigyosyoCd=2671201206-00&ServiceCd=110&Type=search", "url2": null }, "geometry": { "type": "Point", "coordinates": [ 135.785707388148126, 34.894525720865339 ] } },
{ "type": "Feature", "properties": { "内容": "訪問介護くらしのハーモニー【訪問介護】京都府宇治市木幡金草原14-4ハーモニー東風館", "url": "https://www.kaigokensaku.mhlw.go.jp/26/index.php?action_kouhyou_detail_004_kani=true&JigyosyoCd=2671200919-00&ServiceCd=110&Type=search", "url2": "http://www.kurashino-harmony.or.jp" }, "geometry": { "type": "Point", "coordinates": [ 135.803625222409551, 34.929094949823465 ] } },
{ "type": "Feature", "properties": { "内容": "ヘルパーステーションみやこ宇治【訪問介護】京都府宇治市宇治蔭山59番地の50", "url": "https://www.kaigokensaku.mhlw.go.jp/26/index.php?action_kouhyou_detail_004_kani=true&JigyosyoCd=2671201644-00&ServiceCd=110&Type=search", "url2": "https://lcy-miyako.com/" }, "geometry": { "type": "Point", "coordinates": [ 135.7882266, 34.892309399999981 ] } },
{ "type": "Feature", "properties": { "内容": "ケリー宇治【訪問介護】京都府宇治市宇治里尻８２－３", "url": "https://www.kaigokensaku.mhlw.go.jp/26/index.php?action_kouhyou_detail_004_kani=true&JigyosyoCd=2671201636-00&ServiceCd=110&Type=search", "url2": null }, "geometry": { "type": "Point", "coordinates": [ 135.803877699999987, 34.8921863 ] } },
{ "type": "Feature", "properties": { "内容": "訪問介護まごのて宇治【訪問介護】京都府宇治市宇治戸ノ内38番地2メゾン・コヤマテナント102号", "url": "https://www.kaigokensaku.mhlw.go.jp/26/index.php?action_kouhyou_detail_004_kani=true&JigyosyoCd=2671201586-00&ServiceCd=110&Type=search", "url2": "https://www.magonote-group.com/office/ainohana/" }, "geometry": { "type": "Point", "coordinates": [ 135.7986094, 34.8908714 ] } },
{ "type": "Feature", "properties": { "内容": "訪問介護ステーションきさと【訪問介護】京都府宇治市木幡中村15-63", "url": "https://www.kaigokensaku.mhlw.go.jp/26/index.php?action_kouhyou_detail_004_kani=true&JigyosyoCd=2671201388-00&ServiceCd=110&Type=search", "url2": null }, "geometry": { "type": "Point", "coordinates": [ 135.798376, 34.922872400000017 ] } },
{ "type": "Feature", "properties": { "内容": "あさぎりホームヘルパーステーション【訪問介護】京都府宇治市白川鍋倉山22番地10", "url": "https://www.kaigokensaku.mhlw.go.jp/26/index.php?action_kouhyou_detail_004_kani=true&JigyosyoCd=2671200372-00&ServiceCd=110&Type=search", "url2": "http://www.myoujyo.or.jp/" }, "geometry": { "type": "Point", "coordinates": [ 135.812742500000013, 34.8651127 ] } },
{ "type": "Feature", "properties": { "内容": "医療法人栄仁会　ホームヘルプセンターおうばく【訪問介護】京都府宇治市五ケ庄戸ノ内7-25", "url": "https://www.kaigokensaku.mhlw.go.jp/26/index.php?action_kouhyou_detail_004_kani=true&JigyosyoCd=2671200596-00&ServiceCd=110&Type=search", "url2": "http://www.eijinkai.or.jp" }, "geometry": { "type": "Point", "coordinates": [ 135.799839980859389, 34.904116433957945 ] } },
{ "type": "Feature", "properties": { "内容": "医療法人啓信会ヘルパーステーションリエゾン大久保【訪問介護】京都府宇治市大久保町旦椋10-5梅本ビル", "url": "https://www.kaigokensaku.mhlw.go.jp/26/index.php?action_kouhyou_detail_004_kani=true&JigyosyoCd=2671200505-00&ServiceCd=110&Type=search", "url2": "http://www.kyoto-keishinkai.or.jp/" }, "geometry": { "type": "Point", "coordinates": [ 135.769482, 34.872057800000015 ] } },
{ "type": "Feature", "properties": { "内容": "訪問介護きくよ【訪問介護】宇治乙方４３", "url": "https://www.kaigokensaku.mhlw.go.jp/26/index.php?action_kouhyou_detail_004_kani=true&JigyosyoCd=2671201552-00&ServiceCd=110&Type=search", "url2": "https://www.kaigo-kizuna.net/" }, "geometry": { "type": "Point", "coordinates": [ 135.8070847, 34.895828 ] } },
{ "type": "Feature", "properties": { "内容": "ヘルパーステーション結び【訪問介護】伊勢田町新中ノ荒３３番地３", "url": "https://www.kaigokensaku.mhlw.go.jp/26/index.php?action_kouhyou_detail_004_kani=true&JigyosyoCd=2671201255-00&ServiceCd=110&Type=search", "url2": "https://www.kaigo-kizuna.net/" }, "geometry": { "type": "Point", "coordinates": [ 135.7736113, 34.8834193 ] } },
{ "type": "Feature", "properties": { "内容": "訪問介護ステーションふくろう【訪問介護】京都府宇治市宇治里尻36番35", "url": "https://www.kaigokensaku.mhlw.go.jp/26/index.php?action_kouhyou_detail_004_kani=true&JigyosyoCd=2671200968-00&ServiceCd=110&Type=search", "url2": "https://www.takedahp.or.jp/group/welfare/kyotoninchisho02/helper.html" }, "geometry": { "type": "Point", "coordinates": [ 135.801836246385164, 34.893122043750026 ] } },
{ "type": "Feature", "properties": { "内容": "ヘルパーステーションおだんご【訪問介護】京都府宇治市小倉町西山70-7", "url": "https://www.kaigokensaku.mhlw.go.jp/26/index.php?action_kouhyou_detail_004_kani=true&JigyosyoCd=2671201446-00&ServiceCd=110&Type=search", "url2": "https://uji-odango.com/" }, "geometry": { "type": "Point", "coordinates": [ 135.782441299999988, 34.889392 ] } },
{ "type": "Feature", "properties": { "内容": "一般財団法人宇治市福祉サービス公社　ホームヘルプセンターぽっぽ【訪問介護】京都府宇治市広野町大開７２－１", "url": "https://www.kaigokensaku.mhlw.go.jp/26/index.php?action_kouhyou_detail_004_kani=true&JigyosyoCd=2671200240-00&ServiceCd=110&Type=search", "url2": "http://www.poppo.or.jp" }, "geometry": { "type": "Point", "coordinates": [ 135.792364, 34.8752616 ] } },
{ "type": "Feature", "properties": { "内容": "新日本サービス【訪問介護】宇治市宇治野神65", "url": "https://www.kaigokensaku.mhlw.go.jp/26/index.php?action_kouhyou_detail_004_kani=true&JigyosyoCd=2671200158-00&ServiceCd=110&Type=search", "url2": "http://www.snservice.jp" }, "geometry": { "type": "Point", "coordinates": [ 135.7934636, 34.8809415 ] } },
{ "type": "Feature", "properties": { "内容": "カーティアスケア訪問介護センター【訪問介護】京都府宇治市五ケ庄芝ノ東61番地", "url": "https://www.kaigokensaku.mhlw.go.jp/26/index.php?action_kouhyou_detail_004_kani=true&JigyosyoCd=2671201032-00&ServiceCd=110&Type=search", "url2": null }, "geometry": { "type": "Point", "coordinates": [ 135.800436399999967, 34.9178717 ] } },
{ "type": "Feature", "properties": { "内容": "ニチイケアセンター六地蔵【訪問介護】六地蔵奈良町6-4ヴィラノール402", "url": "https://www.kaigokensaku.mhlw.go.jp/26/index.php?action_kouhyou_detail_004_kani=true&JigyosyoCd=2671201214-00&ServiceCd=110&Type=search", "url2": "http：//www.nichiigakkan" }, "geometry": { "type": "Point", "coordinates": [ 135.796263900000014, 34.9343888 ] } },
{ "type": "Feature", "properties": { "内容": "ニチイケアセンター宇治【訪問介護】京都府宇治市宇治壱番134-1宇治荒川ビル1F", "url": "https://www.kaigokensaku.mhlw.go.jp/26/index.php?action_kouhyou_detail_004_kani=true&JigyosyoCd=2671200208-00&ServiceCd=110&Type=search", "url2": "http://www.nichiigakkan.co.jp" }, "geometry": { "type": "Point", "coordinates": [ 135.799302399999988, 34.8870604 ] } },
{ "type": "Feature", "properties": { "内容": "ホームヘルパーステーションさわらび園【訪問介護】京都府宇治市槙島町郡50-1", "url": "https://www.kaigokensaku.mhlw.go.jp/26/index.php?action_kouhyou_detail_004_kani=true&JigyosyoCd=2671200141-00&ServiceCd=110&Type=search", "url2": "http://www.sawarabi.or.jp/" }, "geometry": { "type": "Point", "coordinates": [ 135.792054199999939, 34.9029278 ] } },
{ "type": "Feature", "properties": { "内容": "ニチイケアセンター宇治大久保【訪問介護】京都府宇治市大久保町上ノ山４３番地1藤和ライブタウン宇治大久保", "url": "https://www.kaigokensaku.mhlw.go.jp/26/index.php?action_kouhyou_detail_004_kani=true&JigyosyoCd=2671200638-00&ServiceCd=110&Type=search", "url2": "http://www.nichiigakkan.co.jp" }, "geometry": { "type": "Point", "coordinates": [ 135.777235099999984, 34.8721814 ] } },
{ "type": "Feature", "properties": { "内容": "居宅介護事業所ゆい【訪問介護】京都府宇治市小倉町西浦33‐32", "url": "https://www.kaigokensaku.mhlw.go.jp/26/index.php?action_kouhyou_detail_004_kani=true&JigyosyoCd=2671201370-00&ServiceCd=110&Type=search", "url2": "https://goodlinks0721.wixsite.com/my-site-1" }, "geometry": { "type": "Point", "coordinates": [ 135.7814257, 34.8956499 ] } },
{ "type": "Feature", "properties": { "内容": "一般財団法人宇治市福祉サービス公社　ホームヘルプセンターぽっぽひがしうじ【訪問介護】宇治市五ケ庄折坂5-149", "url": "https://www.kaigokensaku.mhlw.go.jp/26/index.php?action_kouhyou_detail_004_kani=true&JigyosyoCd=2671200075-00&ServiceCd=110&Type=search", "url2": "https://www.poppo.or.jp/" }, "geometry": { "type": "Point", "coordinates": [ 135.806391699999949, 34.9076778 ] } },
{ "type": "Feature", "properties": { "内容": "ケア２１宇治【訪問介護】京都府宇治市小倉町111-1辻岩ビル新館402号", "url": "https://www.kaigokensaku.mhlw.go.jp/26/index.php?action_kouhyou_detail_004_kani=true&JigyosyoCd=2671201289-00&ServiceCd=110&Type=search", "url2": null }, "geometry": { "type": "Point", "coordinates": [ 135.7781669, 34.8978433 ] } },
{ "type": "Feature", "properties": { "内容": "特定非営利活動法人生活よろず相談所「たよりになる輪」【訪問介護】京都府宇治市五ヶ庄平野12-15", "url": "https://www.kaigokensaku.mhlw.go.jp/26/index.php?action_kouhyou_detail_004_kani=true&JigyosyoCd=2671200703-00&ServiceCd=110&Type=search", "url2": null }, "geometry": { "type": "Point", "coordinates": [ 135.804453, 34.9112913 ] } },
{ "type": "Feature", "properties": { "内容": "ホームケア土屋京滋【訪問介護】京都府宇治市宇治壱番134番1宇治荒川ビル4階", "url": "https://www.kaigokensaku.mhlw.go.jp/26/index.php?action_kouhyou_detail_004_kani=true&JigyosyoCd=2671201271-00&ServiceCd=110&Type=search", "url2": "https://homecare-tsuchiya.com" }, "geometry": { "type": "Point", "coordinates": [ 135.7992836, 34.8871172 ] } },
{ "type": "Feature", "properties": { "内容": "ヘルパーステーションみやこ【訪問介護】京都府宇治市五ケ庄梅林44番地の8", "url": "https://www.kaigokensaku.mhlw.go.jp/26/index.php?action_kouhyou_detail_004_kani=true&JigyosyoCd=2671201057-00&ServiceCd=110&Type=search", "url2": "https://lcy-miyako.com/" }, "geometry": { "type": "Point", "coordinates": [ 135.799791499999969, 34.9154208 ] } },
{ "type": "Feature", "properties": { "内容": "学研ココファン　宇治駅前ヘルパーセンター【訪問介護】京都府宇治市宇治戸ノ内27-1", "url": "https://www.kaigokensaku.mhlw.go.jp/26/index.php?action_kouhyou_detail_004_kani=true&JigyosyoCd=2671201305-00&ServiceCd=110&Type=search", "url2": null }, "geometry": { "type": "Point", "coordinates": [ 135.7998397, 34.8905228 ] } },
{ "type": "Feature", "properties": { "内容": "ヘルパーステーションすずめ【訪問介護】大久保町井ノ尻22番地の14", "url": "https://www.kaigokensaku.mhlw.go.jp/26/index.php?action_kouhyou_detail_004_kani=true&JigyosyoCd=2671200828-00&ServiceCd=110&Type=search", "url2": null }, "geometry": { "type": "Point", "coordinates": [ 135.769801743881999, 34.872329985102986 ] } },
{ "type": "Feature", "properties": { "内容": "ヘルパーステーション　スイート宇治【訪問介護】小倉町南堀池110番地65", "url": "https://www.kaigokensaku.mhlw.go.jp/26/index.php?action_kouhyou_detail_004_kani=true&JigyosyoCd=2671201123-00&ServiceCd=110&Type=search", "url2": null }, "geometry": { "type": "Point", "coordinates": [ 135.779466716918932, 34.893528810117445 ] } },
{ "type": "Feature", "properties": { "内容": "ポジティブ介護あんそん【訪問介護】広野町桐生谷９６－５コーポ桐生２０１", "url": "https://www.kaigokensaku.mhlw.go.jp/26/index.php?action_kouhyou_detail_004_kani=true&JigyosyoCd=2671201693-00&ServiceCd=110&Type=search", "url2": null }, "geometry": { "type": "Point", "coordinates": [ 135.779370699999987, 34.8790419 ] } },
{ "type": "Feature", "properties": { "内容": "ケアセンター　フィット・宇治【訪問介護】木幡北畠24カーサデルクオーレ宇治", "url": "https://www.kaigokensaku.mhlw.go.jp/26/index.php?action_kouhyou_detail_004_kani=true&JigyosyoCd=2671201081-00&ServiceCd=110&Type=search", "url2": null }, "geometry": { "type": "Point", "coordinates": [ 135.8023681, 34.9271907 ] } },
{ "type": "Feature", "properties": { "内容": "ヘルパーステーションスイート東宇治【訪問介護】京都府宇治市五ヶ庄3番割31-11", "url": "https://www.kaigokensaku.mhlw.go.jp/26/index.php?action_kouhyou_detail_004_kani=true&JigyosyoCd=2671201479-00&ServiceCd=110&Type=search", "url2": "https://www.kabushikigaisyanonnon.com" }, "geometry": { "type": "Point", "coordinates": [ 135.803567417867839, 34.916242732533462 ] } },
{ "type": "Feature", "properties": { "内容": "訪問介護ステーション　ナービス宇治【訪問介護】京都府宇治市莵道田中20番地1", "url": "https://www.kaigokensaku.mhlw.go.jp/26/index.php?action_kouhyou_detail_004_kani=true&JigyosyoCd=2671201651-00&ServiceCd=110&Type=search", "url2": "https://joylife.alsok.co.jp" }, "geometry": { "type": "Point", "coordinates": [ 135.8089563, 34.8979513 ] } },
{ "type": "Feature", "properties": { "内容": "宇治徳洲会介護センター　宇治徳洲会ヘルパーステーション【訪問介護】京都府宇治市槇島町石橋63番", "url": "https://www.kaigokensaku.mhlw.go.jp/26/index.php?action_kouhyou_detail_004_kani=true&JigyosyoCd=2611201597-00&ServiceCd=110&Type=search", "url2": "http://www.ujitoku.or.jp" }, "geometry": { "type": "Point", "coordinates": [ 135.787097748579413, 34.902604884911362 ] } },
{ "type": "Feature", "properties": { "内容": "ヘルパーステーションもみじ【訪問介護】京都府宇治市槇島町落合43-11", "url": "https://www.kaigokensaku.mhlw.go.jp/26/index.php?action_kouhyou_detail_004_kani=true&JigyosyoCd=2671201297-00&ServiceCd=110&Type=search", "url2": "https://sts-momizi.p-kit.com/" }, "geometry": { "type": "Point", "coordinates": [ 135.774185400000022, 34.9144678 ] } },
{ "type": "Feature", "properties": { "内容": "訪問介護　空　伊勢田店【訪問介護】京都府宇治市羽拍子町76‐19ダイカイプラザ2‐D", "url": "https://www.kaigokensaku.mhlw.go.jp/26/index.php?action_kouhyou_detail_004_kani=true&JigyosyoCd=2671201545-00&ServiceCd=110&Type=search", "url2": null }, "geometry": { "type": "Point", "coordinates": [ 135.780850168717166, 34.881644039035542 ] } },
{ "type": "Feature", "properties": { "内容": "医療法人社団神野医院　ヘルパーステーションライヴ【訪問介護】六地蔵町並３９番地", "url": "https://www.kaigokensaku.mhlw.go.jp/26/index.php?action_kouhyou_detail_004_kani=true&JigyosyoCd=2671200836-00&ServiceCd=110&Type=search", "url2": "http://jinno-mg.or.jp" }, "geometry": { "type": "Point", "coordinates": [ 135.799902017196729, 34.933654387007969 ] } },
{ "type": "Feature", "properties": { "内容": "訪問介護ルミエール【訪問介護】京都府宇治市広野町西裏31番地3広野ハイツ101", "url": "https://www.kaigokensaku.mhlw.go.jp/26/index.php?action_kouhyou_detail_004_kani=true&JigyosyoCd=2671201578-00&ServiceCd=110&Type=search", "url2": "https://straight-uji.com/" }, "geometry": { "type": "Point", "coordinates": [ 135.777999599999987, 34.8774401 ] } },
{ "type": "Feature", "properties": { "内容": "ヘルパーカンパニーことほぎ【訪問介護】京都府宇治市小倉町南堀池65-41", "url": "https://www.kaigokensaku.mhlw.go.jp/26/index.php?action_kouhyou_detail_004_kani=true&JigyosyoCd=2671201495-00&ServiceCd=110&Type=search", "url2": null }, "geometry": { "type": "Point", "coordinates": [ 135.776382, 34.8939982 ] } },
{ "type": "Feature", "properties": { "内容": "訪問介護まごのて大久保【訪問介護】京都府宇治市大久保町南ノ口64番地９カミノビル101号室", "url": "https://www.kaigokensaku.mhlw.go.jp/26/index.php?action_kouhyou_detail_004_kani=true&JigyosyoCd=2671201685-00&ServiceCd=110&Type=search", "url2": "https://kyoto-meraki.care" }, "geometry": { "type": "Point", "coordinates": [ 135.7696302, 34.8699693 ] } },
{ "type": "Feature", "properties": { "内容": "訪問介護事業所そらまめ【訪問介護】京都府宇治市小倉町南浦6番地の10", "url": "https://www.kaigokensaku.mhlw.go.jp/26/index.php?action_kouhyou_detail_004_kani=true&JigyosyoCd=2671201040-00&ServiceCd=110&Type=search", "url2": null }, "geometry": { "type": "Point", "coordinates": [ 135.78047445890806, 34.892698907305359 ] } },
{ "type": "Feature", "properties": { "内容": "訪問介護まごのて城南【訪問介護】京都府宇治市神明宮西37番地24", "url": "https://www.kaigokensaku.mhlw.go.jp/26/index.php?action_kouhyou_detail_004_kani=true&JigyosyoCd=2671201727-00&ServiceCd=110&Type=search", "url2": null }, "geometry": { "type": "Point", "coordinates": [ 135.7901593, 34.8797639 ] } },
{ "type": "Feature", "properties": { "内容": "ヘルパーステーション大和【訪問介護】京都府宇治市小倉町西浦47番地2", "url": "https://www.kaigokensaku.mhlw.go.jp/26/index.php?action_kouhyou_detail_004_kani=true&JigyosyoCd=2671201735-00&ServiceCd=110&Type=search", "url2": "https://kyoto-komorebi.com/" }, "geometry": { "type": "Point", "coordinates": [ 135.7804356, 34.895324 ] } },
{ "type": "Feature", "properties": { "内容": "訪問介護ステーションウォーム宇治【訪問介護】京都府宇治市本屋敷51-11カローレフォレスタ宇治", "url": "https://www.kaigokensaku.mhlw.go.jp/26/index.php?action_kouhyou_detail_004_kani=true&JigyosyoCd=2671201743-00&ServiceCd=110&Type=search", "url2": null }, "geometry": { "type": "Point", "coordinates": [ 135.775998493254122, 34.913831495587715 ] } },
{ "type": "Feature", "properties": { "内容": "ヘルパーステーション　レガーロ【訪問介護】京都府宇治市小倉町山際4-35", "url": "https://www.kaigokensaku.mhlw.go.jp/26/index.php?action_kouhyou_detail_004_kani=true&JigyosyoCd=2671201222-00&ServiceCd=110&Type=search", "url2": "https://www.wish-helper.com/" }, "geometry": { "type": "Point", "coordinates": [ 135.781046800000013, 34.8907176 ] } },
{ "type": "Feature", "properties": { "内容": "医療法人弥生会ヘルパーステーション沙羅【訪問介護】京都府宇治市莵道平町16-1", "url": "https://www.kaigokensaku.mhlw.go.jp/26/index.php?action_kouhyou_detail_004_kani=true&JigyosyoCd=2671201230-00&ServiceCd=110&Type=search", "url2": null }, "geometry": { "type": "Point", "coordinates": [ 135.804151996295133, 34.901952306562123 ] } },
{ "type": "Feature", "properties": { "内容": "スーパー･コート宇治大久保訪問介護事業所【訪問介護】京都府宇治市大久保町北ノ山104-18サンビーム大久保　103号", "url": "https://www.kaigokensaku.mhlw.go.jp/26/index.php?action_kouhyou_detail_004_kani=true&JigyosyoCd=2671200737-00&ServiceCd=110&Type=search", "url2": null }, "geometry": { "type": "Point", "coordinates": [ 135.774181318632543, 34.872028209381817 ] } },
{ "type": "Feature", "properties": { "内容": "ヘルパーステーション夕凪の里【訪問介護】京都府宮津市字波路小字新町２４３３番地", "url": "https://www.kaigokensaku.mhlw.go.jp/26/index.php?action_kouhyou_detail_004_kani=true&JigyosyoCd=2672100134-00&ServiceCd=110&Type=search", "url2": "https://428kai.or.jp/" }, "geometry": { "type": "Point", "coordinates": [ 135.2059111, 35.5377151 ] } },
{ "type": "Feature", "properties": { "内容": "社会福祉法人宮津市社会福祉協議会【訪問介護】京都府宮津市字鶴賀2109番地の２宮津市地域ささえあいセンター", "url": "https://www.kaigokensaku.mhlw.go.jp/26/index.php?action_kouhyou_detail_004_kani=true&JigyosyoCd=2672100019-00&ServiceCd=110&Type=search", "url2": "http://www.kyoshakyo.or.jp/miyazu/" }, "geometry": { "type": "Point", "coordinates": [ 135.197826393392916, 35.533825888849911 ] } },
{ "type": "Feature", "properties": { "内容": "天橋訪問介護事業所【訪問介護】京都府宮津市字惣420番地の1", "url": "https://www.kaigokensaku.mhlw.go.jp/26/index.php?action_kouhyou_detail_004_kani=true&JigyosyoCd=2672100027-00&ServiceCd=110&Type=search", "url2": "http://www.hokuseikai.or.jp/" }, "geometry": { "type": "Point", "coordinates": [ 135.201004247850392, 35.531162682780632 ] } },
{ "type": "Feature", "properties": { "内容": "ヘルパーステーションしおん【訪問介護】京都府亀岡市西町23番地", "url": "https://www.kaigokensaku.mhlw.go.jp/26/index.php?action_kouhyou_detail_004_kani=true&JigyosyoCd=2671600548-00&ServiceCd=110&Type=search", "url2": "http://www.shion-kyoto.com/" }, "geometry": { "type": "Point", "coordinates": [ 135.57707880000001, 35.0132558 ] } },
{ "type": "Feature", "properties": { "内容": "あおばヘルパーステーション【訪問介護】京都府亀岡市三宅町2丁目10-5", "url": "https://www.kaigokensaku.mhlw.go.jp/26/index.php?action_kouhyou_detail_004_kani=true&JigyosyoCd=2671600621-00&ServiceCd=110&Type=search", "url2": "http://care-net.biz≻aoba1205" }, "geometry": { "type": "Point", "coordinates": [ 135.590138700000011, 35.0058457 ] } },
{ "type": "Feature", "properties": { "内容": "ぷれケアセンター【訪問介護】京都府亀岡市荒塚町鍛治ヶ嶋17－1スカイハイツ101", "url": "https://www.kaigokensaku.mhlw.go.jp/26/index.php?action_kouhyou_detail_004_kani=true&JigyosyoCd=2671600803-00&ServiceCd=110&Type=search", "url2": null }, "geometry": { "type": "Point", "coordinates": [ 135.57547120000001, 35.0148389 ] } },
{ "type": "Feature", "properties": { "内容": "ケアステーションあんじぇす亀岡【訪問介護】京都府亀岡市安町58-2", "url": "https://www.kaigokensaku.mhlw.go.jp/26/index.php?action_kouhyou_detail_004_kani=true&JigyosyoCd=2671600480-00&ServiceCd=110&Type=search", "url2": null }, "geometry": { "type": "Point", "coordinates": [ 135.573992399999952, 35.0155191 ] } },
{ "type": "Feature", "properties": { "内容": "ホームヘルプステーション　といろ【訪問介護】京都府亀岡市大井町かすみヶ丘14-5", "url": "https://www.kaigokensaku.mhlw.go.jp/26/index.php?action_kouhyou_detail_004_kani=true&JigyosyoCd=2671600696-00&ServiceCd=110&Type=search", "url2": null }, "geometry": { "type": "Point", "coordinates": [ 135.556381658381582, 35.032730896616648 ] } },
{ "type": "Feature", "properties": { "内容": "訪問介護事業所グリーン【訪問介護】大井町並河2丁目5-10京都教育学舎テナント2F2-D", "url": "https://www.kaigokensaku.mhlw.go.jp/26/index.php?action_kouhyou_detail_004_kani=true&JigyosyoCd=2671600738-00&ServiceCd=110&Type=search", "url2": "https://www.green1155.com/" }, "geometry": { "type": "Point", "coordinates": [ 135.554661, 35.031387 ] } },
{ "type": "Feature", "properties": { "内容": "ホームヘルプステーション中矢田【訪問介護】中矢田町馬場ノ溝１３－１５矢田苑　８号室", "url": "https://www.kaigokensaku.mhlw.go.jp/26/index.php?action_kouhyou_detail_004_kani=true&JigyosyoCd=2671600753-00&ServiceCd=110&Type=search", "url2": "http://www.yuaien.or.jp" }, "geometry": { "type": "Point", "coordinates": [ 135.581315619546814, 35.002316109751767 ] } },
{ "type": "Feature", "properties": { "内容": "ケアステ－ション虹の家【訪問介護】亀岡市北古世町１丁目２１－１４", "url": "https://www.kaigokensaku.mhlw.go.jp/26/index.php?action_kouhyou_detail_004_kani=true&JigyosyoCd=2671600308-00&ServiceCd=110&Type=search", "url2": "http://www.hoken-fukushi.or.jp" }, "geometry": { "type": "Point", "coordinates": [ 135.588023696633826, 35.009522129127951 ] } },
{ "type": "Feature", "properties": { "内容": "ヘルパーステーションふれあいハート【訪問介護】京都府亀岡市余部町清水８８番地２", "url": "https://www.kaigokensaku.mhlw.go.jp/26/index.php?action_kouhyou_detail_004_kani=true&JigyosyoCd=2671600324-00&ServiceCd=110&Type=search", "url2": "http://www.fureai-heart.jp" }, "geometry": { "type": "Point", "coordinates": [ 135.59817620000004, 35.0014262 ] } },
{ "type": "Feature", "properties": { "内容": "社会福祉法人　亀岡市社会福祉協議会ホームヘルプセンター【訪問介護】京都府亀岡市余部町樋又61番地の1ふれあいプラザ内", "url": "https://www.kaigokensaku.mhlw.go.jp/26/index.php?action_kouhyou_detail_004_kani=true&JigyosyoCd=2671600027-00&ServiceCd=110&Type=search", "url2": "http://www.fukukame-net.or.jp" }, "geometry": { "type": "Point", "coordinates": [ 135.565117201435896, 35.014733725139671 ] } },
{ "type": "Feature", "properties": { "内容": "ニチイケアセンター亀岡【訪問介護】京都府亀岡市馬堀駅前2丁目201-8すずらんビル3F", "url": "https://www.kaigokensaku.mhlw.go.jp/26/index.php?action_kouhyou_detail_004_kani=true&JigyosyoCd=2671600126-00&ServiceCd=110&Type=search", "url2": "hstG01@nitiigakkan,co,jp" }, "geometry": { "type": "Point", "coordinates": [ 135.602849206677632, 35.010304576765719 ] } },
{ "type": "Feature", "properties": { "内容": "訪問介護事業所「花もみじ」【訪問介護】京都府亀岡市余部町清水26番地1", "url": "https://www.kaigokensaku.mhlw.go.jp/26/index.php?action_kouhyou_detail_004_kani=true&JigyosyoCd=2671600613-00&ServiceCd=110&Type=search", "url2": null }, "geometry": { "type": "Point", "coordinates": [ 135.576654680287191, 35.018099758218966 ] } },
{ "type": "Feature", "properties": { "内容": "医療法人亀岡病院訪問介護ステーション【訪問介護】京都府亀岡市新町1番地-2", "url": "https://www.kaigokensaku.mhlw.go.jp/26/index.php?action_kouhyou_detail_004_kani=true&JigyosyoCd=2671600084-00&ServiceCd=110&Type=search", "url2": "http://www.kameokahp.com/" }, "geometry": { "type": "Point", "coordinates": [ 135.5806556, 35.0097224 ] } },
{ "type": "Feature", "properties": { "内容": "亀岡友愛園【訪問介護】京都府亀岡市本梅町ナベ倉12", "url": "https://www.kaigokensaku.mhlw.go.jp/26/index.php?action_kouhyou_detail_004_kani=true&JigyosyoCd=2671600019-00&ServiceCd=110&Type=search", "url2": "http://www.yuaien.or.jp" }, "geometry": { "type": "Point", "coordinates": [ 135.495763600000032, 35.0186629 ] } },
{ "type": "Feature", "properties": { "内容": "有限会社　あいプランニング【訪問介護】京都府亀岡市北古世町2丁目6-1大田ビル", "url": "https://www.kaigokensaku.mhlw.go.jp/26/index.php?action_kouhyou_detail_004_kani=true&JigyosyoCd=2671600282-00&ServiceCd=110&Type=search", "url2": null }, "geometry": { "type": "Point", "coordinates": [ 135.5859051, 35.012527700000014 ] } },
{ "type": "Feature", "properties": { "内容": "ホームヘルプセンターてるてる【訪問介護】京都府亀岡市河原町200番地4", "url": "https://www.kaigokensaku.mhlw.go.jp/26/index.php?action_kouhyou_detail_004_kani=true&JigyosyoCd=2671600688-00&ServiceCd=110&Type=search", "url2": null }, "geometry": { "type": "Point", "coordinates": [ 135.572361, 35.0205668 ] } },
{ "type": "Feature", "properties": { "内容": "ホームヘルプセンターぴかピカ【訪問介護】曽我部町寺広畑29番地1", "url": "https://www.kaigokensaku.mhlw.go.jp/26/index.php?action_kouhyou_detail_004_kani=true&JigyosyoCd=2671600647-00&ServiceCd=110&Type=search", "url2": "http://www.npo-pikapika.com/" }, "geometry": { "type": "Point", "coordinates": [ 135.549022499999978, 34.9896473 ] } },
{ "type": "Feature", "properties": { "内容": "ホームヘルプセンターなのはな【訪問介護】京都府亀岡市千代川町小川1丁目7番8号", "url": "https://www.kaigokensaku.mhlw.go.jp/26/index.php?action_kouhyou_detail_004_kani=true&JigyosyoCd=2671600654-00&ServiceCd=110&Type=search", "url2": null }, "geometry": { "type": "Point", "coordinates": [ 135.545462199999946, 35.045736 ] } },
{ "type": "Feature", "properties": { "内容": "ヘルパーステーション　アムール【訪問介護】京都府亀岡市曽我部町寺貝ノ庄23番地", "url": "https://www.kaigokensaku.mhlw.go.jp/26/index.php?action_kouhyou_detail_004_kani=true&JigyosyoCd=2671600720-00&ServiceCd=110&Type=search", "url2": null }, "geometry": { "type": "Point", "coordinates": [ 135.552082, 34.9899831 ] } },
{ "type": "Feature", "properties": { "内容": "訪問介護事業所りりあ【訪問介護】京都府亀岡市千代川町小林植田122-3", "url": "https://www.kaigokensaku.mhlw.go.jp/26/index.php?action_kouhyou_detail_004_kani=true&JigyosyoCd=2671600746-00&ServiceCd=110&Type=search", "url2": "https://dst48.jp/" }, "geometry": { "type": "Point", "coordinates": [ 135.550000479901115, 35.040111305443311 ] } },
{ "type": "Feature", "properties": { "内容": "ケアステーションあんじぇす篠【訪問介護】京都府亀岡市篠町夕日ケ丘3丁目9番１アンジェス篠", "url": "https://www.kaigokensaku.mhlw.go.jp/26/index.php?action_kouhyou_detail_004_kani=true&JigyosyoCd=2671600589-00&ServiceCd=110&Type=search", "url2": "http://www.t-s-i.jp" }, "geometry": { "type": "Point", "coordinates": [ 135.607086500000037, 34.9975546 ] } },
{ "type": "Feature", "properties": { "内容": "あさがお介護事業所【訪問介護】京都府亀岡市篠町森上垣内62番地５", "url": "https://www.kaigokensaku.mhlw.go.jp/26/index.php?action_kouhyou_detail_004_kani=true&JigyosyoCd=2671600506-00&ServiceCd=110&Type=search", "url2": null }, "geometry": { "type": "Point", "coordinates": [ 135.599830375329589, 34.996227510406406 ] } },
{ "type": "Feature", "properties": { "内容": "亀岡中央ヘルパーステーション【訪問介護】京都府亀岡市曽我部町重利矢折55-3", "url": "https://www.kaigokensaku.mhlw.go.jp/26/index.php?action_kouhyou_detail_004_kani=true&JigyosyoCd=2671600449-00&ServiceCd=110&Type=search", "url2": "http://www.vie-concier.co.jp/" }, "geometry": { "type": "Point", "coordinates": [ 135.554109176206822, 35.00442187229357 ] } },
{ "type": "Feature", "properties": { "内容": "とうはく訪問介護事業所【訪問介護】京都府亀岡市中矢田町岸ノ上30番地13号", "url": "https://www.kaigokensaku.mhlw.go.jp/26/index.php?action_kouhyou_detail_004_kani=true&JigyosyoCd=2671600571-00&ServiceCd=110&Type=search", "url2": "https://touhaku567.amebaownd.com/" }, "geometry": { "type": "Point", "coordinates": [ 135.5828922, 35.0053376 ] } },
{ "type": "Feature", "properties": { "内容": "三愛の里訪問介護事業所【訪問介護】京都府亀岡市千歳町千歳白髭17", "url": "https://www.kaigokensaku.mhlw.go.jp/26/index.php?action_kouhyou_detail_004_kani=true&JigyosyoCd=2671600233-00&ServiceCd=110&Type=search", "url2": "http://www.san-ainosato.com" }, "geometry": { "type": "Point", "coordinates": [ 135.58036130000005, 35.0576271 ] } },
{ "type": "Feature", "properties": { "内容": "ケアサポートむつき【訪問介護】京都府城陽市寺田垣内後29番地17", "url": "https://www.kaigokensaku.mhlw.go.jp/26/index.php?action_kouhyou_detail_004_kani=true&JigyosyoCd=2672800535-00&ServiceCd=110&Type=search", "url2": "https://support-mutsuki.co.jp/" }, "geometry": { "type": "Point", "coordinates": [ 135.778567646080688, 34.856773417123286 ] } },
{ "type": "Feature", "properties": { "内容": "訪問介護事業所　プラス【訪問介護】城陽市久世下大谷46番地5", "url": "https://www.kaigokensaku.mhlw.go.jp/26/index.php?action_kouhyou_detail_004_kani=true&JigyosyoCd=2672800436-00&ServiceCd=110&Type=search", "url2": null }, "geometry": { "type": "Point", "coordinates": [ 135.784521402639598, 34.867797383235043 ] } },
{ "type": "Feature", "properties": { "内容": "きらっと介護支援センター【訪問介護】京都府城陽市寺田高田56-17", "url": "https://www.kaigokensaku.mhlw.go.jp/26/index.php?action_kouhyou_detail_004_kani=true&JigyosyoCd=2672800212-00&ServiceCd=110&Type=search", "url2": "https://www.kiratto.or.jp/" }, "geometry": { "type": "Point", "coordinates": [ 135.777851849031208, 34.853829796509942 ] } },
{ "type": "Feature", "properties": { "内容": "やましろ健康医療生活協同組合　さぽーと　ゆう・ゆう・ゆう【訪問介護】京都府城陽市寺田深谷35", "url": "https://www.kaigokensaku.mhlw.go.jp/26/index.php?action_kouhyou_detail_004_kani=true&JigyosyoCd=2672800055-00&ServiceCd=110&Type=search", "url2": "http://iryouseikyou.jp" }, "geometry": { "type": "Point", "coordinates": [ 135.788328699999965, 34.8587243 ] } },
{ "type": "Feature", "properties": { "内容": "ヘルパーステーション　スイート【訪問介護】京都府城陽市寺田袋尻２７番２５", "url": "https://www.kaigokensaku.mhlw.go.jp/26/index.php?action_kouhyou_detail_004_kani=true&JigyosyoCd=2672800311-00&ServiceCd=110&Type=search", "url2": null }, "geometry": { "type": "Point", "coordinates": [ 135.78160736297886, 34.851551759193839 ] } },
{ "type": "Feature", "properties": { "内容": "訪問介護ひかり【訪問介護】城陽市市辺南垣内２－３９", "url": "https://www.kaigokensaku.mhlw.go.jp/26/index.php?action_kouhyou_detail_004_kani=true&JigyosyoCd=2672800592-00&ServiceCd=110&Type=search", "url2": null }, "geometry": { "type": "Point", "coordinates": [ 135.806950813491824, 34.823269671175964 ] } },
{ "type": "Feature", "properties": { "内容": "医療法人啓信会ヘルパーステーション萌木の村21【訪問介護】京都府城陽市寺田中大小10-1リンデンヴァウム１階", "url": "https://www.kaigokensaku.mhlw.go.jp/26/index.php?action_kouhyou_detail_004_kani=true&JigyosyoCd=2672800295-00&ServiceCd=110&Type=search", "url2": "http://www.kyoto-keishinkai.or.jp/" }, "geometry": { "type": "Point", "coordinates": [ 135.773877199999987, 34.8508917 ] } },
{ "type": "Feature", "properties": { "内容": "社会福祉法人　城陽市社会福祉協議会　訪問介護センター【訪問介護】京都府城陽市寺田袋尻23-6セゾン城陽", "url": "https://www.kaigokensaku.mhlw.go.jp/26/index.php?action_kouhyou_detail_004_kani=true&JigyosyoCd=2672800022-00&ServiceCd=110&Type=search", "url2": "https://jyoshakyo.or.jp/" }, "geometry": { "type": "Point", "coordinates": [ 135.781448068804565, 34.852179003815912 ] } },
{ "type": "Feature", "properties": { "内容": "訪問介護ステーションヴィラ城陽【訪問介護】城陽市市辺笹原１-5", "url": "https://www.kaigokensaku.mhlw.go.jp/26/index.php?action_kouhyou_detail_004_kani=true&JigyosyoCd=2672800014-00&ServiceCd=110&Type=search", "url2": "http://www.takedahp.or.jp/" }, "geometry": { "type": "Point", "coordinates": [ 135.819001, 34.830105600000017 ] } },
{ "type": "Feature", "properties": { "内容": "居宅サービス事業所　ほほえみ【訪問介護】京都府城陽市枇杷庄大堀94番地", "url": "https://www.kaigokensaku.mhlw.go.jp/26/index.php?action_kouhyou_detail_004_kani=true&JigyosyoCd=2672800154-00&ServiceCd=110&Type=search", "url2": null }, "geometry": { "type": "Point", "coordinates": [ 135.770083099999965, 34.8365791 ] } },
{ "type": "Feature", "properties": { "内容": "（株）このはな【訪問介護】京都府城陽市寺田深谷64-300", "url": "https://www.kaigokensaku.mhlw.go.jp/26/index.php?action_kouhyou_detail_004_kani=true&JigyosyoCd=2672800469-00&ServiceCd=110&Type=search", "url2": "http//www.kyouto-konohana.jp" }, "geometry": { "type": "Point", "coordinates": [ 135.7890294, 34.8595668 ] } },
{ "type": "Feature", "properties": { "内容": "訪問介護事業所　ひだまり【訪問介護】京都府城陽市平川浜道裏20-1", "url": "https://www.kaigokensaku.mhlw.go.jp/26/index.php?action_kouhyou_detail_004_kani=true&JigyosyoCd=2672800063-00&ServiceCd=110&Type=search", "url2": "http://www.joyofukushikai.com/kaigo/hirakawa.html" }, "geometry": { "type": "Point", "coordinates": [ 135.765275200000019, 34.8676013 ] } },
{ "type": "Feature", "properties": { "内容": "やさしい手京都北　城陽訪問介護事業所【訪問介護】京都府城陽市枇杷庄西ノ口１３－１", "url": "https://www.kaigokensaku.mhlw.go.jp/26/index.php?action_kouhyou_detail_004_kani=true&JigyosyoCd=2672800386-00&ServiceCd=110&Type=search", "url2": null }, "geometry": { "type": "Point", "coordinates": [ 135.7682972, 34.8364819 ] } },
{ "type": "Feature", "properties": { "内容": "訪問介護事業所あいりす【訪問介護】京都府城陽市寺田東ノ口17-134", "url": "https://www.kaigokensaku.mhlw.go.jp/26/index.php?action_kouhyou_detail_004_kani=true&JigyosyoCd=2672800550-00&ServiceCd=110&Type=search", "url2": "https://www.laughnect/com/" }, "geometry": { "type": "Point", "coordinates": [ 135.77936088341869, 34.852421762163928 ] } },
{ "type": "Feature", "properties": { "内容": "訪問介護やまゆり【訪問介護】京都府向日市物集女町中海道９３番地", "url": "https://www.kaigokensaku.mhlw.go.jp/26/index.php?action_kouhyou_detail_004_kani=true&JigyosyoCd=2673100299-00&ServiceCd=110&Type=search", "url2": null }, "geometry": { "type": "Point", "coordinates": [ 135.694222, 34.9617427 ] } },
{ "type": "Feature", "properties": { "内容": "ヘルパーステーション栞【訪問介護】京都府向日市物集女町出口３９－１グリーンヒル冨田３０３", "url": "https://www.kaigokensaku.mhlw.go.jp/26/index.php?action_kouhyou_detail_004_kani=true&JigyosyoCd=2673100315-00&ServiceCd=110&Type=search", "url2": null }, "geometry": { "type": "Point", "coordinates": [ 135.696296800000027, 34.958468 ] } },
{ "type": "Feature", "properties": { "内容": "支援センターはっする【訪問介護】京都府向日市物集女町南条16番地第一向日ハイツ101", "url": "https://www.kaigokensaku.mhlw.go.jp/26/index.php?action_kouhyou_detail_004_kani=true&JigyosyoCd=2673100331-00&ServiceCd=110&Type=search", "url2": null }, "geometry": { "type": "Point", "coordinates": [ 135.6982521, 34.9569182 ] } },
{ "type": "Feature", "properties": { "内容": "ホームヘルプセンター向陽苑【訪問介護】京都府向日市上植野町五ノ坪1番地の2", "url": "https://www.kaigokensaku.mhlw.go.jp/26/index.php?action_kouhyou_detail_004_kani=true&JigyosyoCd=2673100018-00&ServiceCd=110&Type=search", "url2": "http://www.kouyou26.com/" }, "geometry": { "type": "Point", "coordinates": [ 135.711297599999966, 34.9376427 ] } },
{ "type": "Feature", "properties": { "内容": "訪問介護事業所ハナミズキ【訪問介護】京都府向日市物集女町南条１６第一向日ハイツ102号", "url": "https://www.kaigokensaku.mhlw.go.jp/26/index.php?action_kouhyou_detail_004_kani=true&JigyosyoCd=2673100190-00&ServiceCd=110&Type=search", "url2": null }, "geometry": { "type": "Point", "coordinates": [ 135.698253524775708, 34.956809749308398 ] } },
{ "type": "Feature", "properties": { "内容": "ヘルパーステーションライフアーチ【訪問介護】京都府向日市寺戸町西野辺２６－１０", "url": "https://www.kaigokensaku.mhlw.go.jp/26/index.php?action_kouhyou_detail_004_kani=true&JigyosyoCd=2673100414-00&ServiceCd=110&Type=search", "url2": null }, "geometry": { "type": "Point", "coordinates": [ 135.7030646, 34.9489572 ] } },
{ "type": "Feature", "properties": { "内容": "介護サービスステーションこころ【訪問介護】京都府向日市上植野町吉備寺8番地パネフリ第二ビル4Ｆ", "url": "https://www.kaigokensaku.mhlw.go.jp/26/index.php?action_kouhyou_detail_004_kani=true&JigyosyoCd=2673100125-00&ServiceCd=110&Type=search", "url2": "https://kaigo-cocoro.com/" }, "geometry": { "type": "Point", "coordinates": [ 135.702083718046538, 34.933878155089602 ] } },
{ "type": "Feature", "properties": { "内容": "合同会社　仲善【訪問介護】京都府向日市寺戸町初田１石井マンション101", "url": "https://www.kaigokensaku.mhlw.go.jp/26/index.php?action_kouhyou_detail_004_kani=true&JigyosyoCd=2673100430-00&ServiceCd=110&Type=search", "url2": null }, "geometry": { "type": "Point", "coordinates": [ 135.701569, 34.9517425 ] } },
{ "type": "Feature", "properties": { "内容": "訪問介護事業所　にこにこハウス【訪問介護】京都府向日市物集女町坂本12-1,12-2キャッスルササイ101号室", "url": "https://www.kaigokensaku.mhlw.go.jp/26/index.php?action_kouhyou_detail_004_kani=true&JigyosyoCd=2673100349-00&ServiceCd=110&Type=search", "url2": null }, "geometry": { "type": "Point", "coordinates": [ 135.7036283, 34.9479727 ] } },
{ "type": "Feature", "properties": { "内容": "しあわせヘルパーステーション【訪問介護】向日市上植野町樋爪８－１９", "url": "https://www.kaigokensaku.mhlw.go.jp/26/index.php?action_kouhyou_detail_004_kani=true&JigyosyoCd=2673100208-00&ServiceCd=110&Type=search", "url2": null }, "geometry": { "type": "Point", "coordinates": [ 135.709384440475446, 34.933447232631934 ] } },
{ "type": "Feature", "properties": { "内容": "訪問介護ステーション　サンフラワー【訪問介護】京都府向日市物集女町森ノ下１２番地１", "url": "https://www.kaigokensaku.mhlw.go.jp/26/index.php?action_kouhyou_detail_004_kani=true&JigyosyoCd=2673100133-00&ServiceCd=110&Type=search", "url2": "http://www.sgarden.or.jp" }, "geometry": { "type": "Point", "coordinates": [ 135.69982159999995, 34.962987 ] } },
{ "type": "Feature", "properties": { "内容": "乙訓医療生活協同組合医誠会訪問介護ステーション【訪問介護】京都府向日市寺戸町殿長37番地", "url": "https://www.kaigokensaku.mhlw.go.jp/26/index.php?action_kouhyou_detail_004_kani=true&JigyosyoCd=2613100656-00&ServiceCd=110&Type=search", "url2": "http://www.otokuni-hcoop.com/" }, "geometry": { "type": "Point", "coordinates": [ 135.700314891401632, 34.950337170457502 ] } },
{ "type": "Feature", "properties": { "内容": "向日市社協ホームヘルプセンター【訪問介護】京都府向日市寺戸町西野辺1番地の7向日市福祉会館", "url": "https://www.kaigokensaku.mhlw.go.jp/26/index.php?action_kouhyou_detail_004_kani=true&JigyosyoCd=2673100026-00&ServiceCd=110&Type=search", "url2": "http://www.muko-shakyo.or.jp" }, "geometry": { "type": "Point", "coordinates": [ 135.700071100000059, 34.948269 ] } },
{ "type": "Feature", "properties": { "内容": "ニチイケアセンター　向日町【訪問介護】京都府向日市寺戸町渋川２２三恵マンション　TEー１０５号室", "url": "https://www.kaigokensaku.mhlw.go.jp/26/index.php?action_kouhyou_detail_004_kani=true&JigyosyoCd=2673100398-00&ServiceCd=110&Type=search", "url2": "http://www.nichiigakkan.co.jp" }, "geometry": { "type": "Point", "coordinates": [ 135.707937, 34.951771 ] } },
{ "type": "Feature", "properties": { "内容": "ヘルパーステーション　ヴィケア【訪問介護】京都府向日市寺戸町向畑５３番地４２", "url": "https://www.kaigokensaku.mhlw.go.jp/26/index.php?action_kouhyou_detail_004_kani=true&JigyosyoCd=2673100109-00&ServiceCd=110&Type=search", "url2": "http://www.vcare.co.jp" }, "geometry": { "type": "Point", "coordinates": [ 135.700603938037148, 34.95357717242829 ] } },
{ "type": "Feature", "properties": { "内容": "訪問介護ステーション　ブライト【訪問介護】上植野町南淀井3-5", "url": "https://www.kaigokensaku.mhlw.go.jp/26/index.php?action_kouhyou_detail_004_kani=true&JigyosyoCd=2673100406-00&ServiceCd=110&Type=search", "url2": null }, "geometry": { "type": "Point", "coordinates": [ 135.7121071, 34.9308065 ] } },
{ "type": "Feature", "properties": { "内容": "ＳＯＭＰＯケア　京都東向日　訪問介護【訪問介護】京都府向日市寺戸町殿長15-1", "url": "https://www.kaigokensaku.mhlw.go.jp/26/index.php?action_kouhyou_detail_004_kani=true&JigyosyoCd=2673100323-00&ServiceCd=110&Type=search", "url2": "https://www.sompocare.com/service/home/satsuki/H000313" }, "geometry": { "type": "Point", "coordinates": [ 135.702826499999986, 34.9513077 ] } },
{ "type": "Feature", "properties": { "内容": "学研ココファン西向日ヘルパーセンター【訪問介護】京都府向日市上植野町堂ノ前1-4ココファン西向日", "url": "https://www.kaigokensaku.mhlw.go.jp/26/index.php?action_kouhyou_detail_004_kani=true&JigyosyoCd=2673100448-00&ServiceCd=110&Type=search", "url2": null }, "geometry": { "type": "Point", "coordinates": [ 135.703406699999988, 34.9332878 ] } },
{ "type": "Feature", "properties": { "内容": "有限会社　正光【訪問介護】京都府向日市寺戸町笹屋20番19", "url": "https://www.kaigokensaku.mhlw.go.jp/26/index.php?action_kouhyou_detail_004_kani=true&JigyosyoCd=2673100083-00&ServiceCd=110&Type=search", "url2": null }, "geometry": { "type": "Point", "coordinates": [ 135.702448900000036, 34.9562877 ] } },
{ "type": "Feature", "properties": { "内容": "プラチナ・訪問介護ステーション京都長岡京【訪問介護】京都府長岡京市天神1丁目19番5号", "url": "https://www.kaigokensaku.mhlw.go.jp/26/index.php?action_kouhyou_detail_004_kani=true&JigyosyoCd=2673000465-00&ServiceCd=110&Type=search", "url2": "http://www.lakes21.co.jp" }, "geometry": { "type": "Point", "coordinates": [ 135.690406241316396, 34.923331394427564 ] } },
{ "type": "Feature", "properties": { "内容": "ヘルパーステーションファミエ【訪問介護】京都府長岡京市長岡一丁目8番6号パルデンス長岡京101号室", "url": "https://www.kaigokensaku.mhlw.go.jp/26/index.php?action_kouhyou_detail_004_kani=true&JigyosyoCd=2673000762-00&ServiceCd=110&Type=search", "url2": "https://hsfamie.wixsite.com/my-site" }, "geometry": { "type": "Point", "coordinates": [ 135.69433380000001, 34.9286438 ] } },
{ "type": "Feature", "properties": { "内容": "ヘルパーステーションスイート乙訓【訪問介護】京都府長岡京市野添2丁目13-1アルカサール幸101号室", "url": "https://www.kaigokensaku.mhlw.go.jp/26/index.php?action_kouhyou_detail_004_kani=true&JigyosyoCd=2673000838-00&ServiceCd=110&Type=search", "url2": null }, "geometry": { "type": "Point", "coordinates": [ 135.6953149, 34.9341571 ] } },
{ "type": "Feature", "properties": { "内容": "ほうもんかいごじぎょうしょだんらん【訪問介護】長岡京市今里一丁目2-24", "url": "https://www.kaigokensaku.mhlw.go.jp/26/index.php?action_kouhyou_detail_004_kani=true&JigyosyoCd=2673000408-00&ServiceCd=110&Type=search", "url2": null }, "geometry": { "type": "Point", "coordinates": [ 135.6912778, 34.933143 ] } },
{ "type": "Feature", "properties": { "内容": "乙訓訪問介護事業所【訪問介護】京都府長岡京市井ノ内小西47", "url": "https://www.kaigokensaku.mhlw.go.jp/26/index.php?action_kouhyou_detail_004_kani=true&JigyosyoCd=2673000010-00&ServiceCd=110&Type=search", "url2": null }, "geometry": { "type": "Point", "coordinates": [ 135.68555098678587, 34.941641175567575 ] } },
{ "type": "Feature", "properties": { "内容": "訪問介護ステーションアゼリア【訪問介護】京都府長岡京市友岡4丁目20番15号", "url": "https://www.kaigokensaku.mhlw.go.jp/26/index.php?action_kouhyou_detail_004_kani=true&JigyosyoCd=2663090021-00&ServiceCd=110&Type=search", "url2": "http://www.nagaoka.or.jp/" }, "geometry": { "type": "Point", "coordinates": [ 135.691685099999972, 34.918159199999984 ] } },
{ "type": "Feature", "properties": { "内容": "社会福祉法人海印寺徳寿会竹の里ホーム訪問介護事業所【訪問介護】京都府長岡京市奥海印寺走田1-1", "url": "https://www.kaigokensaku.mhlw.go.jp/26/index.php?action_kouhyou_detail_004_kani=true&JigyosyoCd=2673000044-00&ServiceCd=110&Type=search", "url2": "http://www.takenosato-home.com/" }, "geometry": { "type": "Point", "coordinates": [ 135.675653799999964, 34.9273621 ] } },
{ "type": "Feature", "properties": { "内容": "ニチイケアセンター長岡京【訪問介護】京都府長岡京市神足芝本４", "url": "https://www.kaigokensaku.mhlw.go.jp/26/index.php?action_kouhyou_detail_004_kani=true&JigyosyoCd=2673000069-00&ServiceCd=110&Type=search", "url2": null }, "geometry": { "type": "Point", "coordinates": [ 135.704939800000034, 34.9226052 ] } },
{ "type": "Feature", "properties": { "内容": "ケア21長岡天神【訪問介護】京都府長岡京市天神1-1-37アゼリア館西側1階", "url": "https://www.kaigokensaku.mhlw.go.jp/26/index.php?action_kouhyou_detail_004_kani=true&JigyosyoCd=2673000648-00&ServiceCd=110&Type=search", "url2": null }, "geometry": { "type": "Point", "coordinates": [ 135.6911121, 34.9261445 ] } },
{ "type": "Feature", "properties": { "内容": "ニチイケアセンター長岡天神【訪問介護】京都府長岡京市長岡1丁目8-7ベルメゾンナカムラ102号室", "url": "https://www.kaigokensaku.mhlw.go.jp/26/index.php?action_kouhyou_detail_004_kani=true&JigyosyoCd=2673000663-00&ServiceCd=110&Type=search", "url2": null }, "geometry": { "type": "Point", "coordinates": [ 135.6944866, 34.9286293 ] } },
{ "type": "Feature", "properties": { "内容": "訪問介護　手と手【訪問介護】京都府長岡京市野添2丁目10-3", "url": "https://www.kaigokensaku.mhlw.go.jp/26/index.php?action_kouhyou_detail_004_kani=true&JigyosyoCd=2673000697-00&ServiceCd=110&Type=search", "url2": "https://tetotehoumon.com" }, "geometry": { "type": "Point", "coordinates": [ 135.693293399999988, 34.9345059 ] } },
{ "type": "Feature", "properties": { "内容": "エルケア株式会社エルケア長岡京ケアセンター【訪問介護】京都府長岡京市馬場一丁目１－４１ハイツハーベスト１０２", "url": "https://www.kaigokensaku.mhlw.go.jp/26/index.php?action_kouhyou_detail_004_kani=true&JigyosyoCd=2673000564-00&ServiceCd=110&Type=search", "url2": "https://www.l-care.jp/" }, "geometry": { "type": "Point", "coordinates": [ 135.699659800000063, 34.9263684 ] } },
{ "type": "Feature", "properties": { "内容": "ＮＰＯ法人　ネットワークすてっぷ　訪問介護事業所【訪問介護】京都府長岡京市河陽が丘一丁目8番地の4", "url": "https://www.kaigokensaku.mhlw.go.jp/26/index.php?action_kouhyou_detail_004_kani=true&JigyosyoCd=2673000226-00&ServiceCd=110&Type=search", "url2": "http://www." }, "geometry": { "type": "Point", "coordinates": [ 135.6742567, 34.925965 ] } },
{ "type": "Feature", "properties": { "内容": "せんしゅんかい訪問介護センター西山天王山【訪問介護】長岡京市友岡川原25-3", "url": "https://www.kaigokensaku.mhlw.go.jp/26/index.php?action_kouhyou_detail_004_kani=true&JigyosyoCd=2613000575-00&ServiceCd=110&Type=search", "url2": "http://www.senshunkai.or.jp" }, "geometry": { "type": "Point", "coordinates": [ 135.687640786614793, 34.91363077657013 ] } },
{ "type": "Feature", "properties": { "内容": "訪問介護事業所フルライフケア長岡京【訪問介護】京都府長岡京市開田４丁目22番22号アグラード長岡京201号室", "url": "https://www.kaigokensaku.mhlw.go.jp/26/index.php?action_kouhyou_detail_004_kani=true&JigyosyoCd=2673000770-00&ServiceCd=110&Type=search", "url2": null }, "geometry": { "type": "Point", "coordinates": [ 135.693246888802094, 34.922051275263563 ] } },
{ "type": "Feature", "properties": { "内容": "長岡京ケアハートガーデン　訪問介護事業所「西山の郷」【訪問介護】京都府長岡京市奥海印寺多貝垣外17-1長岡京ケアハートガーデン", "url": "https://www.kaigokensaku.mhlw.go.jp/26/index.php?action_kouhyou_detail_004_kani=true&JigyosyoCd=2673000887-00&ServiceCd=110&Type=search", "url2": "http://www.carehaert-gaden.com" }, "geometry": { "type": "Point", "coordinates": [ 135.676416998147573, 34.9227979425225 ] } },
{ "type": "Feature", "properties": { "内容": "株式会社　はあーと介護サービス【訪問介護】京都府長岡京市長法寺祭ノ神３－１－２", "url": "https://www.kaigokensaku.mhlw.go.jp/26/index.php?action_kouhyou_detail_004_kani=true&JigyosyoCd=2673000325-00&ServiceCd=110&Type=search", "url2": null }, "geometry": { "type": "Point", "coordinates": [ 135.679171822090211, 34.933265502145439 ] } },
{ "type": "Feature", "properties": { "内容": "さがの福寿苑ケアサービス【訪問介護】京都府長岡京市勝竜寺二ノ坪16－1", "url": "https://www.kaigokensaku.mhlw.go.jp/26/index.php?action_kouhyou_detail_004_kani=true&JigyosyoCd=2673000754-00&ServiceCd=110&Type=search", "url2": null }, "geometry": { "type": "Point", "coordinates": [ 135.7023729, 34.911310600000043 ] } },
{ "type": "Feature", "properties": { "内容": "ニチイライフケア長岡京訪問介護事業所【訪問介護】京都府長岡京市今里更ノ町18ニチイメゾン長岡京", "url": "https://www.kaigokensaku.mhlw.go.jp/26/index.php?action_kouhyou_detail_004_kani=true&JigyosyoCd=2673000820-00&ServiceCd=110&Type=search", "url2": "https://www.nichii-carepalace.co.jp/" }, "geometry": { "type": "Point", "coordinates": [ 135.693201, 34.9404185 ] } },
{ "type": "Feature", "properties": { "内容": "まどか訪問サービスステーション【訪問介護】京都府長岡京市粟生梶ケ前25番地2", "url": "https://www.kaigokensaku.mhlw.go.jp/26/index.php?action_kouhyou_detail_004_kani=true&JigyosyoCd=2673100281-00&ServiceCd=110&Type=search", "url2": "まどかウェルフェア.com/" }, "geometry": { "type": "Point", "coordinates": [ 135.679430599999989, 34.9359642 ] } },
{ "type": "Feature", "properties": { "内容": "せーのへるぱーじぎょうしょ【訪問介護】馬場２丁目１－１２大橋ハイツB号室", "url": "https://www.kaigokensaku.mhlw.go.jp/26/index.php?action_kouhyou_detail_004_kani=true&JigyosyoCd=2673000630-00&ServiceCd=110&Type=search", "url2": null }, "geometry": { "type": "Point", "coordinates": [ 139.648365099999978, 35.5059206 ] } },
{ "type": "Feature", "properties": { "内容": "らいふ長岡天神【訪問介護】京都府長岡京市奥海印寺岡本３－９", "url": "https://www.kaigokensaku.mhlw.go.jp/26/index.php?action_kouhyou_detail_004_kani=true&JigyosyoCd=2673000804-00&ServiceCd=110&Type=search", "url2": "https://kaigo.lifeyouth.co.jp" }, "geometry": { "type": "Point", "coordinates": [ 135.680169799999987, 34.9219632 ] } },
{ "type": "Feature", "properties": { "内容": "きょうと福祉倶楽部【訪問介護】京都府長岡京市天神4－7－12ハイツ東台101", "url": "https://www.kaigokensaku.mhlw.go.jp/26/index.php?action_kouhyou_detail_004_kani=true&JigyosyoCd=2673000234-00&ServiceCd=110&Type=search", "url2": "http://www.fukushi-club.com/" }, "geometry": { "type": "Point", "coordinates": [ 135.684901299999979, 34.927986200000014 ] } },
{ "type": "Feature", "properties": { "内容": "社会福祉法人　長岡京社会福祉協議会きりしま苑【訪問介護】京都府長岡京市東神足2-15-2", "url": "https://www.kaigokensaku.mhlw.go.jp/26/index.php?action_kouhyou_detail_004_kani=true&JigyosyoCd=2673000028-00&ServiceCd=110&Type=search", "url2": "http://www.nagaokakyo-shakyo.jp" }, "geometry": { "type": "Point", "coordinates": [ 135.7027845, 34.9200414 ] } },
{ "type": "Feature", "properties": { "内容": "訪問介護まごのて長岡京【訪問介護】京都府長岡京市今里川原7-55", "url": "https://www.kaigokensaku.mhlw.go.jp/26/index.php?action_kouhyou_detail_004_kani=true&JigyosyoCd=2673000812-00&ServiceCd=110&Type=search", "url2": "https://kyoto-orange.care" }, "geometry": { "type": "Point", "coordinates": [ 135.698640002516214, 34.937732074710041 ] } },
{ "type": "Feature", "properties": { "内容": "訪問介護ステーション　わびすけ【訪問介護】京都府八幡市男山松里15-15-103小林店舗", "url": "https://www.kaigokensaku.mhlw.go.jp/26/index.php?action_kouhyou_detail_004_kani=true&JigyosyoCd=2672900483-00&ServiceCd=110&Type=search", "url2": "http://wabiuske-kaigo.com" }, "geometry": { "type": "Point", "coordinates": [ 135.696330664418042, 34.853621012717625 ] } },
{ "type": "Feature", "properties": { "内容": "訪問介護リベル京都南【訪問介護】京都府八幡市八幡月夜田79-3ホスピス対応型住宅リベル京都南111号、112号", "url": "https://www.kaigokensaku.mhlw.go.jp/26/index.php?action_kouhyou_detail_004_kani=true&JigyosyoCd=2672900533-00&ServiceCd=110&Type=search", "url2": "http://www.libercare.jp" }, "geometry": { "type": "Point", "coordinates": [ 135.7052372, 34.8615674 ] } },
{ "type": "Feature", "properties": { "内容": "ツクイ京都男山【訪問介護】京都府八幡市男山八望3-1B４７棟　105号室", "url": "https://www.kaigokensaku.mhlw.go.jp/26/index.php?action_kouhyou_detail_004_kani=true&JigyosyoCd=2672900517-00&ServiceCd=110&Type=search", "url2": "http：/www.tsukui.net" }, "geometry": { "type": "Point", "coordinates": [ 135.6977489, 34.8628493 ] } },
{ "type": "Feature", "properties": { "内容": "医療法人社団医聖会　ヘルパーステーションさくら【訪問介護】京都府八幡市八幡月夜田39番地1　第２清水ハウス１０２号室", "url": "https://www.kaigokensaku.mhlw.go.jp/26/index.php?action_kouhyou_detail_004_kani=true&JigyosyoCd=2672900467-00&ServiceCd=110&Type=search", "url2": "http://www.iseikai.jp" }, "geometry": { "type": "Point", "coordinates": [ 135.70358, 34.8623812 ] } },
{ "type": "Feature", "properties": { "内容": "株式会社　サンてらす【訪問介護】京都府八幡市八幡科手30番4", "url": "https://www.kaigokensaku.mhlw.go.jp/26/index.php?action_kouhyou_detail_004_kani=true&JigyosyoCd=2672900129-00&ServiceCd=110&Type=search", "url2": "http://santerasu.com/" }, "geometry": { "type": "Point", "coordinates": [ 135.69823046798399, 34.886486798196628 ] } },
{ "type": "Feature", "properties": { "内容": "ホームヘルパーステーションやまばと【訪問介護】京都府八幡市男山金振２４－１", "url": "https://www.kaigokensaku.mhlw.go.jp/26/index.php?action_kouhyou_detail_004_kani=true&JigyosyoCd=2672900012-00&ServiceCd=110&Type=search", "url2": "http://ymbt-ds.jp/yamabato/" }, "geometry": { "type": "Point", "coordinates": [ 135.693522700000017, 34.8567922 ] } },
{ "type": "Feature", "properties": { "内容": "ニチイケアセンター京都八幡【訪問介護】京都府八幡市八幡土井29第3オクセビル1階", "url": "https://www.kaigokensaku.mhlw.go.jp/26/index.php?action_kouhyou_detail_004_kani=true&JigyosyoCd=2672900418-00&ServiceCd=110&Type=search", "url2": "http://www.nichiigakkan.co.jp/" }, "geometry": { "type": "Point", "coordinates": [ 135.702926700000035, 34.8847815 ] } },
{ "type": "Feature", "properties": { "内容": "医療法人昭洋会ヘルパーステーション【訪問介護】京都府八幡市八幡山柴17番地", "url": "https://www.kaigokensaku.mhlw.go.jp/26/index.php?action_kouhyou_detail_004_kani=true&JigyosyoCd=2612900932-00&ServiceCd=110&Type=search", "url2": "https://nakamura-med.com/" }, "geometry": { "type": "Point", "coordinates": [ 135.704035299999987, 34.8817118 ] } },
{ "type": "Feature", "properties": { "内容": "社会福祉法人　八幡市社会福祉協議会ホームヘルパーステーション【訪問介護】八幡市八幡東浦５番地", "url": "https://www.kaigokensaku.mhlw.go.jp/26/index.php?action_kouhyou_detail_004_kani=true&JigyosyoCd=2672900061-00&ServiceCd=110&Type=search", "url2": "http://www.yawata-shakyo.or.jp" }, "geometry": { "type": "Point", "coordinates": [ 135.713436799999954, 34.8802021 ] } },
{ "type": "Feature", "properties": { "内容": "京都ひまわり園【訪問介護】京都府八幡市八幡清水井24番地", "url": "https://www.kaigokensaku.mhlw.go.jp/26/index.php?action_kouhyou_detail_004_kani=true&JigyosyoCd=2672900046-00&ServiceCd=110&Type=search", "url2": "http://www.ws-kyoto.jp" }, "geometry": { "type": "Point", "coordinates": [ 135.701479899999981, 34.8714691 ] } },
{ "type": "Feature", "properties": { "内容": "美杉会ホームヘルパーステーション男山【訪問介護】京都府八幡市男山泉19男山病院", "url": "https://www.kaigokensaku.mhlw.go.jp/26/index.php?action_kouhyou_detail_004_kani=true&JigyosyoCd=2672900368-00&ServiceCd=110&Type=search", "url2": "http://www.misugikai.jp" }, "geometry": { "type": "Point", "coordinates": [ 135.693811500000038, 34.8616585 ] } },
{ "type": "Feature", "properties": { "内容": "ヘルパーステーション　あさがお【訪問介護】京都府八幡市八幡千束　13", "url": "https://www.kaigokensaku.mhlw.go.jp/26/index.php?action_kouhyou_detail_004_kani=true&JigyosyoCd=2672900384-00&ServiceCd=110&Type=search", "url2": null }, "geometry": { "type": "Point", "coordinates": [ 135.704468200000065, 34.8849593 ] } },
{ "type": "Feature", "properties": { "内容": "有限会社　初メ【訪問介護】京都府　京田辺市　三山木　初メ23番地", "url": "https://www.kaigokensaku.mhlw.go.jp/26/index.php?action_kouhyou_detail_004_kani=true&JigyosyoCd=2673200255-00&ServiceCd=110&Type=search", "url2": "http://www." }, "geometry": { "type": "Point", "coordinates": [ 135.781880099999967, 34.7996408 ] } },
{ "type": "Feature", "properties": { "内容": "ケアサポートまもり【訪問介護】京都府京田辺市草内禅定寺18-32", "url": "https://www.kaigokensaku.mhlw.go.jp/26/index.php?action_kouhyou_detail_004_kani=true&JigyosyoCd=2673200529-00&ServiceCd=110&Type=search", "url2": "https://mamori-care.com/" }, "geometry": { "type": "Point", "coordinates": [ 135.7870849, 34.8201075 ] } },
{ "type": "Feature", "properties": { "内容": "ヘルパーステーションすずらん【訪問介護】田辺十曽２５－４", "url": "https://www.kaigokensaku.mhlw.go.jp/26/index.php?action_kouhyou_detail_004_kani=true&JigyosyoCd=2673200453-00&ServiceCd=110&Type=search", "url2": null }, "geometry": { "type": "Point", "coordinates": [ 135.7712596, 34.823336 ] } },
{ "type": "Feature", "properties": { "内容": "あっぷらいぶりーケアサービス【訪問介護】京都府京田辺市松井ケ丘1丁目2番6号", "url": "https://www.kaigokensaku.mhlw.go.jp/26/index.php?action_kouhyou_detail_004_kani=true&JigyosyoCd=2673200552-00&ServiceCd=110&Type=search", "url2": "https://hs-wiz.jp" }, "geometry": { "type": "Point", "coordinates": [ 135.731332900000012, 34.8309911 ] } },
{ "type": "Feature", "properties": { "内容": "医療法人啓信会ヘルパーステーションリエゾン健康村【訪問介護】京都府京田辺市草内大切26-2", "url": "https://www.kaigokensaku.mhlw.go.jp/26/index.php?action_kouhyou_detail_004_kani=true&JigyosyoCd=2673200347-00&ServiceCd=110&Type=search", "url2": "http://www.kyoto-keishinkai.or.jp/" }, "geometry": { "type": "Point", "coordinates": [ 135.779491099999973, 34.8143867 ] } },
{ "type": "Feature", "properties": { "内容": "医療法人社団　石鎚会　訪問介護センター　やすらぎ【訪問介護】京都府京田辺市三山木中央三丁目3番地5", "url": "https://www.kaigokensaku.mhlw.go.jp/26/index.php?action_kouhyou_detail_004_kani=true&JigyosyoCd=2673200388-00&ServiceCd=110&Type=search", "url2": "http://www.sekitetsukai.kyoto/" }, "geometry": { "type": "Point", "coordinates": [ 135.786373081770876, 34.796260275461982 ] } },
{ "type": "Feature", "properties": { "内容": "京田辺市社会福祉協議会ホームヘルプセンター【訪問介護】京都府京田辺市興戸犬伏5番地の8", "url": "https://www.kaigokensaku.mhlw.go.jp/26/index.php?action_kouhyou_detail_004_kani=true&JigyosyoCd=2673200107-00&ServiceCd=110&Type=search", "url2": "http://www.kyotanabesyakyou.com" }, "geometry": { "type": "Point", "coordinates": [ 135.772338799999943, 34.813059 ] } },
{ "type": "Feature", "properties": { "内容": "サンワセイフティー京鈴【訪問介護】京都府京田辺市宮津西浦１番地", "url": "https://www.kaigokensaku.mhlw.go.jp/26/index.php?action_kouhyou_detail_004_kani=true&JigyosyoCd=2673200230-00&ServiceCd=110&Type=search", "url2": "https://www.kyosuzu.com" }, "geometry": { "type": "Point", "coordinates": [ 135.784028207636993, 34.79001937043823 ] } },
{ "type": "Feature", "properties": { "内容": "ヘルパーステーション九十九園【訪問介護】京都府京田辺市大住池平99番1", "url": "https://www.kaigokensaku.mhlw.go.jp/26/index.php?action_kouhyou_detail_004_kani=true&JigyosyoCd=2673200032-00&ServiceCd=110&Type=search", "url2": "http://www.tsukumo-en.or.jp" }, "geometry": { "type": "Point", "coordinates": [ 135.740963500000021, 34.8390539 ] } },
{ "type": "Feature", "properties": { "内容": "ニチイケアセンタ－京田辺【訪問介護】京都府京田辺市興戸北落延44-1", "url": "https://www.kaigokensaku.mhlw.go.jp/26/index.php?action_kouhyou_detail_004_kani=true&JigyosyoCd=2673200214-00&ServiceCd=110&Type=search", "url2": null }, "geometry": { "type": "Point", "coordinates": [ 135.781540616802204, 34.807992862645051 ] } },
{ "type": "Feature", "properties": { "内容": "訪問介護事業所レスタート【訪問介護】京都府京田辺市大住ケ丘三丁目１１番地１", "url": "https://www.kaigokensaku.mhlw.go.jp/26/index.php?action_kouhyou_detail_004_kani=true&JigyosyoCd=2673200479-00&ServiceCd=110&Type=search", "url2": "https://restart.town/" }, "geometry": { "type": "Point", "coordinates": [ 135.74115286502834, 34.831487705054698 ] } },
{ "type": "Feature", "properties": { "内容": "ヘルパーステーション　スイート新田辺【訪問介護】京都府京田辺市田辺中央1丁目1番地10ＲＥＦＬＥＴ1ＳＴ　302号", "url": "https://www.kaigokensaku.mhlw.go.jp/26/index.php?action_kouhyou_detail_004_kani=true&JigyosyoCd=2673200511-00&ServiceCd=110&Type=search", "url2": null }, "geometry": { "type": "Point", "coordinates": [ 135.7713522, 34.8204382 ] } },
{ "type": "Feature", "properties": { "内容": "ヘルパーステーションクレイン【訪問介護】京都府京田辺市三山木西ノ河原57番地3カルチェヴィラ吉勇207", "url": "https://www.kaigokensaku.mhlw.go.jp/26/index.php?action_kouhyou_detail_004_kani=true&JigyosyoCd=2673200545-00&ServiceCd=110&Type=search", "url2": "http://hp.kaipoke.biz/d5c/" }, "geometry": { "type": "Point", "coordinates": [ 135.779174899999987, 34.8016274 ] } },
{ "type": "Feature", "properties": { "内容": "訪問介護　和　京田辺【訪問介護】京都府京田辺市大住関屋31-4喜多源第一マンション3-21号室", "url": "https://www.kaigokensaku.mhlw.go.jp/26/index.php?action_kouhyou_detail_004_kani=true&JigyosyoCd=2673200560-00&ServiceCd=110&Type=search", "url2": null }, "geometry": { "type": "Point", "coordinates": [ 135.7547114, 34.8290397 ] } },
{ "type": "Feature", "properties": { "内容": "訪問介護事業所らせな【訪問介護】京都府京田辺市草内大切47ジュネス・ドヌール203号", "url": "https://www.kaigokensaku.mhlw.go.jp/26/index.php?action_kouhyou_detail_004_kani=true&JigyosyoCd=2673200495-00&ServiceCd=110&Type=search", "url2": "https://dst48.jp/" }, "geometry": { "type": "Point", "coordinates": [ 135.780189799999988, 34.8139097 ] } },
{ "type": "Feature", "properties": { "内容": "ＪＡ京都やましろ介護サービスセンター【訪問介護】京都府京田辺市草内宮ノ後３８番地１", "url": "https://www.kaigokensaku.mhlw.go.jp/26/index.php?action_kouhyou_detail_004_kani=true&JigyosyoCd=2673200164-00&ServiceCd=110&Type=search", "url2": null }, "geometry": { "type": "Point", "coordinates": [ 135.78613797974495, 34.812820189244555 ] } },
{ "type": "Feature", "properties": { "内容": "訪問介護＆移送サービス花ちゃん【訪問介護】京都府京丹後市大宮町久住６８５－１", "url": "https://www.kaigokensaku.mhlw.go.jp/26/index.php?action_kouhyou_detail_004_kani=true&JigyosyoCd=2673300311-00&ServiceCd=110&Type=search", "url2": null }, "geometry": { "type": "Point", "coordinates": [ 135.131514399999986, 35.6157791 ] } },
{ "type": "Feature", "properties": { "内容": "海山園ヘルパーステーション【訪問介護】京都府京丹後市久美浜町湊宮467-60", "url": "https://www.kaigokensaku.mhlw.go.jp/26/index.php?action_kouhyou_detail_004_kani=true&JigyosyoCd=2672400062-00&ServiceCd=110&Type=search", "url2": "http://taiyoufukushikai.jp/" }, "geometry": { "type": "Point", "coordinates": [ 134.925792, 35.6416938 ] } },
{ "type": "Feature", "properties": { "内容": "丹後園ホームヘルプセンター【訪問介護】京都府京丹後市網野町木津225番地の２", "url": "https://www.kaigokensaku.mhlw.go.jp/26/index.php?action_kouhyou_detail_004_kani=true&JigyosyoCd=2672300023-00&ServiceCd=110&Type=search", "url2": "https://tangoen.net/" }, "geometry": { "type": "Point", "coordinates": [ 134.965074299999969, 35.6558295 ] } },
{ "type": "Feature", "properties": { "内容": "訪問介護満寿園【訪問介護】京都府京丹後市弥栄町溝谷39番地の6外村満寿園内", "url": "https://www.kaigokensaku.mhlw.go.jp/26/index.php?action_kouhyou_detail_004_kani=true&JigyosyoCd=2673300204-00&ServiceCd=110&Type=search", "url2": "http://www.ashiginu.or.jp/" }, "geometry": { "type": "Point", "coordinates": [ 135.116365666270411, 35.654871988590891 ] } },
{ "type": "Feature", "properties": { "内容": "社会福祉法人京丹後市社会福祉協議会久美浜支所【訪問介護】京都府京丹後市久美浜町８１４番地京丹後市久美浜庁舎内", "url": "https://www.kaigokensaku.mhlw.go.jp/26/index.php?action_kouhyou_detail_004_kani=true&JigyosyoCd=2673300063-00&ServiceCd=110&Type=search", "url2": null }, "geometry": { "type": "Point", "coordinates": [ 134.894996699999979, 35.6034333 ] } },
{ "type": "Feature", "properties": { "内容": "総合老人福祉施設はごろも苑【訪問介護】京都府京丹後市峰山町長岡2093", "url": "https://www.kaigokensaku.mhlw.go.jp/26/index.php?action_kouhyou_detail_004_kani=true&JigyosyoCd=2672200017-00&ServiceCd=110&Type=search", "url2": "http://www.mineyama-fukusikai.jp/" }, "geometry": { "type": "Point", "coordinates": [ 135.066171220203046, 35.5969304274495 ] } },
{ "type": "Feature", "properties": { "内容": "ホームヘルプセンターおおみや苑【訪問介護】京丹後市大宮町口大野295番地", "url": "https://www.kaigokensaku.mhlw.go.jp/26/index.php?action_kouhyou_detail_004_kani=true&JigyosyoCd=2672200025-00&ServiceCd=110&Type=search", "url2": "http://www.oomiyaen.com" }, "geometry": { "type": "Point", "coordinates": [ 135.0827663, 35.5919342 ] } },
{ "type": "Feature", "properties": { "内容": "株式会社　きのこ　訪問介護事業所【訪問介護】京都府京丹後市弥栄町鳥取1900", "url": "https://www.kaigokensaku.mhlw.go.jp/26/index.php?action_kouhyou_detail_004_kani=true&JigyosyoCd=2673300360-00&ServiceCd=110&Type=search", "url2": null }, "geometry": { "type": "Point", "coordinates": [ 135.076716299999987, 35.6770912 ] } },
{ "type": "Feature", "properties": { "内容": "ヘルパーステーション　長生園【訪問介護】京都府南丹市園部町上木崎町坪ノ内19番地", "url": "https://www.kaigokensaku.mhlw.go.jp/26/index.php?action_kouhyou_detail_004_kani=true&JigyosyoCd=2671500102-00&ServiceCd=110&Type=search", "url2": "http://www.choseien.com" }, "geometry": { "type": "Point", "coordinates": [ 135.472361699999965, 35.1156483 ] } },
{ "type": "Feature", "properties": { "内容": "訪問介護事業所ふぁいと【訪問介護】京都府南丹市園部町新町16番地", "url": "https://www.kaigokensaku.mhlw.go.jp/26/index.php?action_kouhyou_detail_004_kani=true&JigyosyoCd=2673400186-00&ServiceCd=110&Type=search", "url2": null }, "geometry": { "type": "Point", "coordinates": [ 135.477483799999959, 35.1097518 ] } },
{ "type": "Feature", "properties": { "内容": "ほほえみ八木　訪問介護事業所【訪問介護】京都府南丹市八木町西田山崎17番地", "url": "https://www.kaigokensaku.mhlw.go.jp/26/index.php?action_kouhyou_detail_004_kani=true&JigyosyoCd=2673400038-00&ServiceCd=110&Type=search", "url2": "http://care-net.biz/26/nantanshakyo/" }, "geometry": { "type": "Point", "coordinates": [ 135.540837300000021, 35.0774863 ] } },
{ "type": "Feature", "properties": { "内容": "ほほえみかぐら訪問介護事業所【訪問介護】京都府南丹市日吉町保野田垣ノ内6番地4", "url": "https://www.kaigokensaku.mhlw.go.jp/26/index.php?action_kouhyou_detail_004_kani=true&JigyosyoCd=2673400053-00&ServiceCd=110&Type=search", "url2": "http://care-net.biz/26/nantanshakyo/" }, "geometry": { "type": "Point", "coordinates": [ 135.499776600000018, 35.164828900000018 ] } },
{ "type": "Feature", "properties": { "内容": "公益財団法人南丹市福祉シルバー人材センター【訪問介護】京都府南丹市園部町小桜町61番地5こむぎ山健康学園内", "url": "https://www.kaigokensaku.mhlw.go.jp/26/index.php?action_kouhyou_detail_004_kani=true&JigyosyoCd=2671500128-00&ServiceCd=110&Type=search", "url2": "http://www.sjc.ne.jp/sonosilv/" }, "geometry": { "type": "Point", "coordinates": [ 135.470387399999936, 35.1067297 ] } },
{ "type": "Feature", "properties": { "内容": "居宅ほっとステーション手とて【訪問介護】京都府南丹市園部町新町80番地", "url": "https://www.kaigokensaku.mhlw.go.jp/26/index.php?action_kouhyou_detail_004_kani=true&JigyosyoCd=2673400194-00&ServiceCd=110&Type=search", "url2": null }, "geometry": { "type": "Point", "coordinates": [ 135.478347699999972, 35.108832499999984 ] } },
{ "type": "Feature", "properties": { "内容": "はぎの里訪問介護事業所【訪問介護】京都府南丹市日吉町保野田萩原１番地1", "url": "https://www.kaigokensaku.mhlw.go.jp/26/index.php?action_kouhyou_detail_004_kani=true&JigyosyoCd=2673400079-00&ServiceCd=110&Type=search", "url2": "http://web1.kcn.jp/haginosato/" }, "geometry": { "type": "Point", "coordinates": [ 135.487274299999967, 35.1839131 ] } },
{ "type": "Feature", "properties": { "内容": "美山やすらぎホーム【訪問介護】京都府南丹市美山町島小栗栖山13番地の1", "url": "https://www.kaigokensaku.mhlw.go.jp/26/index.php?action_kouhyou_detail_004_kani=true&JigyosyoCd=2671700017-00&ServiceCd=110&Type=search", "url2": "http://www.hokusoukai.com/" }, "geometry": { "type": "Point", "coordinates": [ 135.553292, 35.2620929 ] } },
{ "type": "Feature", "properties": { "内容": "ラポール介護ステーション【訪問介護】京都府南丹市八木町諸畑後町１４番地", "url": "https://www.kaigokensaku.mhlw.go.jp/26/index.php?action_kouhyou_detail_004_kani=true&JigyosyoCd=2671500037-00&ServiceCd=110&Type=search", "url2": "http://www.misyoukai.com" }, "geometry": { "type": "Point", "coordinates": [ 135.531826599999931, 35.1034559 ] } },
{ "type": "Feature", "properties": { "内容": "ヘルパーステーションふわりぃ【訪問介護】京都府南丹市日吉町上胡麻辻ノ本17番地", "url": "https://www.kaigokensaku.mhlw.go.jp/26/index.php?action_kouhyou_detail_004_kani=true&JigyosyoCd=2673400251-00&ServiceCd=110&Type=search", "url2": null }, "geometry": { "type": "Point", "coordinates": [ 135.462553299999968, 35.1937505 ] } },
{ "type": "Feature", "properties": { "内容": "なんたん介護【訪問介護】京都府南丹市日吉町田原殿垣内７３番地１", "url": "https://www.kaigokensaku.mhlw.go.jp/26/index.php?action_kouhyou_detail_004_kani=true&JigyosyoCd=2673400178-00&ServiceCd=110&Type=search", "url2": null }, "geometry": { "type": "Point", "coordinates": [ 135.521542343185729, 35.197133498467046 ] } },
{ "type": "Feature", "properties": { "内容": "ヘルパーステーションあしたーる【訪問介護】南丹市園部町上木崎町寺ノ下27-8ヘルパーステーションあしたーる", "url": "https://www.kaigokensaku.mhlw.go.jp/26/index.php?action_kouhyou_detail_004_kani=true&JigyosyoCd=2673400244-00&ServiceCd=110&Type=search", "url2": "http://www.ashita-ru.org" }, "geometry": { "type": "Point", "coordinates": [ 135.4687719, 35.1130126 ] } },
{ "type": "Feature", "properties": { "内容": "ヘルパーステーションケアブレス木津川【訪問介護】京都府木津川市相楽台6-14-1サンシャインコート京都木津川", "url": "https://www.kaigokensaku.mhlw.go.jp/26/index.php?action_kouhyou_detail_004_kani=true&JigyosyoCd=2673500258-00&ServiceCd=110&Type=search", "url2": null }, "geometry": { "type": "Point", "coordinates": [ 135.800956899999989, 34.725610300000014 ] } },
{ "type": "Feature", "properties": { "内容": "ヘルパーステーション　スイート木津川【訪問介護】京都府木津川市相楽城西７９－９", "url": "https://www.kaigokensaku.mhlw.go.jp/26/index.php?action_kouhyou_detail_004_kani=true&JigyosyoCd=2673500449-00&ServiceCd=110&Type=search", "url2": null }, "geometry": { "type": "Point", "coordinates": [ 135.796104698147616, 34.7384651 ] } },
{ "type": "Feature", "properties": { "内容": "ケアステーションラベンダー【訪問介護】城山台9-6-45", "url": "https://www.kaigokensaku.mhlw.go.jp/26/index.php?action_kouhyou_detail_004_kani=true&JigyosyoCd=2673500423-00&ServiceCd=110&Type=search", "url2": null }, "geometry": { "type": "Point", "coordinates": [ 135.828436900000014, 34.7277536 ] } },
{ "type": "Feature", "properties": { "内容": "ニチイケアセンターきづがわ【訪問介護】京都府木津川市木津雲村103-2ディアス雲村105号室", "url": "https://www.kaigokensaku.mhlw.go.jp/26/index.php?action_kouhyou_detail_004_kani=true&JigyosyoCd=2673500308-00&ServiceCd=110&Type=search", "url2": "http://www.nichiigakkan.co.jp" }, "geometry": { "type": "Point", "coordinates": [ 135.823196, 34.7389276 ] } },
{ "type": "Feature", "properties": { "内容": "訪問介護ステーション加茂の里【訪問介護】京都府木津川市加茂町駅東2丁目2番地1ユニ加茂壱番館・101", "url": "https://www.kaigokensaku.mhlw.go.jp/26/index.php?action_kouhyou_detail_004_kani=true&JigyosyoCd=2663590061-00&ServiceCd=110&Type=search", "url2": "http://www.takedahp.or.jp/" }, "geometry": { "type": "Point", "coordinates": [ 135.870553800000039, 34.7526584 ] } },
{ "type": "Feature", "properties": { "内容": "あすてる訪問介護ステーション【訪問介護】京都府木津川市城山台１１丁目５番地２", "url": "https://www.kaigokensaku.mhlw.go.jp/26/index.php?action_kouhyou_detail_004_kani=true&JigyosyoCd=2671400022-00&ServiceCd=110&Type=search", "url2": "https://www.houbaikai.com/" }, "geometry": { "type": "Point", "coordinates": [ 135.838839024737183, 34.728634444163866 ] } },
{ "type": "Feature", "properties": { "内容": "（福）木津川市社会福祉協議会　ケアセンターハッピーコスモス訪問介護事業所【訪問介護】京都府木津川市相楽山松川42番地2", "url": "https://www.kaigokensaku.mhlw.go.jp/26/index.php?action_kouhyou_detail_004_kani=true&JigyosyoCd=2673500019-00&ServiceCd=110&Type=search", "url2": "http://www.kyoshakyo.or.jp/kizugawa/" }, "geometry": { "type": "Point", "coordinates": [ 135.802347507426475, 34.724768435238808 ] } },
{ "type": "Feature", "properties": { "内容": "ケアセンターカインド城山台【訪問介護】京都府木津川市城山台1丁目28番地1シニアライフ木津川内", "url": "https://www.kaigokensaku.mhlw.go.jp/26/index.php?action_kouhyou_detail_004_kani=true&JigyosyoCd=2673500381-00&ServiceCd=110&Type=search", "url2": null }, "geometry": { "type": "Point", "coordinates": [ 135.8358849, 34.7403305 ] } },
{ "type": "Feature", "properties": { "内容": "シトラスケアサービス【訪問介護】京都府木津川市木津池田112番地18", "url": "https://www.kaigokensaku.mhlw.go.jp/26/index.php?action_kouhyou_detail_004_kani=true&JigyosyoCd=2673500407-00&ServiceCd=110&Type=search", "url2": null }, "geometry": { "type": "Point", "coordinates": [ 135.824044, 34.7348663 ] } },
{ "type": "Feature", "properties": { "内容": "みのりヘルパーステーション【訪問介護】京都府木津川市相楽大里71-1", "url": "https://www.kaigokensaku.mhlw.go.jp/26/index.php?action_kouhyou_detail_004_kani=true&JigyosyoCd=2673500274-00&ServiceCd=110&Type=search", "url2": "http://www.minori-fukushi.biz" }, "geometry": { "type": "Point", "coordinates": [ 135.7996729, 34.7342797 ] } },
{ "type": "Feature", "properties": { "内容": "訪問介護ステーション樹【訪問介護】京都府木津川市相楽大徳35-1第一マークビル2階", "url": "https://www.kaigokensaku.mhlw.go.jp/26/index.php?action_kouhyou_detail_004_kani=true&JigyosyoCd=2673500498-00&ServiceCd=110&Type=search", "url2": "https://ls-itsuki.com/houmon-3/" }, "geometry": { "type": "Point", "coordinates": [ 135.794218300000011, 34.7403825 ] } },
{ "type": "Feature", "properties": { "内容": "訪問介護事業所白ゆり【訪問介護】京都府木津川市木津宮ノ内１０２－１サンモール宮ノ内１０１", "url": "https://www.kaigokensaku.mhlw.go.jp/26/index.php?action_kouhyou_detail_004_kani=true&JigyosyoCd=2673500324-00&ServiceCd=110&Type=search", "url2": null }, "geometry": { "type": "Point", "coordinates": [ 135.8185195, 34.7313785 ] } },
{ "type": "Feature", "properties": { "内容": "ケアサポートlinoa【訪問介護】京都府木津川市相楽神後原57番地1ブルグ籔内2号館202", "url": "https://www.kaigokensaku.mhlw.go.jp/26/index.php?action_kouhyou_detail_004_kani=true&JigyosyoCd=2673500506-00&ServiceCd=110&Type=search", "url2": null }, "geometry": { "type": "Point", "coordinates": [ 135.797529, 34.7356734 ] } },
{ "type": "Feature", "properties": { "内容": "社会福祉法人　大山崎町社会福祉協議会【訪問介護】京都府乙訓郡大山崎町円明寺小字百々10番地2福祉センターなごみの郷内", "url": "https://www.kaigokensaku.mhlw.go.jp/26/index.php?action_kouhyou_detail_004_kani=true&JigyosyoCd=2671000012-00&ServiceCd=110&Type=search", "url2": "http://oyamazaki-shakyo.or.jp/" }, "geometry": { "type": "Point", "coordinates": [ 135.687114599999973, 34.9026507 ] } },
{ "type": "Feature", "properties": { "内容": "恋四季【訪問介護】京都府久世郡久御山町栄１丁目1-78", "url": "https://www.kaigokensaku.mhlw.go.jp/26/index.php?action_kouhyou_detail_004_kani=true&JigyosyoCd=2671100143-00&ServiceCd=110&Type=search", "url2": null }, "geometry": { "type": "Point", "coordinates": [ 135.7651974, 34.8796147 ] } },
{ "type": "Feature", "properties": { "内容": "carestyleブルグ【訪問介護】京都府久世郡久御山町下津屋鯛ケ鼻64-1内田ビル３F", "url": "https://www.kaigokensaku.mhlw.go.jp/26/index.php?action_kouhyou_detail_004_kani=true&JigyosyoCd=2671100176-00&ServiceCd=110&Type=search", "url2": null }, "geometry": { "type": "Point", "coordinates": [ 135.7349046, 34.8782129 ] } },
{ "type": "Feature", "properties": { "内容": "楽生苑指定訪問介護事業所【訪問介護】京都府久世郡久御山町林北畑105番地久御山団地17棟104号", "url": "https://www.kaigokensaku.mhlw.go.jp/26/index.php?action_kouhyou_detail_004_kani=true&JigyosyoCd=2671100077-00&ServiceCd=110&Type=search", "url2": "http://kumiyama-rakuseien.or.jp/" }, "geometry": { "type": "Point", "coordinates": [ 135.756871418354763, 34.878355613455184 ] } },
{ "type": "Feature", "properties": { "内容": "久御山町社会福祉協議会【訪問介護】京都府久世郡久御山町島田ミスノ11番地", "url": "https://www.kaigokensaku.mhlw.go.jp/26/index.php?action_kouhyou_detail_004_kani=true&JigyosyoCd=2671100010-00&ServiceCd=110&Type=search", "url2": "http://www.kyoshakyo.or.jp/kumiyama/" }, "geometry": { "type": "Point", "coordinates": [ 135.732276800000022, 34.8820774 ] } },
{ "type": "Feature", "properties": { "内容": "弥勒会　井手町　ヘルパーステーション【訪問介護】京都府綴喜郡井手町大字井手小字弥勒1番地の1", "url": "https://www.kaigokensaku.mhlw.go.jp/26/index.php?action_kouhyou_detail_004_kani=true&JigyosyoCd=2671300206-00&ServiceCd=110&Type=search", "url2": "http://www.fushimi-shimizu.jp/" }, "geometry": { "type": "Point", "coordinates": [ 135.817804099999989, 34.7986139 ] } },
{ "type": "Feature", "properties": { "内容": "宇治田原町在宅介護支援センター【訪問介護】京都府綴喜郡宇治田原町大字禅定寺小字砂川１１５－１", "url": "https://www.kaigokensaku.mhlw.go.jp/26/index.php?action_kouhyou_detail_004_kani=true&JigyosyoCd=2671300057-00&ServiceCd=110&Type=search", "url2": "http://www.sunvillage-ujitawara.jp/" }, "geometry": { "type": "Point", "coordinates": [ 135.8776732, 34.8648442 ] } },
{ "type": "Feature", "properties": { "内容": "訪問介護ステーションかおり【訪問介護】綴喜郡宇治田原町大字郷之口小字本町10-1", "url": "https://www.kaigokensaku.mhlw.go.jp/26/index.php?action_kouhyou_detail_004_kani=true&JigyosyoCd=2671300230-00&ServiceCd=110&Type=search", "url2": null }, "geometry": { "type": "Point", "coordinates": [ 135.8517253, 34.8518648 ] } },
{ "type": "Feature", "properties": { "内容": "和束町ホームヘルパーステーションなのはな【訪問介護】京都府相楽郡和束町大字白栖小字南半田６８番地１", "url": "https://www.kaigokensaku.mhlw.go.jp/26/index.php?action_kouhyou_detail_004_kani=true&JigyosyoCd=2671400105-00&ServiceCd=110&Type=search", "url2": "http://www.kyoshakyo.or.jp/wazuka/" }, "geometry": { "type": "Point", "coordinates": [ 135.894923698873725, 34.794597656387161 ] } },
{ "type": "Feature", "properties": { "内容": "訪問介護　かぐら【訪問介護】京都府相楽郡精華町大字菱田小字十ノ坪４３パラシオ竹内101号", "url": "https://www.kaigokensaku.mhlw.go.jp/26/index.php?action_kouhyou_detail_004_kani=true&JigyosyoCd=2671400444-00&ServiceCd=110&Type=search", "url2": null }, "geometry": { "type": "Point", "coordinates": [ 135.7929753, 34.7827615 ] } },
{ "type": "Feature", "properties": { "内容": "有限会社アイデンライフ　アイケア裕訪問介護【訪問介護】京都府相楽郡精華町光台4丁目5-19", "url": "https://www.kaigokensaku.mhlw.go.jp/26/index.php?action_kouhyou_detail_004_kani=true&JigyosyoCd=2671400402-00&ServiceCd=110&Type=search", "url2": "icare-you.com" }, "geometry": { "type": "Point", "coordinates": [ 135.762649499999952, 34.743482700000015 ] } },
{ "type": "Feature", "properties": { "内容": "ホームヘルプ神の園【訪問介護】京都府相楽郡精華町大字北稲八間小字焼山6", "url": "https://www.kaigokensaku.mhlw.go.jp/26/index.php?action_kouhyou_detail_004_kani=true&JigyosyoCd=2671400071-00&ServiceCd=110&Type=search", "url2": "http://kami-home.jp/" }, "geometry": { "type": "Point", "coordinates": [ 135.781830500000069, 34.7635553 ] } },
{ "type": "Feature", "properties": { "内容": "(福）精華町社会福祉協議会【訪問介護】京都府相楽郡精華町南稲八妻砂留22-1", "url": "https://www.kaigokensaku.mhlw.go.jp/26/index.php?action_kouhyou_detail_004_kani=true&JigyosyoCd=2671400089-00&ServiceCd=110&Type=search", "url2": "https://seikashakyo.or.jp" }, "geometry": { "type": "Point", "coordinates": [ 135.7770557, 34.7539109 ] } },
{ "type": "Feature", "properties": { "内容": "ニチイケアセンタ－　けいはんな【訪問介護】京都府相楽郡精華町大字山田小字下川原11-1タキモトハイツ1階5号", "url": "https://www.kaigokensaku.mhlw.go.jp/26/index.php?action_kouhyou_detail_004_kani=true&JigyosyoCd=2671400329-00&ServiceCd=110&Type=search", "url2": "http://www.nichiigakkan.co.jp" }, "geometry": { "type": "Point", "coordinates": [ 135.792796899999985, 34.7370503 ] } },
{ "type": "Feature", "properties": { "内容": "訪問介護SEED【訪問介護】京都府相楽郡精華町菱田川原道33-6", "url": "https://www.kaigokensaku.mhlw.go.jp/26/index.php?action_kouhyou_detail_004_kani=true&JigyosyoCd=2671400527-00&ServiceCd=110&Type=search", "url2": null }, "geometry": { "type": "Point", "coordinates": [ 135.795571699999982, 34.782080900000011 ] } },
{ "type": "Feature", "properties": { "内容": "南山城村社会福祉協議会指定訪問介護事業所【訪問介護】京都府相楽郡南山城村大字北大河原小字大稲葉４番地", "url": "https://www.kaigokensaku.mhlw.go.jp/26/index.php?action_kouhyou_detail_004_kani=true&JigyosyoCd=2671400014-00&ServiceCd=110&Type=search", "url2": "https://sites.google.com/view/minamiyamashirosyakyo" }, "geometry": { "type": "Point", "coordinates": [ 136.0038958, 34.7752761 ] } },
{ "type": "Feature", "properties": { "内容": "特定非営利活動法人まごころサービスあい愛　　訪問介護事業所【訪問介護】京都府船井郡京丹波町角下太田43-2", "url": "https://www.kaigokensaku.mhlw.go.jp/26/index.php?action_kouhyou_detail_004_kani=true&JigyosyoCd=2671500219-00&ServiceCd=110&Type=search", "url2": "http://ms-aiai.jp" }, "geometry": { "type": "Point", "coordinates": [ 135.378327799999965, 35.2706991 ] } },
{ "type": "Feature", "properties": { "内容": "京都府船井郡京丹波町高岡西ケ坪５１－１【訪問介護】京都府船井郡京丹波町高岡西ケ坪５１－１ひまわりの里", "url": "https://www.kaigokensaku.mhlw.go.jp/26/index.php?action_kouhyou_detail_004_kani=true&JigyosyoCd=2671500367-00&ServiceCd=110&Type=search", "url2": "kaipoke.biz" }, "geometry": { "type": "Point", "coordinates": [ 135.409803900000014, 35.1364022 ] } },
{ "type": "Feature", "properties": { "内容": "特定非営利活動法人　クローバー・サービス【訪問介護】京都府船井郡京丹波町橋爪桧山53番地", "url": "https://www.kaigokensaku.mhlw.go.jp/26/index.php?action_kouhyou_detail_004_kani=true&JigyosyoCd=2671500193-00&ServiceCd=110&Type=search", "url2": "http://www.cloverservice.or.jp" }, "geometry": { "type": "Point", "coordinates": [ 135.375225300000011, 35.1780819 ] } },
{ "type": "Feature", "properties": { "内容": "長老苑在宅介護支援センター指定訪問介護事業所【訪問介護】京都府船井郡京丹波町市場丸ヶ野8番地2", "url": "https://www.kaigokensaku.mhlw.go.jp/26/index.php?action_kouhyou_detail_004_kani=true&JigyosyoCd=2671500060-00&ServiceCd=110&Type=search", "url2": "http://tyorouen.com/" }, "geometry": { "type": "Point", "coordinates": [ 135.413355599999932, 35.2579235 ] } },
{ "type": "Feature", "properties": { "内容": "京丹波町社会福祉協議会【訪問介護】京都府船井郡京丹波町和田田中6番地1", "url": "https://www.kaigokensaku.mhlw.go.jp/26/index.php?action_kouhyou_detail_004_kani=true&JigyosyoCd=2671500318-00&ServiceCd=110&Type=search", "url2": "http://www.kyoshakyo.or.jp/kyotanba/" }, "geometry": { "type": "Point", "coordinates": [ 135.372744900000043, 35.1814066 ] } },
{ "type": "Feature", "properties": { "内容": "社会福祉法人　伊根町社会福祉協議会【訪問介護】京都府与謝郡伊根町字泊1番地", "url": "https://www.kaigokensaku.mhlw.go.jp/26/index.php?action_kouhyou_detail_004_kani=true&JigyosyoCd=2672000078-00&ServiceCd=110&Type=search", "url2": "https://ine-shakyo.jp/" }, "geometry": { "type": "Point", "coordinates": [ 135.282926699999962, 35.7040235 ] } },
{ "type": "Feature", "properties": { "内容": "ユメライフはしだて【訪問介護】京都府与謝郡与謝野町字岩滝９０１番１", "url": "https://www.kaigokensaku.mhlw.go.jp/26/index.php?action_kouhyou_detail_004_kani=true&JigyosyoCd=2672000250-00&ServiceCd=110&Type=search", "url2": "http://care-net.biz/26/medical-t/" }, "geometry": { "type": "Point", "coordinates": [ 135.150752499999953, 35.5690583 ] } },
{ "type": "Feature", "properties": { "内容": "虹ヶ丘ホームヘルパーステーション【訪問介護】京都府与謝郡与謝野町字岩屋小字庄内600番地3", "url": "https://www.kaigokensaku.mhlw.go.jp/26/index.php?action_kouhyou_detail_004_kani=true&JigyosyoCd=2672000029-00&ServiceCd=110&Type=search", "url2": "http://yofuku.or.jp/nijigaoka/" }, "geometry": { "type": "Point", "coordinates": [ 135.152841399999943, 35.5653085 ] } },
{ "type": "Feature", "properties": { "内容": "有限会社　ジェイズ【訪問介護】京都府与謝郡与謝野町字四辻７５９－３訪問介護なごみ事業所", "url": "https://www.kaigokensaku.mhlw.go.jp/26/index.php?action_kouhyou_detail_004_kani=true&JigyosyoCd=2672000243-00&ServiceCd=110&Type=search", "url2": null }, "geometry": { "type": "Point", "coordinates": [ 135.098904700000048, 35.5296782 ] } },
{ "type": "Feature", "properties": { "内容": "丹後福祉応援団訪問介護事業所【訪問介護】京都府与謝郡与謝野町字加悦802-7", "url": "https://www.kaigokensaku.mhlw.go.jp/26/index.php?action_kouhyou_detail_004_kani=true&JigyosyoCd=2672000334-00&ServiceCd=110&Type=search", "url2": "https://tangofukushi-ouendan.wixsite.com/ouendan" }, "geometry": { "type": "Point", "coordinates": [ 135.089898573155182, 35.505648133051274 ] } },
{ "type": "Feature", "properties": { "内容": "与謝の園訪問介護事業所【訪問介護】京都府与謝郡与謝野町字明石2120番地", "url": "https://www.kaigokensaku.mhlw.go.jp/26/index.php?action_kouhyou_detail_004_kani=true&JigyosyoCd=2672000094-00&ServiceCd=110&Type=search", "url2": "http://www.hokuseikai.or.jp/yozanoen/" }, "geometry": { "type": "Point", "coordinates": [ 135.106923158963696, 35.507938825961112 ] } },
{ "type": "Feature", "properties": { "内容": "与謝野町社会福祉協議会介護事業所【訪問介護】与謝郡与謝野町字岩滝2272番地1岩滝ふれあいセンター", "url": "https://www.kaigokensaku.mhlw.go.jp/26/index.php?action_kouhyou_detail_004_kani=true&JigyosyoCd=2672000169-00&ServiceCd=110&Type=search", "url2": "http://www.kyoshakyo.or.jp/yosano/" }, "geometry": { "type": "Point", "coordinates": [ 135.150608199999965, 35.5639949 ] } }
]
}
